序號,縣市別代碼,機關代碼,市話,傳真,年,月,日,時,分,縣市,區,死亡數量,受傷數量,2-30,天候,光線,道路類別,速限,道路型態,事故位置,路面鋪裝,路面狀態,路面缺陷,障礙物,視距,號誌種類,號誌動作,分向設施,快車道或一般車道間,快慢車道間,路面邊線,事故類型及型態,主要肇因,受傷程度,主要傷處,保護裝備,行動電話,當事者區分(類別),車輛用途,當事者行動狀態,駕駛資格情形,駕駛執照種類,飲酒情形,車輛撞擊部位最初,車輛撞擊部位其他,肇事因素個別,肇事因素主要,肇事逃逸,職業,旅次目的,車種,GPS座標X,GPS座標Y,事故類別
219,66000,387130000C,(04)23274275,(04)23288582,2023,8,1,14,59,臺中市,北區,0,1,0,7,2,6,50,4,1,1,5,4,6,6,1,1,10,5,5,2,12,26,3,10,5,4,B03,7,5,1,8,2,2,,26,26,1,12,4,B03,120.685456,24.163099,2
220,66000,387130000C,(04)23274275,(04)23288582,2023,8,1,14,59,臺中市,南屯區,0,0,0,7,,,50,,,,,,,,,,,,,,,8,,,,,B03,,,1,,1,,,8,,1,13,4,B03,120.628914,24.151259,3
221,66000,387130000C,(04)23274275,(04)23288582,2023,8,1,15,0,臺中市,西屯區,0,0,0,7,,,50,,,,,,,,,,,,,,,51,,,,,B03,,,1,,2,,,51,,1,13,4,B03,120.613232,24.212658,3
222,66000,387130000C,(04)23274275,(04)23288582,2023,8,1,15,8,臺中市,潭子區,0,1,0,7,3,6,50,4,1,1,5,4,6,6,1,1,10,5,5,2,13,7,3,10,3,1,B03,7,9,1,8,2,1,,7,7,1,12,4,B03,120.695508,24.19407,2
223,66000,387130000C,(04)23274275,(04)23288582,2023,8,1,15,10,臺中市,大雅區,0,0,0,7,,,30,,,,,,,,,,,,,,,8,,,,,B02,,,1,,2,,,8,,1,13,4,B02,120.621557,24.210947,3
224,66000,387130000C,(04)23274275,(04)23288582,2023,8,1,15,10,臺中市,北屯區,0,1,0,7,1,6,50,3,1,1,5,4,6,6,2,1,10,5,5,2,17,26,2,9,5,4,C03,7,6,1,10,2,14,11,26,26,1,6,4,C03,120.678248,24.200795,2
225,66000,387130000C,(04)23274275,(04)23288582,2023,8,1,15,11,臺中市,西屯區,0,0,0,7,,,50,,,,,,,,,,,,,,,84,,,,,B03,,,1,,1,,,84,,1,13,4,B03,120.619059,24.17896,3
226,66000,387130000C,(04)23274275,(04)23288582,2023,8,1,15,14,臺中市,西屯區,0,0,0,7,,,50,,,,,,,,,,,,,,,84,,,,,B03,,,1,,2,,,84,,1,12,4,B03,120.652089,24.191177,3
227,66000,387130000C,(04)23274275,(04)23288582,2023,8,1,15,16,臺中市,西區,0,0,0,7,,,50,,,,,,,,,,,,,,12,8,,,,,B03,,,1,,1,,,8,,1,13,4,B03,120.673331,24.14775,3
228,66000,387130000C,(04)23274275,(04)23288582,2023,8,1,15,18,臺中市,南區,0,1,0,7,2,6,50,13,7,1,5,4,6,6,4,4,5,5,4,2,17,20,2,9,1,1,C03,7,6,1,10,2,12,,20,20,1,12,4,C03,120.657848,24.124785,2
229,66000,387130000C,(04)23274275,(04)23288582,2023,8,1,15,20,臺中市,北區,0,2,0,7,2,6,50,4,1,1,5,4,6,6,4,4,10,5,5,2,17,84,2,9,1,1,C03,7,9,1,10,2,14,,84,84,1,13,4,C03,120.674369,24.170744,2
230,66000,387130000C,(04)23274275,(04)23288582,2023,8,1,15,24,臺中市,梧棲區,0,0,0,7,,,70,,,,,,,,,,,,,,,84,,,,,B03,,,1,,1,,,84,,1,12,4,B03,120.549759,24.239267,3
231,66000,387130000C,(04)23274275,(04)23288582,2023,8,1,15,25,臺中市,太平區,0,0,0,7,,,50,,,,,,,,,,,,,,17,51,,,,,B12,,,1,,1,,,51,,1,12,4,B12,120.729846,24.125595,3
232,66000,387130000C,(04)23274275,(04)23288582,2023,8,1,15,25,臺中市,大甲區,0,0,0,7,,,1,,,,,,,,,,,,,,,84,,,,,C03,,,1,,2,,,84,84,1,13,4,C03,120.626334,24.346941,3
233,66000,387130000C,(04)23274275,(04)23288582,2023,8,1,15,30,臺中市,豐原區,0,1,0,7,2,6,50,3,2,1,5,4,6,6,1,1,5,5,5,2,17,76,3,10,3,1,B03,7,13,1,8,2,4,,76,76,1,13,4,B03,120.721573,24.243559,2
234,66000,387130000C,(04)23274275,(04)23288582,2023,8,1,15,32,臺中市,北區,0,1,0,7,3,6,50,4,1,1,5,4,6,6,1,1,5,5,5,2,16,39,3,10,2,1,C03,7,9,1,10,2,12,,39,39,1,12,1,C03,120.685089,24.161558,2
235,66000,387130000C,(04)23274275,(04)23288582,2023,8,1,15,33,臺中市,北屯區,0,2,0,7,2,6,50,4,1,1,5,4,6,6,1,1,10,5,5,2,13,7,2,9,1,1,F01,7,9,7,21,2,11,13,7,7,1,3,4,F01,120.703116,24.169654,2
236,66000,387130000C,(04)23274275,(04)23288582,2023,8,1,15,37,臺中市,南屯區,0,0,0,7,,,50,,,,,,,,,,,,,,,59,,,,,B03,,,1,,1,,,59,59,1,13,4,B03,120.622547,24.140393,3
237,66000,387130000C,(04)23274275,(04)23288582,2023,8,1,15,39,臺中市,西屯區,0,2,0,7,3,6,30,11,9,1,5,4,6,6,4,4,10,5,5,2,10,41,2,9,5,4,C03,7,9,1,10,6,11,,41,41,1,12,4,C03,120.613609,24.159972,2
238,66000,387130000C,(04)23274275,(04)23288582,2023,8,1,15,41,臺中市,梧棲區,0,1,0,7,2,6,50,4,1,1,5,4,6,6,4,4,10,5,5,2,16,48,3,10,1,1,C03,7,6,2,19,2,11,,48,48,1,4,4,C03,120.547534,24.247623,2
239,66000,387130000C,(04)23274275,(04)23288582,2023,8,1,15,48,臺中市,南區,0,0,0,7,,,30,,,,,,,,,,,,,,14,84,,,,,B03,,,1,,2,,,84,,1,13,4,B03,120.654632,24.119308,3
240,66000,387130000C,(04)23274275,(04)23288582,2023,8,1,15,50,臺中市,中區,0,1,0,7,3,6,50,13,9,1,5,4,6,6,4,4,5,4,5,2,13,84,3,10,1,1,C03,7,8,1,10,2,16,,84,84,1,12,4,C03,120.681163,24.138949,2
241,66000,387130000C,(04)23274275,(04)23288582,2023,8,1,15,58,臺中市,太平區,0,0,0,7,,,80,,,,,,,,,,,,,,,8,,,,,B03,,,1,,1,,,8,,1,13,5,B03,120.708044,24.133047,3
242,66000,387130000C,(04)23274275,(04)23288582,2023,8,1,16,2,臺中市,南屯區,0,0,0,7,,,50,,,,,,,,,,,,,,14,84,,,,,B12,,,1,8,2,,,84,84,1,12,4,B12,120.633526,24.153556,3
243,66000,387130000C,(04)23274275,(04)23288582,2023,8,1,16,12,臺中市,西區,0,1,0,7,1,6,50,4,1,1,5,4,6,6,4,4,10,5,5,2,17,6,3,10,3,1,B03,7,9,1,8,2,1,,6,6,1,12,4,B03,120.660025,24.152109,2
244,66000,387130000C,(04)23274275,(04)23288582,2023,8,1,16,13,臺中市,北屯區,0,1,0,7,2,6,40,13,8,1,5,4,6,6,4,4,1,4,4,2,17,40,3,10,3,1,B03,7,7,1,8,2,5,,40,40,1,13,4,B03,120.686392,24.203759,2
245,66000,387130000C,(04)23274275,(04)23288582,2023,8,1,16,20,臺中市,北區,0,0,0,7,,,50,,,,,,,,,,,,,,,84,,,,,A12,,,1,,1,,,84,,1,13,4,A12,120.685723,24.14813,4
246,66000,387130000C,(04)23274275,(04)23288582,2023,8,1,16,20,臺中市,北屯區,0,0,0,7,,,50,,,,,,,,,,,,,,,76,,,,,B12,,,1,,1,,,76,,1,12,4,B12,120.683813,24.185359,3
247,66000,387130000C,(04)23274275,(04)23288582,2023,8,1,16,21,臺中市,南屯區,0,0,0,7,,,40,,,,,,,,,,,,,,,59,,,,,A41,,,1,,1,,,59,59,1,13,4,A41,120.62297,24.145346,3
248,66000,387130000C,(04)23274275,(04)23288582,2023,8,1,16,21,臺中市,太平區,0,0,0,7,,,50,,,,,,,,,,,,,,,20,,,,,B12,,,1,,1,,,20,,1,13,4,B12,120.715999,24.124748,3
249,66000,387130000C,(04)23274275,(04)23288582,2023,8,1,16,21,臺中市,梧棲區,0,0,0,7,,,50,,,,,,,,,,,,,,,50,,,,,B03,,,1,,2,,,50,50,1,12,4,B03,120.538435,24.248214,3
250,66000,387130000C,(04)23274275,(04)23288582,2023,8,1,16,22,臺中市,北屯區,0,0,0,7,,,30,,,,,,,,,,,,,,,49,,,,,B03,,,1,,1,,,49,,1,6,4,B03,120.721732,24.174978,3
251,66000,387130000C,(04)23274275,(04)23288582,2023,8,1,16,25,臺中市,南區,0,0,0,7,,,30,,,,,,,,,,,,,,14,49,,,,,B03,,,1,8,2,,,49,49,1,12,4,B03,120.670819,24.110971,3
252,66000,387130000C,(04)23274275,(04)23288582,2023,8,1,16,28,臺中市,西屯區,0,1,0,7,2,6,50,13,9,1,5,4,6,6,4,4,5,5,5,2,13,7,3,10,3,4,B03,7,9,1,8,2,5,,7,7,1,12,4,B03,120.646439,24.172078,2
253,66000,387130000C,(04)23274275,(04)23288582,2023,8,1,16,30,臺中市,太平區,0,0,0,7,,,50,,,,,,,,,,,,,,,59,,,,,B03,,,1,,3,,,59,59,1,13,4,B03,120.735848,24.129853,3
254,66000,387130000C,(04)23274275,(04)23288582,2023,8,1,16,31,臺中市,大里區,0,2,0,7,3,6,40,4,1,1,5,4,6,6,4,4,10,5,5,2,15,15,3,10,5,4,B03,7,9,1,8,2,5,,15,15,1,6,4,B03,120.715329,24.095698,2
255,66000,387130000C,(04)23274275,(04)23288582,2023,8,1,16,34,臺中市,梧棲區,0,1,0,7,2,6,40,4,1,1,5,4,6,6,3,1,10,5,5,2,16,6,2,7,1,1,C03,7,9,1,10,2,14,,6,6,1,5,4,C03,120.534759,24.250638,2
256,66000,387130000C,(04)23274275,(04)23288582,2023,8,1,16,37,臺中市,太平區,0,0,0,7,,,50,,,,,,,,,,,,,,12,8,,,,,C03,,,3,,1,,,8,8,1,13,4,C03,120.715933,24.151711,3
257,66000,387130000C,(04)23274275,(04)23288582,2023,8,1,16,37,臺中市,大肚區,0,1,0,7,2,6,50,3,1,1,5,4,6,6,4,4,10,5,5,2,13,7,2,9,1,1,C03,7,9,1,10,2,11,,7,7,1,13,4,C03,120.580348,24.17205,2
258,66000,387130000C,(04)23274275,(04)23288582,2023,8,1,16,40,臺中市,北屯區,0,1,0,7,2,6,50,13,9,1,5,4,6,6,4,4,5,4,5,2,13,84,3,10,3,1,B12,7,9,1,2,2,1,,84,84,1,12,4,B12,120.722156,24.176114,2
259,66000,387130000C,(04)23274275,(04)23288582,2023,8,1,16,40,臺中市,西屯區,0,0,0,7,,,50,,,,,,,,,,,,,,,59,,,,,A02,,,1,,2,,,59,,1,13,4,A02,120.62904,24.163157,3
260,66000,387130000C,(04)23274275,(04)23288582,2023,8,1,16,40,臺中市,龍井區,0,1,0,7,3,6,50,3,4,1,5,4,6,6,1,1,10,4,4,2,14,49,3,10,3,1,B12,7,2,1,8,2,7,,49,49,1,12,4,B12,120.548477,24.203352,2
261,66000,387130000C,(04)23274275,(04)23288582,2023,8,1,16,42,臺中市,霧峰區,0,0,0,7,,,30,,,,,,,,,,,,,,12,1,,,,,C03,,,1,,2,,,1,,1,6,4,C03,120.691064,24.070461,3
262,66000,387130000C,(04)23274275,(04)23288582,2023,8,1,16,43,臺中市,南屯區,0,1,0,7,3,6,50,13,9,1,5,4,6,6,4,4,10,5,5,2,17,51,3,10,5,4,B03,7,1,1,8,2,1,,51,51,1,12,4,B03,120.615824,24.14552,2
263,66000,387130000C,(04)23274275,(04)23288582,2023,8,1,16,45,臺中市,西區,0,1,0,7,2,6,50,4,1,1,5,4,6,6,1,1,10,5,5,2,17,11,3,10,3,1,B03,7,6,1,8,2,2,,11,11,1,12,4,B03,120.66576,24.136553,2
264,66000,387130000C,(04)23274275,(04)23288582,2023,8,1,16,45,臺中市,豐原區,0,1,0,7,2,6,50,13,9,1,5,4,6,6,2,1,5,4,5,1,13,40,3,10,3,1,B03,7,7,1,8,2,3,,40,84,1,13,4,B03,120.71039,24.237559,2
265,66000,387130000C,(04)23274275,(04)23288582,2023,8,1,16,48,臺中市,大里區,0,0,0,7,,,40,,,,,,,,,,,,,,,8,,,,,B12,,,1,,2,,,8,,1,13,4,B12,120.700814,24.104097,3
266,66000,387130000C,(04)23274275,(04)23288582,2023,8,1,16,58,臺中市,北屯區,0,0,0,7,,,50,,,,,,,,,,,,,,,84,,,,,B03,,,1,,1,,,84,,1,13,4,B03,120.723773,24.166699,3
267,66000,387130000C,(04)23274275,(04)23288582,2023,8,1,16,59,臺中市,西區,0,0,0,7,,,50,,,,,,,,,,,,,,,1,,,,,B03,,,1,,1,,,1,,1,12,4,B03,120.658891,24.14371,3
268,66000,387130000C,(04)23274275,(04)23288582,2023,8,1,17,0,臺中市,大肚區,0,1,0,6,2,6,50,11,9,1,5,4,6,6,4,4,5,5,5,1,18,58,2,9,1,1,C03,7,5,2,19,2,11,,58,58,1,13,4,C03,120.573362,24.150005,2
269,66000,387130000C,(04)23274275,(04)23288582,2023,8,1,17,2,臺中市,西區,0,1,0,7,3,6,1,13,7,1,5,4,6,6,4,4,3,4,4,2,3,95,2,9,6,5,H01,8,16,7,21,10,17,,95,95,1,12,5,H01,120.657156,24.150408,2
270,66000,387130000C,(04)23274275,(04)23288582,2023,8,1,17,2,臺中市,大里區,0,1,0,7,2,6,50,13,9,1,5,4,3,3,4,4,1,4,5,1,12,59,2,9,1,1,C03,7,9,1,10,2,11,,59,59,1,13,4,C03,120.679679,24.110743,2
271,66000,387130000C,(04)23274275,(04)23288582,2023,8,1,17,6,臺中市,北區,0,1,0,7,2,6,50,4,1,1,5,4,6,6,1,1,5,4,5,2,12,42,3,10,1,1,C03,7,9,3,19,2,15,,42,42,1,12,4,C03,120.689777,24.157418,2
272,66000,387130000C,(04)23274275,(04)23288582,2023,8,1,17,6,臺中市,太平區,0,0,0,7,,,50,,,,,,,,,,,,,,16,40,,,,,B03,,,1,,1,,,40,,1,13,4,B03,120.7139,24.145009,3
273,66000,387130000C,(04)23274275,(04)23288582,2023,8,1,17,13,臺中市,南屯區,0,0,0,7,,,50,,,,,,,,,,,,,,16,58,,,,,C03,,,1,,9,,,58,58,2,6,4,C03,120.611003,24.145837,3
274,66000,387130000C,(04)23274275,(04)23288582,2023,8,1,17,14,臺中市,南屯區,0,0,0,7,,,50,,,,,,,,,,,,,,,8,,,,,B03,,,1,,1,,,8,,1,13,4,B03,120.629726,24.149288,3
275,66000,387130000C,(04)23274275,(04)23288582,2023,8,1,17,16,臺中市,東區,0,1,0,7,2,6,50,5,1,1,5,4,6,6,1,1,10,5,5,2,18,84,2,9,1,1,C03,7,9,1,10,2,14,,84,84,1,12,4,C03,120.69315,24.132824,2
276,66000,387130000C,(04)23274275,(04)23288582,2023,8,1,17,18,臺中市,大雅區,0,0,0,7,,,50,,,,,,,,,,,,,,,59,,,,,B03,,,1,,2,,,59,,1,13,4,B03,120.629215,24.20815,3
277,66000,387130000C,(04)23274275,(04)23288582,2023,8,1,17,19,臺中市,南屯區,0,1,0,7,2,6,30,4,1,1,5,4,6,6,4,4,5,5,5,2,15,15,2,9,2,1,C03,7,9,1,10,2,12,,15,15,1,13,4,C03,120.635944,24.137392,2
278,66000,387130000C,(04)23274275,(04)23288582,2023,8,1,17,19,臺中市,北屯區,0,1,0,7,2,6,50,13,9,1,5,4,6,6,4,4,1,4,5,2,17,84,3,10,3,1,B03,7,5,1,8,2,5,,84,84,1,12,4,B03,120.694027,24.171628,2
279,66000,387130000C,(04)23274275,(04)23288582,2023,8,1,17,20,臺中市,梧棲區,0,0,0,7,,,40,,,,,,,,,,,,,,,84,,,,,B03,,,1,,2,,,84,,1,12,4,B03,120.544232,24.246861,3
280,66000,387130000C,(04)23274275,(04)23288582,2023,8,1,17,23,臺中市,南屯區,0,0,0,7,,,50,,,,,,,,,,,,,,13,7,,,,,C03,,,1,,2,,,7,,1,12,4,C03,120.650259,24.138861,3
281,66000,387130000C,(04)23274275,(04)23288582,2023,8,1,17,26,臺中市,南區,0,0,0,7,,,50,,,,,,,,,,,,,,,22,,,,,B02,,,1,,2,,,22,,1,12,4,B02,120.671811,24.119156,3
282,66000,387130000C,(04)23274275,(04)23288582,2023,8,1,17,28,臺中市,東區,0,1,0,7,2,6,50,13,8,1,5,4,6,6,1,1,7,5,4,2,13,84,3,10,3,1,B03,7,9,1,8,2,1,,84,84,1,13,4,B03,120.690203,24.12893,2
283,66000,387130000C,(04)23274275,(04)23288582,2023,8,1,17,29,臺中市,西屯區,0,0,0,7,,,50,,,,,,,,,,,,,,,48,,,,,B03,,,1,,1,,,48,,1,12,4,B03,120.640059,24.160482,3
284,66000,387130000C,(04)23274275,(04)23288582,2023,8,1,17,29,臺中市,豐原區,0,1,0,7,2,6,60,5,1,1,5,4,6,6,1,1,10,5,5,2,17,84,2,9,1,1,C03,7,9,5,19,4,11,,84,84,1,13,4,C03,120.703172,24.246684,2
285,66000,387130000C,(04)23274275,(04)23288582,2023,8,1,17,30,臺中市,太平區,0,3,0,7,2,6,50,3,1,1,5,4,6,6,4,4,10,5,5,2,16,34,2,9,1,1,C03,7,6,3,19,2,11,,34,34,1,13,4,C03,120.727881,24.155683,2
286,66000,387130000C,(04)23274275,(04)23288582,2023,8,1,17,30,臺中市,太平區,0,0,0,7,,,50,,,,,,,,,,,,,,,49,,,,,C03,,,1,,1,,,49,,1,13,4,C03,120.710922,24.127016,3
287,66000,387130000C,(04)23274275,(04)23288582,2023,8,1,17,30,臺中市,大甲區,0,3,0,7,3,6,60,13,9,1,5,4,6,6,1,1,10,5,5,2,17,48,2,8,1,1,C03,7,6,1,10,2,11,,48,48,1,13,4,C03,120.615358,24.350426,2
288,66000,387130000C,(04)23274275,(04)23288582,2023,8,1,17,30,臺中市,豐原區,0,1,0,7,2,6,50,13,9,1,5,4,6,6,1,1,5,4,5,1,13,7,3,10,1,1,C03,7,9,1,10,2,11,,7,7,1,13,4,C03,120.720595,24.266174,2
289,66000,387130000C,(04)23274275,(04)23288582,2023,8,1,17,31,臺中市,大里區,0,1,0,7,2,6,50,4,7,1,5,4,3,6,4,4,5,5,4,1,12,8,2,9,5,4,C03,7,9,1,10,2,14,,8,8,1,9,4,C03,120.703576,24.092083,2
290,66000,387130000C,(04)23274275,(04)23288582,2023,8,1,17,31,臺中市,大里區,0,1,0,7,3,6,30,4,1,1,5,4,6,6,4,4,10,5,5,2,13,59,2,9,1,1,C03,7,9,3,19,2,11,,59,59,1,6,4,C03,120.700473,24.091044,2
291,66000,387130000C,(04)23274275,(04)23288582,2023,8,1,17,35,臺中市,潭子區,0,0,0,7,,,50,,,,,,,,,,,,,,,7,,,,,C03,,,1,,2,,,7,,1,12,4,C03,120.687868,24.21391,3
292,66000,387130000C,(04)23274275,(04)23288582,2023,8,1,17,35,臺中市,大肚區,0,0,0,7,,,30,,,,,,,,,,,,,,14,50,,,,,B03,,,1,,2,,,50,,1,6,4,B03,120.566056,24.123828,3
293,66000,387130000C,(04)23274275,(04)23288582,2023,8,1,17,36,臺中市,太平區,0,1,0,7,3,6,50,13,9,1,5,4,6,6,4,4,1,4,5,2,17,59,2,9,2,1,C03,7,9,1,10,2,11,,59,59,1,13,4,C03,120.716024,24.136191,2
294,66000,387130000C,(04)23274275,(04)23288582,2023,8,1,17,36,臺中市,沙鹿區,0,0,0,7,,,50,,,,,,,,,,,,,,17,85,,,,,B03,,,1,,2,,,85,,1,13,4,B03,120.579634,24.216971,3
295,66000,387130000C,(04)23274275,(04)23288582,2023,8,1,17,38,臺中市,北屯區,0,1,0,7,2,6,50,13,9,1,5,4,6,6,4,4,1,4,5,2,16,42,3,10,3,1,B03,7,5,1,8,2,2,,42,42,1,12,4,B03,120.693601,24.171434,2
296,66000,387130000C,(04)23274275,(04)23288582,2023,8,1,17,38,臺中市,北屯區,0,0,0,7,,,50,,,,,,,,,,,,,,,84,,,,,B03,,,1,,1,,,84,,1,6,4,B03,120.723091,24.162035,3
297,66000,387130000C,(04)23274275,(04)23288582,2023,8,1,17,41,臺中市,北區,0,2,0,7,1,6,50,4,1,1,5,4,6,6,1,1,5,5,5,2,15,21,2,9,3,1,B03,7,9,1,8,2,8,,21,21,1,12,4,B03,120.675644,24.168661,2
298,66000,387130000C,(04)23274275,(04)23288582,2023,8,1,17,42,臺中市,霧峰區,0,2,0,7,2,6,30,13,9,1,5,4,6,6,4,4,10,5,5,1,17,51,2,9,2,1,C03,7,1,1,10,2,14,,51,51,1,6,4,C03,120.675408,24.076882,2
299,66000,387130000C,(04)23274275,(04)23288582,2023,8,1,17,43,臺中市,太平區,0,1,0,7,2,6,30,3,1,1,5,4,6,6,4,4,10,5,5,2,16,20,3,10,3,1,B03,7,6,1,8,2,8,,20,20,1,13,4,B03,120.726465,24.128277,2
300,66000,387130000C,(04)23274275,(04)23288582,2023,8,1,17,44,臺中市,北區,0,0,0,7,,,50,,,,,,,,,,,,,,13,84,,,,,B03,,,1,,2,,,84,,1,12,4,B03,120.674507,24.162862,3
301,66000,387130000C,(04)23274275,(04)23288582,2023,8,1,17,44,臺中市,豐原區,0,0,0,7,,,30,,,,,,,,,,,,,,,58,,,,,B03,,,1,,2,,,58,,1,13,4,B03,120.707799,24.243859,3
302,66000,387130000C,(04)23274275,(04)23288582,2023,8,1,17,49,臺中市,潭子區,0,0,0,7,,,40,,,,,,,,,,,,,,,59,,,,,C03,,,1,,2,,,59,,1,13,4,C03,120.700643,24.216194,3
303,66000,387130000C,(04)23274275,(04)23288582,2023,8,1,17,50,臺中市,西屯區,0,1,0,7,3,6,50,3,2,1,5,4,6,6,4,4,1,3,5,1,17,14,3,10,3,1,B03,7,6,1,8,2,6,,14,14,1,13,4,B03,120.624398,24.175478,2
304,66000,387130000C,(04)23274275,(04)23288582,2023,8,1,17,50,臺中市,龍井區,0,1,0,7,2,6,50,4,1,1,5,4,6,6,1,1,10,5,5,2,16,51,3,10,1,1,C03,7,1,1,10,2,14,,51,51,1,13,4,C03,120.584987,24.184397,2
305,66000,387130000C,(04)23274275,(04)23288582,2023,8,1,17,55,臺中市,北屯區,0,0,0,7,,,40,,,,,,,,,,,,,,,40,,,,,C03,,,1,,1,,,40,,1,12,4,C03,120.686263,24.191852,3
306,66000,387130000C,(04)23274275,(04)23288582,2023,8,1,18,5,臺中市,中區,0,0,0,7,,,50,,,,,,,,,,,,,,9,8,,,,,B03,,,1,,1,,,8,,1,12,4,B03,120.682774,24.140497,3
307,66000,387130000C,(04)23274275,(04)23288582,2023,8,1,18,6,臺中市,北區,0,1,0,7,2,6,50,4,1,1,5,4,6,6,4,4,10,5,5,2,17,39,3,10,5,4,B01,7,9,1,4,2,8,,39,39,1,12,4,B01,120.697506,24.160338,2
308,66000,387130000C,(04)23274275,(04)23288582,2023,8,1,18,6,臺中市,梧棲區,0,0,0,7,,,70,,,,,,,,,,,,,,16,21,,,,,B03,,,1,,2,,,21,,1,6,4,B03,120.546577,24.246142,4
309,66000,387130000C,(04)23274275,(04)23288582,2023,8,1,18,12,臺中市,東區,0,0,0,7,,,50,,,,,,,,,,,,,,,84,,,,,B03,,,1,,2,,,84,,1,12,4,B03,120.699225,24.147119,3
310,66000,387130000C,(04)23274275,(04)23288582,2023,8,1,18,14,臺中市,梧棲區,0,0,0,7,,,50,,,,,,,,,,,,,,,7,,,,,B12,,,1,,2,,,87,7,1,12,4,B12,120.53983,24.257649,3
311,66000,387130000C,(04)23274275,(04)23288582,2023,8,1,18,20,臺中市,大雅區,0,1,0,7,1,6,60,3,8,1,5,4,6,6,4,4,1,4,5,2,17,86,,,,,,,,,,,,,,,,,,,120.615171,24.219449,2
312,66000,387130000C,(04)23274275,(04)23288582,2023,8,1,18,20,臺中市,西屯區,0,0,0,7,,,50,,,,,,,,,,,,,,,7,,,,,B03,,,1,,1,,,7,,1,12,4,B03,120.619095,24.184412,3
313,66000,387130000C,(04)23274275,(04)23288582,2023,8,1,18,21,臺中市,南區,0,0,0,7,,,50,,,,,,,,,,,,,,,23,,,,,B03,,,1,,2,,,23,,1,12,4,B03,120.679273,24.126395,3
314,66000,387130000C,(04)23274275,(04)23288582,2023,8,1,18,22,臺中市,西區,0,0,0,5,1,6,50,3,2,1,5,4,6,6,4,4,10,5,5,2,12,8,,,,,B03,,,1,,1,,,8,,1,12,4,B03,120.664943,24.156435,3
315,66000,387130000C,(04)23274275,(04)23288582,2023,8,1,18,23,臺中市,沙鹿區,0,1,0,7,2,6,40,3,2,1,5,4,6,6,1,1,8,3,5,1,17,7,3,10,5,4,B03,7,9,1,8,2,1,,7,7,1,13,4,B03,120.581421,24.209662,2
316,66000,387130000C,(04)23274275,(04)23288582,2023,8,1,18,24,臺中市,南屯區,0,0,0,7,,,30,,,,,,,,,,,,,,11,59,,,,,C03,,,1,,1,,,59,,1,5,4,C03,120.610819,24.152156,3
317,66000,387130000C,(04)23274275,(04)23288582,2023,8,1,18,25,臺中市,南區,0,0,0,7,,,50,,,,,,,,,,,,,,13,7,,,,,A12,,,1,3,1,,,7,7,1,12,4,A12,120.649644,24.121308,3
318,66000,387130000C,(04)23274275,(04)23288582,2023,8,1,18,26,臺中市,潭子區,0,0,0,7,,,80,,,,,,,,,,,,,,13,58,,,,,B12,,,1,,2,,,58,,1,12,4,B12,120.717443,24.19801,3
319,66000,387130000C,(04)23274275,(04)23288582,2023,8,1,18,26,臺中市,大里區,0,0,0,7,,,50,,,,,,,,,,,,,,,20,,,,,C03,,,1,,2,,,20,,1,13,4,C03,120.69477,24.101265,3
320,66000,387130000C,(04)23274275,(04)23288582,2023,8,1,18,30,臺中市,北屯區,0,1,0,7,2,6,50,4,1,1,5,4,6,6,4,4,10,5,5,2,15,15,3,10,3,1,B01,7,9,1,4,2,1,,15,15,1,12,4,B01,120.695527,24.175294,2
321,66000,387130000C,(04)23274275,(04)23288582,2023,8,1,18,30,臺中市,西屯區,0,0,0,7,,,80,,,,,,,,,,,,,,,7,,,,,B03,,,1,,1,,,7,,1,13,4,B03,120.634948,24.179291,3
322,66000,387130000C,(04)23274275,(04)23288582,2023,8,1,18,30,臺中市,西屯區,0,1,0,7,1,6,50,5,1,1,5,4,6,6,1,1,5,3,4,2,17,84,3,10,3,1,B02,7,9,1,8,2,1,,84,84,1,13,4,B02,120.665366,24.166799,2
323,66000,387130000C,(04)23274275,(04)23288582,2023,8,1,18,35,臺中市,霧峰區,0,1,0,7,3,6,40,13,9,1,5,4,6,6,4,4,9,5,5,1,16,51,3,10,5,4,B12,7,1,1,8,2,1,,51,51,1,6,4,B12,120.712951,24.075054,2
324,66000,387130000C,(04)23274275,(04)23288582,2023,8,1,18,37,臺中市,南區,0,0,0,7,,,50,,,,,,,,,,,,,,,84,,,,,C03,,,1,,2,,,84,,1,13,4,C03,120.650118,24.120638,3
325,66000,387130000C,(04)23274275,(04)23288582,2023,8,1,18,40,臺中市,大里區,0,0,0,7,,,30,,,,,,,,,,,,,,30,59,,,,,B12,,,1,,2,,,59,59,1,6,4,B12,120.699082,24.095263,3
326,66000,387130000C,(04)23274275,(04)23288582,2023,8,1,18,40,臺中市,太平區,0,0,0,7,3,6,50,,14,1,5,4,6,6,4,4,5,5,5,1,13,59,3,10,3,1,B03,7,9,1,8,2,1,,59,53,1,13,4,B03,120.727084,24.145202,3
327,66000,387130000C,(04)23274275,(04)23288582,2023,8,1,18,43,臺中市,南屯區,0,0,0,7,,,50,,,,,,,,,,,,,,14,49,,,,,C03,,,1,,9,,,87,49,1,13,4,C03,120.638623,24.134759,3