序號,縣市別代碼,機關代碼,市話,傳真,年,月,日,時,分,縣市,區,死亡數量,受傷數量,2-30,天候,光線,道路類別,速限,道路型態,事故位置,路面鋪裝,路面狀態,路面缺陷,障礙物,視距,號誌種類,號誌動作,分向設施,快車道或一般車道間,快慢車道間,路面邊線,事故類型及型態,主要肇因,受傷程度,主要傷處,保護裝備,行動電話,當事者區分(類別),車輛用途,當事者行動狀態,駕駛資格情形,駕駛執照種類,飲酒情形,車輛撞擊部位最初,車輛撞擊部位其他,肇事因素個別,肇事因素主要,肇事逃逸,職業,旅次目的,車種,GPS座標X,GPS座標Y,事故類別
328,66000,387130000C,(04)23274275,(04)23288582,2023,8,1,18,46,臺中市,北區,0,1,0,7,2,6,50,4,9,1,5,4,6,6,1,1,1,4,5,2,13,7,2,8,6,1,F01,7,9,7,21,2,11,,7,7,1,12,4,F01,120.673101,24.16696,2
329,66000,387130000C,(04)23274275,(04)23288582,2023,8,1,18,47,臺中市,神岡區,0,0,0,7,,,50,,,,,,,,,,,,,,,8,,,,,B12,,,1,,2,,,8,,1,13,4,B12,120.711033,24.258395,3
330,66000,387130000C,(04)23274275,(04)23288582,2023,8,1,18,48,臺中市,東區,0,2,0,7,1,6,50,4,1,1,5,4,6,6,2,1,10,5,5,2,16,48,2,9,1,1,C03,7,6,1,10,2,14,,48,48,1,12,4,C03,120.692502,24.138738,2
331,66000,387130000C,(04)23274275,(04)23288582,2023,8,1,18,51,臺中市,南區,0,1,0,6,1,6,40,4,1,1,5,4,6,6,4,4,10,5,5,2,17,20,2,9,1,1,C03,7,6,1,10,2,14,,20,20,1,12,4,C03,120.663938,24.121068,2
332,66000,387130000C,(04)23274275,(04)23288582,2023,8,1,18,51,臺中市,大里區,0,1,0,7,1,6,50,4,1,1,5,4,6,6,1,1,5,5,4,1,16,11,3,10,3,1,B03,7,6,1,8,2,5,,11,11,1,13,4,B03,120.699175,24.110222,2
333,66000,387130000C,(04)23274275,(04)23288582,2023,8,1,18,52,臺中市,西區,0,1,0,7,1,6,50,4,1,1,5,4,6,6,2,1,10,5,5,2,15,84,3,10,1,1,C03,7,9,1,10,2,14,,84,84,1,12,4,C03,120.66774,24.13095,2
334,66000,387130000C,(04)23274275,(04)23288582,2023,8,1,18,54,臺中市,大肚區,0,2,0,7,1,6,30,4,1,1,5,4,6,6,4,4,10,5,5,2,11,6,2,8,1,1,C03,7,9,1,10,2,11,,6,6,1,13,4,C03,120.571085,24.170269,2
335,66000,387130000C,(04)23274275,(04)23288582,2023,8,1,18,56,臺中市,豐原區,0,0,0,7,,,30,,,,,,,,,,,,,,,58,,,,,B03,,,1,,2,,,58,,1,13,4,B03,120.726839,24.252612,3
336,66000,387130000C,(04)23274275,(04)23288582,2023,8,1,19,5,臺中市,霧峰區,0,1,0,7,2,6,30,13,9,1,5,4,6,6,4,4,10,5,5,2,17,75,3,10,5,4,G03,7,15,7,21,2,16,,75,75,1,6,4,G03,120.663904,24.063586,2
337,66000,387130000C,(04)23274275,(04)23288582,2023,8,1,19,11,臺中市,豐原區,0,0,0,7,1,6,50,5,1,1,5,4,6,6,2,1,1,2,5,1,17,8,3,10,3,1,B03,7,6,5,19,5,5,,8,8,1,6,4,B03,120.717099,24.244047,3
338,66000,387130000C,(04)23274275,(04)23288582,2023,8,1,19,13,臺中市,沙鹿區,0,0,0,7,,,50,,,,,,,,,,,,,,,6,,,,,C03,,,1,,2,,,6,,1,12,4,C03,120.562582,24.233808,4
339,66000,387130000C,(04)23274275,(04)23288582,2023,8,1,19,14,臺中市,西屯區,0,1,0,7,1,6,40,11,8,1,5,4,6,6,4,4,10,1,1,2,18,84,2,9,1,1,C03,7,15,1,10,2,15,,84,84,1,12,4,C03,120.634348,24.173429,2
340,66000,387130000C,(04)23274275,(04)23288582,2023,8,1,19,18,臺中市,西屯區,0,0,0,7,,,50,,,,,,,,,,,,,,,84,,,,,B03,,,1,,1,,,84,,1,13,4,B03,120.62904,24.163157,3
341,66000,387130000C,(04)23274275,(04)23288582,2023,8,1,19,20,臺中市,南屯區,0,0,0,7,,,50,,,,,,,,,,,,,,12,40,,,,,B03,,,1,,2,,,40,,1,12,4,B03,120.622848,24.150126,3
342,66000,387130000C,(04)23274275,(04)23288582,2023,8,1,19,34,臺中市,南區,0,1,0,7,1,6,40,13,8,1,5,4,6,6,1,1,1,2,4,2,17,7,3,10,1,1,C03,7,9,1,10,2,11,,7,7,1,12,4,C03,120.657175,24.113683,2
343,66000,387130000C,(04)23274275,(04)23288582,2023,8,1,19,35,臺中市,北屯區,0,1,0,7,1,6,50,13,8,1,5,4,6,6,4,4,1,4,5,2,2,84,3,10,2,1,C03,7,9,1,10,2,11,,84,84,1,12,4,C03,120.670906,24.175584,2
344,66000,387130000C,(04)23274275,(04)23288582,2023,8,1,19,48,臺中市,北屯區,0,0,0,7,,,40,,,,,,,,,,,,,,,49,,,,,B03,,,1,,9,,,49,,1,6,4,B03,120.685485,24.17575,3
345,66000,387130000C,(04)23274275,(04)23288582,2023,8,1,19,52,臺中市,西屯區,0,0,0,7,,,1,,,,,,,,,,,,,,,39,,,,,B02,,,1,,2,,,39,,1,12,4,B02,120.655278,24.159986,3
346,66000,387130000C,(04)23274275,(04)23288582,2023,8,1,20,0,臺中市,霧峰區,0,0,0,7,,,50,,,,,,,,,,,,,,14,49,,,,,B12,,,1,,2,,,49,,1,6,4,B12,120.662181,24.071826,3
347,66000,387130000C,(04)23274275,(04)23288582,2023,8,1,20,15,臺中市,西屯區,0,0,0,7,,,50,,,,,,,,,,,,,,,7,,,,,C03,,,1,,1,,,7,,1,12,4,C03,120.63689,24.171205,3
348,66000,387130000C,(04)23274275,(04)23288582,2023,8,1,20,24,臺中市,東區,0,0,0,7,,,50,,,,,,,,,,,,,,,84,,,,,B03,,,1,,2,,,84,,1,13,4,B03,120.698785,24.133,3
349,66000,387130000C,(04)23274275,(04)23288582,2023,8,1,20,24,臺中市,北屯區,0,1,0,7,1,6,50,3,2,1,5,4,6,6,4,4,10,5,5,2,13,7,2,9,1,1,C03,7,9,1,10,2,11,12,7,7,1,12,4,C03,120.694688,24.17019,2
350,66000,387130000C,(04)23274275,(04)23288582,2023,8,1,20,30,臺中市,北區,0,2,0,7,2,6,50,4,2,1,5,4,6,6,1,1,5,4,5,2,16,40,2,8,6,1,F01,7,8,7,21,2,14,,40,40,1,12,4,F01,120.682687,24.167028,2
351,66000,387130000C,(04)23274275,(04)23288582,2023,8,1,20,31,臺中市,潭子區,0,0,0,7,,,30,,,,,,,,,,,,,,,54,,,,,B03,,,1,,9,,,54,,1,12,4,B03,120.69916,24.214034,3
352,66000,387130000C,(04)23274275,(04)23288582,2023,8,1,20,32,臺中市,東區,0,1,0,6,1,6,50,4,1,1,5,4,6,6,2,1,10,5,5,2,2,84,3,10,3,1,B03,7,6,1,8,2,1,,84,84,1,12,4,B03,120.697171,24.136934,2
353,66000,387130000C,(04)23274275,(04)23288582,2023,8,1,20,37,臺中市,西區,0,0,0,7,,,50,,,,,,,,,,,,,,17,4,,,,,B03,,,1,,2,,,4,,1,12,4,B03,120.663128,24.14306,3
354,66000,387130000C,(04)23274275,(04)23288582,2023,8,1,20,37,臺中市,霧峰區,0,0,0,7,,,50,,,,,,,,,,,,,,,20,,,,,B03,,,1,,2,,,20,,1,6,4,B03,120.695205,24.05961,3
355,66000,387130000C,(04)23274275,(04)23288582,2023,8,1,20,45,臺中市,西屯區,0,1,0,7,1,6,1,3,24,1,5,4,6,6,4,4,10,5,5,2,30,82,2,9,5,4,C03,7,5,1,10,2,12,,82,82,1,13,4,C03,120.644674,24.15773,2
356,66000,387130000C,(04)23274275,(04)23288582,2023,8,1,20,47,臺中市,東區,0,1,0,7,1,6,50,4,1,1,5,4,6,6,1,1,10,5,5,2,17,21,2,8,1,1,C03,7,9,1,10,2,11,,21,21,1,12,4,C03,120.697163,24.133145,2
357,66000,387130000C,(04)23274275,(04)23288582,2023,8,1,20,48,臺中市,西屯區,0,1,0,7,1,6,50,3,1,1,5,4,6,6,4,4,10,5,5,2,12,40,3,10,3,1,B03,7,7,1,8,9,6,,40,40,1,12,4,B03,120.656781,24.198355,2
358,66000,387130000C,(04)23274275,(04)23288582,2023,8,1,20,49,臺中市,北屯區,0,0,0,7,,,50,,,,,,,,,,,,,,,84,,,,,B12,,,1,,1,,,84,84,1,6,4,B12,120.681973,24.174518,3
359,66000,387130000C,(04)23274275,(04)23288582,2023,8,1,20,50,臺中市,北屯區,0,1,0,7,3,6,50,13,9,1,5,4,6,6,4,4,10,5,5,2,30,84,,,,,,,,,,,,,119,84,1,,,,120.724958,24.190889,2
360,66000,387130000C,(04)23274275,(04)23288582,2023,8,1,20,55,臺中市,南區,0,1,0,7,2,6,50,13,9,1,5,4,6,6,4,4,3,4,5,2,17,84,2,8,2,1,C03,7,9,1,10,2,12,,84,84,1,13,4,C03,120.670216,24.120204,2
361,66000,387130000C,(04)23274275,(04)23288582,2023,8,1,20,59,臺中市,南屯區,0,0,0,7,,,50,,,,,,,,,,,,,,,87,,,,,A12,,,1,,9,,,87,,1,12,4,A12,120.612791,24.148444,3
362,66000,387130000C,(04)23274275,(04)23288582,2023,8,1,21,1,臺中市,烏日區,0,0,0,7,,,50,,,,,,,,,,,,,,9,40,,,,,B03,,,3,,2,,,40,,1,6,4,B03,120.589492,24.113825,3
363,66000,387130000C,(04)23274275,(04)23288582,2023,8,1,21,2,臺中市,太平區,0,1,0,7,1,6,50,4,9,1,5,4,6,6,4,4,5,4,5,2,16,12,3,10,1,1,C03,7,6,3,19,2,12,,12,12,1,12,4,C03,120.712669,24.1259,2
364,66000,387130000C,(04)23274275,(04)23288582,2023,8,1,21,9,臺中市,烏日區,0,1,0,7,1,6,50,13,9,1,5,4,6,6,4,4,9,5,5,1,18,87,2,9,1,1,C03,7,9,1,10,2,16,,87,87,1,12,4,C03,120.648156,24.102325,2
365,66000,387130000C,(04)23274275,(04)23288582,2023,8,1,21,10,臺中市,南區,0,2,0,6,1,6,50,3,1,1,5,4,6,6,4,4,10,5,5,2,17,84,2,9,1,1,C03,7,6,1,10,2,12,,84,84,1,12,4,C03,120.666683,24.121547,2
366,66000,387130000C,(04)23274275,(04)23288582,2023,8,1,21,11,臺中市,后里區,0,0,0,7,1,6,50,13,7,1,5,4,6,6,1,1,5,4,4,1,14,49,,,,,B03,,,1,,1,,,49,,1,12,4,B03,120.716217,24.309829,3
367,66000,387130000C,(04)23274275,(04)23288582,2023,8,1,21,12,臺中市,南區,0,1,0,7,1,6,50,4,1,1,5,4,6,6,2,1,10,5,5,2,12,84,3,10,3,1,B03,7,9,1,8,2,2,,84,84,1,12,4,B03,120.670047,24.126452,2
368,66000,387130000C,(04)23274275,(04)23288582,2023,8,1,21,13,臺中市,南屯區,0,2,0,7,1,6,50,13,9,1,5,4,6,6,4,4,1,4,5,2,12,42,3,10,5,4,C03,7,5,1,10,2,11,,42,42,1,13,4,C03,120.648849,24.139858,2
369,66000,387130000C,(04)23274275,(04)23288582,2023,8,1,21,14,臺中市,北屯區,0,1,0,7,1,6,50,11,9,1,5,4,6,6,4,4,5,4,5,2,30,84,2,9,2,1,C03,7,9,1,10,2,14,,84,84,1,12,4,C03,120.757531,24.200184,2
370,66000,387130000C,(04)23274275,(04)23288582,2023,8,1,21,15,臺中市,南屯區,0,1,0,7,1,6,50,13,7,1,5,4,6,6,4,4,5,5,4,2,12,59,2,9,1,1,C03,7,9,1,10,2,11,,59,59,1,6,4,C03,120.634834,24.146429,2
371,66000,387130000C,(04)23274275,(04)23288582,2023,8,1,21,20,臺中市,西屯區,0,0,0,7,,,30,,,,,,,,,,,,,,,49,,,,,B03,,,1,,2,,,49,,1,13,4,B03,120.644986,24.180481,3
372,66000,387130000C,(04)23274275,(04)23288582,2023,8,1,21,21,臺中市,烏日區,0,1,0,7,1,6,50,13,9,1,5,3,1,6,4,4,9,4,4,2,18,87,2,9,1,1,C03,7,9,1,10,2,16,,87,87,1,12,4,C03,120.648156,24.102325,2
373,66000,387130000C,(04)23274275,(04)23288582,2023,8,1,21,23,臺中市,潭子區,0,0,0,7,,,50,,,,,,,,,,,,,,,59,,,,,F01,,,7,,2,,,59,,1,3,4,F01,120.708625,24.20663,3
374,66000,387130000C,(04)23274275,(04)23288582,2023,8,1,21,25,臺中市,沙鹿區,0,0,0,7,2,6,50,13,9,1,5,4,6,6,4,4,10,4,5,2,25,51,,,,,B03,,,1,,2,,,51,51,1,12,4,B03,120.561617,24.233942,3
375,66000,387130000C,(04)23274275,(04)23288582,2023,8,1,21,26,臺中市,潭子區,0,2,0,7,1,6,50,13,9,1,5,4,6,6,4,4,9,4,4,1,17,59,2,9,3,1,B03,7,9,1,8,1,5,,59,59,2,12,4,B03,120.699521,24.216171,2
376,66000,387130000C,(04)23274275,(04)23288582,2023,8,1,21,30,臺中市,潭子區,0,0,0,5,,,50,,,,,,,,,,,,,,9,59,,,,,B03,,,1,,9,,,59,59,2,13,4,B03,120.699302,24.214073,3
377,66000,387130000C,(04)23274275,(04)23288582,2023,8,1,21,40,臺中市,西屯區,0,1,0,7,1,6,50,3,1,1,5,4,6,6,2,1,10,5,5,2,9,10,3,10,5,4,B03,7,6,1,8,2,1,,10,10,1,13,4,B03,120.648132,24.160563,2
378,66000,387130000C,(04)23274275,(04)23288582,2023,8,1,21,55,臺中市,大雅區,0,0,0,7,1,6,50,13,8,1,5,4,6,6,4,4,1,4,5,1,24,59,,,,,B03,,,1,,2,,,59,,1,13,4,B03,120.661671,24.232582,3
379,66000,387130000C,(04)23274275,(04)23288582,2023,8,1,21,57,臺中市,梧棲區,0,0,0,7,,,50,,,,,,,,,,,,,,17,59,,,,,B03,,,1,,2,,,59,,1,6,4,B03,120.529072,24.248365,3
380,66000,387130000C,(04)23274275,(04)23288582,2023,8,1,21,59,臺中市,西屯區,0,2,0,7,1,6,40,13,8,1,5,4,6,6,4,4,1,5,1,2,12,8,3,10,5,4,B03,7,9,1,8,2,2,,8,8,1,12,4,B03,120.622708,24.180057,2
381,66000,387130000C,(04)23274275,(04)23288582,2023,8,1,22,0,臺中市,西屯區,0,2,0,7,1,6,50,3,1,1,5,4,6,6,1,1,5,4,4,2,13,84,2,9,3,1,B03,7,9,1,8,2,1,,84,84,1,13,4,B03,120.658311,24.195146,2
382,66000,387130000C,(04)23274275,(04)23288582,2023,8,1,22,7,臺中市,西區,0,2,0,7,1,6,40,3,1,1,5,4,6,6,4,4,1,2,5,2,16,84,2,9,1,1,C03,7,5,1,10,2,14,,84,84,1,6,4,C03,120.673528,24.147753,2
383,66000,387130000C,(04)23274275,(04)23288582,2023,8,1,22,10,臺中市,西屯區,0,0,0,7,,,50,,,,,,,,,,,,,,,86,,,,,,,,,,,,,86,,1,,,,120.623136,24.177947,3
384,66000,387130000C,(04)23274275,(04)23288582,2023,8,1,22,10,臺中市,沙鹿區,0,1,0,7,3,6,50,4,1,1,5,4,6,6,4,4,10,5,5,2,17,7,3,10,3,1,B03,7,5,1,4,2,5,,7,7,1,13,4,B03,120.579995,24.214482,2
385,66000,387130000C,(04)23274275,(04)23288582,2023,8,1,22,16,臺中市,神岡區,0,1,0,7,1,6,50,4,1,1,5,4,6,6,2,1,5,4,4,1,3,10,3,10,3,1,B02,7,6,1,8,2,8,,10,10,1,12,4,B02,120.658662,24.258918,2
386,66000,387130000C,(04)23274275,(04)23288582,2023,8,1,22,18,臺中市,西屯區,0,0,0,7,,,50,,,,,,,,,,,,,,,87,,,,,C03,,,1,,2,,,87,87,1,12,4,C03,120.643474,24.164767,3
387,66000,387130000C,(04)23274275,(04)23288582,2023,8,1,22,26,臺中市,太平區,0,0,0,7,,,50,,,,,,,,,,,,,,15,21,,,,,C03,,,1,,1,,,21,,1,12,4,C03,120.71125,24.152359,3
388,66000,387130000C,(04)23274275,(04)23288582,2023,8,1,22,34,臺中市,南屯區,0,1,0,7,1,6,50,4,1,1,5,4,6,6,2,1,5,4,4,2,16,47,3,10,5,4,B03,7,5,1,1,2,2,,47,47,1,13,4,B03,120.649749,24.144919,2
389,66000,387130000C,(04)23274275,(04)23288582,2023,8,1,22,50,臺中市,西屯區,0,1,0,7,1,6,50,4,9,1,5,4,6,6,2,1,1,5,5,1,17,84,2,9,1,1,C03,7,9,1,10,2,11,,84,84,1,13,4,C03,120.639433,24.164781,2
390,66000,387130000C,(04)23274275,(04)23288582,2023,8,1,23,2,臺中市,東區,0,0,0,7,,,40,,,,,,,,,,,,,,12,1,,,,,B03,,,1,,2,,,1,,1,12,4,B03,120.698063,24.142776,3
391,66000,387130000C,(04)23274275,(04)23288582,2023,8,1,23,2,臺中市,東區,0,2,0,7,1,6,50,4,1,1,5,4,6,6,1,1,10,5,5,2,17,84,2,8,1,1,C03,7,9,1,10,2,12,,84,84,1,13,4,C03,120.689186,24.142917,2
392,66000,387130000C,(04)23274275,(04)23288582,2023,8,1,23,33,臺中市,南屯區,0,0,0,7,,,1,,,,,,,,,,,,,,17,77,,,,,C03,,,2,,1,,,77,,1,6,4,C03,120.634143,24.159279,4
393,66000,387130000C,(04)23274275,(04)23288582,2023,8,1,23,36,臺中市,西屯區,0,1,0,7,1,6,50,13,9,1,5,4,6,6,4,4,1,4,5,1,17,85,2,9,1,1,C03,7,9,1,10,2,11,,85,85,1,13,4,C03,120.613401,24.186959,2
394,66000,387130000C,(04)23274275,(04)23288582,2023,8,2,0,11,臺中市,東區,0,0,0,7,,,30,,,,,,,,,,,,,,17,84,,,,,C03,,,1,,9,,,84,,2,12,4,C03,120.694575,24.14538,3
395,66000,387130000C,(04)23274275,(04)23288582,2023,8,2,0,22,臺中市,北屯區,0,1,0,7,1,6,50,3,1,1,5,4,6,6,2,1,10,5,5,2,18,43,2,9,2,1,C03,7,9,1,10,2,12,,43,43,1,12,4,C03,120.701988,24.164612,2
396,66000,387130000C,(04)23274275,(04)23288582,2023,8,2,0,29,臺中市,南屯區,0,1,0,7,1,6,30,13,9,1,5,4,6,6,4,4,10,5,5,2,24,59,2,9,2,1,C03,7,9,1,10,2,12,,59,59,1,6,4,C03,120.623933,24.113226,2
397,66000,387130000C,(04)23274275,(04)23288582,2023,8,2,0,44,臺中市,北區,0,1,0,7,1,6,50,4,1,1,5,4,6,6,3,1,10,5,5,2,15,20,2,9,1,1,F03,7,9,7,21,2,15,,20,20,1,12,4,F03,120.675679,24.168657,2
398,66000,387130000C,(04)23274275,(04)23288582,2023,8,2,2,30,臺中市,西區,0,0,0,7,,,50,,,,,,,,,,,,,,18,78,,,,,C02,,,1,,1,,,78,,1,12,4,C02,120.658922,24.152488,3
399,66000,387130000C,(04)23274275,(04)23288582,2023,8,2,3,55,臺中市,北區,0,2,0,7,1,6,40,13,7,1,5,4,6,6,4,4,9,4,4,2,16,51,2,9,5,1,B03,7,1,3,19,2,8,,51,51,1,13,4,B03,120.677774,24.149561,2
400,66000,387130000C,(04)23274275,(04)23288582,2023,8,2,5,17,臺中市,大雅區,0,1,0,5,1,6,50,13,9,1,4,4,6,6,1,1,1,4,5,2,17,51,3,10,3,1,B03,7,1,1,8,11,16,,51,51,2,12,4,B03,120.650087,24.211871,2
401,66000,387130000C,(04)23274275,(04)23288582,2023,8,2,5,25,臺中市,梧棲區,0,1,0,5,1,6,40,4,1,1,4,4,6,6,2,1,10,5,5,2,16,11,3,10,3,1,B12,7,6,1,8,2,4,,11,11,1,6,4,B12,120.531871,24.228812,2
402,66000,387130000C,(04)23274275,(04)23288582,2023,8,2,5,31,臺中市,烏日區,0,1,0,7,1,6,50,10,8,1,5,4,6,6,4,4,1,5,1,1,20,59,2,9,1,1,C03,7,9,1,10,2,15,,59,59,1,12,4,C03,120.651571,24.105593,2
403,66000,387130000C,(04)23274275,(04)23288582,2023,8,2,5,53,臺中市,豐原區,0,2,0,5,1,6,50,5,1,1,4,4,6,6,1,1,5,5,5,2,12,1,2,7,1,1,C03,7,4,1,10,2,12,,1,1,1,6,4,C03,120.717293,24.246198,2
404,66000,387130000C,(04)23274275,(04)23288582,2023,8,2,6,15,臺中市,大里區,0,2,0,5,2,6,50,4,2,1,4,4,6,6,1,1,10,5,5,1,10,4,2,9,1,1,C03,7,9,1,10,2,11,,4,4,1,12,4,C03,120.679633,24.116369,2
405,66000,387130000C,(04)23274275,(04)23288582,2023,8,2,6,27,臺中市,沙鹿區,0,1,0,5,3,6,50,13,8,1,4,4,6,6,4,4,1,4,3,1,23,59,2,9,2,1,C03,7,9,1,10,2,11,,59,59,1,12,4,C03,120.578216,24.250617,2
406,66000,387130000C,(04)23274275,(04)23288582,2023,8,2,6,31,臺中市,豐原區,0,1,0,5,2,6,50,3,1,1,4,4,6,6,1,1,1,5,5,2,1,10,3,10,5,4,B03,7,6,1,8,2,1,,10,28,1,10,4,B03,120.700868,24.249244,2
407,66000,387130000C,(04)23274275,(04)23288582,2023,8,2,6,35,臺中市,大雅區,0,0,0,5,,,50,,,,,,,,,,,,,,,40,,,,,B03,,,1,,2,,,40,,1,13,4,B03,120.650554,24.21116,3
408,66000,387130000C,(04)23274275,(04)23288582,2023,8,2,6,40,臺中市,東區,0,1,0,6,2,6,50,4,19,1,5,4,6,6,1,1,10,5,5,2,2,10,3,10,3,1,B12,7,6,1,8,2,1,,10,10,1,13,4,B12,120.692456,24.142745,2
409,66000,387130000C,(04)23274275,(04)23288582,2023,8,2,6,43,臺中市,南屯區,0,1,0,7,2,6,40,5,9,1,5,4,6,6,4,4,9,5,5,2,17,40,3,10,1,1,C03,7,8,1,10,2,14,,40,40,1,13,4,C03,120.630264,24.151886,2
410,66000,387130000C,(04)23274275,(04)23288582,2023,8,2,6,45,臺中市,大雅區,0,1,0,5,1,6,50,3,1,1,4,4,6,6,1,1,5,5,5,1,16,11,3,10,3,1,B03,7,6,1,8,2,2,,11,11,1,13,4,B03,120.638189,24.24656,2
411,66000,387130000C,(04)23274275,(04)23288582,2023,8,2,6,51,臺中市,西區,0,0,0,5,,,30,,,,,,,,,,,,,,,84,,,,,B03,,,1,,1,,,84,,1,6,4,B03,120.655787,24.139027,3
412,66000,387130000C,(04)23274275,(04)23288582,2023,8,2,6,59,臺中市,南屯區,0,0,0,5,,,50,,,,,,,,,,,,,,9,8,,,,,C03,,,1,,9,,,8,,2,13,4,C03,120.650096,24.153479,3
413,66000,387130000C,(04)23274275,(04)23288582,2023,8,2,7,0,臺中市,豐原區,0,1,0,7,2,6,50,4,1,1,4,4,6,6,1,1,5,4,4,2,3,48,3,10,3,1,B03,7,6,1,8,2,1,,48,48,1,13,4,B03,120.721293,24.258041,2
414,66000,387130000C,(04)23274275,(04)23288582,2023,8,2,7,4,臺中市,大里區,0,1,0,5,3,6,50,13,7,1,4,4,6,6,4,4,5,4,4,1,13,58,3,10,1,1,C03,7,9,1,10,2,11,,58,58,1,13,4,C03,120.690387,24.113415,2
415,66000,387130000C,(04)23274275,(04)23288582,2023,8,2,7,11,臺中市,北區,0,1,0,5,3,6,50,13,7,1,4,4,6,6,4,4,1,4,4,2,18,5,2,9,1,1,C03,7,9,1,10,2,12,,5,5,1,12,4,C03,120.688169,24.14641,2
416,66000,387130000C,(04)23274275,(04)23288582,2023,8,2,7,11,臺中市,南區,0,1,0,5,2,6,50,4,1,1,4,4,6,6,4,4,10,5,5,2,13,84,2,9,2,1,C03,7,9,1,10,2,11,,84,84,1,12,4,C03,120.656842,24.119345,2
417,66000,387130000C,(04)23274275,(04)23288582,2023,8,2,7,11,臺中市,南區,0,1,0,5,2,6,50,4,1,1,4,4,6,6,2,1,5,5,4,2,30,87,2,9,1,1,C03,7,9,1,10,2,14,,87,87,1,12,4,C03,120.666731,24.114148,2
418,66000,387130000C,(04)23274275,(04)23288582,2023,8,2,7,19,臺中市,西屯區,0,0,0,5,,,50,,,,,,,,,,,,,,13,84,,,,,B03,,,1,,1,,,84,,1,12,4,B03,120.615574,24.175198,3
419,66000,387130000C,(04)23274275,(04)23288582,2023,8,2,7,22,臺中市,南區,0,2,0,5,3,6,30,4,1,1,4,4,6,6,4,4,10,5,5,2,15,13,2,9,2,1,C03,7,9,1,10,2,11,,13,13,1,6,4,C03,120.65616,24.131878,2
420,66000,387130000C,(04)23274275,(04)23288582,2023,8,2,7,26,臺中市,北區,0,1,0,5,2,6,50,4,1,1,4,4,6,6,1,1,10,5,5,2,17,84,2,9,1,1,C03,7,9,1,10,2,12,,84,84,1,13,4,C03,120.680948,24.159108,2
421,66000,387130000C,(04)23274275,(04)23288582,2023,8,2,7,26,臺中市,北屯區,0,3,0,5,2,6,50,4,1,1,4,4,6,6,4,4,5,5,5,2,15,15,2,9,2,1,C03,7,9,1,10,2,12,,15,15,1,12,4,C03,120.715878,24.170899,2
422,66000,387130000C,(04)23274275,(04)23288582,2023,8,2,7,26,臺中市,太平區,0,0,0,5,,,50,,,,,,,,,,,,,,,50,,,,,B03,,,1,,2,,,50,,1,12,4,B03,120.710746,24.159014,3
423,66000,387130000C,(04)23274275,(04)23288582,2023,8,2,7,27,臺中市,龍井區,0,1,0,5,3,6,70,13,8,1,4,4,6,6,4,4,10,4,5,2,17,47,3,10,5,4,B03,7,5,1,8,2,2,,47,47,1,6,4,B03,120.509045,24.21697,2
424,66000,387130000C,(04)23274275,(04)23288582,2023,8,2,7,29,臺中市,霧峰區,0,1,0,7,2,9,50,13,9,1,5,4,6,6,4,4,9,4,5,1,17,48,3,10,1,1,C03,7,6,1,10,2,12,,48,48,1,6,4,C03,120.701697,24.067874,2
425,66000,387130000C,(04)23274275,(04)23288582,2023,8,2,7,30,臺中市,北屯區,0,0,0,5,,,50,,,,,,,,,,,,,,9,51,,,,,B03,,,1,,2,,,51,,1,12,4,B03,120.723725,24.176224,3
426,66000,387130000C,(04)23274275,(04)23288582,2023,8,2,7,30,臺中市,神岡區,0,0,0,5,,,50,,,,,,,,,,,,,,9,50,,,,,B03,,,1,,1,,,50,,1,6,4,B03,120.679686,24.248732,3
427,66000,387130000C,(04)23274275,(04)23288582,2023,8,2,7,31,臺中市,南區,0,1,0,5,2,6,50,13,9,1,4,4,6,6,4,4,5,5,5,2,17,84,2,9,2,1,C03,7,9,1,10,9,12,13,84,84,2,6,4,C03,120.662169,24.125317,2
428,66000,387130000C,(04)23274275,(04)23288582,2023,8,2,7,35,臺中市,東區,0,2,0,7,2,6,50,13,9,1,3,4,6,6,4,4,10,5,5,2,17,87,2,9,1,1,C03,7,9,1,10,2,11,12,1,87,1,12,4,C03,120.692826,24.135184,2
429,66000,387130000C,(04)23274275,(04)23288582,2023,8,2,7,35,臺中市,北屯區,0,0,0,5,,,50,,,,,,,,,,,,,,12,51,,,,,B03,,,1,,1,,,51,51,1,12,4,B03,120.701006,24.179392,3
430,66000,387130000C,(04)23274275,(04)23288582,2023,8,2,7,37,臺中市,沙鹿區,0,0,0,5,,,50,,,,,,,,,,,,,,,7,,,,,B03,,,1,,2,,,7,,1,6,4,B03,120.565092,24.254845,3
431,66000,387130000C,(04)23274275,(04)23288582,2023,8,2,7,38,臺中市,南屯區,0,1,0,5,2,6,50,3,1,1,4,4,6,6,2,1,5,4,5,2,16,11,2,9,2,1,C03,7,9,1,10,2,14,,6,11,1,12,4,C03,120.612416,24.15066,2
432,66000,387130000C,(04)23274275,(04)23288582,2023,8,2,7,38,臺中市,清水區,0,0,0,5,,,70,,,,,,,,,,,,,,13,56,,,,,B03,,,1,,2,,,56,56,1,12,4,B03,120.570635,24.274563,3
433,66000,387130000C,(04)23274275,(04)23288582,2023,8,2,7,38,臺中市,后里區,0,1,0,5,2,6,50,3,2,1,4,4,6,6,4,4,5,5,5,1,18,84,2,9,2,1,C03,7,9,1,10,2,16,,84,84,1,6,4,C03,120.701002,24.321564,2
434,66000,387130000C,(04)23274275,(04)23288582,2023,8,2,7,39,臺中市,東區,0,0,0,5,2,6,40,3,2,1,4,4,6,6,4,4,5,5,4,2,17,8,3,10,3,1,B03,7,15,1,8,2,6,,8,8,1,12,4,B03,120.704306,24.138324,3