序號,縣市別代碼,機關代碼,市話,傳真,年,月,日,時,分,縣市,區,死亡數量,受傷數量,2-30,天候,光線,道路類別,速限,道路型態,事故位置,路面鋪裝,路面狀態,路面缺陷,障礙物,視距,號誌種類,號誌動作,分向設施,快車道或一般車道間,快慢車道間,路面邊線,事故類型及型態,主要肇因,受傷程度,主要傷處,保護裝備,行動電話,當事者區分(類別),車輛用途,當事者行動狀態,駕駛資格情形,駕駛執照種類,飲酒情形,車輛撞擊部位最初,車輛撞擊部位其他,肇事因素個別,肇事因素主要,肇事逃逸,職業,旅次目的,車種,GPS座標X,GPS座標Y,事故類別
435,66000,387130000C,(04)23274275,(04)23288582,2023,8,2,7,40,臺中市,西區,0,1,0,5,3,6,50,4,1,1,4,4,6,6,4,4,10,5,5,2,15,15,2,9,2,1,C03,7,9,1,10,2,11,,15,15,1,13,4,C03,120.668864,24.147559,2
436,66000,387130000C,(04)23274275,(04)23288582,2023,8,2,7,40,臺中市,大里區,0,0,0,7,,,50,,,,,,,,,,,,,,13,7,,,,,B03,,,1,,2,,,7,,1,13,4,B03,120.694774,24.111463,3
437,66000,387130000C,(04)23274275,(04)23288582,2023,8,2,7,41,臺中市,潭子區,0,2,0,5,3,6,60,4,1,1,4,4,6,6,1,1,1,4,5,1,17,84,2,9,1,1,C03,7,9,1,10,2,14,,84,84,1,13,4,C03,120.705385,24.209873,2
438,66000,387130000C,(04)23274275,(04)23288582,2023,8,2,7,43,臺中市,南屯區,0,0,0,5,,,50,,,,,,,,,,,,,,,59,,,,,B03,,,1,,2,,,59,,1,12,4,B03,120.636826,24.15128,3
439,66000,387130000C,(04)23274275,(04)23288582,2023,8,2,7,44,臺中市,梧棲區,0,1,0,5,3,6,50,4,9,1,4,4,6,6,1,1,5,5,5,1,18,87,2,9,1,1,C03,7,9,1,10,2,16,,87,87,1,6,4,C03,120.54692,24.239554,2
440,66000,387130000C,(04)23274275,(04)23288582,2023,8,2,7,44,臺中市,沙鹿區,0,0,0,5,,,50,,,,,,,,,,,,,,,15,,,,,B03,,,1,,2,,,15,,1,12,5,B03,120.569473,24.258333,3
441,66000,387130000C,(04)23274275,(04)23288582,2023,8,2,7,48,臺中市,大里區,0,0,0,5,,,60,,,,,,,,,,,,,,12,40,,,,,A41,,,1,,2,,,40,,1,12,4,A41,120.676395,24.085935,3
442,66000,387130000C,(04)23274275,(04)23288582,2023,8,2,7,50,臺中市,西屯區,0,0,0,5,,,50,,,,,,,,,,,,,,2,2,,,,,B03,,,1,,2,,,2,,1,13,4,B03,120.653468,24.195275,3
443,66000,387130000C,(04)23274275,(04)23288582,2023,8,2,7,50,臺中市,大里區,0,0,0,5,,,50,,,,,,,,,,,,,,17,50,,,,,B03,,,1,,9,,,87,50,1,12,4,B03,120.709713,24.10718,3
444,66000,387130000C,(04)23274275,(04)23288582,2023,8,2,7,51,臺中市,東區,0,0,0,5,,,50,,,,,,,,,,,,,,,4,,,,,C03,,,1,,2,,,4,,1,12,4,C03,120.704804,24.130636,3
445,66000,387130000C,(04)23274275,(04)23288582,2023,8,2,7,51,臺中市,西屯區,0,0,0,5,,,50,,,,,,,,,,,,,,12,85,,,,,,,,,,,,,85,,1,,,,120.636528,24.170784,3
446,66000,387130000C,(04)23274275,(04)23288582,2023,8,2,7,52,臺中市,中區,0,0,0,5,,,50,,,,,,,,,,,,,,17,84,,,,,C03,,,1,,1,,,84,,1,12,4,C03,120.676741,24.144505,3
447,66000,387130000C,(04)23274275,(04)23288582,2023,8,2,7,53,臺中市,大雅區,0,1,0,5,1,6,50,4,1,1,4,4,6,6,4,4,5,5,5,1,17,14,3,10,3,1,B03,7,5,1,8,2,6,,14,14,1,13,4,B03,120.668999,24.214701,2
448,66000,387130000C,(04)23274275,(04)23288582,2023,8,2,7,53,臺中市,北區,0,1,0,5,2,6,50,4,1,1,4,4,6,6,3,1,5,2,5,2,15,24,2,9,1,1,C03,7,9,1,10,2,11,,24,24,1,12,4,C03,120.695966,24.158393,2
449,66000,387130000C,(04)23274275,(04)23288582,2023,8,2,7,53,臺中市,東區,0,1,0,5,2,6,40,13,8,1,4,4,6,6,4,4,1,4,4,2,18,84,2,9,1,1,C03,7,9,1,10,1,12,,84,84,1,12,4,C03,120.694804,24.133766,2
450,66000,387130000C,(04)23274275,(04)23288582,2023,8,2,7,55,臺中市,大里區,0,0,0,5,,,50,,,,,,,,,,,,,,11,8,,,,,B03,,,1,,2,,,8,,1,13,4,B03,120.685264,24.10958,3
451,66000,387130000C,(04)23274275,(04)23288582,2023,8,2,7,57,臺中市,大里區,0,1,0,5,2,6,50,13,9,1,4,4,6,6,4,4,5,4,4,2,17,76,3,10,3,1,B03,7,13,1,8,2,4,,76,76,1,13,4,B03,120.716631,24.096942,2
452,66000,387130000C,(04)23274275,(04)23288582,2023,8,2,7,58,臺中市,南區,0,1,0,5,3,6,50,4,1,1,4,4,6,6,2,1,1,4,4,2,17,11,3,10,3,1,B03,7,6,1,8,2,2,,11,11,1,6,4,B03,120.672025,24.126493,2
453,66000,387130000C,(04)23274275,(04)23288582,2023,8,2,7,58,臺中市,北屯區,0,1,0,5,2,6,40,13,8,1,4,4,6,6,4,4,1,3,4,2,16,51,3,10,3,1,B01,7,1,1,4,2,8,,51,51,1,12,4,B01,120.666065,24.181941,2
454,66000,387130000C,(04)23274275,(04)23288582,2023,8,2,7,59,臺中市,大里區,0,1,0,5,2,6,40,13,9,1,4,4,6,6,4,4,9,5,5,2,18,84,2,9,1,1,C03,7,9,1,10,2,11,,84,84,1,12,4,C03,120.717514,24.108766,2
455,66000,387130000C,(04)23274275,(04)23288582,2023,8,2,8,0,臺中市,南屯區,0,1,0,5,2,6,50,5,1,1,4,4,6,6,2,1,5,2,5,2,16,47,3,10,3,1,B03,7,5,1,8,2,5,,47,47,1,8,4,B03,120.637724,24.142453,2
456,66000,387130000C,(04)23274275,(04)23288582,2023,8,2,8,1,臺中市,西區,0,1,0,5,3,6,40,3,2,1,4,4,6,6,1,1,3,4,4,2,13,84,2,9,1,1,C03,7,9,1,10,2,14,,84,84,1,12,4,C03,120.658692,24.156087,2
457,66000,387130000C,(04)23274275,(04)23288582,2023,8,2,8,1,臺中市,大里區,0,1,0,5,3,6,50,4,1,1,4,4,6,6,4,4,5,5,5,2,15,15,2,9,2,1,C03,7,9,1,10,2,11,,15,15,1,12,4,C03,120.695363,24.101379,2
458,66000,387130000C,(04)23274275,(04)23288582,2023,8,2,8,2,臺中市,大里區,0,1,0,5,3,6,0,13,21,1,4,4,6,6,4,4,10,5,5,2,18,59,2,9,5,4,C03,7,9,1,10,2,14,,59,59,1,13,4,C03,120.680053,24.115065,2
459,66000,387130000C,(04)23274275,(04)23288582,2023,8,2,8,2,臺中市,烏日區,0,0,0,5,,,30,,,,,,,,,,,,,,,43,,,,,B12,,,1,,2,,,43,,1,12,4,B12,120.6554,24.056284,3
460,66000,387130000C,(04)23274275,(04)23288582,2023,8,2,8,4,臺中市,西區,0,2,0,5,3,6,50,4,1,1,4,4,6,6,2,1,10,5,5,2,15,21,2,9,2,1,C03,7,9,1,10,2,11,,21,21,1,13,4,C03,120.666736,24.141067,2
461,66000,387130000C,(04)23274275,(04)23288582,2023,8,2,8,6,臺中市,大里區,0,0,0,5,,,40,,,,,,,,,,,,,,,51,,,,,B03,,,1,,2,,,51,,1,6,4,B03,120.686882,24.086242,3
462,66000,387130000C,(04)23274275,(04)23288582,2023,8,2,8,7,臺中市,南屯區,0,1,0,5,2,6,50,13,9,1,4,4,6,6,4,4,1,4,5,2,12,84,3,10,5,4,B03,7,7,1,8,2,6,,84,84,1,13,4,B03,120.647022,24.125025,2
463,66000,387130000C,(04)23274275,(04)23288582,2023,8,2,8,7,臺中市,龍井區,0,1,0,5,2,6,50,4,1,1,4,4,6,6,2,1,10,5,5,2,16,11,3,10,3,1,B03,7,5,1,8,2,6,,11,11,1,11,4,B03,120.585767,24.18605,2
464,66000,387130000C,(04)23274275,(04)23288582,2023,8,2,8,8,臺中市,北區,0,0,0,7,,,50,,,,,,,,,,,,,,13,84,,,,,B01,,,1,,1,,,84,,1,12,4,B01,120.68462,24.16338,3
465,66000,387130000C,(04)23274275,(04)23288582,2023,8,2,8,9,臺中市,潭子區,0,1,0,5,3,6,50,13,8,1,4,4,6,6,4,4,5,4,4,2,17,84,2,9,2,1,C03,7,9,1,10,2,12,,84,84,1,13,4,C03,120.710681,24.211641,2
466,66000,387130000C,(04)23274275,(04)23288582,2023,8,2,8,10,臺中市,東區,0,1,0,5,2,6,50,13,8,1,4,4,6,6,4,4,3,4,4,2,17,51,3,10,2,1,C03,7,1,1,10,2,13,,51,51,1,12,4,C03,120.696376,24.136109,2
467,66000,387130000C,(04)23274275,(04)23288582,2023,8,2,8,12,臺中市,西區,0,2,0,5,2,6,40,4,1,1,4,4,6,6,1,1,10,5,5,2,13,21,2,9,5,4,C03,7,9,1,10,2,11,,21,21,1,12,4,C03,120.662609,24.155678,2
468,66000,387130000C,(04)23274275,(04)23288582,2023,8,2,8,13,臺中市,潭子區,0,0,0,5,,,30,,,,,,,,,,,,,,14,49,,,,,B12,,,1,,2,,,49,,1,13,4,B12,120.702677,24.208925,3
469,66000,387130000C,(04)23274275,(04)23288582,2023,8,2,8,13,臺中市,西屯區,0,1,0,5,2,6,40,13,8,1,4,4,6,6,4,4,1,4,1,2,17,39,3,10,5,4,B03,7,7,1,8,2,5,,39,39,1,13,4,B03,120.646623,24.172903,2
470,66000,387130000C,(04)23274275,(04)23288582,2023,8,2,8,16,臺中市,南屯區,0,1,0,5,2,6,50,4,1,1,4,4,6,6,2,1,5,5,4,2,16,47,3,10,3,1,B03,7,5,1,8,1,2,,47,47,1,6,4,B03,120.654577,24.136666,2
471,66000,387130000C,(04)23274275,(04)23288582,2023,8,2,8,17,臺中市,沙鹿區,0,2,0,5,3,6,50,13,9,1,4,4,6,6,4,4,5,5,5,1,17,39,2,9,1,1,C03,7,1,1,10,2,12,,39,39,1,12,4,C03,120.567728,24.202938,2
472,66000,387130000C,(04)23274275,(04)23288582,2023,8,2,8,18,臺中市,太平區,0,1,0,5,3,6,50,13,9,1,4,4,6,6,4,4,5,5,4,2,18,84,2,9,2,1,C03,7,9,1,10,2,11,,84,84,1,12,4,C03,120.716538,24.132391,2
473,66000,387130000C,(04)23274275,(04)23288582,2023,8,2,8,19,臺中市,北屯區,0,2,0,5,2,8,0,13,21,1,4,4,6,6,4,4,10,5,5,2,8,39,2,7,6,1,F02,7,9,7,21,2,14,,39,39,1,12,4,F02,120.685277,24.175204,2
474,66000,387130000C,(04)23274275,(04)23288582,2023,8,2,8,20,臺中市,龍井區,0,2,0,5,2,6,50,3,1,1,4,4,6,6,4,4,10,5,5,2,16,14,2,9,1,1,C03,7,5,1,10,11,12,,14,14,1,11,4,C03,120.584578,24.183194,2
475,66000,387130000C,(04)23274275,(04)23288582,2023,8,2,8,21,臺中市,北屯區,0,0,0,5,,,50,,,,,,,,,,,,,,13,84,,,,,B03,,,1,,2,,,84,,1,12,4,B03,120.692013,24.182689,3
476,66000,387130000C,(04)23274275,(04)23288582,2023,8,2,8,21,臺中市,西屯區,0,1,0,5,3,6,50,4,1,1,4,4,6,6,1,1,10,5,5,2,30,43,2,9,1,1,C03,7,9,1,10,2,12,,43,43,1,12,4,C03,120.648294,24.167899,2
477,66000,387130000C,(04)23274275,(04)23288582,2023,8,2,8,25,臺中市,西屯區,0,2,0,5,3,6,40,4,1,1,4,4,6,6,1,1,10,5,5,2,13,7,2,9,1,1,C03,7,9,3,19,1,11,,7,7,1,13,4,C03,120.640517,24.187277,2
478,66000,387130000C,(04)23274275,(04)23288582,2023,8,2,8,26,臺中市,西屯區,0,0,0,7,,,50,,,,,,,,,,,,,,2,84,,,,,C03,,,1,,1,,,84,,1,12,4,C03,120.624383,24.178551,3
479,66000,387130000C,(04)23274275,(04)23288582,2023,8,2,8,26,臺中市,龍井區,0,2,0,5,1,6,40,4,8,1,4,4,6,6,1,1,3,4,4,1,16,11,2,8,1,1,C03,7,5,1,10,2,11,,11,11,1,12,4,C03,120.59313,24.182737,2
480,66000,387130000C,(04)23274275,(04)23288582,2023,8,2,8,28,臺中市,東區,0,0,0,5,,,50,,,,,,,,,,,,,,16,84,,,,,B03,,,1,,2,,,84,,1,12,4,B03,120.698062,24.140178,3
481,66000,387130000C,(04)23274275,(04)23288582,2023,8,2,8,30,臺中市,南屯區,0,1,0,5,2,6,50,13,9,1,4,4,6,6,4,4,5,5,5,2,16,51,3,10,3,1,B03,7,1,1,8,2,8,,51,51,1,12,4,B03,120.651944,24.138311,2
482,66000,387130000C,(04)23274275,(04)23288582,2023,8,2,8,30,臺中市,神岡區,0,0,0,5,,,50,,,,,,,,,,,,,,,41,,,,,B03,,,1,,1,,,41,,1,13,5,B03,120.653969,24.280044,3
483,66000,387130000C,(04)23274275,(04)23288582,2023,8,2,8,32,臺中市,豐原區,0,1,0,5,3,6,50,13,9,1,4,4,6,6,4,4,9,5,5,2,17,7,2,9,1,1,C03,7,9,1,10,2,11,,7,7,1,12,4,C03,120.710636,24.239368,2
484,66000,387130000C,(04)23274275,(04)23288582,2023,8,2,8,33,臺中市,北屯區,0,1,0,5,2,6,50,4,1,1,4,4,6,6,1,1,10,5,5,2,16,48,3,10,1,1,C03,7,6,1,10,2,12,,48,48,1,12,2,C03,120.694169,24.171097,2
485,66000,387130000C,(04)23274275,(04)23288582,2023,8,2,8,35,臺中市,南區,0,2,0,5,2,6,50,4,1,1,4,4,6,6,2,1,2,2,4,2,16,11,3,10,3,1,B03,7,6,1,8,2,2,,11,11,1,12,4,B03,120.679273,24.126395,2
486,66000,387130000C,(04)23274275,(04)23288582,2023,8,2,8,38,臺中市,太平區,0,1,0,5,3,6,50,4,1,1,4,4,6,6,1,1,10,5,5,2,18,84,2,9,2,1,C03,7,9,1,10,2,14,,84,84,1,12,4,C03,120.716241,24.118816,2
487,66000,387130000C,(04)23274275,(04)23288582,2023,8,2,8,38,臺中市,烏日區,0,2,0,5,2,6,50,13,9,1,4,4,6,6,4,4,9,5,5,1,16,48,2,9,1,1,C03,7,6,1,10,2,15,,48,48,1,7,4,C03,120.65562,24.044972,2
488,66000,387130000C,(04)23274275,(04)23288582,2023,8,2,8,40,臺中市,西屯區,0,2,0,5,2,6,50,3,1,1,4,4,6,6,2,1,1,4,5,2,13,84,2,7,5,4,C03,7,9,1,10,6,11,,84,84,1,12,4,C03,120.651902,24.165731,2
489,66000,387130000C,(04)23274275,(04)23288582,2023,8,2,8,41,臺中市,南屯區,0,0,0,5,,,50,,,,,,,,,,,,,,,84,,,,,B03,,,1,,1,,,84,84,1,13,4,B03,120.63038,24.123135,3
490,66000,387130000C,(04)23274275,(04)23288582,2023,8,2,8,43,臺中市,南屯區,0,1,0,5,2,6,50,4,1,1,4,4,6,6,2,1,5,5,5,2,13,7,2,9,1,1,C04,7,9,1,11,2,11,,7,7,1,12,4,C04,120.640598,24.153678,2
491,66000,387130000C,(04)23274275,(04)23288582,2023,8,2,8,44,臺中市,沙鹿區,0,2,0,5,3,6,30,11,9,1,4,4,6,6,4,4,10,5,5,2,11,85,2,9,2,1,C03,7,15,1,10,2,14,,85,85,1,9,4,C03,120.595375,24.221719,2
492,66000,387130000C,(04)23274275,(04)23288582,2023,8,2,8,46,臺中市,太平區,0,1,0,5,3,6,50,4,1,1,4,4,6,6,1,1,5,5,4,1,16,39,2,9,2,1,C03,7,9,1,10,2,14,,39,39,1,12,4,C03,120.715287,24.158896,2
493,66000,387130000C,(04)23274275,(04)23288582,2023,8,2,8,47,臺中市,西屯區,0,0,0,5,,,50,,,,,,,,,,,,,,13,84,,,,,B03,,,1,,1,,,84,,1,13,4,B03,120.645861,24.16658,3
494,66000,387130000C,(04)23274275,(04)23288582,2023,8,2,8,51,臺中市,西屯區,0,0,0,5,,,50,,,,,,,,,,,,,,12,84,,,,,B03,,,1,,1,,,84,,1,13,4,B03,120.628118,24.202408,3
495,66000,387130000C,(04)23274275,(04)23288582,2023,8,2,8,51,臺中市,后里區,0,1,0,5,2,6,40,3,1,1,4,4,6,6,4,4,10,5,5,2,18,84,2,8,1,1,C03,7,9,1,10,2,14,,84,84,1,6,4,C03,120.72178,24.30901,2
496,66000,387130000C,(04)23274275,(04)23288582,2023,8,2,8,52,臺中市,北屯區,0,2,0,5,2,6,50,4,1,1,4,4,6,6,4,4,5,5,5,2,15,13,3,10,2,1,C03,7,9,1,10,2,11,,13,13,1,12,4,C03,120.719015,24.180118,2
497,66000,387130000C,(04)23274275,(04)23288582,2023,8,2,8,53,臺中市,西區,0,1,0,5,3,6,50,4,2,1,4,4,6,6,1,1,5,4,4,2,18,84,2,9,1,1,C03,7,9,1,10,2,16,,84,84,1,12,4,C03,120.671191,24.137237,2
498,66000,387130000C,(04)23274275,(04)23288582,2023,8,2,8,56,臺中市,烏日區,0,0,0,5,,,50,,,,,,,,,,,,,,,7,,,,,B02,,,1,,2,,,7,,1,12,4,B02,120.61551,24.105945,3
499,66000,387130000C,(04)23274275,(04)23288582,2023,8,2,8,57,臺中市,大里區,0,1,0,5,2,6,50,3,1,1,4,4,6,6,4,4,5,4,5,2,16,14,2,8,1,1,C03,7,9,1,10,2,11,,84,14,1,13,4,C03,120.718729,24.097993,2
500,66000,387130000C,(04)23274275,(04)23288582,2023,8,2,9,0,臺中市,神岡區,0,1,0,5,1,6,50,3,1,1,4,4,6,6,4,4,5,5,5,2,17,8,3,10,1,1,C03,7,9,1,10,9,15,,8,8,2,6,4,C03,120.703468,24.258122,2
501,66000,387130000C,(04)23274275,(04)23288582,2023,8,2,9,1,臺中市,南屯區,0,1,0,5,2,6,50,4,1,1,4,4,6,6,2,1,1,4,5,2,16,7,2,9,1,1,C03,7,9,1,10,2,11,,7,7,1,12,4,C03,120.646456,24.12953,2
502,66000,387130000C,(04)23274275,(04)23288582,2023,8,2,9,3,臺中市,太平區,0,0,0,5,,,50,,,,,,,,,,,,,,16,14,,,,,C03,,,5,,1,,,14,,1,12,4,C03,120.715614,24.141648,3
503,66000,387130000C,(04)23274275,(04)23288582,2023,8,2,9,7,臺中市,西區,0,1,0,5,3,6,50,3,1,1,4,4,6,6,4,4,1,2,5,2,13,7,2,9,2,1,C03,7,9,1,10,2,12,,7,7,1,13,4,C03,120.656764,24.139864,2
504,66000,387130000C,(04)23274275,(04)23288582,2023,8,2,9,7,臺中市,大甲區,0,1,0,5,3,6,50,4,2,1,4,4,6,6,2,1,10,5,5,2,18,87,2,8,2,1,C03,7,1,1,10,2,14,,87,87,1,13,4,C03,120.629511,24.345139,2
505,66000,387130000C,(04)23274275,(04)23288582,2023,8,2,9,13,臺中市,豐原區,0,0,0,7,,,50,,,,,,,,,,,,,,13,7,,,,,C03,,,2,,2,,,7,,1,13,4,C03,120.745256,24.264915,3
506,66000,387130000C,(04)23274275,(04)23288582,2023,8,2,9,14,臺中市,太平區,0,0,0,5,,,50,,,,,,,,,,,,,,,84,,,,,C03,,,1,,2,,,84,,1,12,4,C03,120.731638,24.140271,3
507,66000,387130000C,(04)23274275,(04)23288582,2023,8,2,9,15,臺中市,東區,0,1,0,5,2,6,50,13,7,1,4,4,6,6,4,4,3,4,4,2,18,84,2,9,2,1,C03,7,9,1,10,2,14,,84,84,1,12,4,C03,120.696502,24.137195,2
508,66000,387130000C,(04)23274275,(04)23288582,2023,8,2,9,17,臺中市,北區,0,1,0,5,2,6,0,13,21,1,4,4,6,6,4,4,10,5,5,2,9,39,3,10,1,1,C03,7,9,1,10,2,11,,39,39,1,13,4,C03,120.678616,24.163342,2
509,66000,387130000C,(04)23274275,(04)23288582,2023,8,2,9,19,臺中市,后里區,0,0,0,5,2,6,40,11,9,1,4,4,6,6,4,4,10,5,5,1,11,8,,,,,B03,,,1,,1,,,8,,1,12,4,B03,120.731926,24.332762,3
510,66000,387130000C,(04)23274275,(04)23288582,2023,8,2,9,20,臺中市,龍井區,0,0,0,5,,,50,,,,,,,,,,,,,,13,7,,,,,B03,,,1,,2,,,7,,1,12,4,B03,120.591704,24.183506,3
511,66000,387130000C,(04)23274275,(04)23288582,2023,8,2,9,20,臺中市,豐原區,0,1,0,5,2,6,50,3,1,1,4,4,6,6,3,1,5,4,4,2,16,11,3,10,3,1,B03,7,6,1,8,2,8,,11,11,1,13,4,B03,120.721784,24.257374,2
512,66000,387130000C,(04)23274275,(04)23288582,2023,8,2,9,22,臺中市,大里區,0,0,0,5,,,80,,,,,,,,,,,,,,,84,,,,,B03,,,1,,2,,,84,,1,11,4,B03,120.690704,24.098029,3
513,66000,387130000C,(04)23274275,(04)23288582,2023,8,2,9,23,臺中市,龍井區,0,0,0,5,,,50,,,,,,,,,,,,,,17,84,,,,,A41,,,1,,9,,,84,84,1,12,4,A41,120.588626,24.187344,3
514,66000,387130000C,(04)23274275,(04)23288582,2023,8,2,9,25,臺中市,大里區,0,0,0,5,,,80,,,,,,,,,,,,,,,87,,,,,B03,,,1,,2,,,87,,1,12,4,B03,120.690704,24.098029,3
515,66000,387130000C,(04)23274275,(04)23288582,2023,8,2,9,30,臺中市,霧峰區,0,0,0,5,,,80,,,,,,,,,,,,,,13,7,,,,,B03,,,1,,2,,,7,,1,6,4,B03,120.685035,24.075322,3
516,66000,387130000C,(04)23274275,(04)23288582,2023,8,2,9,30,臺中市,大里區,0,0,0,7,,,60,,,,,,,,,,,,,,13,7,,,,,B03,,,1,,2,,,7,,1,13,4,B03,120.68046,24.104458,3
517,66000,387130000C,(04)23274275,(04)23288582,2023,8,2,9,36,臺中市,太平區,0,0,0,5,,,50,,,,,,,,,,,,,,,49,,,,,A12,,,1,,2,,,49,,1,12,4,A12,120.704462,24.154781,3
518,66000,387130000C,(04)23274275,(04)23288582,2023,8,2,9,39,臺中市,西屯區,0,0,0,5,,,50,,,,,,,,,,,,,,,56,,,,,A12,,,1,,1,,,56,,1,13,4,A12,120.632103,24.170355,3
519,66000,387130000C,(04)23274275,(04)23288582,2023,8,2,9,40,臺中市,北屯區,0,0,0,5,,,50,,,,,,,,,,,,,,2,40,,,,,B03,,,1,,1,,,40,,1,12,4,B03,120.723186,24.162662,4
520,66000,387130000C,(04)23274275,(04)23288582,2023,8,2,9,40,臺中市,西屯區,0,0,0,5,,,50,,,,,,,,,,,,,,,87,,,,,B03,,,1,,1,,,87,,1,12,4,B03,120.608055,24.196851,3
521,66000,387130000C,(04)23274275,(04)23288582,2023,8,2,9,40,臺中市,沙鹿區,0,0,0,5,,,50,,,,,,,,,,,,,,,8,,,,,B03,,,1,,2,,,8,,1,12,4,B03,120.56675,24.243804,3
522,66000,387130000C,(04)23274275,(04)23288582,2023,8,2,9,41,臺中市,梧棲區,0,3,0,6,2,6,30,4,1,1,4,4,6,6,4,4,10,5,5,2,15,12,2,8,2,1,C03,7,9,1,10,2,14,,12,12,1,6,4,C03,120.539659,24.225918,2
523,66000,387130000C,(04)23274275,(04)23288582,2023,8,2,9,42,臺中市,北屯區,0,0,0,7,,,50,,,,,,,,,,,,,,13,84,,,,,B03,,,1,,1,,,84,,1,12,4,B03,120.68922,24.173437,3
524,66000,387130000C,(04)23274275,(04)23288582,2023,8,2,9,42,臺中市,太平區,0,1,0,5,3,6,50,4,1,1,4,4,6,6,1,1,10,5,5,2,18,84,2,9,2,1,C03,7,6,1,10,2,12,,84,84,1,12,4,C03,120.708027,24.152682,2
525,66000,387130000C,(04)23274275,(04)23288582,2023,8,2,9,44,臺中市,烏日區,0,0,0,5,,,30,,,,,,,,,,,,,,,84,,,,,B12,,,1,,2,,,84,,1,12,4,B12,120.640653,24.110684,3
526,66000,387130000C,(04)23274275,(04)23288582,2023,8,2,9,47,臺中市,西屯區,0,1,0,5,2,6,50,4,1,1,4,4,6,6,2,1,1,2,4,1,18,84,2,9,5,4,C03,7,12,1,10,1,14,,84,84,1,12,4,C03,120.636536,24.15562,2
527,66000,387130000C,(04)23274275,(04)23288582,2023,8,2,9,50,臺中市,東區,0,1,0,5,2,6,50,13,9,1,4,4,6,6,4,4,1,4,5,2,13,7,2,9,1,1,C03,7,9,1,10,2,11,,7,7,1,12,4,C03,120.687858,24.13653,2
528,66000,387130000C,(04)23274275,(04)23288582,2023,8,2,9,50,臺中市,西屯區,0,0,0,5,,,10,,,,,,,,,,,,,,14,49,,,,,B12,,,1,,1,,,49,,1,12,4,B12,120.624326,24.194282,3
529,66000,387130000C,(04)23274275,(04)23288582,2023,8,2,9,50,臺中市,太平區,0,0,0,5,,,30,,,,,,,,,,,,,,,78,,,,,B03,,,1,,2,,,78,,1,12,4,B03,120.718702,24.153282,3
530,66000,387130000C,(04)23274275,(04)23288582,2023,8,2,9,54,臺中市,后里區,0,0,0,5,,,40,,,,,,,,,,,,,,15,87,,,,,B03,,,1,,2,,,87,,1,13,4,B03,120.697871,24.326729,3
531,66000,387130000C,(04)23274275,(04)23288582,2023,8,2,9,55,臺中市,西屯區,0,1,0,5,2,6,50,13,9,1,4,4,6,6,2,1,1,2,4,2,18,59,2,9,2,1,C03,7,9,1,10,2,11,,59,59,1,13,4,C03,120.644069,24.161495,2
532,66000,387130000C,(04)23274275,(04)23288582,2023,8,2,9,56,臺中市,大安區,0,0,0,6,,,90,,,,,,,,,,,,,,,87,,,,,B03,,,1,,2,,,87,,1,12,4,B03,120.599535,24.390117,3
533,66000,387130000C,(04)23274275,(04)23288582,2023,8,2,9,57,臺中市,北區,0,0,0,7,,,50,,,,,,,,,,,,,,17,78,,,,,B13,,,1,,2,,,78,,1,12,4,B13,120.685682,24.151186,3
534,66000,387130000C,(04)23274275,(04)23288582,2023,8,2,10,0,臺中市,南屯區,0,2,0,5,2,6,50,4,1,1,4,4,6,6,2,1,5,5,5,2,17,11,2,9,1,1,C03,7,9,1,10,2,16,,5,11,1,12,4,C03,120.646789,24.146405,2
535,66000,387130000C,(04)23274275,(04)23288582,2023,8,2,10,7,臺中市,潭子區,0,2,0,5,3,6,50,11,14,1,4,4,6,6,4,4,5,5,5,1,17,84,2,8,2,1,C03,7,9,1,10,2,14,,84,84,1,13,4,C03,120.694226,24.193259,2
536,66000,387130000C,(04)23274275,(04)23288582,2023,8,2,10,8,臺中市,西區,0,0,0,5,,,40,,,,,,,,,,,,,,13,7,,,,,C03,,,1,,2,,,7,,1,12,4,C03,120.657061,24.153137,3
537,66000,387130000C,(04)23274275,(04)23288582,2023,8,2,10,10,臺中市,南區,0,0,0,5,,,50,,,,,,,,,,,,,,,7,,,,,B03,,,1,,2,,,7,,1,6,4,B03,120.654055,24.113572,3
538,66000,387130000C,(04)23274275,(04)23288582,2023,8,2,10,12,臺中市,東區,0,2,0,5,2,6,50,3,2,1,4,4,6,6,1,1,5,5,5,2,18,84,2,9,1,1,C03,7,9,1,10,2,12,,84,59,1,12,4,C03,120.692608,24.149876,2
539,66000,387130000C,(04)23274275,(04)23288582,2023,8,2,10,17,臺中市,大里區,0,0,0,7,,,50,,,,,,,,,,,,,,,75,,,,,A12,,,1,,2,,,75,,1,6,4,A12,120.694094,24.094689,3
540,66000,387130000C,(04)23274275,(04)23288582,2023,8,2,10,19,臺中市,太平區,0,1,0,5,3,6,50,3,1,1,4,4,6,6,3,1,10,5,5,2,18,84,2,9,1,1,C03,7,6,1,10,2,12,,84,84,1,12,4,C03,120.718824,24.12678,2
541,66000,387130000C,(04)23274275,(04)23288582,2023,8,2,10,22,臺中市,北屯區,0,1,0,7,3,6,50,4,1,1,4,4,6,6,1,1,10,5,5,2,16,85,2,9,2,1,C03,7,5,1,10,2,15,,85,85,1,12,4,C03,120.712218,24.182384,2
542,66000,387130000C,(04)23274275,(04)23288582,2023,8,2,10,24,臺中市,烏日區,0,0,0,5,,,50,,,,,,,,,,,,,,,14,,,,,B03,,,1,,2,,,14,,1,12,4,B03,120.62203,24.103032,3