序號,縣市別代碼,機關代碼,市話,傳真,年,月,日,時,分,縣市,區,死亡數量,受傷數量,2-30,天候,光線,道路類別,速限,道路型態,事故位置,路面鋪裝,路面狀態,路面缺陷,障礙物,視距,號誌種類,號誌動作,分向設施,快車道或一般車道間,快慢車道間,路面邊線,事故類型及型態,主要肇因,受傷程度,主要傷處,保護裝備,行動電話,當事者區分(類別),車輛用途,當事者行動狀態,駕駛資格情形,駕駛執照種類,飲酒情形,車輛撞擊部位最初,車輛撞擊部位其他,肇事因素個別,肇事因素主要,肇事逃逸,職業,旅次目的,車種,GPS座標X,GPS座標Y,事故類別
543,66000,387130000C,(04)23274275,(04)23288582,2023,8,2,10,25,臺中市,霧峰區,0,1,0,5,2,6,50,4,1,1,4,4,6,6,1,1,5,5,5,1,18,59,2,9,1,1,C03,7,5,1,10,2,12,,59,59,1,13,4,C03,120.695763,24.061029,2
544,66000,387130000C,(04)23274275,(04)23288582,2023,8,2,10,27,臺中市,北區,0,0,0,5,,,50,,,,,,,,,,,,,,13,84,,,,,B03,,,1,,1,,,84,,1,12,4,B03,120.680482,24.162975,3
545,66000,387130000C,(04)23274275,(04)23288582,2023,8,2,10,30,臺中市,南屯區,0,1,0,5,2,6,50,13,9,1,4,4,6,6,4,4,1,4,5,2,18,84,2,9,5,4,C03,7,9,1,10,2,11,,84,84,1,13,4,C03,120.646433,24.141489,2
546,66000,387130000C,(04)23274275,(04)23288582,2023,8,2,10,30,臺中市,大里區,0,1,0,5,3,6,50,13,7,1,4,4,6,6,4,4,5,4,4,1,18,58,2,9,1,1,C03,7,9,1,10,2,12,,58,58,1,12,4,C03,120.68405,24.108468,2
547,66000,387130000C,(04)23274275,(04)23288582,2023,8,2,10,32,臺中市,西區,0,1,0,5,2,6,50,4,1,1,4,4,6,6,1,1,10,5,5,2,16,11,2,9,1,1,C03,7,6,1,10,2,14,,11,20,1,13,4,C03,120.653049,24.152349,2
548,66000,387130000C,(04)23274275,(04)23288582,2023,8,2,10,37,臺中市,東區,0,1,0,5,2,6,50,4,1,1,4,4,6,6,1,1,10,5,5,2,18,84,2,9,2,1,C03,7,9,3,19,2,14,,84,84,1,12,4,C03,120.687708,24.143202,2
549,66000,387130000C,(04)23274275,(04)23288582,2023,8,2,10,40,臺中市,北屯區,0,2,0,6,2,6,50,13,9,1,5,4,6,6,4,4,4,3,5,2,12,51,2,9,1,1,C03,7,1,1,10,2,14,,51,51,1,12,4,C03,120.719278,24.176899,2
550,66000,387130000C,(04)23274275,(04)23288582,2023,8,2,10,44,臺中市,北屯區,0,0,0,5,,,50,,,,,,,,,,,,,,,76,,,,,B12,,,1,,2,,,76,,1,12,4,B12,120.705894,24.183828,3
551,66000,387130000C,(04)23274275,(04)23288582,2023,8,2,10,44,臺中市,西屯區,0,1,0,5,2,6,50,4,1,1,4,4,6,6,1,1,10,5,5,2,17,11,3,10,5,4,B03,7,6,1,8,2,2,,11,11,1,13,4,B03,120.64693,24.168943,2
552,66000,387130000C,(04)23274275,(04)23288582,2023,8,2,10,45,臺中市,北屯區,0,1,0,5,1,6,50,4,1,1,4,4,6,6,2,1,10,5,5,2,15,21,2,7,6,1,F01,7,9,7,21,2,11,,21,21,1,12,4,F01,120.666755,24.175127,2
553,66000,387130000C,(04)23274275,(04)23288582,2023,8,2,10,48,臺中市,北區,0,0,0,5,,,50,,,,,,,,,,,,,,,84,,,,,B03,,,1,,1,,,84,,1,13,4,B03,120.673621,24.157528,3
554,66000,387130000C,(04)23274275,(04)23288582,2023,8,2,10,50,臺中市,清水區,0,1,0,6,3,6,30,13,9,1,5,4,6,6,4,4,10,5,5,1,10,58,3,10,3,1,B11,7,9,1,8,2,8,,58,58,1,12,4,B11,120.586513,24.280849,2
555,66000,387130000C,(04)23274275,(04)23288582,2023,8,2,10,51,臺中市,北屯區,0,1,0,7,3,6,50,11,9,1,5,4,6,6,4,4,1,2,5,2,18,84,2,9,1,1,C03,7,9,1,10,2,15,,84,84,1,12,4,C03,120.78747,24.205136,2
556,66000,387130000C,(04)23274275,(04)23288582,2023,8,2,10,56,臺中市,沙鹿區,0,1,0,7,2,6,50,13,9,1,4,4,6,6,4,4,1,4,5,1,18,84,2,9,2,1,C03,7,9,1,10,2,12,,84,84,1,6,4,C03,120.561861,24.240729,2
557,66000,387130000C,(04)23274275,(04)23288582,2023,8,2,10,57,臺中市,北屯區,0,0,0,6,,,40,,,,,,,,,,,,,,,84,,,,,B03,,9,1,8,1,1,,84,84,1,12,4,B03,120.718863,24.161257,3
558,66000,387130000C,(04)23274275,(04)23288582,2023,8,2,11,6,臺中市,南區,0,0,0,5,,,50,,,,,,,,,,,,,,,7,,,,,B03,,,5,,2,,,7,,1,6,4,B03,120.67009,24.116657,3
559,66000,387130000C,(04)23274275,(04)23288582,2023,8,2,11,6,臺中市,豐原區,0,0,0,7,,,50,,,,,,,,,,,,,,2,8,,,,,B03,,,1,,1,,,8,,1,6,4,B03,120.719346,24.258252,3
560,66000,387130000C,(04)23274275,(04)23288582,2023,8,2,11,8,臺中市,北屯區,0,2,0,7,2,6,50,4,2,1,5,4,4,6,4,4,10,5,5,2,16,41,2,8,2,1,C03,7,5,1,10,2,11,,41,41,1,12,4,C03,120.66597,24.180725,2
561,66000,387130000C,(04)23274275,(04)23288582,2023,8,2,11,12,臺中市,潭子區,0,0,0,7,,,50,,,,,,,,,,,,,,13,7,,,,,B12,,,1,,2,,,7,,1,12,4,B12,120.686494,24.208801,3
562,66000,387130000C,(04)23274275,(04)23288582,2023,8,2,11,13,臺中市,龍井區,0,1,0,5,2,6,50,4,1,1,4,4,6,6,1,1,10,5,5,2,16,21,2,9,1,1,C03,7,9,1,10,2,14,,21,21,1,12,4,C03,120.5836,24.18067,2
563,66000,387130000C,(04)23274275,(04)23288582,2023,8,2,11,15,臺中市,南屯區,0,1,0,7,2,6,1,13,7,1,5,4,6,6,4,4,5,5,4,2,12,51,3,10,3,1,B12,7,1,1,8,2,4,,51,51,1,12,4,B12,120.634098,24.15825,2
564,66000,387130000C,(04)23274275,(04)23288582,2023,8,2,11,17,臺中市,西區,0,1,0,6,3,6,50,4,1,1,4,4,6,6,1,1,10,5,5,2,16,47,3,10,3,1,B03,7,5,1,8,2,3,,47,47,1,12,4,B03,120.657395,24.142945,2
565,66000,387130000C,(04)23274275,(04)23288582,2023,8,2,11,17,臺中市,沙鹿區,0,1,0,6,2,6,40,13,8,1,5,4,6,6,4,4,1,4,4,2,17,59,2,9,2,1,C03,7,9,1,10,2,12,,59,59,1,12,4,C03,120.557877,24.225245,2
566,66000,387130000C,(04)23274275,(04)23288582,2023,8,2,11,20,臺中市,西屯區,0,1,0,5,3,6,50,13,9,1,4,4,6,6,4,4,9,4,5,2,17,84,2,9,1,1,C03,7,9,1,10,2,14,,84,84,1,13,4,C03,120.665659,24.174101,2
567,66000,387130000C,(04)23274275,(04)23288582,2023,8,2,11,20,臺中市,后里區,0,0,0,5,2,6,30,11,9,1,4,4,6,6,4,4,5,5,5,2,17,49,3,10,3,1,B03,7,2,1,8,2,6,,49,49,1,12,4,B03,120.700752,24.327577,3
568,66000,387130000C,(04)23274275,(04)23288582,2023,8,2,11,21,臺中市,南屯區,0,1,0,5,2,6,50,13,9,1,4,4,6,6,4,4,5,4,5,2,12,84,2,9,5,4,C03,7,8,1,10,2,11,,84,84,1,13,4,C03,120.614708,24.139496,2
569,66000,387130000C,(04)23274275,(04)23288582,2023,8,2,11,24,臺中市,烏日區,0,1,0,7,2,6,50,3,1,1,5,4,6,6,4,4,5,4,5,1,18,84,2,9,2,1,C03,7,12,1,10,2,12,,84,84,1,12,4,C03,120.61553,24.11295,2
570,66000,387130000C,(04)23274275,(04)23288582,2023,8,2,11,25,臺中市,后里區,0,0,0,6,2,6,40,11,9,1,4,4,6,5,4,4,5,5,5,1,11,39,,,,,A12,,,1,,2,,,39,,1,6,4,A12,120.754145,24.290157,3
571,66000,387130000C,(04)23274275,(04)23288582,2023,8,2,11,27,臺中市,大雅區,0,2,0,7,1,6,50,13,9,1,5,4,6,6,4,4,5,5,5,1,17,39,2,8,1,1,C03,7,11,1,10,2,11,,39,39,1,13,2,C03,120.667765,24.216766,2
572,66000,387130000C,(04)23274275,(04)23288582,2023,8,2,11,28,臺中市,新社區,0,0,0,7,,,50,,,,,,,,,,,,,,13,84,,,,,B03,,,1,,2,,,84,,1,13,4,B03,120.810559,24.243999,3
573,66000,387130000C,(04)23274275,(04)23288582,2023,8,2,11,29,臺中市,大里區,0,0,0,7,,,50,,,,,,,,,,,,,,,7,,,,,B03,,,1,,2,,,7,,1,6,4,B03,120.71567,24.094596,3
574,66000,387130000C,(04)23274275,(04)23288582,2023,8,2,11,30,臺中市,東區,0,1,0,7,2,6,50,13,9,1,4,4,6,6,4,4,9,4,5,2,18,84,3,10,3,1,B03,7,12,1,8,2,6,,84,84,1,13,4,B03,120.688663,24.145599,2
575,66000,387130000C,(04)23274275,(04)23288582,2023,8,2,11,32,臺中市,東區,0,1,0,7,2,6,50,4,1,1,5,4,6,6,2,1,5,2,5,2,16,47,3,10,3,1,B03,7,5,1,8,2,5,,47,47,1,12,4,B03,120.682918,24.134425,2
576,66000,387130000C,(04)23274275,(04)23288582,2023,8,2,11,34,臺中市,霧峰區,0,1,0,7,2,6,30,13,9,1,5,4,6,6,4,4,10,5,5,2,14,49,3,10,3,1,B03,7,2,1,8,2,3,,49,49,1,13,4,B03,120.712081,24.078085,2
577,66000,387130000C,(04)23274275,(04)23288582,2023,8,2,11,38,臺中市,豐原區,0,2,0,7,3,6,50,4,2,1,5,4,6,6,1,1,10,5,5,2,17,84,2,9,1,1,C03,7,5,1,10,2,11,,84,84,1,12,4,C03,120.707312,24.237294,2
578,66000,387130000C,(04)23274275,(04)23288582,2023,8,2,11,42,臺中市,南屯區,0,1,0,7,2,6,50,4,4,1,5,4,6,6,2,1,5,4,5,2,13,7,2,9,1,1,C03,7,6,1,10,2,11,,7,7,1,12,2,C03,120.652706,24.135708,2
579,66000,387130000C,(04)23274275,(04)23288582,2023,8,2,11,43,臺中市,潭子區,0,0,0,7,,,40,,,,,,,,,,,,,,,59,,,,,B12,,,1,,2,,,59,,1,13,4,B12,120.696555,24.201,3
580,66000,387130000C,(04)23274275,(04)23288582,2023,8,2,11,45,臺中市,東勢區,0,1,0,7,3,9,50,13,9,1,5,4,6,6,4,4,5,4,5,1,13,7,2,9,2,1,C03,7,9,1,10,2,11,,7,7,1,13,4,C03,120.79385,24.285582,2
581,66000,387130000C,(04)23274275,(04)23288582,2023,8,2,11,47,臺中市,龍井區,0,0,0,7,,,50,,,,,,,,,,,,,,,51,,,,,B03,,,1,,2,,,51,,1,9,4,B03,120.523483,24.20357,3
582,66000,387130000C,(04)23274275,(04)23288582,2023,8,2,11,48,臺中市,南區,0,0,0,7,,,50,,,,,,,,,,,,,,,1,,,,,B12,,,5,,2,,,1,,1,12,4,B12,120.661657,24.119709,3
583,66000,387130000C,(04)23274275,(04)23288582,2023,8,2,11,50,臺中市,西屯區,0,0,0,5,,,60,,,,,,,,,,,,,,12,84,,,,,B02,,,1,,1,,,84,84,1,12,4,B02,120.608837,24.184052,3
584,66000,387130000C,(04)23274275,(04)23288582,2023,8,2,11,54,臺中市,北區,0,2,0,7,2,6,50,4,1,1,5,4,6,6,1,1,1,2,5,2,16,11,2,9,1,1,C03,7,5,1,10,2,12,,11,11,1,12,4,C03,120.685395,24.152786,2
585,66000,387130000C,(04)23274275,(04)23288582,2023,8,2,11,54,臺中市,西屯區,0,2,0,7,3,6,50,4,1,1,4,4,6,6,1,1,9,4,5,2,16,11,2,9,1,1,C03,7,5,1,10,2,12,,11,11,1,12,4,C03,120.618981,24.18471,2
586,66000,387130000C,(04)23274275,(04)23288582,2023,8,2,12,0,臺中市,西區,0,0,0,7,2,6,50,13,9,1,5,4,6,6,4,4,5,5,5,2,12,84,,,,,C03,,,1,,1,,,84,,1,12,4,C03,120.672002,24.151399,3
587,66000,387130000C,(04)23274275,(04)23288582,2023,8,2,12,1,臺中市,大里區,0,0,0,7,,,50,,,,,,,,,,,,,,13,56,,,,,B03,,,1,,2,,,56,,1,12,4,B03,120.681741,24.102576,3
588,66000,387130000C,(04)23274275,(04)23288582,2023,8,2,12,2,臺中市,南屯區,0,0,0,7,,,40,,,,,,,,,,,,,,12,50,,,,,B03,,,1,,2,,,50,50,1,6,4,B03,120.63664,24.153977,3
589,66000,387130000C,(04)23274275,(04)23288582,2023,8,2,12,3,臺中市,大里區,0,0,0,7,,,50,,,,,,,,,,,,,,,7,,,,,B03,,,1,,1,,,7,,1,12,4,B03,120.696204,24.086735,3
590,66000,387130000C,(04)23274275,(04)23288582,2023,8,2,12,4,臺中市,大肚區,0,2,0,6,1,6,40,3,1,1,4,4,6,6,1,1,3,5,5,2,13,7,2,9,1,1,C03,7,9,1,10,2,11,,7,7,1,12,4,C03,120.591293,24.169362,2
591,66000,387130000C,(04)23274275,(04)23288582,2023,8,2,12,5,臺中市,北屯區,0,0,0,7,,,50,,,,,,,,,,,,,,2,40,,,,,C03,,,1,,1,,,40,,1,12,4,C03,120.690175,24.176133,3
592,66000,387130000C,(04)23274275,(04)23288582,2023,8,2,12,5,臺中市,大甲區,0,1,0,7,2,6,50,3,1,1,5,4,6,6,4,4,10,5,5,2,16,14,3,10,3,1,B03,7,6,1,8,2,5,,14,14,1,12,4,B03,120.627694,24.347551,2
593,66000,387130000C,(04)23274275,(04)23288582,2023,8,2,12,6,臺中市,南屯區,0,0,0,7,,,60,,,,,,,,,,,,,,,40,,,,,A41,,,1,,1,,,40,,1,13,4,A41,120.631007,24.125929,3
594,66000,387130000C,(04)23274275,(04)23288582,2023,8,2,12,8,臺中市,后里區,0,1,0,5,2,6,30,13,9,1,4,4,6,6,4,4,10,5,5,1,11,41,3,10,3,1,B03,7,9,1,8,2,4,,41,41,1,12,4,B03,120.695484,24.307963,2
595,66000,387130000C,(04)23274275,(04)23288582,2023,8,2,12,10,臺中市,西屯區,0,1,0,7,2,6,50,13,9,1,5,4,6,6,4,4,5,4,5,1,16,49,3,10,3,1,B12,7,2,1,8,2,3,,49,49,1,13,4,B12,120.623382,24.193529,2
596,66000,387130000C,(04)23274275,(04)23288582,2023,8,2,12,10,臺中市,沙鹿區,0,1,0,7,3,6,50,13,9,1,5,4,6,6,4,4,10,5,5,2,2,59,3,10,3,1,B03,7,9,1,8,2,1,,59,59,1,12,4,B03,120.560813,24.242904,2
597,66000,387130000C,(04)23274275,(04)23288582,2023,8,2,12,10,臺中市,神岡區,0,1,0,7,1,6,50,13,7,1,5,4,6,6,4,4,5,4,4,2,17,39,3,10,3,1,B12,7,11,1,8,2,4,,39,39,1,6,4,B12,120.655348,24.257083,2
598,66000,387130000C,(04)23274275,(04)23288582,2023,8,2,12,11,臺中市,大雅區,0,1,0,6,2,6,30,3,1,1,5,4,6,6,4,4,10,4,5,1,17,14,3,10,3,1,B03,7,5,1,8,2,8,,14,14,1,12,4,B03,120.662991,24.233017,2
599,66000,387130000C,(04)23274275,(04)23288582,2023,8,2,12,11,臺中市,神岡區,0,0,0,7,,,50,,,,,,,,,,,,,,,87,,,,,B01,,,1,,1,,,87,,1,12,4,B01,120.630438,24.273645,3
600,66000,387130000C,(04)23274275,(04)23288582,2023,8,2,12,20,臺中市,西屯區,0,0,0,7,,,50,,,,,,,,,,,,,,13,84,,,,,B12,,,1,,1,,,84,,1,13,4,B12,120.641233,24.168328,3
601,66000,387130000C,(04)23274275,(04)23288582,2023,8,2,12,22,臺中市,大里區,0,0,0,7,,,50,,,,,,,,,,,,,,9,50,,,,,B03,,,1,,2,,,50,,1,6,4,B03,120.674967,24.1164,3
602,66000,387130000C,(04)23274275,(04)23288582,2023,8,2,12,25,臺中市,北屯區,0,0,0,7,,,50,,,,,,,,,,,,,,,49,,,,,B03,,,1,,2,,,49,,1,12,4,B03,120.701699,24.167802,3
603,66000,387130000C,(04)23274275,(04)23288582,2023,8,2,12,25,臺中市,后里區,0,1,0,5,2,6,50,3,2,1,4,4,6,6,4,4,5,5,5,1,18,84,2,9,2,1,C03,7,9,1,10,2,16,,84,84,1,6,4,C03,120.714714,24.332713,2
604,66000,387130000C,(04)23274275,(04)23288582,2023,8,2,12,26,臺中市,北屯區,0,0,0,7,,,50,,,,,,,,,,,,,,,59,,,,,B03,,,1,,1,,,59,,1,12,4,B03,120.704214,24.183773,3
605,66000,387130000C,(04)23274275,(04)23288582,2023,8,2,12,26,臺中市,北屯區,0,1,0,7,2,6,50,3,1,1,5,4,6,6,4,4,10,5,5,2,17,47,3,10,3,1,B03,7,5,1,8,9,16,,47,47,1,12,4,B03,120.694058,24.164538,2
606,66000,387130000C,(04)23274275,(04)23288582,2023,8,2,12,27,臺中市,西屯區,0,0,0,7,,,50,,,,,,,,,,,,,,,84,,,,,B03,,,1,,1,,,84,,1,13,4,B03,120.639414,24.188611,3
607,66000,387130000C,(04)23274275,(04)23288582,2023,8,2,12,32,臺中市,沙鹿區,0,0,0,7,,,50,,,,,,,,,,,,,,,24,,,,,B03,,,1,,2,,,24,24,1,12,4,B03,120.566014,24.234406,3
608,66000,387130000C,(04)23274275,(04)23288582,2023,8,2,12,36,臺中市,梧棲區,0,1,0,7,2,6,40,13,8,1,5,4,6,6,4,4,1,4,4,1,17,59,2,8,1,1,C04,7,9,5,10,8,11,,59,59,1,12,4,C04,120.548351,24.245921,2
609,66000,387130000C,(04)23274275,(04)23288582,2023,8,2,12,37,臺中市,大里區,0,0,0,7,,,60,,,,,,,,,,,,,,,8,,,,,C03,,,1,,2,,,8,,1,12,4,C03,120.694,24.089666,3
610,66000,387130000C,(04)23274275,(04)23288582,2023,8,2,12,42,臺中市,北區,0,0,0,7,,,50,,,,,,,,,,,,,,13,7,,,,,B12,,,1,,1,,,7,,1,12,4,B12,120.676489,24.159195,3
611,66000,387130000C,(04)23274275,(04)23288582,2023,8,2,12,44,臺中市,北屯區,0,0,0,7,,,30,,,,,,,,,,,,,,14,49,,,,,B03,,,1,,2,,,49,,1,12,4,B03,120.689823,24.194626,3
612,66000,387130000C,(04)23274275,(04)23288582,2023,8,2,12,45,臺中市,西區,0,0,0,7,,,50,,,,,,,,,,,,,,17,49,,,,,B03,,,1,,1,,,49,,1,12,4,B03,120.6609,24.14675,3
613,66000,387130000C,(04)23274275,(04)23288582,2023,8,2,12,45,臺中市,西區,0,1,0,7,3,6,50,3,1,1,5,4,6,6,4,4,5,4,5,2,18,85,2,9,2,1,C03,7,9,1,10,2,16,,85,85,1,13,4,C03,120.661354,24.139672,2
614,66000,387130000C,(04)23274275,(04)23288582,2023,8,2,12,47,臺中市,南區,0,1,0,7,3,6,50,13,9,1,5,4,6,6,4,4,1,5,5,2,13,7,2,9,2,1,C03,7,9,1,10,2,11,,7,7,1,6,4,C03,120.645354,24.110086,2
615,66000,387130000C,(04)23274275,(04)23288582,2023,8,2,12,47,臺中市,豐原區,0,1,0,6,3,6,50,13,8,1,5,4,6,6,4,4,1,4,4,1,17,49,3,10,5,4,B03,7,2,1,8,2,3,,49,49,1,13,4,B03,120.711993,24.240231,2
616,66000,387130000C,(04)23274275,(04)23288582,2023,8,2,12,48,臺中市,西區,0,0,0,7,,,30,,,,,,,,,,,,,,13,84,,,,,B03,,,1,,1,,,84,,1,12,4,B03,120.655874,24.155184,3
617,66000,387130000C,(04)23274275,(04)23288582,2023,8,2,12,49,臺中市,石岡區,0,0,0,7,,,30,,,,,,,,,,,,,,14,49,,,,,B12,,,1,,2,,,49,,1,13,4,B12,120.776989,24.271196,3
618,66000,387130000C,(04)23274275,(04)23288582,2023,8,2,12,53,臺中市,西區,0,1,0,7,2,6,50,5,1,1,5,4,6,6,1,1,10,5,5,2,16,22,3,10,3,1,B03,7,5,1,8,2,1,,22,22,1,13,4,B03,120.669917,24.150614,2
619,66000,387130000C,(04)23274275,(04)23288582,2023,8,2,12,58,臺中市,南屯區,0,0,0,7,,,50,,,,,,,,,,,,,,,7,,,,,B03,,,1,,2,,,7,,1,13,4,B03,120.611697,24.135699,3
620,66000,387130000C,(04)23274275,(04)23288582,2023,8,2,13,7,臺中市,北區,0,1,0,7,2,6,50,4,19,1,5,4,6,6,1,1,10,5,5,2,3,10,3,10,3,1,B02,7,6,1,8,2,8,,10,10,1,13,4,B02,120.676956,24.155669,2
621,66000,387130000C,(04)23274275,(04)23288582,2023,8,2,13,8,臺中市,潭子區,0,2,0,7,3,6,50,3,2,1,5,4,6,6,3,1,10,4,5,2,17,20,2,9,2,1,C03,7,5,1,10,2,12,,20,20,1,12,4,C03,120.723877,24.220302,2
622,66000,387130000C,(04)23274275,(04)23288582,2023,8,2,13,9,臺中市,東區,0,0,0,7,,,50,,,,,,,,,,,,,,17,84,,,,,B03,,,1,,2,,,84,,1,13,4,B03,120.707736,24.142639,3
623,66000,387130000C,(04)23274275,(04)23288582,2023,8,2,13,13,臺中市,梧棲區,0,0,0,7,,,50,,,,,,,,,,,,,,,15,,,,,B03,,,1,,2,,,15,15,1,12,4,B03,120.546554,24.243758,3
624,66000,387130000C,(04)23274275,(04)23288582,2023,8,2,13,15,臺中市,大肚區,0,0,0,7,,,70,,,,,,,,,,,,,,,51,,,,,B03,,,1,,2,,,51,,1,12,4,B03,120.55381,24.133629,3
625,66000,387130000C,(04)23274275,(04)23288582,2023,8,2,13,21,臺中市,南屯區,0,1,0,7,1,6,40,13,8,1,5,4,6,6,4,4,9,5,4,2,12,40,3,10,3,1,B02,7,7,1,8,2,6,,40,40,1,12,4,B02,120.61479,24.146173,2
626,66000,387130000C,(04)23274275,(04)23288582,2023,8,2,13,24,臺中市,西屯區,0,1,0,7,3,6,50,13,7,1,5,4,6,6,4,4,9,5,4,2,17,48,3,10,3,1,B03,7,6,1,8,2,4,,48,48,1,12,4,B03,120.643899,24.163111,2
627,66000,387130000C,(04)23274275,(04)23288582,2023,8,2,13,26,臺中市,北區,0,0,0,7,,,50,,,,,,,,,,,,,,,42,,,,,C03,,,1,,2,,,42,,1,12,4,C03,120.686516,24.145377,3
628,66000,387130000C,(04)23274275,(04)23288582,2023,8,2,13,27,臺中市,西區,0,2,0,7,2,6,50,4,1,1,5,4,6,6,1,1,10,5,5,2,17,20,3,10,1,1,C03,7,6,2,19,9,14,,20,20,2,12,4,C03,120.674271,24.148307,2
629,66000,387130000C,(04)23274275,(04)23288582,2023,8,2,13,38,臺中市,后里區,0,0,0,7,,,30,,,,,,,,,,,,,,14,49,,,,,B12,,,1,,2,,,49,,1,12,4,B12,120.711667,24.309453,3
630,66000,387130000C,(04)23274275,(04)23288582,2023,8,2,13,49,臺中市,北區,0,1,0,7,3,6,50,4,2,1,5,4,6,6,4,4,5,4,5,2,15,15,2,9,5,4,C03,7,9,1,10,2,11,,15,15,1,13,4,C03,120.678817,24.158193,2
631,66000,387130000C,(04)23274275,(04)23288582,2023,8,2,13,50,臺中市,西屯區,0,0,0,7,,,50,,,,,,,,,,,,,,,7,,,,,B03,,,1,,1,,,7,,1,13,4,B03,120.653549,24.167907,3
632,66000,387130000C,(04)23274275,(04)23288582,2023,8,2,13,50,臺中市,西屯區,0,1,0,7,2,6,50,3,1,1,5,4,6,6,4,4,10,5,5,2,16,48,3,10,3,1,B12,7,6,1,8,2,1,,48,48,1,13,4,B12,120.588554,24.16984,2
633,66000,387130000C,(04)23274275,(04)23288582,2023,8,2,13,55,臺中市,西屯區,0,0,0,7,,,50,,,,,,,,,,,,,,9,84,,,,,B01,,,1,,1,,,84,,1,12,4,B01,120.644438,24.163186,3
634,66000,387130000C,(04)23274275,(04)23288582,2023,8,2,13,58,臺中市,北屯區,0,1,0,7,3,6,50,4,1,1,5,4,6,6,1,1,10,5,5,2,16,85,2,9,1,1,C03,7,9,2,19,2,11,,85,85,1,12,4,C03,120.704454,24.164862,2
635,66000,387130000C,(04)23274275,(04)23288582,2023,8,2,13,59,臺中市,南屯區,0,1,0,7,2,6,50,4,1,1,5,4,6,6,2,1,1,4,4,2,16,11,3,10,5,4,B12,7,5,1,8,2,2,,11,11,1,13,4,B12,120.652937,24.139975,2
636,66000,387130000C,(04)23274275,(04)23288582,2023,8,2,14,1,臺中市,西屯區,0,0,0,7,,,40,,,,,,,,,,,,,,9,76,,,,,B03,,,1,,1,,,76,,1,13,4,B03,120.643801,24.163405,4
637,66000,387130000C,(04)23274275,(04)23288582,2023,8,2,14,6,臺中市,太平區,0,0,0,7,,,50,,,,,,,,,,,,,,9,,,,,,B03,,,1,,1,,,59,,1,13,4,B03,120.70638,24.12954,3
638,66000,387130000C,(04)23274275,(04)23288582,2023,8,2,14,15,臺中市,太平區,0,0,0,6,,,50,,,,,,,,,,,,,,17,51,,,,,B03,,,1,,2,,,51,,1,6,4,B03,120.732882,24.142044,3
639,66000,387130000C,(04)23274275,(04)23288582,2023,8,2,14,17,臺中市,南區,0,0,0,7,2,6,30,10,9,1,5,4,6,6,1,1,2,5,5,2,13,59,3,10,3,1,A12,7,9,1,7,2,1,,59,59,1,12,4,A12,120.644964,24.112137,3
640,66000,387130000C,(04)23274275,(04)23288582,2023,8,2,14,18,臺中市,大肚區,0,0,0,7,,,30,,,,,,,,,,,,,,14,49,,,,,B03,,,1,,10,,,87,49,1,12,4,B03,120.551658,24.138549,3
641,66000,387130000C,(04)23274275,(04)23288582,2023,8,2,14,34,臺中市,太平區,0,2,0,7,3,6,50,4,1,1,5,4,6,6,1,1,10,5,5,2,13,62,2,9,2,2,F03,7,9,7,21,2,11,,62,62,1,12,4,F03,120.719016,24.148693,2
642,66000,387130000C,(04)23274275,(04)23288582,2023,8,2,14,50,臺中市,北屯區,0,1,0,7,2,6,50,13,9,1,5,4,6,6,4,4,1,4,5,2,12,40,2,9,2,1,C03,7,8,1,10,9,14,,40,40,1,12,4,C03,120.69375,24.163502,2
643,66000,387130000C,(04)23274275,(04)23288582,2023,8,2,14,55,臺中市,南區,0,0,0,7,,,40,,,,,,,,,,,,,,,84,,,,,B03,,,1,,2,,,84,,1,12,4,B03,120.671257,24.121181,3
644,66000,387130000C,(04)23274275,(04)23288582,2023,8,2,14,58,臺中市,東區,0,1,0,7,2,6,50,3,1,1,5,4,6,6,4,4,10,5,5,2,3,10,2,9,2,1,C03,7,9,3,19,2,11,,10,10,1,6,4,C03,120.688984,24.142207,2
645,66000,387130000C,(04)23274275,(04)23288582,2023,8,2,14,59,臺中市,北屯區,0,2,0,7,2,6,50,3,1,1,5,4,6,6,4,4,5,5,5,2,16,51,3,10,3,1,B03,7,1,1,8,2,1,,51,51,1,12,4,B03,120.669433,24.176173,2
646,66000,387130000C,(04)23274275,(04)23288582,2023,8,2,15,3,臺中市,南屯區,0,0,0,7,,,50,,,,,,,,,,,,,,,84,,,,,B03,,,1,,1,,,84,,1,13,4,B03,120.642515,24.14871,3
647,66000,387130000C,(04)23274275,(04)23288582,2023,8,2,15,6,臺中市,烏日區,0,2,0,7,3,6,30,13,9,1,5,4,6,6,4,4,10,5,5,2,12,48,2,9,1,1,C03,7,6,3,19,4,14,,48,48,1,12,4,C03,120.606487,24.119578,2
648,66000,387130000C,(04)23274275,(04)23288582,2023,8,2,15,8,臺中市,西區,0,0,0,7,,,50,,,,,,,,,,,,,,,51,,,,,B03,,,1,,2,,,51,,1,13,4,B03,120.665237,24.149648,3
649,66000,387130000C,(04)23274275,(04)23288582,2023,8,2,15,18,臺中市,大里區,0,1,0,7,3,6,40,13,9,1,5,4,6,6,4,4,1,4,5,1,13,84,2,9,1,1,C03,7,9,1,10,2,12,,84,84,1,13,4,C03,120.696381,24.110416,2