序號,縣市別代碼,機關代碼,市話,傳真,年,月,日,時,分,縣市,區,死亡數量,受傷數量,2-30,天候,光線,道路類別,速限,道路型態,事故位置,路面鋪裝,路面狀態,路面缺陷,障礙物,視距,號誌種類,號誌動作,分向設施,快車道或一般車道間,快慢車道間,路面邊線,事故類型及型態,主要肇因,受傷程度,主要傷處,保護裝備,行動電話,當事者區分(類別),車輛用途,當事者行動狀態,駕駛資格情形,駕駛執照種類,飲酒情形,車輛撞擊部位最初,車輛撞擊部位其他,肇事因素個別,肇事因素主要,肇事逃逸,職業,旅次目的,車種,GPS座標X,GPS座標Y,事故類別
650,66000,387130000C,(04)23274275,(04)23288582,2023,8,2,15,23,臺中市,神岡區,0,1,0,7,2,6,50,13,9,1,5,4,6,6,4,4,9,5,5,1,11,59,2,9,3,1,B03,7,9,1,8,2,7,,59,59,1,12,4,B03,120.68528,24.241862,2
651,66000,387130000C,(04)23274275,(04)23288582,2023,8,2,15,23,臺中市,豐原區,0,0,0,7,,,30,,,,,,,,,,,,,,14,49,,,,,B03,,,1,,2,,,49,,1,13,4,B03,120.722731,24.271691,3
652,66000,387130000C,(04)23274275,(04)23288582,2023,8,2,15,24,臺中市,南屯區,0,0,0,7,,,50,,,,,,,,,,,,,,17,49,,,,,B12,,,1,,1,,,49,,1,6,4,B12,120.630806,24.150796,3
653,66000,387130000C,(04)23274275,(04)23288582,2023,8,2,15,26,臺中市,南屯區,0,1,0,7,2,6,50,13,9,1,5,4,6,6,4,4,1,4,5,2,12,8,2,9,5,4,C03,7,9,1,10,2,11,,8,8,1,13,4,C03,120.647216,24.139906,2
654,66000,387130000C,(04)23274275,(04)23288582,2023,8,2,15,30,臺中市,烏日區,0,0,0,7,,,60,,,,,,,,,,,,,,14,49,,,,,A11,,,1,,2,,,49,,1,6,4,A11,120.646232,24.110101,3
655,66000,387130000C,(04)23274275,(04)23288582,2023,8,2,15,35,臺中市,南屯區,0,0,0,7,,,50,,,,,,,,,,,,,,,7,,,,,B03,,,1,,1,,,7,,1,13,4,B03,120.647726,24.123769,3
656,66000,387130000C,(04)23274275,(04)23288582,2023,8,2,15,40,臺中市,西區,0,0,0,7,,,50,,,,,,,,,,,,,,14,84,,,,,A04,,,1,,1,,,87,84,1,12,4,A04,120.6698,24.149899,3
657,66000,387130000C,(04)23274275,(04)23288582,2023,8,2,15,48,臺中市,大里區,0,0,0,7,,6,50,13,9,1,5,4,6,6,4,4,9,4,5,2,17,58,3,10,3,1,B12,7,9,1,8,5,2,,58,58,1,6,4,B12,120.666957,24.112466,3
658,66000,387130000C,(04)23274275,(04)23288582,2023,8,2,15,48,臺中市,太平區,0,0,0,7,,,30,,,,,,,,,,,,,,14,49,,,,,F03,,,7,,2,,,49,,1,4,4,F03,120.712607,24.125685,3
659,66000,387130000C,(04)23274275,(04)23288582,2023,8,2,15,57,臺中市,北屯區,0,3,0,7,2,6,50,4,1,1,5,4,6,6,4,4,10,5,5,2,15,12,2,9,3,1,B03,7,9,1,8,2,2,,12,12,1,12,4,B03,120.707829,24.181319,2
660,66000,387130000C,(04)23274275,(04)23288582,2023,8,2,15,59,臺中市,霧峰區,0,1,0,7,3,6,40,13,9,1,5,4,6,6,4,4,5,4,4,1,13,59,2,9,1,1,C03,7,9,1,10,2,11,,59,59,1,13,4,C03,120.683703,24.051403,2
661,66000,387130000C,(04)23274275,(04)23288582,2023,8,2,16,0,臺中市,北區,0,0,0,7,,,50,,,,,,,,,,,,,,,8,,,,,B12,,,1,,2,,,8,,1,12,4,B12,120.684732,24.148595,3
662,66000,387130000C,(04)23274275,(04)23288582,2023,8,2,16,2,臺中市,北屯區,0,1,0,7,2,6,50,13,7,1,5,4,6,6,4,4,5,4,4,2,12,40,2,9,2,1,C03,7,8,1,10,2,14,,40,40,1,12,4,C03,120.695011,24.184243,2
663,66000,387130000C,(04)23274275,(04)23288582,2023,8,2,16,10,臺中市,南區,0,1,0,7,1,6,50,4,1,1,5,4,6,6,4,4,10,5,5,2,13,84,2,9,1,1,C03,7,9,1,10,2,11,,84,84,1,12,4,C03,120.653335,24.126223,2
664,66000,387130000C,(04)23274275,(04)23288582,2023,8,2,16,16,臺中市,豐原區,0,0,0,7,,,50,,,,,,,,,,,,,,1,11,,,,,F02,,,7,,1,,,11,,1,13,4,F02,120.722562,24.246057,3
665,66000,387130000C,(04)23274275,(04)23288582,2023,8,2,16,18,臺中市,太平區,0,1,0,7,2,6,50,4,1,1,5,4,6,6,1,1,10,5,5,2,16,20,3,10,3,1,B03,7,6,1,8,2,6,,20,20,1,13,4,B03,120.716532,24.158744,2
666,66000,387130000C,(04)23274275,(04)23288582,2023,8,2,16,20,臺中市,潭子區,0,0,0,7,,,60,,,,,,,,,,,,,,13,58,,,,,B03,,,1,,2,,,58,,1,12,4,B03,120.708038,24.228579,3
667,66000,387130000C,(04)23274275,(04)23288582,2023,8,2,16,20,臺中市,北區,0,1,0,7,3,6,50,4,1,1,5,4,6,6,1,1,5,5,4,2,16,47,3,10,3,1,B03,7,5,1,8,2,6,,47,47,1,12,4,B03,120.666339,24.159267,2
668,66000,387130000C,(04)23274275,(04)23288582,2023,8,2,16,30,臺中市,沙鹿區,0,0,0,7,,,50,,,,,,,,,,,,,,25,84,,,,,A12,,,1,,2,,,84,,1,6,4,A12,120.562219,24.239285,3
669,66000,387130000C,(04)23274275,(04)23288582,2023,8,2,16,38,臺中市,大雅區,0,1,0,7,1,6,30,11,9,1,5,4,6,6,4,4,10,5,5,2,11,41,3,10,2,1,C03,7,9,1,10,2,14,,41,41,1,13,4,C03,120.671051,24.212472,2
670,66000,387130000C,(04)23274275,(04)23288582,2023,8,2,16,40,臺中市,烏日區,0,0,0,7,,,50,,,,,,,,,,,,,,,48,,,,,C03,,,1,,2,,,48,,1,12,4,C03,120.607587,24.112068,3
671,66000,387130000C,(04)23274275,(04)23288582,2023,8,2,16,40,臺中市,神岡區,0,0,0,7,,,50,,,,,,,,,,,,,,9,23,,,,,B03,,,1,,2,,,23,,1,6,4,B03,120.711826,24.27752,3
672,66000,387130000C,(04)23274275,(04)23288582,2023,8,2,16,45,臺中市,梧棲區,0,1,0,7,1,6,50,3,1,1,5,4,6,6,4,4,10,5,5,2,17,14,3,10,5,4,C03,7,5,1,10,2,15,,14,14,1,12,4,C03,120.525795,24.224685,2
673,66000,387130000C,(04)23274275,(04)23288582,2023,8,2,16,49,臺中市,神岡區,0,1,0,7,2,6,60,13,14,1,5,4,6,6,4,4,1,4,4,1,13,58,2,9,1,1,C03,7,9,1,10,2,11,,58,58,1,12,4,C03,120.676278,24.24182,2
674,66000,387130000C,(04)23274275,(04)23288582,2023,8,2,16,51,臺中市,南區,0,0,0,7,,,50,,,,,,,,,,,,,,,84,,,,,B03,,,1,,2,,,84,,1,13,4,B03,120.655644,24.120052,3
675,66000,387130000C,(04)23274275,(04)23288582,2023,8,2,16,52,臺中市,烏日區,0,1,0,7,2,6,30,3,1,1,5,4,6,1,4,4,5,5,5,2,16,12,3,10,3,1,B03,7,6,1,8,2,8,,12,12,1,12,4,B03,120.641574,24.103177,2
676,66000,387130000C,(04)23274275,(04)23288582,2023,8,2,16,54,臺中市,南區,0,1,0,7,3,6,50,4,1,1,5,4,6,6,2,1,10,5,5,2,16,11,3,10,3,1,B03,7,5,1,8,2,5,,11,11,1,12,4,B03,120.6685,24.129403,2
677,66000,387130000C,(04)23274275,(04)23288582,2023,8,2,16,55,臺中市,潭子區,0,2,0,7,3,6,50,4,1,1,5,4,6,6,1,1,5,4,5,1,15,21,2,9,2,1,C03,7,9,1,10,2,11,,21,21,1,13,4,C03,120.718325,24.21811,2
678,66000,387130000C,(04)23274275,(04)23288582,2023,8,2,16,55,臺中市,西區,0,0,0,7,,,50,,,,,,,,,,,,,,14,49,,,,,B03,,,1,,1,,,49,,1,12,4,B03,120.656797,24.150621,3
679,66000,387130000C,(04)23274275,(04)23288582,2023,8,2,16,59,臺中市,北屯區,0,0,0,7,,,40,,,,,,,,,,,,,,13,84,,,,,C03,,,1,10,1,,,84,84,1,12,4,C03,120.694113,24.170259,3
680,66000,387130000C,(04)23274275,(04)23288582,2023,8,2,17,0,臺中市,北屯區,0,0,0,7,,,50,,,,,,,,,,,,,,17,85,,,,,,,,,,,,,85,,1,,,,120.727818,24.178027,3
681,66000,387130000C,(04)23274275,(04)23288582,2023,8,2,17,4,臺中市,北屯區,0,1,0,7,1,6,40,13,8,1,5,4,6,6,4,4,5,5,4,2,20,84,2,9,5,4,C03,7,9,1,10,2,12,11,84,84,1,6,4,C03,120.70904,24.172748,2
682,66000,387130000C,(04)23274275,(04)23288582,2023,8,2,17,5,臺中市,神岡區,0,0,0,7,,,50,,,,,,,,,,,,,,9,7,,,,,C03,,,1,,2,,,7,,1,6,4,C03,120.711826,24.27752,3
683,66000,387130000C,(04)23274275,(04)23288582,2023,8,2,17,10,臺中市,沙鹿區,0,1,0,7,2,6,50,13,9,1,5,4,6,6,4,4,4,4,5,2,2,7,3,10,3,1,B03,7,9,1,8,2,5,,7,7,1,11,4,B03,120.557774,24.234568,2
684,66000,387130000C,(04)23274275,(04)23288582,2023,8,2,17,15,臺中市,北區,0,1,0,7,2,6,50,4,1,1,5,4,6,6,4,4,10,5,5,2,16,14,3,10,1,1,C03,7,6,1,10,2,11,,14,14,1,13,4,C03,120.665832,24.160025,2
685,66000,387130000C,(04)23274275,(04)23288582,2023,8,2,17,15,臺中市,西屯區,0,0,0,7,,,50,,,,,,,,,,,,,,,7,,,,,B03,,,1,,1,,,7,,1,13,4,B03,120.641018,24.167806,3
686,66000,387130000C,(04)23274275,(04)23288582,2023,8,2,17,15,臺中市,大里區,0,1,0,7,3,6,50,4,2,1,5,4,6,6,3,1,1,4,4,2,12,11,2,9,1,1,C03,7,6,1,10,2,12,,11,11,1,12,4,C03,120.6924,24.11138,2
687,66000,387130000C,(04)23274275,(04)23288582,2023,8,2,17,16,臺中市,大雅區,0,0,0,7,1,6,50,3,2,1,5,4,6,6,3,1,5,5,5,1,13,59,,,,,B12,,,1,,2,,,59,,1,13,4,B12,120.673121,24.231264,3
688,66000,387130000C,(04)23274275,(04)23288582,2023,8,2,17,17,臺中市,大里區,0,0,0,7,,,50,,,,,,,,,,,,,,13,7,,,,,C03,,,1,,1,,,7,,1,6,4,C03,120.679096,24.112335,3
689,66000,387130000C,(04)23274275,(04)23288582,2023,8,2,17,20,臺中市,北屯區,0,1,0,7,2,6,50,13,9,1,5,4,6,6,4,4,5,4,5,2,30,84,2,9,2,1,C03,7,9,1,10,2,12,,84,84,1,12,4,C03,120.688129,24.182862,2
690,66000,387130000C,(04)23274275,(04)23288582,2023,8,2,17,24,臺中市,西屯區,0,1,0,7,3,6,50,5,2,1,5,4,6,6,2,1,8,3,5,1,17,11,3,10,1,1,C03,7,5,1,10,2,14,,11,11,1,13,4,C03,120.666114,24.169616,2
691,66000,387130000C,(04)23274275,(04)23288582,2023,8,2,17,26,臺中市,梧棲區,0,0,0,7,,,50,,,,,,,,,,,,,,17,50,,,,,B03,,,1,,2,,,50,,1,6,4,B03,120.537161,24.261097,4
692,66000,387130000C,(04)23274275,(04)23288582,2023,8,2,17,26,臺中市,沙鹿區,0,0,0,7,,,40,,,,,,,,,,,,,,,20,,,,,C03,,,1,,2,,,20,,1,13,4,C03,120.571385,24.199228,3
693,66000,387130000C,(04)23274275,(04)23288582,2023,8,2,17,28,臺中市,太平區,0,1,0,7,2,6,50,4,2,1,5,4,6,6,1,1,5,2,5,1,12,8,3,10,3,1,B13,7,9,1,8,2,2,,8,8,1,6,4,B13,120.716187,24.133508,2
694,66000,387130000C,(04)23274275,(04)23288582,2023,8,2,17,30,臺中市,南區,0,1,0,7,2,6,30,3,1,1,5,4,6,6,4,4,10,5,5,2,16,14,2,9,2,1,C03,7,6,1,10,2,14,,14,14,1,6,4,C03,120.654396,24.121634,2
695,66000,387130000C,(04)23274275,(04)23288582,2023,8,2,17,31,臺中市,北區,0,0,0,7,,,50,,,,,,,,,,,,,,14,82,,,,,B03,,,1,,1,,,82,,1,13,4,B03,120.67817,24.151537,3
696,66000,387130000C,(04)23274275,(04)23288582,2023,8,2,17,32,臺中市,西屯區,0,1,0,7,3,6,40,4,1,1,5,4,6,6,1,1,8,4,4,1,17,84,2,9,5,4,C03,7,9,1,10,2,12,,84,84,1,13,4,C03,120.647873,24.169797,2
697,66000,387130000C,(04)23274275,(04)23288582,2023,8,2,17,32,臺中市,西屯區,0,1,0,7,2,6,50,4,1,1,5,4,6,6,1,1,10,5,5,2,16,11,3,10,5,1,B03,7,6,1,8,2,5,,11,11,1,13,4,B03,120.656779,24.184603,2
698,66000,387130000C,(04)23274275,(04)23288582,2023,8,2,17,32,臺中市,龍井區,0,1,0,7,3,6,30,4,1,1,5,4,6,6,3,1,10,5,5,2,15,20,3,10,5,4,B03,7,9,1,8,2,2,,20,20,1,12,4,B03,120.539106,24.19319,2
699,66000,387130000C,(04)23274275,(04)23288582,2023,8,2,17,33,臺中市,大雅區,0,0,0,7,,,30,,,,,,,,,,,,,,14,49,,,,,B03,,,1,,2,,,49,,1,12,4,B03,120.631101,24.220119,3
700,66000,387130000C,(04)23274275,(04)23288582,2023,8,2,17,34,臺中市,大雅區,0,0,0,7,,,30,,,,,,,,,,,,,,11,41,,,,,B03,,,1,,2,,,41,,1,12,4,B03,120.657995,24.221096,3
701,66000,387130000C,(04)23274275,(04)23288582,2023,8,2,17,41,臺中市,潭子區,0,2,0,7,2,6,50,3,1,1,5,4,6,3,4,4,10,5,5,2,16,20,2,9,2,1,C03,7,5,1,10,2,12,,20,20,1,12,4,C03,120.71107,24.206565,2
702,66000,387130000C,(04)23274275,(04)23288582,2023,8,2,17,41,臺中市,北屯區,0,0,0,7,,,50,,,,,,,,,,,,,,14,49,,,,,B03,,,1,,2,,,49,,1,13,4,B03,120.70861,24.178236,3
703,66000,387130000C,(04)23274275,(04)23288582,2023,8,2,17,42,臺中市,潭子區,0,0,0,7,,,50,,,,,,,,,,,,,,13,7,,,,,B03,,,1,,2,,,7,,1,12,4,B03,120.686403,24.207287,3
704,66000,387130000C,(04)23274275,(04)23288582,2023,8,2,17,42,臺中市,大雅區,0,3,0,7,1,6,50,13,7,1,5,4,6,6,4,4,5,5,4,2,17,59,2,9,2,1,C03,7,9,1,10,2,11,,59,59,1,13,4,C03,120.669863,24.223384,2
705,66000,387130000C,(04)23274275,(04)23288582,2023,8,2,17,42,臺中市,沙鹿區,0,0,0,7,,,40,,,,,,,,,,,,,,12,40,,,,,C03,,,3,,2,,,40,,1,13,4,C03,120.577882,24.224343,4
706,66000,387130000C,(04)23274275,(04)23288582,2023,8,2,17,44,臺中市,西屯區,0,0,0,7,,,50,,,,,,,,,,,,,,17,49,,,,,B02,,,1,,1,,,49,,1,13,4,B02,120.656574,24.159957,3
707,66000,387130000C,(04)23274275,(04)23288582,2023,8,2,17,45,臺中市,大雅區,0,0,0,7,,,30,,,,,,,,,,,,,,,59,,,,,B03,,,1,,1,,,59,,1,13,4,B03,120.64502,24.22129,3
708,66000,387130000C,(04)23274275,(04)23288582,2023,8,2,17,45,臺中市,北屯區,0,1,0,7,2,6,50,13,9,1,5,4,6,6,4,4,5,4,5,2,13,84,2,9,2,1,C03,7,9,1,10,2,11,,84,84,1,12,4,C03,120.724081,24.175866,2
709,66000,387130000C,(04)23274275,(04)23288582,2023,8,2,17,45,臺中市,西屯區,0,0,0,7,,,50,,,,,,,,,,,,,,,48,,,,,B03,,,1,,1,,,48,,1,13,4,B03,120.607485,24.195133,3
710,66000,387130000C,(04)23274275,(04)23288582,2023,8,2,17,47,臺中市,西屯區,0,0,0,7,,,1,,,,,,,,,,,,,,,49,,,,,C03,,,1,,1,,,49,,1,13,4,C03,120.644842,24.171091,3
711,66000,387130000C,(04)23274275,(04)23288582,2023,8,2,17,48,臺中市,神岡區,0,1,0,7,1,6,50,3,1,1,5,4,6,6,4,4,5,4,4,2,16,14,3,10,3,1,B03,7,6,1,8,2,1,,14,14,1,12,4,B03,120.682338,24.251292,2
712,66000,387130000C,(04)23274275,(04)23288582,2023,8,2,17,49,臺中市,北屯區,0,0,0,7,,,50,,,,,,,,,,,,,,13,59,,,,,B03,,,1,8,1,,,59,59,1,12,4,B03,120.721571,24.182046,3
713,66000,387130000C,(04)23274275,(04)23288582,2023,8,2,17,50,臺中市,龍井區,0,1,0,7,3,6,30,4,1,1,5,4,6,6,3,1,10,5,5,2,15,20,3,10,5,4,B03,7,9,1,8,2,1,,20,20,1,6,4,B03,120.505633,24.201221,2
714,66000,387130000C,(04)23274275,(04)23288582,2023,8,2,17,57,臺中市,西區,0,0,0,7,2,6,50,4,2,1,5,4,6,6,1,1,5,4,5,2,17,51,,,,,B03,,,1,,2,,,51,,1,12,4,B03,120.661538,24.146804,3
715,66000,387130000C,(04)23274275,(04)23288582,2023,8,2,18,0,臺中市,西區,0,0,0,7,,,50,,,,,,,,,,,,,,,50,,,,,A05,,,1,,2,,,50,,1,12,4,A05,120.665297,24.132297,3
716,66000,387130000C,(04)23274275,(04)23288582,2023,8,2,18,0,臺中市,后里區,0,0,0,7,,,50,,,,,,,,,,,,,,13,7,,,,,C03,,,1,,1,,,7,,1,12,4,C03,120.718302,24.320684,3
717,66000,387130000C,(04)23274275,(04)23288582,2023,8,2,18,2,臺中市,西屯區,0,1,0,7,3,6,50,13,9,1,5,4,6,6,4,4,5,5,5,2,17,76,3,10,5,1,B02,7,15,1,8,2,4,,76,76,1,12,4,B02,120.633185,24.170146,2
718,66000,387130000C,(04)23274275,(04)23288582,2023,8,2,18,5,臺中市,大里區,0,0,0,7,,,50,,,,,,,,,,,,,,13,58,,,,,B03,,,1,,2,,,58,,1,6,4,B03,120.678597,24.095065,3
719,66000,387130000C,(04)23274275,(04)23288582,2023,8,2,18,6,臺中市,北區,0,2,0,7,1,6,50,4,1,1,5,4,6,6,1,1,1,5,5,2,17,11,2,9,2,1,C03,7,6,1,10,2,12,,11,11,1,12,4,C03,120.684971,24.163899,2
720,66000,387130000C,(04)23274275,(04)23288582,2023,8,2,18,6,臺中市,外埔區,0,1,0,7,2,6,30,3,1,1,5,4,6,6,4,4,10,5,5,1,16,12,3,10,3,1,B03,7,6,1,8,2,5,,12,12,1,12,4,B03,120.714906,24.340603,2
721,66000,387130000C,(04)23274275,(04)23288582,2023,8,2,18,10,臺中市,南區,0,0,0,7,3,6,50,4,1,1,5,4,6,6,4,4,10,4,4,2,13,84,3,10,3,1,B03,7,9,1,8,2,1,,84,84,1,12,4,B03,120.678348,24.132284,3
722,66000,387130000C,(04)23274275,(04)23288582,2023,8,2,18,10,臺中市,沙鹿區,0,1,0,7,2,6,50,3,9,1,5,4,6,6,4,4,4,3,4,1,16,58,3,10,3,1,B03,7,6,1,8,2,8,,58,58,1,12,4,B03,120.565414,24.20168,2
723,66000,387130000C,(04)23274275,(04)23288582,2023,8,2,18,14,臺中市,豐原區,0,3,0,6,2,6,60,3,1,1,5,4,6,6,2,1,1,4,4,1,13,7,2,3,3,1,B03,7,9,1,8,2,1,,7,7,1,12,4,B03,120.712984,24.241972,2
724,66000,387130000C,(04)23274275,(04)23288582,2023,8,2,18,15,臺中市,潭子區,0,1,0,6,1,6,50,4,2,1,5,4,6,6,1,1,1,3,5,1,17,20,3,10,3,1,B03,7,11,1,7,2,5,,20,20,1,13,4,B03,120.711339,24.207003,2
725,66000,387130000C,(04)23274275,(04)23288582,2023,8,2,18,17,臺中市,北區,0,0,0,7,,,50,,,,,,,,,,,,,,13,84,,,,,C03,,,1,,1,,,84,,1,12,4,C03,120.680948,24.159108,3
726,66000,387130000C,(04)23274275,(04)23288582,2023,8,2,18,17,臺中市,南屯區,0,0,0,7,,,50,,,,,,,,,,,,,,,40,,,,,B03,,,1,,1,,,40,,1,13,4,B03,120.623299,24.1494,3
727,66000,387130000C,(04)23274275,(04)23288582,2023,8,2,18,18,臺中市,西屯區,0,0,0,7,,,50,,,,,,,,,,,,,,,49,,,,,C03,,,1,,2,,,49,,1,13,4,C03,120.655224,24.200551,3
728,66000,387130000C,(04)23274275,(04)23288582,2023,8,2,18,20,臺中市,西屯區,0,0,0,7,,,40,,,,,,,,,,,,,,,84,,,,,C03,,,1,,2,,,84,,1,13,4,C03,120.650964,24.162311,3
729,66000,387130000C,(04)23274275,(04)23288582,2023,8,2,18,23,臺中市,新社區,0,0,0,7,,,50,,,,,,,,,,,,,,21,59,,,,,B03,,,1,,2,,,59,,1,13,4,B03,120.810501,24.245448,3
730,66000,387130000C,(04)23274275,(04)23288582,2023,8,2,18,24,臺中市,北屯區,0,0,0,7,,,30,,,,,,,,,,,,,,,85,,,,,C03,,,1,,2,,,85,,1,6,4,C03,120.698981,24.175967,3
731,66000,387130000C,(04)23274275,(04)23288582,2023,8,2,18,25,臺中市,南屯區,0,0,0,7,,,60,,,,,,,,,,,,,,,84,,,,,B03,,,1,,1,,,84,,1,13,4,B03,120.631319,24.125757,3
732,66000,387130000C,(04)23274275,(04)23288582,2023,8,2,18,34,臺中市,大里區,0,0,0,7,,,50,,,,,,,,,,,,,,14,50,,,,,B03,,,1,,2,,,50,,1,6,4,B03,120.679096,24.112335,3
733,66000,387130000C,(04)23274275,(04)23288582,2023,8,2,18,41,臺中市,南區,0,2,0,7,2,6,50,4,1,1,5,4,6,6,1,1,10,5,5,2,13,84,2,9,2,1,C03,7,9,1,10,2,11,,84,84,1,13,4,C03,120.662411,24.120844,2
734,66000,387130000C,(04)23274275,(04)23288582,2023,8,2,18,44,臺中市,龍井區,0,0,0,7,,,60,,,,,,,,,,,,,,12,40,,,,,B03,,,1,,2,,,40,,1,13,4,B03,120.573605,24.18536,3
735,66000,387130000C,(04)23274275,(04)23288582,2023,8,2,18,48,臺中市,北屯區,0,1,0,7,1,6,50,13,7,1,5,4,6,6,4,4,10,5,4,2,13,7,2,9,2,1,C03,7,9,1,10,2,11,14,7,7,1,12,4,C03,120.692007,24.173354,2
736,66000,387130000C,(04)23274275,(04)23288582,2023,8,2,18,49,臺中市,北區,0,1,0,7,1,6,50,3,2,1,5,4,6,6,4,4,5,4,4,2,16,45,3,10,5,1,B03,7,11,1,8,2,4,,45,45,1,13,4,B03,120.685414,24.147606,2
737,66000,387130000C,(04)23274275,(04)23288582,2023,8,2,18,53,臺中市,南屯區,0,2,0,7,1,6,40,13,8,1,5,4,6,6,4,4,1,4,4,2,12,84,2,9,2,1,C03,7,9,1,10,2,12,,84,84,1,6,4,C03,120.627562,24.145348,2
738,66000,387130000C,(04)23274275,(04)23288582,2023,8,2,18,54,臺中市,南屯區,0,0,0,7,,,50,,,,,,,,,,,,,,,87,,,,,B03,,,1,,2,,,87,,1,13,4,B03,120.624095,24.152143,3
739,66000,387130000C,(04)23274275,(04)23288582,2023,8,2,18,55,臺中市,西屯區,0,0,0,7,,,50,,,,,,,,,,,,,,,7,,,,,B03,,,1,,1,,,7,,1,13,4,B03,120.639069,24.168932,3
740,66000,387130000C,(04)23274275,(04)23288582,2023,8,2,18,56,臺中市,南區,0,0,0,7,,,40,,,,,,,,,,,,,,14,49,,,,,B02,,,1,8,2,,,49,49,1,12,4,B02,120.683162,24.122589,3
741,66000,387130000C,(04)23274275,(04)23288582,2023,8,2,18,58,臺中市,北屯區,0,0,0,7,,,50,,,,,,,,,,,,,,13,84,,,,,B03,,,1,,1,,,84,,1,12,4,B03,120.687016,24.185451,3
742,66000,387130000C,(04)23274275,(04)23288582,2023,8,2,18,58,臺中市,西屯區,0,0,0,7,,,50,,,,,,,,,,,,,,,49,,,,,B03,,,1,,1,,,49,,1,12,4,B03,120.649796,24.162755,3
743,66000,387130000C,(04)23274275,(04)23288582,2023,8,2,19,0,臺中市,太平區,0,4,0,7,1,6,50,4,1,1,5,4,6,6,1,1,10,5,5,2,16,48,2,1,3,1,B03,7,6,1,8,2,8,,48,48,1,13,4,B03,120.715596,24.135995,2
744,66000,387130000C,(04)23274275,(04)23288582,2023,8,2,19,1,臺中市,大雅區,0,0,0,7,,,50,,,,,,,,,,,,,,13,59,,,,,B03,,,1,,2,,,59,,1,12,4,B03,120.638075,24.233367,3
745,66000,387130000C,(04)23274275,(04)23288582,2023,8,2,19,6,臺中市,西區,0,0,0,7,,,50,,,,,,,,,,,,,,12,84,,,,,B03,,,1,,2,,,84,,1,12,4,B03,120.655965,24.146695,3
746,66000,387130000C,(04)23274275,(04)23288582,2023,8,2,19,7,臺中市,西屯區,0,1,0,7,1,6,50,4,2,1,5,4,6,6,2,1,8,3,1,1,17,84,3,10,3,1,B03,7,5,1,8,2,5,,84,84,1,13,4,B03,120.656109,24.169599,2
747,66000,387130000C,(04)23274275,(04)23288582,2023,8,2,19,9,臺中市,大雅區,0,1,0,7,1,6,30,13,9,1,5,4,6,6,4,4,10,5,5,1,28,59,2,9,2,1,C03,7,9,1,10,2,11,,59,59,1,13,4,C03,120.641686,24.240889,2
748,66000,387130000C,(04)23274275,(04)23288582,2023,8,2,19,9,臺中市,南區,0,1,0,7,3,6,50,4,1,1,5,4,6,6,1,1,10,5,5,2,16,11,3,10,3,1,B03,7,5,1,8,2,1,,11,11,1,12,4,B03,120.67004,24.112788,2
749,66000,387130000C,(04)23274275,(04)23288582,2023,8,2,19,10,臺中市,北區,0,0,0,7,,,50,,,,,,,,,,,,,,9,84,,,,,B03,,,1,,2,,,84,,1,13,4,B03,120.668542,24.173246,3
750,66000,387130000C,(04)23274275,(04)23288582,2023,8,2,19,11,臺中市,北屯區,0,0,0,7,,,50,,,,,,,,,,,,,,12,47,,,,,B03,,,1,,1,,,47,,1,13,4,B03,120.705653,24.164657,3
751,66000,387130000C,(04)23274275,(04)23288582,2023,8,2,19,21,臺中市,豐原區,0,1,0,7,2,6,50,13,8,1,5,4,6,6,4,4,9,5,4,2,16,20,2,7,1,1,C03,7,11,1,10,2,12,,20,47,1,6,4,C03,120.714361,24.250378,2
752,66000,387130000C,(04)23274275,(04)23288582,2023,8,2,19,25,臺中市,沙鹿區,0,1,0,7,1,6,50,3,1,1,5,4,6,6,1,1,10,5,5,2,17,87,2,9,2,1,C03,7,9,1,10,2,14,,87,87,1,13,4,C03,120.573221,24.226179,2
753,66000,387130000C,(04)23274275,(04)23288582,2023,8,2,19,26,臺中市,北屯區,0,2,0,7,1,6,30,3,1,1,5,4,6,6,4,4,10,5,5,2,17,14,2,9,5,4,F01,7,6,7,21,2,12,11,14,14,1,4,4,F01,120.689532,24.193506,2
754,66000,387130000C,(04)23274275,(04)23288582,2023,8,2,19,28,臺中市,沙鹿區,0,1,0,7,1,6,50,13,9,1,5,4,6,6,4,4,1,4,4,2,17,7,2,9,2,1,C03,7,9,1,10,2,12,,7,7,1,13,4,C03,120.56963,24.219092,2
755,66000,387130000C,(04)23274275,(04)23288582,2023,8,2,19,30,臺中市,東區,0,0,0,7,1,6,50,13,9,1,5,4,6,6,4,4,1,2,5,2,12,35,3,10,3,1,B03,7,8,1,8,2,8,,35,35,1,6,4,B03,120.694202,24.1484,3
756,66000,387130000C,(04)23274275,(04)23288582,2023,8,2,19,34,臺中市,大雅區,0,2,0,7,1,6,50,3,1,1,5,4,6,6,3,1,10,5,5,2,16,20,2,9,2,1,C03,7,5,1,10,2,12,,20,20,1,12,4,C03,120.666829,24.216386,2
757,66000,387130000C,(04)23274275,(04)23288582,2023,8,2,19,40,臺中市,南屯區,0,1,0,7,2,6,50,13,7,1,5,4,6,6,4,4,5,4,5,2,16,84,2,9,2,1,C03,7,9,1,10,2,11,,84,84,1,13,4,C03,120.652781,24.137419,2
758,66000,387130000C,(04)23274275,(04)23288582,2023,8,2,19,40,臺中市,西屯區,0,3,0,7,1,6,50,4,1,1,5,4,6,6,3,1,10,5,5,2,17,24,2,9,5,4,C03,7,9,1,10,1,11,,24,24,1,13,4,C03,120.650251,24.169196,2