序號,縣市別代碼,機關代碼,市話,傳真,年,月,日,時,分,縣市,區,死亡數量,受傷數量,2-30,天候,光線,道路類別,速限,道路型態,事故位置,路面鋪裝,路面狀態,路面缺陷,障礙物,視距,號誌種類,號誌動作,分向設施,快車道或一般車道間,快慢車道間,路面邊線,事故類型及型態,主要肇因,受傷程度,主要傷處,保護裝備,行動電話,當事者區分(類別),車輛用途,當事者行動狀態,駕駛資格情形,駕駛執照種類,飲酒情形,車輛撞擊部位最初,車輛撞擊部位其他,肇事因素個別,肇事因素主要,肇事逃逸,職業,旅次目的,車種,GPS座標X,GPS座標Y,事故類別
759,66000,387130000C,(04)23274275,(04)23288582,2023,8,2,19,40,臺中市,西屯區,0,1,0,7,1,6,0,13,21,1,5,4,6,6,4,4,10,5,5,2,9,51,3,10,5,4,B03,7,1,1,8,9,1,,51,51,2,13,4,B03,120.646531,24.157749,2
760,66000,387130000C,(04)23274275,(04)23288582,2023,8,2,19,45,臺中市,南屯區,0,0,0,7,,,1,,,,,,,,,,,,,,14,49,,,,,B03,,,1,,1,,,49,,1,6,4,B03,120.626927,24.148437,3
761,66000,387130000C,(04)23274275,(04)23288582,2023,8,2,19,47,臺中市,南屯區,0,1,0,7,1,6,50,4,2,1,5,4,6,6,2,1,1,2,5,2,13,35,3,10,5,4,B03,7,8,1,8,2,1,,35,35,1,13,4,B03,120.633467,24.151021,2
762,66000,387130000C,(04)23274275,(04)23288582,2023,8,2,19,52,臺中市,神岡區,0,1,0,7,1,6,50,5,1,1,5,4,6,6,1,1,1,4,4,1,15,21,2,9,1,1,C03,7,9,5,10,5,11,,21,21,1,12,4,C03,120.665376,24.273776,2
763,66000,387130000C,(04)23274275,(04)23288582,2023,8,2,19,53,臺中市,西屯區,0,1,0,7,1,6,50,13,9,1,5,4,6,6,4,4,5,4,5,2,13,84,2,9,5,1,C03,7,9,1,10,2,11,,84,84,1,13,4,C03,120.644838,24.181216,2
764,66000,387130000C,(04)23274275,(04)23288582,2023,8,2,20,9,臺中市,太平區,0,0,0,7,,,40,,,,,,,,,,,,,,13,59,,,,,B03,,,1,,2,,,59,,1,13,4,B03,120.710725,24.141557,3
765,66000,387130000C,(04)23274275,(04)23288582,2023,8,2,20,10,臺中市,東區,0,0,0,7,1,6,50,13,7,1,5,4,6,6,4,4,1,4,5,2,13,84,3,10,3,1,B03,7,9,1,8,2,1,,84,84,1,12,4,B03,120.693167,24.126301,3
766,66000,387130000C,(04)23274275,(04)23288582,2023,8,2,20,15,臺中市,大雅區,0,1,0,7,1,6,50,4,1,1,5,4,6,6,1,1,3,5,5,2,23,59,3,10,3,1,B03,7,6,1,8,2,8,,59,59,1,13,4,B03,120.648355,24.221185,2
767,66000,387130000C,(04)23274275,(04)23288582,2023,8,2,20,15,臺中市,北區,0,1,0,7,1,6,50,13,7,1,5,4,6,6,1,1,5,5,5,2,16,51,3,10,3,1,B03,7,1,1,8,2,8,,51,51,1,13,4,B03,120.669247,24.166837,2
768,66000,387130000C,(04)23274275,(04)23288582,2023,8,2,20,15,臺中市,沙鹿區,0,0,0,7,1,6,50,13,9,1,5,4,6,6,4,4,4,3,5,1,16,49,,,,,C03,,,1,,1,,,49,,1,12,2,C03,120.574239,24.22721,3
769,66000,387130000C,(04)23274275,(04)23288582,2023,8,2,20,20,臺中市,西屯區,0,1,0,7,1,6,50,13,9,1,5,4,6,6,4,4,1,4,5,2,12,84,2,8,1,4,C03,7,8,1,10,1,14,,84,84,1,13,2,C03,120.658407,24.170662,2
770,66000,387130000C,(04)23274275,(04)23288582,2023,8,2,20,36,臺中市,大里區,0,0,0,7,,,50,,,,,,,,,,,,,,15,20,,,,,C03,,,1,,2,,,20,,1,13,4,C03,120.679518,24.09556,3
771,66000,387130000C,(04)23274275,(04)23288582,2023,8,2,20,43,臺中市,霧峰區,0,1,0,7,3,6,40,4,1,1,5,4,6,6,1,1,10,5,5,2,16,47,3,10,5,4,B03,7,5,1,8,2,2,,47,47,1,13,4,B03,120.662522,24.072078,2
772,66000,387130000C,(04)23274275,(04)23288582,2023,8,2,20,45,臺中市,太平區,0,1,0,7,1,6,50,3,2,1,5,4,6,6,1,1,5,5,5,2,13,84,2,9,1,1,C03,7,9,1,10,2,11,,84,84,1,12,4,C03,120.716229,24.148717,2
773,66000,387130000C,(04)23274275,(04)23288582,2023,8,2,20,46,臺中市,后里區,0,0,0,7,1,6,50,4,1,1,5,4,3,6,4,4,10,5,5,2,12,8,,,,,B03,,,1,,2,,,8,,1,12,4,B03,120.720844,24.307945,3
774,66000,387130000C,(04)23274275,(04)23288582,2023,8,2,20,47,臺中市,南屯區,0,0,0,7,,,50,,,,,,,,,,,,,,,87,,,,,B03,,,1,,1,,,87,,1,13,4,B03,120.629221,24.128235,3
775,66000,387130000C,(04)23274275,(04)23288582,2023,8,2,20,49,臺中市,東區,0,0,0,7,,,50,,,,,,,,,,,,,,,84,,,,,B03,,,1,,2,,,84,,1,13,4,B03,120.693699,24.142933,3
776,66000,387130000C,(04)23274275,(04)23288582,2023,8,2,20,50,臺中市,西屯區,0,0,0,7,,,50,,,,,,,,,,,,,,,7,,,,,B03,,,1,,1,,,7,,1,13,4,B03,120.644251,24.194815,3
777,66000,387130000C,(04)23274275,(04)23288582,2023,8,2,20,56,臺中市,南屯區,0,2,0,7,2,6,50,4,1,1,5,4,6,6,4,4,5,4,5,2,16,14,3,10,3,1,B03,7,6,1,8,2,5,,14,14,1,13,4,B03,120.643867,24.136569,2
778,66000,387130000C,(04)23274275,(04)23288582,2023,8,2,20,56,臺中市,后里區,0,0,0,7,,,50,,,,,,,,,,,,,,13,7,,,,,B03,,,1,,1,,,7,,1,12,4,B03,120.708788,24.311047,3
779,66000,387130000C,(04)23274275,(04)23288582,2023,8,2,20,59,臺中市,西區,0,1,0,7,1,6,50,4,2,1,5,4,6,6,1,1,5,4,5,2,16,59,2,9,6,1,F04,7,7,7,21,2,11,,59,59,1,12,4,F04,120.656751,24.146718,2
780,66000,387130000C,(04)23274275,(04)23288582,2023,8,2,20,59,臺中市,西屯區,0,0,0,7,,,30,,,,,,,,,,,,,,,49,,,,,B03,,,1,,1,,,49,,1,12,4,B03,120.613786,24.17843,3
781,66000,387130000C,(04)23274275,(04)23288582,2023,8,2,21,0,臺中市,南區,0,0,0,7,,,50,,,,,,,,,,,,,,,86,,,,,,,,,,,,,86,86,1,,,,120.668691,24.122482,3
782,66000,387130000C,(04)23274275,(04)23288582,2023,8,2,21,12,臺中市,北屯區,0,2,0,7,1,6,50,4,1,1,5,4,6,6,1,1,10,5,5,2,12,40,3,10,3,1,B03,7,7,1,4,2,5,,40,40,1,12,4,B03,120.690579,24.201306,2
783,66000,387130000C,(04)23274275,(04)23288582,2023,8,2,21,15,臺中市,大里區,0,1,0,7,1,6,50,4,2,1,5,4,6,6,1,1,10,5,5,2,12,84,2,9,1,1,C03,7,6,3,19,2,12,,84,84,1,12,4,C03,120.687684,24.110231,2
784,66000,387130000C,(04)23274275,(04)23288582,2023,8,2,21,17,臺中市,大里區,0,2,0,7,1,6,50,4,1,1,5,4,6,6,1,1,10,5,5,2,16,11,2,7,1,1,C03,7,5,1,10,2,12,,11,11,1,13,4,C03,120.694736,24.111431,2
785,66000,387130000C,(04)23274275,(04)23288582,2023,8,2,21,25,臺中市,北區,0,1,0,7,1,6,50,5,1,1,5,4,6,6,4,4,5,5,5,2,15,15,2,9,3,1,B03,7,9,1,8,2,5,,15,15,1,12,4,B03,120.677627,24.15819,2
786,66000,387130000C,(04)23274275,(04)23288582,2023,8,2,21,27,臺中市,太平區,0,1,0,7,1,6,50,5,14,1,5,4,6,6,2,1,5,5,5,1,17,59,2,8,2,1,C03,7,5,1,10,2,11,,59,59,1,12,4,C03,120.724564,24.149605,2
787,66000,387130000C,(04)23274275,(04)23288582,2023,8,2,21,29,臺中市,北區,0,0,0,7,,,50,,,,,,,,,,,,,,17,84,,,,,C03,,,1,,2,,,84,,1,12,4,C03,120.677033,24.166889,3
788,66000,387130000C,(04)23274275,(04)23288582,2023,8,2,21,31,臺中市,北區,0,3,0,7,1,6,50,4,2,1,5,4,6,6,1,1,5,4,4,2,16,39,2,9,5,1,C03,7,6,1,10,2,14,,39,39,1,13,4,C03,120.678279,24.14853,2
789,66000,387130000C,(04)23274275,(04)23288582,2023,8,2,21,39,臺中市,豐原區,0,1,0,6,1,6,50,13,9,1,5,4,6,6,4,4,5,5,5,1,18,82,2,9,1,1,C03,7,9,1,10,2,15,,82,82,1,13,4,C03,120.72112,24.249162,2
790,66000,387130000C,(04)23274275,(04)23288582,2023,8,2,21,41,臺中市,豐原區,0,1,0,7,1,6,50,5,1,1,4,4,6,6,1,1,5,4,4,2,17,11,3,10,3,1,B03,7,6,1,8,2,8,1,11,11,1,6,4,B03,120.714629,24.257453,2
791,66000,387130000C,(04)23274275,(04)23288582,2023,8,2,21,42,臺中市,南區,0,1,0,7,1,6,50,4,1,1,5,4,1,6,1,1,10,5,5,2,15,21,3,10,2,1,C03,7,9,1,10,2,11,,21,21,1,6,4,C03,120.652873,24.108827,2
792,66000,387130000C,(04)23274275,(04)23288582,2023,8,2,21,42,臺中市,大肚區,0,1,0,7,1,6,50,13,9,1,5,4,6,6,4,4,5,4,5,1,27,59,2,9,2,1,C03,7,9,1,10,8,11,,59,59,1,6,4,C03,120.531451,24.156307,2
793,66000,387130000C,(04)23274275,(04)23288582,2023,8,2,21,43,臺中市,外埔區,0,2,0,7,2,6,50,5,1,1,5,4,6,1,3,1,10,5,5,2,15,84,2,2,3,1,B03,7,9,5,19,2,1,,24,84,1,6,4,B03,120.655809,24.332343,2
794,66000,387130000C,(04)23274275,(04)23288582,2023,8,2,21,45,臺中市,北區,0,2,0,7,1,6,50,4,1,1,5,4,6,6,1,1,5,5,5,2,17,11,3,10,2,1,C03,7,6,1,10,2,11,,11,11,1,12,4,C03,120.680886,24.147197,2
795,66000,387130000C,(04)23274275,(04)23288582,2023,8,2,21,47,臺中市,南屯區,0,1,0,7,1,6,50,4,1,1,5,4,6,6,2,1,1,2,1,2,16,65,3,10,5,4,B03,7,5,1,8,2,5,,65,65,1,13,4,B03,120.623141,24.145201,2
796,66000,387130000C,(04)23274275,(04)23288582,2023,8,2,21,51,臺中市,南屯區,0,1,0,7,1,6,40,13,9,1,5,4,6,6,4,4,9,5,5,2,17,57,2,4,3,1,B03,7,9,1,8,2,1,,57,57,1,13,4,B03,120.620634,24.117897,2
797,66000,387130000C,(04)23274275,(04)23288582,2023,8,2,21,57,臺中市,后里區,0,1,0,7,3,6,50,13,12,1,5,4,6,6,4,4,1,5,4,1,13,7,3,10,3,1,B03,7,7,1,8,2,8,,7,7,1,12,4,B03,120.703233,24.312096,2
798,66000,387130000C,(04)23274275,(04)23288582,2023,8,2,22,2,臺中市,北區,0,0,0,7,,,50,,,,,,,,,,,,,,16,51,,,,,C03,,,1,,1,,,51,,1,13,4,C03,120.684368,24.153997,3
799,66000,387130000C,(04)23274275,(04)23288582,2023,8,2,22,5,臺中市,北區,0,0,0,7,,,,,,,,,,,,,,,,,35,119,,,,,,,,,,,,,119,,1,,,,120.686853,24.148003,3
800,66000,387130000C,(04)23274275,(04)23288582,2023,8,2,22,7,臺中市,西區,0,1,0,7,1,6,40,4,1,1,5,4,6,6,1,1,10,5,5,2,18,48,2,9,2,1,C03,7,6,1,10,2,12,,48,48,1,12,4,C03,120.667054,24.136577,2
801,66000,387130000C,(04)23274275,(04)23288582,2023,8,2,22,13,臺中市,西屯區,0,0,0,7,,,50,,,,,,,,,,,,,,,84,,,,,B03,,,1,,1,,,84,,1,13,4,B03,120.650929,24.157394,3
802,66000,387130000C,(04)23274275,(04)23288582,2023,8,2,22,18,臺中市,北屯區,0,0,0,7,,,50,,,,,,,,,,,,,,29,59,,,,,B03,,,1,8,2,,,59,59,1,12,4,B03,120.700392,24.166151,3
803,66000,387130000C,(04)23274275,(04)23288582,2023,8,2,22,18,臺中市,西屯區,0,0,0,7,,,50,,,,,,,,,,,,,,,7,,,,,B03,,,1,,1,,,7,,1,13,4,B03,120.6625,24.170386,3
804,66000,387130000C,(04)23274275,(04)23288582,2023,8,2,22,25,臺中市,潭子區,0,1,0,7,1,6,50,4,2,1,5,4,6,6,2,1,10,5,5,2,13,22,3,10,1,1,C03,7,5,1,10,2,11,,22,22,1,12,4,C03,120.701601,24.20724,2
805,66000,387130000C,(04)23274275,(04)23288582,2023,8,2,22,25,臺中市,南區,0,0,0,7,1,6,50,13,7,1,5,4,6,6,4,4,1,4,5,2,13,84,3,10,3,1,B03,7,9,1,8,1,1,,84,84,1,12,4,B03,120.670095,24.119043,3
806,66000,387130000C,(04)23274275,(04)23288582,2023,8,2,22,25,臺中市,南屯區,0,2,0,7,1,6,50,4,2,1,5,4,6,6,2,1,5,4,5,2,12,42,2,9,5,4,C04,7,15,1,10,2,12,,42,42,1,13,4,C04,120.650032,24.134785,2
807,66000,387130000C,(04)23274275,(04)23288582,2023,8,2,22,30,臺中市,豐原區,0,2,0,7,2,6,50,18,24,1,5,4,6,6,4,4,5,5,5,2,16,20,3,10,5,4,B03,7,5,1,8,2,5,,20,20,1,6,4,B03,120.724013,24.244648,2
808,66000,387130000C,(04)23274275,(04)23288582,2023,8,2,22,36,臺中市,西屯區,0,0,0,7,,,40,,,,,,,,,,,,,,,39,,,,,B03,,,1,,1,,,39,39,1,12,4,B03,120.646454,24.164454,3
809,66000,387130000C,(04)23274275,(04)23288582,2023,8,2,22,45,臺中市,豐原區,0,0,0,7,,,50,,,,,,,,,,,,,,13,59,,,,,B03,,,1,,2,,,87,59,1,13,4,B03,120.70273,24.249321,3
810,66000,387130000C,(04)23274275,(04)23288582,2023,8,2,23,0,臺中市,北區,0,0,0,7,,,50,,,,,,,,,,,,,,9,84,,,,,C03,,,1,,2,,,84,,1,13,4,C03,120.684368,24.153997,3
811,66000,387130000C,(04)23274275,(04)23288582,2023,8,2,23,0,臺中市,太平區,0,0,0,7,,,50,,,,,,,,,,,,,,,84,,,,,B02,,,1,,2,,,84,,1,12,4,B02,120.708633,24.130698,3
812,66000,387130000C,(04)23274275,(04)23288582,2023,8,2,23,7,臺中市,西屯區,0,1,0,7,2,6,40,13,8,1,5,4,6,6,4,4,1,4,4,2,16,59,2,9,5,4,C03,7,9,1,10,2,11,,59,59,1,12,4,C03,120.658303,24.194919,2
813,66000,387130000C,(04)23274275,(04)23288582,2023,8,2,23,14,臺中市,南區,0,3,0,7,1,6,50,13,9,1,5,4,6,6,1,1,1,4,5,2,13,7,2,9,1,1,C03,7,9,1,10,2,11,,7,7,1,12,4,C03,120.652436,24.117866,2
814,66000,387130000C,(04)23274275,(04)23288582,2023,8,2,23,40,臺中市,北區,0,1,0,6,1,6,50,4,9,1,5,4,6,6,1,1,1,4,5,2,13,58,3,10,3,1,B03,7,9,1,8,2,1,,58,58,1,12,4,B03,120.683437,24.15371,2
815,66000,387130000C,(04)23274275,(04)23288582,2023,8,3,0,11,臺中市,中區,0,0,0,7,,,50,,,,,,,,,,,,,,,84,,,,,B03,,,1,,1,,,84,,1,6,4,B03,120.681735,24.144661,3
816,66000,387130000C,(04)23274275,(04)23288582,2023,8,3,0,28,臺中市,南屯區,0,1,0,7,1,6,40,4,9,1,5,4,6,6,4,4,9,5,5,2,15,12,3,10,3,1,B12,7,9,1,8,2,1,,6,12,1,13,4,B12,120.652063,24.137885,2
817,66000,387130000C,(04)23274275,(04)23288582,2023,8,3,0,35,臺中市,豐原區,0,0,0,7,,,50,,,,,,,,,,,,,,12,56,,,,,B03,,,1,,2,,,56,,1,12,4,B03,120.709733,24.244937,3
818,66000,387130000C,(04)23274275,(04)23288582,2023,8,3,0,39,臺中市,大肚區,0,1,0,7,1,6,50,3,9,1,5,4,6,6,4,4,4,4,5,1,20,59,2,9,1,1,C03,7,9,1,10,8,11,,59,59,1,6,4,C03,120.543757,24.159019,2
819,66000,387130000C,(04)23274275,(04)23288582,2023,8,3,0,47,臺中市,清水區,0,0,0,6,2,6,50,13,9,1,5,4,6,6,4,4,5,4,4,1,12,59,3,10,3,1,B03,7,9,1,19,5,5,,59,59,1,6,4,B03,120.573214,24.286669,3
820,66000,387130000C,(04)23274275,(04)23288582,2023,8,3,1,3,臺中市,北屯區,0,0,0,5,,,50,,,,,,,,,,,,,,17,49,,,,,B03,,,1,,9,,,49,49,1,12,4,B03,120.722835,24.17555,3
821,66000,387130000C,(04)23274275,(04)23288582,2023,8,3,1,30,臺中市,沙鹿區,0,1,0,7,1,6,60,3,1,1,5,4,6,6,4,4,1,3,5,1,17,13,2,9,2,1,C03,7,5,3,19,2,12,,13,13,1,6,4,C03,120.615126,24.243139,2
822,66000,387130000C,(04)23274275,(04)23288582,2023,8,3,1,35,臺中市,南屯區,0,0,0,7,,,50,,,,,,,,,,,,,,,39,,,,,B02,,,1,,2,,,39,39,1,13,4,B02,120.635131,24.151649,3
823,66000,387130000C,(04)23274275,(04)23288582,2023,8,3,1,38,臺中市,中區,0,1,0,7,1,6,50,13,7,1,5,4,6,6,1,1,5,4,4,2,13,59,2,7,2,1,C03,7,9,3,19,2,11,,59,59,1,12,4,C03,120.678763,24.147254,2
824,66000,387130000C,(04)23274275,(04)23288582,2023,8,3,2,6,臺中市,太平區,0,1,0,6,1,6,50,3,1,1,5,4,6,6,1,1,10,5,5,2,30,84,2,8,3,1,B03,7,6,1,8,2,1,,84,84,1,6,4,B03,120.718535,24.104275,2
825,66000,387130000C,(04)23274275,(04)23288582,2023,8,3,2,40,臺中市,大甲區,0,0,0,7,,,50,,,,,,,,,,,,,,,49,,,,,B03,,,1,,2,,,49,,1,6,4,B03,120.62145,24.346381,3
826,66000,387130000C,(04)23274275,(04)23288582,2023,8,3,4,55,臺中市,大甲區,0,1,0,7,1,6,50,13,9,1,5,4,6,6,4,4,9,5,5,1,14,49,3,10,3,1,B03,7,2,1,7,3,3,,49,49,1,6,4,B03,120.635198,24.42494,2
827,66000,387130000C,(04)23274275,(04)23288582,2023,8,3,5,32,臺中市,潭子區,0,1,0,7,1,6,50,13,9,1,5,4,6,6,4,4,5,5,5,2,2,59,3,10,3,1,B01,7,9,1,4,2,1,,59,59,1,12,4,B01,120.707735,24.199454,2
828,66000,387130000C,(04)23274275,(04)23288582,2023,8,3,6,36,臺中市,東區,0,1,0,6,3,6,50,3,2,1,5,4,6,6,4,4,5,5,5,2,16,53,2,9,1,1,C03,7,6,1,10,8,11,,53,53,1,12,4,C03,120.70145,24.144055,2
829,66000,387130000C,(04)23274275,(04)23288582,2023,8,3,6,47,臺中市,北屯區,0,1,0,7,2,6,50,13,9,1,5,4,6,6,4,4,5,2,5,2,17,42,3,10,3,1,B03,7,15,1,8,2,2,,42,42,1,13,4,B03,120.665405,24.18621,2
830,66000,387130000C,(04)23274275,(04)23288582,2023,8,3,6,55,臺中市,大肚區,0,0,0,7,,,30,,,,,,,,,,,,,,2,59,,,,,C03,,,1,,2,,,59,,1,12,4,C03,120.566145,24.126519,4
831,66000,387130000C,(04)23274275,(04)23288582,2023,8,3,7,4,臺中市,梧棲區,0,0,0,7,,,40,,,,,,,,,,,,,,13,58,,,,,B03,,,1,,1,,,58,58,1,6,4,B03,120.534589,24.250407,3
832,66000,387130000C,(04)23274275,(04)23288582,2023,8,3,7,6,臺中市,東區,0,0,0,7,,,50,,,,,,,,,,,,,,,49,,,,,A41,,,1,,9,,,49,,2,12,4,A41,120.703863,24.129676,3
833,66000,387130000C,(04)23274275,(04)23288582,2023,8,3,7,7,臺中市,西屯區,0,0,0,7,,,50,,,,,,,,,,,,,,,86,,,,,B03,,,6,,11,,,86,,1,12,4,B03,120.64324,24.199591,3
834,66000,387130000C,(04)23274275,(04)23288582,2023,8,3,7,10,臺中市,大雅區,0,1,0,7,3,6,50,13,9,1,5,4,6,6,4,4,9,5,5,2,16,20,3,10,1,1,C03,7,1,1,10,2,11,,20,20,1,13,4,C03,120.635994,24.244416,2
835,66000,387130000C,(04)23274275,(04)23288582,2023,8,3,7,10,臺中市,北屯區,0,1,0,5,1,6,50,11,9,1,4,4,6,6,4,4,5,5,5,2,18,59,2,9,1,1,C03,7,5,1,10,9,14,,59,59,1,13,4,C03,120.74002,24.17897,2
836,66000,387130000C,(04)23274275,(04)23288582,2023,8,3,7,12,臺中市,北屯區,0,0,0,7,,,50,,,,,,,,,,,,,,12,1,,,,,B03,,,1,,1,,,1,,1,12,4,B03,120.683397,24.197849,3
837,66000,387130000C,(04)23274275,(04)23288582,2023,8,3,7,16,臺中市,南屯區,0,1,0,7,2,6,50,4,1,1,5,4,6,6,4,4,10,5,5,2,15,15,2,7,1,1,C03,7,9,1,10,1,11,,15,15,1,12,4,C03,120.615583,24.153239,2
838,66000,387130000C,(04)23274275,(04)23288582,2023,8,3,7,20,臺中市,中區,0,1,0,6,2,6,50,4,1,1,5,3,6,6,4,4,10,5,5,2,13,84,2,9,2,1,C03,7,9,1,10,2,11,,84,84,1,13,4,C03,120.677652,24.146061,2
839,66000,387130000C,(04)23274275,(04)23288582,2023,8,3,7,20,臺中市,東區,0,1,0,6,2,6,50,4,1,1,5,4,6,6,1,1,5,4,4,2,16,11,3,10,3,1,B03,7,6,1,8,2,6,,11,11,1,12,4,B03,120.706027,24.142738,2
840,66000,387130000C,(04)23274275,(04)23288582,2023,8,3,7,21,臺中市,南屯區,0,1,0,7,2,6,50,13,8,1,5,4,6,6,4,4,1,5,5,2,13,7,2,9,1,1,C03,7,9,1,10,2,11,,7,7,1,12,4,C03,120.614369,24.148099,2
841,66000,387130000C,(04)23274275,(04)23288582,2023,8,3,7,21,臺中市,大里區,0,1,0,7,3,6,50,13,9,1,5,4,6,6,4,4,5,5,5,1,17,4,2,9,2,1,C03,7,9,2,19,2,11,,4,4,1,13,4,C03,120.667805,24.083441,2
842,66000,387130000C,(04)23274275,(04)23288582,2023,8,3,7,21,臺中市,大里區,0,1,0,7,3,6,50,3,1,1,5,4,6,6,1,1,10,5,5,2,16,11,3,10,3,1,B03,7,6,5,19,2,5,,11,11,1,6,4,B03,120.697198,24.100726,2
843,66000,387130000C,(04)23274275,(04)23288582,2023,8,3,7,22,臺中市,太平區,0,1,0,6,3,6,50,3,1,1,5,4,6,6,4,4,5,5,5,1,3,10,3,10,2,1,C03,7,9,1,10,2,11,,10,10,1,12,4,C03,120.733499,24.154605,2
844,66000,387130000C,(04)23274275,(04)23288582,2023,8,3,7,24,臺中市,烏日區,0,0,0,7,,,60,,,,,,,,,,,,,,,8,,,,,B03,,,1,,2,,,8,,1,12,4,B03,120.636778,24.107216,3
845,66000,387130000C,(04)23274275,(04)23288582,2023,8,3,7,25,臺中市,東區,0,1,0,6,2,6,50,3,1,1,5,4,6,6,4,4,10,5,5,2,16,45,3,10,3,1,B03,7,11,1,8,2,8,,45,45,1,12,4,B03,120.694093,24.140124,2
846,66000,387130000C,(04)23274275,(04)23288582,2023,8,3,7,27,臺中市,大甲區,0,0,0,7,,,70,,,,,,,,,,,,,,13,7,,,,,B03,,,1,,1,,,7,,1,6,4,B03,120.640919,24.364752,3
847,66000,387130000C,(04)23274275,(04)23288582,2023,8,3,7,28,臺中市,霧峰區,0,1,0,6,2,6,40,13,11,1,4,4,6,6,1,1,1,4,4,1,17,59,2,9,5,4,C03,7,9,1,10,2,16,,59,59,1,6,4,C03,120.696304,24.02409,2
848,66000,387130000C,(04)23274275,(04)23288582,2023,8,3,7,29,臺中市,西屯區,0,1,0,7,2,6,50,4,19,1,5,4,6,6,2,1,1,4,4,2,3,10,3,10,5,4,B03,7,6,1,8,2,8,,10,10,1,12,4,B03,120.666868,24.173018,2
849,66000,387130000C,(04)23274275,(04)23288582,2023,8,3,7,30,臺中市,西屯區,0,1,0,6,2,6,50,4,1,1,5,4,6,6,2,1,10,5,5,2,16,21,2,9,2,1,C03,7,9,1,10,2,11,,21,21,1,13,4,C03,120.644164,24.201417,2
850,66000,387130000C,(04)23274275,(04)23288582,2023,8,3,7,30,臺中市,神岡區,0,1,0,7,1,6,50,13,9,1,5,4,6,6,4,4,5,4,4,2,17,20,2,9,1,1,F03,7,11,7,21,2,15,,20,20,1,12,4,F03,120.695581,24.236938,2
851,66000,387130000C,(04)23274275,(04)23288582,2023,8,3,7,32,臺中市,大里區,0,1,0,7,1,6,50,13,9,1,5,4,6,6,1,1,5,5,5,1,18,59,2,9,2,1,C03,7,9,1,10,2,14,,59,59,1,13,4,C03,120.695795,24.102332,2
852,66000,387130000C,(04)23274275,(04)23288582,2023,8,3,7,34,臺中市,南區,0,2,0,6,3,6,50,4,2,1,5,4,6,6,2,1,5,5,5,2,17,51,2,9,2,1,C03,7,1,1,10,2,11,,51,51,1,12,4,C03,120.666824,24.118595,2
853,66000,387130000C,(04)23274275,(04)23288582,2023,8,3,7,35,臺中市,神岡區,0,0,0,7,,,50,,,,,,,,,,,,,,13,59,,,,,B03,,,1,,2,,,59,,1,13,4,B03,120.674434,24.252135,3
854,66000,387130000C,(04)23274275,(04)23288582,2023,8,3,7,42,臺中市,龍井區,0,0,0,7,,,50,,,,,,,,,,,,,,,7,,,,,B03,,,1,,2,,,7,,1,6,4,B03,120.547659,24.192751,3
855,66000,387130000C,(04)23274275,(04)23288582,2023,8,3,7,43,臺中市,東勢區,0,0,0,7,,,60,,,,,,,,,,,,,,12,84,,,,,C03,,,1,,2,,,84,,1,13,4,C03,120.824511,24.2575,3
856,66000,387130000C,(04)23274275,(04)23288582,2023,8,3,7,44,臺中市,大里區,0,1,0,7,3,6,50,13,8,1,5,4,6,6,4,4,5,5,4,2,11,32,2,9,3,1,B03,7,11,1,8,2,8,,32,32,1,7,4,B03,120.692623,24.120185,2
857,66000,387130000C,(04)23274275,(04)23288582,2023,8,3,7,50,臺中市,豐原區,0,1,0,6,3,6,60,4,1,1,5,4,6,6,1,1,10,5,5,2,17,20,3,10,5,4,B03,7,11,1,8,2,4,,20,20,1,13,4,B03,120.703301,24.241665,2
858,66000,387130000C,(04)23274275,(04)23288582,2023,8,3,7,54,臺中市,西屯區,0,1,0,6,2,6,30,3,1,1,5,4,6,6,4,4,10,5,5,2,16,13,3,10,3,1,B12,7,6,1,5,2,8,,13,13,1,13,4,B12,120.644338,24.201987,2
859,66000,387130000C,(04)23274275,(04)23288582,2023,8,3,7,57,臺中市,西區,0,0,0,7,,,50,,,,,,,,,,,,,,,49,,,,,B03,,,1,,1,,,77,49,1,13,4,B03,120.666775,24.14814,3
860,66000,387130000C,(04)23274275,(04)23288582,2023,8,3,8,10,臺中市,西區,0,1,0,6,2,6,50,4,1,1,5,4,6,6,1,1,10,5,5,2,17,53,3,10,5,2,B02,7,6,1,8,6,5,,53,53,1,12,4,B02,120.663096,24.146699,2
861,66000,387130000C,(04)23274275,(04)23288582,2023,8,3,8,10,臺中市,南屯區,0,1,0,7,2,6,40,3,1,1,5,4,6,6,2,1,10,5,5,2,16,23,2,8,1,1,C03,7,6,1,10,2,12,,23,23,1,13,4,C03,120.597872,24.155393,2
862,66000,387130000C,(04)23274275,(04)23288582,2023,8,3,8,10,臺中市,豐原區,0,2,0,6,2,6,50,4,1,1,5,4,6,6,2,1,5,4,4,2,16,11,2,9,1,1,C03,7,6,1,10,2,11,,11,11,1,13,4,C03,120.714345,24.244955,2
863,66000,387130000C,(04)23274275,(04)23288582,2023,8,3,8,11,臺中市,西屯區,0,1,0,7,1,6,50,3,1,1,5,4,6,6,4,4,4,3,5,2,17,45,3,10,3,1,B01,7,11,1,8,2,8,,45,45,1,12,4,B01,120.642537,24.19635,2
864,66000,387130000C,(04)23274275,(04)23288582,2023,8,3,8,12,臺中市,北屯區,0,2,0,6,2,6,50,4,1,1,5,4,6,6,2,1,3,4,4,2,16,11,3,10,3,1,B03,7,6,1,8,2,5,,11,11,1,12,4,B03,120.68226,24.18544,2