序號,縣市別代碼,機關代碼,市話,傳真,年,月,日,時,分,縣市,區,死亡數量,受傷數量,2-30,天候,光線,道路類別,速限,道路型態,事故位置,路面鋪裝,路面狀態,路面缺陷,障礙物,視距,號誌種類,號誌動作,分向設施,快車道或一般車道間,快慢車道間,路面邊線,事故類型及型態,主要肇因,受傷程度,主要傷處,保護裝備,行動電話,當事者區分(類別),車輛用途,當事者行動狀態,駕駛資格情形,駕駛執照種類,飲酒情形,車輛撞擊部位最初,車輛撞擊部位其他,肇事因素個別,肇事因素主要,肇事逃逸,職業,旅次目的,車種,GPS座標X,GPS座標Y,事故類別
865,66000,387130000C,(04)23274275,(04)23288582,2023,8,3,8,14,臺中市,南區,0,1,0,7,3,6,50,13,9,1,5,4,6,6,2,1,3,4,4,2,17,87,2,9,5,4,F03,7,15,7,21,2,15,,54,87,1,12,4,F03,120.685038,24.12957,2
866,66000,387130000C,(04)23274275,(04)23288582,2023,8,3,8,18,臺中市,東區,0,3,0,6,2,6,50,5,1,1,5,4,6,6,1,1,5,5,4,2,16,11,2,9,1,1,C03,7,6,3,19,2,14,,11,11,1,12,4,C03,120.701039,24.14461,2
867,66000,387130000C,(04)23274275,(04)23288582,2023,8,3,8,19,臺中市,南屯區,0,1,0,7,2,6,50,13,8,1,5,4,6,6,4,4,1,3,4,2,16,20,3,10,3,1,B03,7,5,1,7,2,5,,20,20,1,12,4,B03,120.624669,24.144809,2
868,66000,387130000C,(04)23274275,(04)23288582,2023,8,3,8,22,臺中市,南屯區,0,0,0,7,,,50,,,,,,,,,,,,,,13,7,,,,,B12,,,1,,1,,,7,,1,6,4,B12,120.62512,24.149,3
869,66000,387130000C,(04)23274275,(04)23288582,2023,8,3,8,25,臺中市,外埔區,0,0,0,7,,,50,,,,,,,,,,,,,,13,59,,,,,B03,,,1,,2,,,59,,1,12,4,B03,120.658299,24.327311,3
870,66000,387130000C,(04)23274275,(04)23288582,2023,8,3,8,26,臺中市,西區,0,0,0,6,2,6,30,4,1,1,5,4,6,6,4,4,10,5,5,2,13,84,,,,,C03,,,1,,1,,,84,,1,13,4,C03,120.664585,24.152857,3
871,66000,387130000C,(04)23274275,(04)23288582,2023,8,3,8,26,臺中市,北區,0,0,0,7,,,50,,,,,,,,,,,,,,17,40,,,,,B03,,,1,,1,,,40,,1,12,4,B03,120.678279,24.14853,3
872,66000,387130000C,(04)23274275,(04)23288582,2023,8,3,8,29,臺中市,北區,0,1,0,7,2,6,40,13,8,1,5,4,1,6,4,4,1,4,4,2,9,61,3,10,1,2,C03,7,9,3,19,2,11,,61,61,1,13,4,C03,120.694595,24.158944,2
873,66000,387130000C,(04)23274275,(04)23288582,2023,8,3,8,30,臺中市,西區,0,0,0,7,,,50,,,,,,,,,,,,,,,50,,,,,B03,,,1,,1,,,50,,1,13,4,B03,120.675586,24.136363,3
874,66000,387130000C,(04)23274275,(04)23288582,2023,8,3,8,30,臺中市,大里區,0,2,0,7,1,6,50,5,1,1,5,4,6,6,4,4,5,5,5,1,17,14,2,9,2,1,C03,7,6,1,10,2,11,,14,14,1,13,4,C03,120.675143,24.102241,2
875,66000,387130000C,(04)23274275,(04)23288582,2023,8,3,8,32,臺中市,潭子區,0,0,0,7,,,1,,,,,,,,,,,,,,,51,,,,,F01,,,7,,2,,,51,,1,13,4,F01,120.709197,24.200796,3
876,66000,387130000C,(04)23274275,(04)23288582,2023,8,3,8,35,臺中市,北屯區,0,0,0,7,,,40,,,,,,,,,,,,,,,76,,,,,B01,,,1,,1,,,76,,1,12,4,B01,120.684041,24.179467,3
877,66000,387130000C,(04)23274275,(04)23288582,2023,8,3,8,35,臺中市,西屯區,0,0,0,7,,,40,,,,,,,,,,,,,,,8,,,,,B03,,,1,,2,,,8,,1,12,4,B03,120.647183,24.166178,3
878,66000,387130000C,(04)23274275,(04)23288582,2023,8,3,8,41,臺中市,豐原區,0,0,0,7,,,50,,,,,,,,,,,,,,12,8,,,,,B11,,,1,,2,,,8,,1,13,4,B11,120.728033,24.253394,3
879,66000,387130000C,(04)23274275,(04)23288582,2023,8,3,8,45,臺中市,太平區,0,1,0,6,3,6,50,3,2,1,5,4,6,6,1,1,10,5,5,2,17,84,2,9,3,1,B02,7,9,1,8,2,1,7,84,84,1,13,4,B02,120.733502,24.14619,2
880,66000,387130000C,(04)23274275,(04)23288582,2023,8,3,8,48,臺中市,西屯區,0,0,0,7,,,50,,,,,,,,,,,,,,,1,,,,,B03,,,5,,6,,,1,,1,13,4,B03,120.623757,24.177462,3
881,66000,387130000C,(04)23274275,(04)23288582,2023,8,3,8,50,臺中市,后里區,0,1,0,6,2,6,50,11,9,1,5,4,6,5,4,4,9,5,5,1,16,51,3,10,3,1,B03,7,1,1,8,2,1,,51,51,1,6,4,B03,120.704367,24.297281,2
882,66000,387130000C,(04)23274275,(04)23288582,2023,8,3,8,53,臺中市,東區,0,0,0,7,,,40,,,,,,,,,,,,,,,49,,,,,B12,,,1,,1,,,49,,1,12,4,B12,120.701185,24.12922,3
883,66000,387130000C,(04)23274275,(04)23288582,2023,8,3,8,53,臺中市,烏日區,0,0,0,7,,,70,,,,,,,,,,,,,,,59,,,,,B12,,,1,,2,,,59,59,1,6,4,B12,120.59435,24.112775,3
884,66000,387130000C,(04)23274275,(04)23288582,2023,8,3,8,54,臺中市,西屯區,0,1,0,6,2,6,40,3,7,1,5,4,6,6,1,1,5,5,4,2,16,45,3,10,5,4,C03,7,11,1,10,1,14,,45,45,1,12,4,C03,120.647119,24.16561,2
885,66000,387130000C,(04)23274275,(04)23288582,2023,8,3,8,56,臺中市,北屯區,0,0,0,7,,,50,,,,,,,,,,,,,,13,84,,,,,B12,,,1,,2,,,84,,1,12,4,B12,120.69545,24.166808,3
886,66000,387130000C,(04)23274275,(04)23288582,2023,8,3,9,0,臺中市,南區,0,0,0,7,,,40,,,,,,,,,,,,,,,85,,,,,B03,,,1,,1,,,85,,1,12,4,B03,120.682511,24.123414,3
887,66000,387130000C,(04)23274275,(04)23288582,2023,8,3,9,0,臺中市,大里區,0,1,0,7,3,6,30,4,1,1,5,4,6,6,4,4,10,5,5,2,15,12,3,10,3,1,B03,7,9,1,8,2,8,,12,12,1,6,4,B03,120.682415,24.105105,2
888,66000,387130000C,(04)23274275,(04)23288582,2023,8,3,9,6,臺中市,大里區,0,0,0,7,,,40,,,,,,,,,,,,,,,11,,,,,C03,,,1,,2,,,11,11,1,13,4,C03,120.698913,24.087893,3
889,66000,387130000C,(04)23274275,(04)23288582,2023,8,3,9,7,臺中市,西屯區,0,0,0,7,,,50,,,,,,,,,,,,,,12,84,,,,,B02,,,1,,9,,,84,,1,12,4,B02,120.63517,24.172264,3
890,66000,387130000C,(04)23274275,(04)23288582,2023,8,3,9,10,臺中市,沙鹿區,0,1,0,6,3,6,50,13,8,1,5,4,6,6,4,4,3,4,4,2,16,20,3,10,3,1,B03,7,5,1,8,2,5,,20,20,1,13,4,B03,120.563785,24.233279,2
891,66000,387130000C,(04)23274275,(04)23288582,2023,8,3,9,13,臺中市,西屯區,0,1,0,6,2,6,50,13,9,1,5,4,6,6,4,4,5,2,5,2,16,35,3,10,3,1,B03,7,8,1,8,2,4,,35,35,1,13,4,B03,120.633674,24.163969,2
892,66000,387130000C,(04)23274275,(04)23288582,2023,8,3,9,13,臺中市,太平區,0,0,0,7,,,30,,,,,,,,,,,,,,,49,,,,,A11,,,1,,2,,,49,,1,12,4,A11,120.71182,24.130544,3
893,66000,387130000C,(04)23274275,(04)23288582,2023,8,3,9,17,臺中市,北區,0,0,0,7,,,50,,,,,,,,,,,,,,13,7,,,,,B03,,,5,,2,,,7,,1,12,4,B03,120.671897,24.166763,3
894,66000,387130000C,(04)23274275,(04)23288582,2023,8,3,9,23,臺中市,西屯區,0,0,0,7,,,50,,,,,,,,,,,,,,14,49,,,,,B12,,,1,,1,,,49,,1,13,4,B12,120.595722,24.166571,3
895,66000,387130000C,(04)23274275,(04)23288582,2023,8,3,9,35,臺中市,南屯區,0,1,0,7,2,6,50,4,1,1,5,4,6,6,4,4,10,5,5,2,16,59,3,10,3,1,B03,7,6,1,8,2,8,,59,59,1,12,4,B03,120.613036,24.152123,2
896,66000,387130000C,(04)23274275,(04)23288582,2023,8,3,9,35,臺中市,北屯區,0,0,0,7,,,50,,,,,,,,,,,,,,13,7,,,,,B03,,,1,,1,,,7,,1,12,4,B03,120.68847,24.201012,3
897,66000,387130000C,(04)23274275,(04)23288582,2023,8,3,9,47,臺中市,梧棲區,0,2,0,7,2,6,30,4,1,1,5,4,6,6,4,4,10,5,5,2,15,12,2,9,2,1,C03,7,9,1,10,2,14,,12,12,1,6,4,C03,120.543963,24.253286,2
898,66000,387130000C,(04)23274275,(04)23288582,2023,8,3,9,49,臺中市,北屯區,0,1,0,7,2,6,50,4,2,1,5,4,6,6,1,1,4,5,5,2,15,21,2,9,2,1,C03,7,9,1,10,2,11,,21,21,1,12,4,C03,120.671709,24.178327,2
899,66000,387130000C,(04)23274275,(04)23288582,2023,8,3,9,50,臺中市,北屯區,0,0,0,7,,,50,,,,,,,,,,,,,,,84,,,,,A12,,9,1,6,2,3,,84,84,1,6,4,A12,120.683871,24.180158,3
900,66000,387130000C,(04)23274275,(04)23288582,2023,8,3,9,50,臺中市,烏日區,0,1,0,7,2,6,30,3,2,1,5,4,6,6,4,4,10,5,5,2,27,84,2,7,3,1,B12,7,9,1,8,2,1,,84,84,1,12,4,B12,120.633308,24.071854,2
901,66000,387130000C,(04)23274275,(04)23288582,2023,8,3,9,54,臺中市,北屯區,0,0,0,7,,,30,,,,,,,,,,,,,,,51,,,,,C03,,,1,,2,,,51,,1,12,4,C03,120.698206,24.169358,3
902,66000,387130000C,(04)23274275,(04)23288582,2023,8,3,9,55,臺中市,神岡區,0,0,0,7,,,50,,,,,,,,,,,,,,9,59,,,,,B03,,,1,,2,,,59,59,1,6,4,B03,120.695415,24.248224,3
903,66000,387130000C,(04)23274275,(04)23288582,2023,8,3,10,0,臺中市,南屯區,0,1,0,7,2,6,50,13,7,1,5,4,6,6,4,4,5,4,5,2,14,49,3,10,3,1,B03,7,2,1,8,2,3,,49,49,1,13,4,B03,120.64456,24.137828,2
904,66000,387130000C,(04)23274275,(04)23288582,2023,8,3,10,12,臺中市,北屯區,0,1,0,6,3,6,50,4,1,1,5,4,6,6,1,1,10,5,5,2,16,25,3,10,5,4,B12,7,6,1,7,2,2,,25,25,1,13,4,B12,120.694236,24.171228,2
905,66000,387130000C,(04)23274275,(04)23288582,2023,8,3,10,14,臺中市,大甲區,0,1,0,7,1,6,50,4,1,1,5,4,6,6,4,4,10,5,5,2,15,12,3,10,3,1,B03,7,9,1,8,2,5,,12,20,1,6,4,B03,120.629752,24.34291,2
906,66000,387130000C,(04)23274275,(04)23288582,2023,8,3,10,20,臺中市,潭子區,0,0,0,7,,,30,,,,,,,,,,,,,,,59,,,,,A12,,,1,,2,,,59,,1,13,4,A12,120.715354,24.20476,3
907,66000,387130000C,(04)23274275,(04)23288582,2023,8,3,10,24,臺中市,太平區,0,1,0,6,2,6,50,3,1,1,5,4,6,6,4,4,10,5,5,2,3,49,3,10,3,1,B03,7,2,1,7,2,3,,49,49,1,6,4,B03,120.728663,24.153121,2
908,66000,387130000C,(04)23274275,(04)23288582,2023,8,3,10,25,臺中市,霧峰區,0,0,0,7,,,50,,,,,,,,,,,,,,,90,,,,,B03,,,1,,2,,,90,,1,12,4,B03,120.700026,24.074599,3
909,66000,387130000C,(04)23274275,(04)23288582,2023,8,3,10,34,臺中市,西屯區,0,1,0,7,1,6,50,4,1,1,5,4,6,6,1,1,4,3,5,2,17,20,3,10,3,1,B12,7,6,1,8,2,5,,20,20,1,12,4,B12,120.65517,24.164116,2
910,66000,387130000C,(04)23274275,(04)23288582,2023,8,3,10,35,臺中市,北區,0,1,0,6,3,6,50,13,9,1,5,4,6,6,4,4,7,5,5,2,16,40,3,10,5,4,B02,7,9,1,8,2,2,,59,40,1,13,4,B02,120.668484,24.16526,2
911,66000,387130000C,(04)23274275,(04)23288582,2023,8,3,10,42,臺中市,太平區,0,0,0,7,,,40,,,,,,,,,,,,,,9,51,,,,,B03,,,1,,2,,,51,,1,12,4,B03,120.716874,24.158766,3
912,66000,387130000C,(04)23274275,(04)23288582,2023,8,3,10,46,臺中市,北區,0,2,0,7,3,6,50,4,1,1,5,4,6,6,4,4,10,5,5,2,15,15,2,9,1,1,C03,7,9,1,10,2,12,,15,15,1,12,4,C03,120.679317,24.16743,2
913,66000,387130000C,(04)23274275,(04)23288582,2023,8,3,10,46,臺中市,太平區,0,0,0,7,,,50,,,,,,,,,,,,,,,7,,,,,B03,,,1,,2,,,7,,1,12,4,B03,120.732018,24.13906,3
914,66000,387130000C,(04)23274275,(04)23288582,2023,8,3,10,53,臺中市,潭子區,0,0,0,7,,,30,,,,,,,,,,,,,,,43,,,,,B03,,,1,,1,,,43,,2,12,4,B03,120.67582,24.203458,3
915,66000,387130000C,(04)23274275,(04)23288582,2023,8,3,10,58,臺中市,北區,0,0,0,7,,,50,,,,,,,,,,,,,,,7,,,,,C03,,,1,,1,,,7,,1,13,4,C03,120.673148,24.166865,3
916,66000,387130000C,(04)23274275,(04)23288582,2023,8,3,10,58,臺中市,西屯區,0,0,0,7,,,50,,,,,,,,,,,,,,,87,,,,,B03,,,1,,2,,,87,,1,12,4,B03,120.666059,24.171128,3
917,66000,387130000C,(04)23274275,(04)23288582,2023,8,3,10,58,臺中市,西屯區,0,1,0,6,2,6,50,4,1,1,5,4,6,6,4,4,10,5,5,2,17,14,3,10,5,4,C03,7,5,1,10,2,12,,14,14,1,12,4,C03,120.654243,24.169796,2
918,66000,387130000C,(04)23274275,(04)23288582,2023,8,3,11,0,臺中市,東區,0,1,0,7,3,6,50,4,1,1,5,4,6,6,2,1,5,4,4,2,12,11,3,10,3,1,B03,7,5,1,8,2,2,,11,11,1,6,4,B03,120.689699,24.1328,2
919,66000,387130000C,(04)23274275,(04)23288582,2023,8,3,11,0,臺中市,北屯區,0,0,0,7,,,50,,,,,,,,,,,,,,13,59,,,,,B03,,,1,,2,,,59,59,1,12,4,B03,120.684084,24.172353,3
920,66000,387130000C,(04)23274275,(04)23288582,2023,8,3,11,0,臺中市,神岡區,0,3,0,7,2,6,50,4,1,1,5,4,6,6,1,1,10,5,5,2,13,7,2,9,2,1,C03,7,9,1,11,2,11,,7,7,1,13,4,C03,120.696095,24.248364,2
921,66000,387130000C,(04)23274275,(04)23288582,2023,8,3,11,2,臺中市,東區,0,1,0,7,3,6,50,4,9,1,5,4,6,6,1,1,5,5,5,2,16,11,3,10,5,4,B03,7,5,1,8,2,6,,11,11,1,13,4,B03,120.709158,24.144452,2
922,66000,387130000C,(04)23274275,(04)23288582,2023,8,3,11,2,臺中市,西屯區,0,1,0,7,1,6,50,13,9,1,5,4,6,6,4,4,1,3,5,2,17,40,2,9,1,1,C03,7,8,1,10,5,11,,40,40,1,12,4,C03,120.651062,24.165307,2
923,66000,387130000C,(04)23274275,(04)23288582,2023,8,3,11,5,臺中市,西屯區,0,0,0,7,,,40,,,,,,,,,,,,,,9,50,,,,,C03,,,1,,1,,,50,,1,12,4,C03,120.667377,24.178188,3
924,66000,387130000C,(04)23274275,(04)23288582,2023,8,3,11,6,臺中市,南屯區,0,1,0,6,2,6,0,18,9,4,5,4,6,6,4,4,10,5,5,2,16,26,2,9,2,1,C03,7,9,1,10,2,12,14,26,26,1,12,4,C03,120.635147,24.121433,2
925,66000,387130000C,(04)23274275,(04)23288582,2023,8,3,11,6,臺中市,大里區,0,1,0,6,1,6,50,13,9,1,5,4,6,6,1,1,5,5,5,1,1,10,3,10,3,1,B03,7,6,1,8,2,15,,10,10,1,12,4,B03,120.688392,24.106465,2
926,66000,387130000C,(04)23274275,(04)23288582,2023,8,3,11,9,臺中市,大雅區,0,1,0,7,1,6,50,4,1,1,5,4,6,6,1,1,1,4,5,1,17,84,2,9,2,1,C03,7,9,1,10,2,11,,84,84,1,13,4,C03,120.650217,24.212033,2
927,66000,387130000C,(04)23274275,(04)23288582,2023,8,3,11,10,臺中市,南屯區,0,0,0,7,,,40,,,,,,,,,,,,,,,7,,,,,B03,,,1,,1,,,7,,1,13,4,B03,120.623312,24.149803,3
928,66000,387130000C,(04)23274275,(04)23288582,2023,8,3,11,20,臺中市,豐原區,0,0,0,7,,,50,,,,,,,,,,,,,,17,50,,,,,B01,,,1,,2,,,50,,1,6,4,B01,120.712374,24.252046,3
929,66000,387130000C,(04)23274275,(04)23288582,2023,8,3,11,21,臺中市,中區,0,0,0,7,,,50,,,,,,,,,,,,,,17,84,,,,,B02,,,1,,2,,,84,,1,12,4,B02,120.678998,24.142746,3
930,66000,387130000C,(04)23274275,(04)23288582,2023,8,3,11,23,臺中市,北屯區,0,0,0,5,,,50,,,,,,,,,,,,,,,49,,,,,B03,,,1,,1,,,49,,1,12,4,B03,120.685677,24.171428,3
931,66000,387130000C,(04)23274275,(04)23288582,2023,8,3,11,23,臺中市,西屯區,0,0,0,7,,,50,,,,,,,,,,,,,,13,84,,,,,B03,,,1,,2,,,84,84,1,13,4,B03,120.602808,24.184024,3
932,66000,387130000C,(04)23274275,(04)23288582,2023,8,3,11,27,臺中市,豐原區,0,2,0,6,3,6,50,4,1,1,5,4,6,6,2,1,10,5,5,2,17,7,2,9,5,4,C03,7,5,1,10,2,11,,7,7,1,13,4,C03,120.720863,24.251737,2
933,66000,387130000C,(04)23274275,(04)23288582,2023,8,3,11,28,臺中市,沙鹿區,0,1,0,7,2,6,50,13,7,1,5,4,6,6,1,1,1,2,1,1,21,59,2,9,3,1,B03,7,7,1,8,2,1,,59,59,1,12,4,B03,120.56891,24.202645,2
934,66000,387130000C,(04)23274275,(04)23288582,2023,8,3,11,29,臺中市,南屯區,0,1,0,6,2,6,50,4,1,1,5,4,6,6,2,1,5,4,5,2,13,59,2,8,1,1,C03,7,9,1,10,1,11,,59,59,1,12,4,C03,120.637724,24.142453,2
935,66000,387130000C,(04)23274275,(04)23288582,2023,8,3,11,39,臺中市,東區,0,0,0,6,2,6,50,13,7,1,5,4,6,6,4,4,5,5,4,2,13,59,3,10,3,1,B03,7,9,1,8,2,1,,59,59,1,12,4,B03,120.699636,24.138704,3
936,66000,387130000C,(04)23274275,(04)23288582,2023,8,3,11,45,臺中市,西屯區,0,1,0,7,3,6,40,13,8,1,5,4,6,6,4,4,5,5,4,2,17,84,2,9,1,1,C04,7,15,1,11,1,14,,84,84,1,12,4,C04,120.667858,24.178085,2
937,66000,387130000C,(04)23274275,(04)23288582,2023,8,3,11,53,臺中市,大雅區,0,1,0,7,3,6,60,13,9,1,5,4,6,6,4,4,3,4,4,1,17,51,3,10,3,1,B03,7,1,1,8,2,16,,51,51,1,13,4,B03,120.648785,24.217638,2
938,66000,387130000C,(04)23274275,(04)23288582,2023,8,3,11,54,臺中市,神岡區,0,1,0,7,1,6,50,13,9,1,5,4,6,6,4,4,5,4,5,1,17,84,2,9,1,1,C03,7,9,1,10,2,11,,84,84,1,6,4,C03,120.65924,24.274791,2
939,66000,387130000C,(04)23274275,(04)23288582,2023,8,3,11,57,臺中市,南屯區,0,0,0,7,,,50,,,,,,,,,,,,,,12,119,,,,,,,,,,,,,119,,1,,,,120.653684,24.132179,3
940,66000,387130000C,(04)23274275,(04)23288582,2023,8,3,11,57,臺中市,豐原區,0,0,0,7,,,50,,,,,,,,,,,,,,12,27,,,,,B11,,,1,,2,,,27,,1,13,4,B11,120.716502,24.249312,3
941,66000,387130000C,(04)23274275,(04)23288582,2023,8,3,11,58,臺中市,烏日區,0,1,0,7,2,6,40,11,8,1,5,4,6,6,4,4,10,5,1,1,23,84,2,9,2,4,C03,7,9,1,10,2,15,,84,84,1,12,4,C03,120.586314,24.111872,2
942,66000,387130000C,(04)23274275,(04)23288582,2023,8,3,12,0,臺中市,西屯區,0,1,0,6,3,6,50,4,2,1,5,4,6,6,1,1,9,4,5,2,13,7,2,9,1,1,C03,7,9,1,10,1,11,,7,7,1,13,4,C03,120.632569,24.182855,2
943,66000,387130000C,(04)23274275,(04)23288582,2023,8,3,12,10,臺中市,南屯區,0,1,0,7,2,6,30,3,1,1,5,4,6,6,4,4,10,5,5,2,13,59,3,10,3,1,B03,7,6,1,8,2,8,,59,59,1,13,4,B03,120.623427,24.154483,2
944,66000,387130000C,(04)23274275,(04)23288582,2023,8,3,12,11,臺中市,梧棲區,0,2,0,7,2,6,70,4,2,1,5,4,6,6,1,1,1,4,5,1,13,7,3,10,3,1,B03,7,9,1,8,2,1,,7,7,1,12,4,B03,120.536045,24.249973,2
945,66000,387130000C,(04)23274275,(04)23288582,2023,8,3,12,13,臺中市,西屯區,0,0,0,7,,,50,,,,,,,,,,,,,,13,7,,,,,C03,,,1,,2,,,7,7,1,12,4,C03,120.639365,24.159407,3
946,66000,387130000C,(04)23274275,(04)23288582,2023,8,3,12,16,臺中市,太平區,0,0,0,7,,,50,,,,,,,,,,,,,,,7,,,,,B03,,,1,,2,,,7,,1,13,4,B03,120.710643,24.115693,3
947,66000,387130000C,(04)23274275,(04)23288582,2023,8,3,12,17,臺中市,清水區,0,0,0,7,,,50,,,,,,,,,,,,,,,84,,,,,C03,,,1,,2,,,84,,1,12,4,C03,120.575422,24.268497,3
948,66000,387130000C,(04)23274275,(04)23288582,2023,8,3,12,18,臺中市,北屯區,0,0,0,7,,,50,,,,,,,,,,,,,,,84,,,,,A11,,,1,,1,,,84,,1,6,4,A11,120.686697,24.195684,3
949,66000,387130000C,(04)23274275,(04)23288582,2023,8,3,12,20,臺中市,西屯區,0,0,0,7,,,50,,,,,,,,,,,,,,,49,,,,,A11,,,1,,2,,,49,,1,13,4,A11,120.601305,24.160605,3
950,66000,387130000C,(04)23274275,(04)23288582,2023,8,3,12,21,臺中市,北屯區,0,0,0,7,,,50,,,,,,,,,,,,,,13,59,,,,,B12,,,1,,1,,,59,,1,13,4,B12,120.690875,24.171452,3
951,66000,387130000C,(04)23274275,(04)23288582,2023,8,3,12,22,臺中市,潭子區,0,0,0,7,,,60,,,,,,,,,,,,,,,94,,,,,B03,,,3,,2,,,94,,1,12,4,B03,120.686907,24.209388,3
952,66000,387130000C,(04)23274275,(04)23288582,2023,8,3,12,23,臺中市,豐原區,0,0,0,7,,,50,,,,,,,,,,,,,,13,7,,,,,B03,,,1,,2,,,7,,1,12,4,B03,120.710168,24.25023,3
953,66000,387130000C,(04)23274275,(04)23288582,2023,8,3,12,26,臺中市,潭子區,0,0,0,6,,,80,,,,,,,,,,,,,,,81,,,,,A32,,,1,,2,,,81,,1,13,4,A32,120.696555,24.201,3
954,66000,387130000C,(04)23274275,(04)23288582,2023,8,3,12,27,臺中市,南區,0,0,0,7,,,50,,,,,,,,,,,,,,,7,,,,,B03,,,1,,2,,,7,,1,6,4,B03,120.665714,24.116084,3
955,66000,387130000C,(04)23274275,(04)23288582,2023,8,3,12,28,臺中市,太平區,0,0,0,7,,,30,,,,,,,,,,,,,,24,49,,,,,B03,,,5,,9,,,49,,2,12,4,B03,120.728686,24.150141,3
956,66000,387130000C,(04)23274275,(04)23288582,2023,8,3,12,30,臺中市,西區,0,1,0,7,1,6,30,4,1,1,5,4,6,6,4,4,10,5,5,2,18,43,2,9,1,1,C03,7,9,1,10,1,12,,43,43,1,12,4,C03,120.6582,24.149628,2
957,66000,387130000C,(04)23274275,(04)23288582,2023,8,3,12,33,臺中市,西屯區,0,2,0,7,2,6,30,4,1,1,5,4,6,6,4,4,10,5,5,2,15,15,2,9,1,1,C03,7,9,1,10,2,11,,15,15,1,13,4,C03,120.615551,24.177764,2
958,66000,387130000C,(04)23274275,(04)23288582,2023,8,3,12,34,臺中市,西屯區,0,0,0,7,,,60,,,,,,,,,,,,,,12,40,,,,,B03,,,1,,1,,,40,,1,13,4,B03,120.646454,24.164454,3
959,66000,387130000C,(04)23274275,(04)23288582,2023,8,3,12,37,臺中市,大里區,0,3,0,7,2,6,50,5,1,1,5,4,6,6,1,1,10,5,5,2,17,11,2,9,5,4,C03,7,6,5,19,2,12,,11,11,1,6,4,C03,120.70065,24.093798,2
960,66000,387130000C,(04)23274275,(04)23288582,2023,8,3,12,44,臺中市,大雅區,0,1,0,7,1,6,30,13,9,1,5,4,6,6,4,4,10,5,5,1,11,41,2,9,1,1,C03,7,4,1,10,2,11,,41,41,1,12,4,C03,120.663851,24.223869,2
961,66000,387130000C,(04)23274275,(04)23288582,2023,8,3,12,44,臺中市,北區,0,1,0,6,3,6,50,5,2,1,5,4,6,6,2,1,3,2,3,1,16,21,2,9,5,4,C03,7,9,1,10,2,12,,21,21,1,13,4,C03,120.677303,24.151254,2
962,66000,387130000C,(04)23274275,(04)23288582,2023,8,3,12,45,臺中市,西區,0,1,0,5,2,6,50,4,1,1,4,4,6,6,1,1,10,5,5,2,17,11,3,10,3,1,B03,7,6,1,8,2,1,,11,11,1,12,4,B03,120.666629,24.147878,2
963,66000,387130000C,(04)23274275,(04)23288582,2023,8,3,12,45,臺中市,太平區,0,2,0,6,2,6,30,3,1,1,5,4,6,6,4,4,10,5,5,2,17,51,2,9,1,1,C03,7,1,1,10,2,14,,51,51,1,12,4,C03,120.709767,24.1515,2
964,66000,387130000C,(04)23274275,(04)23288582,2023,8,3,12,45,臺中市,烏日區,0,0,0,7,,,30,,,,,,,,,,,,,,14,49,,,,,B03,,,1,,2,,,49,,1,12,4,B03,120.624945,24.106939,3
965,66000,387130000C,(04)23274275,(04)23288582,2023,8,3,12,50,臺中市,北屯區,0,1,0,7,2,6,50,3,1,1,5,4,6,6,1,1,10,5,5,2,17,21,2,9,1,1,C03,7,9,1,10,2,14,,21,21,1,12,4,C03,120.689327,24.201289,2
966,66000,387130000C,(04)23274275,(04)23288582,2023,8,3,12,50,臺中市,霧峰區,0,0,0,7,,,40,,,,,,,,,,,,,,,43,,,,,B03,,,1,,2,,,43,,1,13,4,B03,120.699805,24.066836,3
967,66000,387130000C,(04)23274275,(04)23288582,2023,8,3,12,51,臺中市,西屯區,0,0,0,7,,,30,,,,,,,,,,,,,,,49,,,,,B03,,,1,,1,,,49,,1,12,4,B03,120.589749,24.169111,3
968,66000,387130000C,(04)23274275,(04)23288582,2023,8,3,12,55,臺中市,南區,0,0,0,7,,,50,,,,,,,,,,,,,,13,7,,,,,E03,,,1,,2,,,7,,1,12,4,E03,120.649505,24.120888,3
969,66000,387130000C,(04)23274275,(04)23288582,2023,8,3,13,3,臺中市,太平區,0,0,0,7,,,50,,,,,,,,,,,,,,27,59,,,,,B03,,,1,,2,,,59,,1,8,4,B03,120.705715,24.161757,3
970,66000,387130000C,(04)23274275,(04)23288582,2023,8,3,13,9,臺中市,西屯區,0,0,0,7,,,50,,,,,,,,,,,,,,,7,,,,,B03,,,1,,1,,,7,,1,13,4,B03,120.633859,24.17324,3
971,66000,387130000C,(04)23274275,(04)23288582,2023,8,3,13,15,臺中市,大里區,0,0,0,7,,,50,,,,,,,,,,,,,,13,59,,,,,B03,,,1,,2,,,59,59,1,6,4,B03,120.689631,24.115402,3
972,66000,387130000C,(04)23274275,(04)23288582,2023,8,3,13,18,臺中市,西屯區,0,0,0,7,,,50,,,,,,,,,,,,,,,84,,,,,C03,,,1,,2,,,84,,1,12,4,C03,120.63633,24.181924,3
973,66000,387130000C,(04)23274275,(04)23288582,2023,8,3,13,25,臺中市,北屯區,0,0,0,5,,,50,,,,,,,,,,,,,,,59,,,,,B03,,,1,,1,,,59,,1,12,4,B03,120.7096,24.176007,3
974,66000,387130000C,(04)23274275,(04)23288582,2023,8,3,13,29,臺中市,北屯區,0,2,0,7,2,6,30,4,1,1,5,4,6,6,4,4,10,5,5,2,15,85,2,9,1,1,C03,7,9,3,19,2,11,,85,85,1,12,4,C03,120.677271,24.188051,2