序號,縣市別代碼,機關代碼,市話,傳真,年,月,日,時,分,縣市,區,死亡數量,受傷數量,2-30,天候,光線,道路類別,速限,道路型態,事故位置,路面鋪裝,路面狀態,路面缺陷,障礙物,視距,號誌種類,號誌動作,分向設施,快車道或一般車道間,快慢車道間,路面邊線,事故類型及型態,主要肇因,受傷程度,主要傷處,保護裝備,行動電話,當事者區分(類別),車輛用途,當事者行動狀態,駕駛資格情形,駕駛執照種類,飲酒情形,車輛撞擊部位最初,車輛撞擊部位其他,肇事因素個別,肇事因素主要,肇事逃逸,職業,旅次目的,車種,GPS座標X,GPS座標Y,事故類別
975,66000,387130000C,(04)23274275,(04)23288582,2023,8,3,13,30,臺中市,西屯區,0,1,0,6,2,6,30,4,1,1,5,4,6,6,4,4,10,5,5,2,15,20,3,10,5,4,C03,7,9,1,10,2,12,,20,20,1,12,4,C03,120.644169,24.180402,2
976,66000,387130000C,(04)23274275,(04)23288582,2023,8,3,13,35,臺中市,東區,0,0,0,7,,,40,,,,,,,,,,,,,,,49,,,,,C03,,,1,,2,,,49,,1,12,4,C03,120.698586,24.138999,3
977,66000,387130000C,(04)23274275,(04)23288582,2023,8,3,13,45,臺中市,西區,0,1,0,7,2,6,50,4,1,1,5,4,6,6,1,1,10,5,5,2,16,11,3,10,3,1,B03,7,5,1,8,2,5,,11,11,1,13,4,B03,120.674723,24.132807,2
978,66000,387130000C,(04)23274275,(04)23288582,2023,8,3,13,48,臺中市,大里區,0,1,0,6,1,6,50,5,1,1,5,4,6,6,4,4,10,5,5,2,17,15,3,10,1,1,C03,7,9,1,10,2,12,,15,15,1,13,4,C03,120.700494,24.108824,2
979,66000,387130000C,(04)23274275,(04)23288582,2023,8,3,13,50,臺中市,東區,0,0,0,7,,,50,,,,,,,,,,,,,,14,50,,,,,B03,,,1,,2,,,50,,1,13,4,B03,120.708164,24.136037,3
980,66000,387130000C,(04)23274275,(04)23288582,2023,8,3,13,50,臺中市,西屯區,0,0,0,6,,,50,,,,,,,,,,,,,,13,7,,,,,A02,,,1,,2,,,7,,1,13,4,A02,120.637913,24.170072,3
981,66000,387130000C,(04)23274275,(04)23288582,2023,8,3,13,50,臺中市,龍井區,0,1,0,7,3,6,30,13,9,1,5,4,6,6,4,4,10,5,5,2,18,84,2,8,5,4,C03,7,9,3,19,2,12,,84,84,1,12,4,C03,120.544535,24.180674,2
982,66000,387130000C,(04)23274275,(04)23288582,2023,8,3,13,53,臺中市,烏日區,0,1,0,6,2,6,50,4,1,1,5,4,6,6,2,1,1,2,5,1,16,26,2,9,2,1,C03,7,9,1,10,2,14,,26,26,1,12,4,C03,120.648619,24.093416,2
983,66000,387130000C,(04)23274275,(04)23288582,2023,8,3,13,54,臺中市,中區,0,2,0,7,3,6,50,4,1,1,5,4,6,6,4,4,10,5,5,2,15,15,2,9,2,1,C03,7,9,1,10,2,11,,15,15,1,13,4,C03,120.680998,24.137987,2
984,66000,387130000C,(04)23274275,(04)23288582,2023,8,3,13,54,臺中市,西屯區,0,0,0,7,,,50,,,,,,,,,,,,,,17,51,,,,,B03,,,1,,2,,,51,,1,13,4,B03,120.656588,24.163604,3
985,66000,387130000C,(04)23274275,(04)23288582,2023,8,3,13,58,臺中市,豐原區,0,0,0,7,,,50,,,,,,,,,,,,,,,7,,,,,B03,,,1,,2,,,7,,1,13,4,B03,120.726329,24.24571,3
986,66000,387130000C,(04)23274275,(04)23288582,2023,8,3,14,0,臺中市,西區,0,0,0,7,,,50,,,,,,,,,,,,,,,84,,,,,B12,,,1,,1,,,84,,1,6,4,B12,120.667056,24.141498,3
987,66000,387130000C,(04)23274275,(04)23288582,2023,8,3,14,0,臺中市,北屯區,0,0,0,7,,,50,,,,,,,,,,,,,,17,84,,,,,B12,,,1,,1,,,84,,1,12,4,B12,120.711869,24.182278,4
988,66000,387130000C,(04)23274275,(04)23288582,2023,8,3,14,6,臺中市,東區,0,2,0,6,2,6,50,4,1,1,5,4,6,6,1,1,5,5,5,2,13,59,3,10,3,1,A11,7,9,1,3,2,1,,59,59,1,6,4,A11,120.702423,24.140294,2
989,66000,387130000C,(04)23274275,(04)23288582,2023,8,3,14,16,臺中市,北屯區,0,0,0,6,,,50,,,,,,,,,,,,,,,7,,,,,C03,,9,1,10,1,11,,7,7,1,12,4,C03,120.705423,24.166673,3
990,66000,387130000C,(04)23274275,(04)23288582,2023,8,3,14,18,臺中市,南區,0,0,0,7,,,50,,,,,,,,,,,,,,,51,,,,,B03,,,1,,2,,,51,,1,12,4,B03,120.68297,24.119327,3
991,66000,387130000C,(04)23274275,(04)23288582,2023,8,3,14,21,臺中市,南屯區,0,1,0,7,3,6,50,3,1,1,5,4,6,6,4,4,10,5,5,2,16,12,3,10,5,4,B03,7,5,1,8,2,1,,12,12,1,12,4,B03,120.636627,24.154458,2
992,66000,387130000C,(04)23274275,(04)23288582,2023,8,3,14,26,臺中市,南區,0,1,0,7,3,6,40,13,8,1,5,4,6,6,1,1,3,4,4,2,17,7,3,10,5,4,C03,7,9,1,10,2,11,,7,7,1,12,4,C03,120.663368,24.121688,2
993,66000,387130000C,(04)23274275,(04)23288582,2023,8,3,14,27,臺中市,西屯區,0,0,0,7,,,50,,,,,,,,,,,,,,,47,,,,,B03,,,1,,9,,,47,,1,12,4,B03,120.62447,24.178986,3
994,66000,387130000C,(04)23274275,(04)23288582,2023,8,3,14,35,臺中市,太平區,0,0,0,7,,,50,,,,,,,,,,,,,,,7,,,,,B03,,,1,,2,,,7,,1,13,4,B03,120.718217,24.104432,3
995,66000,387130000C,(04)23274275,(04)23288582,2023,8,3,14,40,臺中市,龍井區,0,0,0,7,,,30,,,,,,,,,,,,,,14,49,,,,,B03,,,1,,2,,,49,,1,13,4,B03,120.585004,24.181181,3
996,66000,387130000C,(04)23274275,(04)23288582,2023,8,3,14,45,臺中市,大雅區,0,0,0,7,1,6,30,13,9,1,5,4,6,6,4,4,10,5,5,1,30,59,,,,,B03,,,1,,2,,,59,,1,13,4,B03,120.66412,24.225973,3
997,66000,387130000C,(04)23274275,(04)23288582,2023,8,3,14,45,臺中市,清水區,0,1,0,7,2,6,50,13,9,1,5,4,6,6,4,4,8,4,5,2,17,53,2,9,1,1,C03,7,9,1,10,8,11,,53,53,1,12,4,C03,120.634977,24.272095,2
998,66000,387130000C,(04)23274275,(04)23288582,2023,8,3,14,47,臺中市,西屯區,0,0,0,7,,,40,,,,,,,,,,,,,,,84,,,,,B03,,,1,,1,,,84,,1,12,4,B03,120.632545,24.170095,3
999,66000,387130000C,(04)23274275,(04)23288582,2023,8,3,14,51,臺中市,大雅區,0,0,0,7,,,50,,,,,,,,,,,,,,17,8,,,,,B03,,,1,,2,,,8,,1,12,4,B03,120.65097,24.216655,3
1000,66000,387130000C,(04)23274275,(04)23288582,2023,8,3,14,53,臺中市,南屯區,0,0,0,7,,,50,,,,,,,,,,,,,,,87,,,,,B03,,,1,,9,,,87,,1,13,4,B03,120.637901,24.150198,3
1001,66000,387130000C,(04)23274275,(04)23288582,2023,8,3,14,56,臺中市,西區,0,2,0,7,2,6,50,4,1,1,5,4,6,6,1,1,10,5,5,2,13,7,2,9,1,1,C03,7,9,1,10,2,11,,7,7,1,12,4,C03,120.661561,24.152168,2
1002,66000,387130000C,(04)23274275,(04)23288582,2023,8,3,14,59,臺中市,西屯區,0,1,0,6,2,6,50,3,2,1,5,4,6,6,2,1,5,5,4,2,17,40,2,9,2,1,C03,7,8,1,10,2,13,,40,40,1,6,4,C03,120.65882,24.16365,2
1003,66000,387130000C,(04)23274275,(04)23288582,2023,8,3,15,0,臺中市,西區,0,1,0,7,2,6,50,4,1,1,5,4,6,6,4,4,10,5,5,2,17,20,3,10,1,1,C03,7,9,3,19,2,11,,20,20,1,12,4,C03,120.660181,24.147858,2
1004,66000,387130000C,(04)23274275,(04)23288582,2023,8,3,15,0,臺中市,太平區,0,1,0,6,2,6,50,13,9,1,5,4,6,6,4,4,5,5,5,1,13,7,3,10,1,1,C03,7,9,1,10,2,11,,7,7,1,6,4,C03,120.748909,24.125168,2
1005,66000,387130000C,(04)23274275,(04)23288582,2023,8,3,15,6,臺中市,大雅區,0,1,0,7,1,6,50,4,1,1,5,4,6,6,1,1,10,5,5,2,9,10,3,10,2,1,F02,7,5,7,21,2,11,,10,10,1,12,4,F02,120.648344,24.221361,2
1006,66000,387130000C,(04)23274275,(04)23288582,2023,8,3,15,6,臺中市,大里區,0,0,0,7,,,70,,,,,,,,,,,,,,13,84,,,,,B03,,,1,,2,,,84,,1,13,4,B03,120.670136,24.111343,3
1007,66000,387130000C,(04)23274275,(04)23288582,2023,8,3,15,10,臺中市,西區,0,1,0,7,2,6,50,13,7,1,4,4,6,6,1,1,5,4,4,2,12,40,2,9,2,1,C03,7,8,1,10,2,14,,40,40,1,13,4,C03,120.666275,24.152798,2
1008,66000,387130000C,(04)23274275,(04)23288582,2023,8,3,15,13,臺中市,潭子區,0,0,0,7,,,50,,,,,,,,,,,,,,14,78,,,,,B12,,,1,,2,,,78,,1,12,4,B12,120.707735,24.199454,3
1009,66000,387130000C,(04)23274275,(04)23288582,2023,8,3,15,15,臺中市,大里區,0,0,0,7,,,50,,,,,,,,,,,,,,17,58,,,,,B03,,,1,,2,,,58,,1,6,4,B03,120.682671,24.109287,3
1010,66000,387130000C,(04)23274275,(04)23288582,2023,8,3,15,16,臺中市,東區,0,0,0,7,,,50,,,,,,,,,,,,,,13,7,,,,,C03,,,1,,2,,,7,,1,6,4,C03,120.698785,24.133,3
1011,66000,387130000C,(04)23274275,(04)23288582,2023,8,3,15,19,臺中市,烏日區,0,2,0,7,2,6,40,13,8,1,5,4,6,6,4,4,5,4,4,2,13,58,2,9,2,1,C03,7,9,1,10,2,11,,58,58,1,12,4,C03,120.608073,24.117734,2
1012,66000,387130000C,(04)23274275,(04)23288582,2023,8,3,15,27,臺中市,南屯區,0,1,0,7,2,6,50,4,1,1,5,4,6,6,2,1,5,5,4,2,16,45,3,10,3,1,B12,7,11,1,8,2,8,,45,45,1,13,4,B12,120.634152,24.158442,2
1013,66000,387130000C,(04)23274275,(04)23288582,2023,8,3,15,40,臺中市,東區,0,0,0,7,3,6,50,4,1,1,5,4,6,6,1,1,10,5,5,2,13,84,3,10,3,1,B03,7,6,1,8,1,7,,84,84,1,12,4,B03,120.696471,24.135629,3
1014,66000,387130000C,(04)23274275,(04)23288582,2023,8,3,15,43,臺中市,清水區,0,2,0,7,3,6,50,3,1,1,5,4,6,6,4,4,9,4,5,1,17,84,2,3,3,1,B03,7,9,1,8,6,5,,84,84,1,12,4,B03,120.571901,24.262938,2
1015,66000,387130000C,(04)23274275,(04)23288582,2023,8,3,15,46,臺中市,沙鹿區,0,0,0,7,,,50,,,,,,,,,,,,,,,49,,,,,B12,,,1,,2,,,49,,1,13,4,B12,120.568092,24.236835,3
1016,66000,387130000C,(04)23274275,(04)23288582,2023,8,3,15,47,臺中市,大里區,0,1,0,7,2,6,50,4,1,1,5,4,6,6,1,1,5,5,5,1,15,21,3,10,3,1,B03,7,9,1,8,2,8,,21,21,1,6,4,B03,120.689556,24.107936,2
1017,66000,387130000C,(04)23274275,(04)23288582,2023,8,3,15,53,臺中市,大雅區,0,0,0,7,1,6,30,13,9,1,5,4,6,6,4,4,10,5,5,2,17,51,,,,,B12,,,1,,1,,,51,,1,13,4,B12,120.63691,24.224877,3
1018,66000,387130000C,(04)23274275,(04)23288582,2023,8,3,15,53,臺中市,大雅區,0,1,0,7,3,6,50,3,1,1,5,4,6,6,3,1,5,5,5,1,16,11,3,10,3,1,B03,7,6,1,8,2,7,,11,11,1,13,4,B03,120.648815,24.218744,2
1019,66000,387130000C,(04)23274275,(04)23288582,2023,8,3,15,55,臺中市,神岡區,0,0,0,7,,,50,,,,,,,,,,,,,,17,8,,,,,B12,,,1,,11,,,8,,1,12,4,B12,120.658431,24.25825,3
1020,66000,387130000C,(04)23274275,(04)23288582,2023,8,3,15,56,臺中市,石岡區,0,0,0,7,,,40,,,,,,,,,,,,,,17,20,,,,,B03,,,1,,2,,,20,,1,13,4,B03,120.814474,24.253599,3
1021,66000,387130000C,(04)23274275,(04)23288582,2023,8,3,16,0,臺中市,北屯區,0,0,0,7,,,50,,,,,,,,,,,,,,,84,,,,,F01,,,7,,1,,,84,,1,4,4,F01,120.699434,24.163359,3
1022,66000,387130000C,(04)23274275,(04)23288582,2023,8,3,16,0,臺中市,西屯區,0,1,0,7,2,6,50,13,7,1,5,4,6,6,4,4,5,5,4,2,30,84,2,9,5,4,C03,7,9,1,10,2,12,,84,84,1,13,4,C03,120.665666,24.169826,2
1023,66000,387130000C,(04)23274275,(04)23288582,2023,8,3,16,4,臺中市,清水區,0,1,0,7,3,9,40,13,8,1,5,4,6,6,4,4,1,5,3,1,13,58,2,9,1,1,C03,7,9,1,10,2,11,,58,58,1,12,4,C03,120.554526,24.274713,2
1024,66000,387130000C,(04)23274275,(04)23288582,2023,8,3,16,4,臺中市,豐原區,0,1,0,7,2,6,50,3,2,1,5,4,6,6,2,1,4,4,4,2,16,11,2,9,1,1,C03,7,6,1,10,2,14,,11,11,1,6,4,C03,120.727957,24.244792,2
1025,66000,387130000C,(04)23274275,(04)23288582,2023,8,3,16,5,臺中市,太平區,0,1,0,7,3,6,40,13,9,1,5,4,6,6,4,4,5,5,5,2,18,5,2,9,1,1,C03,7,9,1,10,2,14,,5,5,1,6,4,C03,120.714804,24.120826,2
1026,66000,387130000C,(04)23274275,(04)23288582,2023,8,3,16,10,臺中市,大里區,0,0,0,7,,,50,,,,,,,,,,,,,,14,49,,,,,A12,,,1,,2,,,49,,1,6,4,A12,120.689833,24.109213,3
1027,66000,387130000C,(04)23274275,(04)23288582,2023,8,3,16,17,臺中市,西區,0,1,0,7,3,6,50,4,1,1,5,4,6,6,4,4,10,5,5,2,15,15,2,9,2,1,C03,7,9,1,10,2,12,,15,15,1,13,4,C03,120.656937,24.154764,2
1028,66000,387130000C,(04)23274275,(04)23288582,2023,8,3,16,28,臺中市,太平區,0,0,0,7,,,50,,,,,,,,,,,,,,,7,,,,,C03,,,1,,2,,,7,,1,13,4,C03,120.734149,24.143992,3
1029,66000,387130000C,(04)23274275,(04)23288582,2023,8,3,16,29,臺中市,北屯區,0,1,0,7,2,6,40,13,8,1,5,4,6,6,4,4,9,5,4,2,24,59,2,9,1,1,C03,7,9,1,10,2,11,,59,59,1,13,4,C03,120.664231,24.184392,2
1030,66000,387130000C,(04)23274275,(04)23288582,2023,8,3,16,41,臺中市,中區,0,1,0,7,3,6,50,4,1,1,5,4,6,6,2,1,10,5,5,2,16,26,2,9,1,1,C03,7,6,1,10,2,14,,26,26,1,12,4,C03,120.684479,24.139381,2
1031,66000,387130000C,(04)23274275,(04)23288582,2023,8,3,16,44,臺中市,東區,0,1,0,7,2,6,50,4,1,1,5,4,6,6,1,1,10,5,5,2,17,84,3,10,3,1,B12,7,5,1,8,2,1,,84,84,1,13,4,B12,120.710405,24.140847,2
1032,66000,387130000C,(04)23274275,(04)23288582,2023,8,3,16,45,臺中市,沙鹿區,0,0,0,7,2,6,60,4,9,1,5,4,6,6,1,1,1,3,4,1,13,7,,,,,C03,,,1,,2,,,7,,1,12,2,C03,120.568707,24.224741,3
1033,66000,387130000C,(04)23274275,(04)23288582,2023,8,3,16,49,臺中市,太平區,0,0,0,7,,,50,,,,,,,,,,,,,,14,49,,,,,B12,,,3,,2,,,49,,1,6,4,B12,120.714982,24.135915,3
1034,66000,387130000C,(04)23274275,(04)23288582,2023,8,3,16,49,臺中市,烏日區,0,0,0,7,,,40,,,,,,,,,,,,,,,40,,,,,A04,,,1,,2,,,40,,1,12,4,A04,120.612372,24.110507,3
1035,66000,387130000C,(04)23274275,(04)23288582,2023,8,3,16,50,臺中市,大里區,0,0,0,7,,,50,,,,,,,,,,,,,,,45,,,,,B03,,,1,,2,,,45,45,1,13,4,B03,120.694045,24.09185,3
1036,66000,387130000C,(04)23274275,(04)23288582,2023,8,3,16,56,臺中市,南區,0,2,0,7,1,6,50,13,9,1,5,4,6,6,4,4,5,5,5,2,18,84,2,9,1,1,C03,7,9,1,10,2,16,,84,84,1,12,4,C03,120.681029,24.122023,2
1037,66000,387130000C,(04)23274275,(04)23288582,2023,8,3,16,57,臺中市,北屯區,0,0,0,7,,,50,,,,,,,,,,,,,,,49,,,,,B03,,,1,,2,,,49,,1,12,4,B03,120.659272,24.189641,3
1038,66000,387130000C,(04)23274275,(04)23288582,2023,8,3,16,59,臺中市,北屯區,0,1,0,7,1,6,50,4,1,1,5,4,6,6,4,4,10,5,5,2,17,51,3,10,5,4,B03,7,1,1,8,2,2,,51,51,1,6,4,B03,120.660437,24.193492,2
1039,66000,387130000C,(04)23274275,(04)23288582,2023,8,3,16,59,臺中市,西屯區,0,0,0,7,,,40,,,,,,,,,,,,,,,84,,,,,A05,,,1,,1,,,84,84,1,12,4,A05,120.634333,24.175369,3
1040,66000,387130000C,(04)23274275,(04)23288582,2023,8,3,17,0,臺中市,西屯區,0,1,0,7,2,6,50,4,1,1,5,4,6,6,3,1,10,5,5,2,17,14,3,10,5,4,B03,7,6,1,8,2,2,,14,14,1,13,4,B03,120.634816,24.165627,2
1041,66000,387130000C,(04)23274275,(04)23288582,2023,8,3,17,0,臺中市,西屯區,0,0,0,7,,,50,,,,,,,,,,,,,,11,40,,,,,B03,,,1,,1,,,40,,1,13,4,B03,120.666964,24.173008,3
1042,66000,387130000C,(04)23274275,(04)23288582,2023,8,3,17,0,臺中市,豐原區,0,1,0,7,2,6,40,12,14,1,5,4,6,6,4,4,5,5,5,1,17,84,2,9,1,1,C03,7,9,2,19,2,14,,84,84,1,3,4,C03,120.751381,24.260691,2
1043,66000,387130000C,(04)23274275,(04)23288582,2023,8,3,17,3,臺中市,南區,0,0,0,7,,,50,,,,,,,,,,,,,,13,7,,,,,C03,,,1,,2,,,7,,1,6,4,C03,120.655288,24.130309,3
1044,66000,387130000C,(04)23274275,(04)23288582,2023,8,3,17,4,臺中市,豐原區,0,1,0,7,2,6,30,13,9,1,5,4,6,6,4,4,10,5,5,2,14,49,3,10,3,1,B03,7,2,5,19,2,3,,49,49,1,6,4,B03,120.71663,24.251024,2
1045,66000,387130000C,(04)23274275,(04)23288582,2023,8,3,17,5,臺中市,大里區,0,2,0,6,3,6,50,13,9,1,5,4,6,6,4,4,9,5,5,1,13,7,2,4,1,1,C03,7,9,1,10,2,11,,7,7,1,6,4,C03,120.68217,24.09332,2
1046,66000,387130000C,(04)23274275,(04)23288582,2023,8,3,17,5,臺中市,烏日區,0,0,0,7,,,30,,,,,,,,,,,,,,,7,,,,,B03,,,1,,2,,,7,,1,12,4,B03,120.607978,24.118037,3
1047,66000,387130000C,(04)23274275,(04)23288582,2023,8,3,17,6,臺中市,梧棲區,0,0,0,7,,,70,,,,,,,,,,,,,,,40,,,,,A41,,,1,,2,,,40,,1,12,4,A41,120.528296,24.262487,3
1048,66000,387130000C,(04)23274275,(04)23288582,2023,8,3,17,7,臺中市,東勢區,0,1,0,7,3,6,50,4,9,1,5,4,6,6,1,1,5,5,5,1,17,47,3,10,1,1,C03,7,5,1,10,2,13,,47,47,1,12,4,C03,120.827213,24.26006,2
1049,66000,387130000C,(04)23274275,(04)23288582,2023,8,3,17,10,臺中市,東區,0,0,0,7,3,6,50,4,9,1,5,4,6,6,1,1,10,5,5,2,12,11,3,10,6,1,F01,7,6,7,21,2,14,,11,11,1,12,4,F01,120.697677,24.150765,3
1050,66000,387130000C,(04)23274275,(04)23288582,2023,8,3,17,10,臺中市,大里區,0,1,0,7,2,6,30,3,2,1,5,4,6,6,4,4,10,5,5,2,17,59,2,9,1,1,C03,7,9,1,10,2,12,14,59,59,1,13,4,C03,120.690256,24.118315,2
1051,66000,387130000C,(04)23274275,(04)23288582,2023,8,3,17,11,臺中市,南屯區,0,0,0,7,,,50,,,,,,,,,,,,,,,8,,,,,B03,,,1,,1,,,8,,1,13,4,B03,120.654357,24.14383,3
1052,66000,387130000C,(04)23274275,(04)23288582,2023,8,3,17,14,臺中市,西屯區,0,0,0,7,,,50,,,,,,,,,,,,,,13,7,,,,,B03,,,1,,1,,,7,,1,12,4,B03,120.596368,24.167994,3
1053,66000,387130000C,(04)23274275,(04)23288582,2023,8,3,17,14,臺中市,豐原區,0,1,0,7,2,6,60,13,7,1,5,4,6,6,4,4,1,5,4,2,13,7,2,9,2,1,C03,7,7,1,10,2,11,,7,7,1,6,4,C03,120.712518,24.262338,2
1054,66000,387130000C,(04)23274275,(04)23288582,2023,8,3,17,16,臺中市,西區,0,0,0,7,,,50,,,,,,,,,,,,,,,49,,,,,A12,,,1,,2,,,49,,1,12,4,A12,120.655172,24.154592,3
1055,66000,387130000C,(04)23274275,(04)23288582,2023,8,3,17,17,臺中市,大甲區,0,2,0,6,2,6,50,3,1,1,5,4,6,6,4,4,10,5,5,2,17,7,2,7,1,1,C03,7,9,1,10,2,11,,7,7,1,6,4,C03,120.658903,24.399336,2
1056,66000,387130000C,(04)23274275,(04)23288582,2023,8,3,17,19,臺中市,豐原區,0,0,0,7,,,50,,,,,,,,,,,,,,,7,,,,,B03,,,1,,2,,,7,,1,13,4,B03,120.723807,24.260549,3
1057,66000,387130000C,(04)23274275,(04)23288582,2023,8,3,17,20,臺中市,神岡區,0,0,0,7,,,50,,,,,,,,,,,,,,,7,,,,,B03,,,1,,1,,,7,,1,12,4,B03,120.681343,24.241775,3
1058,66000,387130000C,(04)23274275,(04)23288582,2023,8,3,17,22,臺中市,南屯區,0,2,0,7,2,6,50,4,2,1,5,4,6,6,2,1,1,4,5,2,13,7,2,9,2,1,C03,7,9,1,10,2,11,,7,7,1,13,4,C03,120.646842,24.14869,2
1059,66000,387130000C,(04)23274275,(04)23288582,2023,8,3,17,22,臺中市,北屯區,0,4,0,7,2,6,50,4,2,1,5,4,6,6,2,1,3,4,5,2,13,7,2,9,1,1,C03,7,9,1,10,2,11,,7,7,1,13,4,C03,120.686512,24.193214,2
1060,66000,387130000C,(04)23274275,(04)23288582,2023,8,3,17,22,臺中市,北屯區,0,0,0,7,,,50,,,,,,,,,,,,,,17,51,,,,,B03,,,3,,2,,,51,,1,12,4,B03,120.707283,24.187767,3
1061,66000,387130000C,(04)23274275,(04)23288582,2023,8,3,17,25,臺中市,北區,0,0,0,7,,,50,,,,,,,,,,,,,,13,59,,,,,B03,,,1,,1,,,59,,1,13,4,B03,120.683404,24.158906,3
1062,66000,387130000C,(04)23274275,(04)23288582,2023,8,3,17,25,臺中市,大里區,0,2,0,7,2,6,30,5,1,1,5,4,6,6,4,4,10,5,5,2,16,48,3,10,6,1,F01,7,6,7,21,2,13,,48,48,1,13,4,F01,120.701111,24.087172,2
1063,66000,387130000C,(04)23274275,(04)23288582,2023,8,3,17,26,臺中市,東區,0,0,0,7,2,6,50,13,9,1,5,4,6,6,4,4,5,5,5,2,17,59,3,10,2,1,C03,7,9,1,10,2,12,,59,59,1,6,4,C03,120.710372,24.148667,3
1064,66000,387130000C,(04)23274275,(04)23288582,2023,8,3,17,26,臺中市,霧峰區,0,1,0,7,2,6,60,4,1,1,5,4,6,6,1,1,10,5,5,2,16,48,2,9,5,4,C03,7,6,1,10,2,14,,48,48,1,13,4,C03,120.693181,24.037941,2
1065,66000,387130000C,(04)23274275,(04)23288582,2023,8,3,17,26,臺中市,東勢區,0,3,0,7,3,6,30,13,9,1,4,4,6,6,4,4,10,5,5,2,11,58,2,9,5,4,C03,7,9,3,19,2,14,,58,58,1,12,4,C03,120.834192,24.241112,2
1066,66000,387130000C,(04)23274275,(04)23288582,2023,8,3,17,32,臺中市,外埔區,0,0,0,7,,,30,,,,,,,,,,,,,,12,84,,,,,B03,,,1,,2,,,84,,1,6,4,B03,120.661548,24.323662,3
1067,66000,387130000C,(04)23274275,(04)23288582,2023,8,3,17,35,臺中市,大肚區,0,2,0,7,2,6,50,11,9,1,5,4,6,6,4,4,5,5,5,2,11,85,2,9,1,1,C03,7,9,1,10,2,14,,85,85,1,12,4,C03,120.57922,24.122086,2
1068,66000,387130000C,(04)23274275,(04)23288582,2023,8,3,17,36,臺中市,北屯區,0,1,0,6,3,6,50,13,9,1,5,4,6,6,4,4,1,4,5,2,13,7,3,10,5,4,B03,7,9,1,8,2,5,,7,7,1,13,4,B03,120.66923,24.173513,2
1069,66000,387130000C,(04)23274275,(04)23288582,2023,8,3,17,40,臺中市,大甲區,0,0,0,7,,,50,,,,,,,,,,,,,,,49,,,,,B03,,,1,,2,,,49,,1,13,4,B03,120.655068,24.380425,3
1070,66000,387130000C,(04)23274275,(04)23288582,2023,8,3,17,41,臺中市,南屯區,0,1,0,7,2,6,50,13,8,1,5,4,6,6,4,4,9,4,4,2,16,51,3,10,5,4,B03,7,1,1,8,2,8,,51,51,1,13,4,B03,120.635309,24.150558,2
1071,66000,387130000C,(04)23274275,(04)23288582,2023,8,3,17,41,臺中市,烏日區,0,0,0,7,,,60,,,,,,,,,,,,,,9,51,,,,,A04,,,1,,2,,,51,,1,6,4,A04,120.623586,24.104417,3
1072,66000,387130000C,(04)23274275,(04)23288582,2023,8,3,17,45,臺中市,梧棲區,0,0,0,7,,,70,,,,,,,,,,,,,,,7,,,,,B03,,,1,,1,,,7,,1,6,4,B03,120.557917,24.242067,3
1073,66000,387130000C,(04)23274275,(04)23288582,2023,8,3,17,50,臺中市,西區,0,0,0,7,,,50,,,,,,,,,,,,,,13,7,,,,,B03,,,1,,2,,,7,,1,12,4,B03,120.661725,24.144333,3
1074,66000,387130000C,(04)23274275,(04)23288582,2023,8,3,17,50,臺中市,西屯區,0,0,0,7,,,40,,,,,,,,,,,,,,,84,,,,,B03,,,1,,1,,,84,,1,13,5,B03,120.644169,24.165965,3
1075,66000,387130000C,(04)23274275,(04)23288582,2023,8,3,17,50,臺中市,后里區,0,0,0,7,1,6,30,3,1,1,5,4,6,6,4,4,10,5,5,2,14,49,,,,,B12,,,1,,2,,,49,,1,12,4,B12,120.728614,24.310466,3
1076,66000,387130000C,(04)23274275,(04)23288582,2023,8,3,17,54,臺中市,神岡區,0,1,0,7,1,6,50,4,1,1,5,4,6,6,1,1,5,4,5,1,16,48,3,10,3,1,B03,7,6,1,8,2,4,,48,48,1,12,4,B03,120.661338,24.263445,2
1077,66000,387130000C,(04)23274275,(04)23288582,2023,8,3,17,55,臺中市,烏日區,0,2,0,7,2,6,40,4,1,1,5,4,6,6,2,1,10,5,5,2,12,38,3,10,3,1,B03,7,6,1,8,2,8,,38,38,1,12,4,B03,120.649146,24.093525,2
1078,66000,387130000C,(04)23274275,(04)23288582,2023,8,3,17,55,臺中市,豐原區,0,1,0,7,2,6,50,3,2,1,5,4,6,6,1,2,1,3,4,1,16,11,3,10,3,1,B03,7,5,1,8,2,5,,11,11,1,6,4,B03,120.712877,24.241794,2
1079,66000,387130000C,(04)23274275,(04)23288582,2023,8,3,17,57,臺中市,太平區,0,0,0,7,,,50,,,,,,,,,,,,,,13,7,,,,,C03,,,1,,2,,,7,,1,6,4,C03,120.725868,24.133994,3
1080,66000,387130000C,(04)23274275,(04)23288582,2023,8,3,17,59,臺中市,西屯區,0,0,0,7,,,50,,,,,,,,,,,,,,13,84,,,,,B03,,,1,,1,,,84,,1,12,4,B03,120.654884,24.168926,3
1081,66000,387130000C,(04)23274275,(04)23288582,2023,8,3,18,3,臺中市,北屯區,0,2,0,7,2,6,50,13,8,1,5,4,6,6,4,4,5,5,4,2,17,59,2,9,1,4,C03,7,9,3,19,2,11,,59,59,1,12,4,C03,120.687129,24.168693,2
1082,66000,387130000C,(04)23274275,(04)23288582,2023,8,3,18,4,臺中市,西屯區,0,0,0,7,,,50,,,,,,,,,,,,,,,84,,,,,C03,,,1,,1,,,84,,1,13,4,C03,120.648767,24.168809,3