序號,縣市別代碼,機關代碼,市話,傳真,年,月,日,時,分,縣市,區,死亡數量,受傷數量,2-30,天候,光線,道路類別,速限,道路型態,事故位置,路面鋪裝,路面狀態,路面缺陷,障礙物,視距,號誌種類,號誌動作,分向設施,快車道或一般車道間,快慢車道間,路面邊線,事故類型及型態,主要肇因,受傷程度,主要傷處,保護裝備,行動電話,當事者區分(類別),車輛用途,當事者行動狀態,駕駛資格情形,駕駛執照種類,飲酒情形,車輛撞擊部位最初,車輛撞擊部位其他,肇事因素個別,肇事因素主要,肇事逃逸,職業,旅次目的,車種,GPS座標X,GPS座標Y,事故類別
1083,66000,387130000C,(04)23274275,(04)23288582,2023,8,3,18,8,臺中市,潭子區,0,1,0,7,2,6,50,13,7,1,5,4,6,6,4,4,5,4,4,2,17,4,2,9,4,1,C03,7,9,1,10,2,11,,4,4,1,12,4,C03,120.707194,24.225897,2
1084,66000,387130000C,(04)23274275,(04)23288582,2023,8,3,18,9,臺中市,北區,0,0,0,7,,,50,,,,,,,,,,,,,,15,15,,,,,B03,,,1,,1,,,15,,1,12,4,B03,120.695978,24.156712,3
1085,66000,387130000C,(04)23274275,(04)23288582,2023,8,3,18,10,臺中市,北屯區,0,0,0,7,,,50,,,,,,,,,,,,,,,84,,,,,C03,,,1,,2,,,84,,1,6,4,C03,120.687659,24.172589,3
1086,66000,387130000C,(04)23274275,(04)23288582,2023,8,3,18,15,臺中市,北屯區,0,1,0,7,2,6,50,4,1,1,5,4,6,6,2,1,10,5,5,2,13,7,3,10,3,1,B03,7,5,1,8,1,1,,7,7,1,12,4,B03,120.721547,24.182045,2
1087,66000,387130000C,(04)23274275,(04)23288582,2023,8,3,18,16,臺中市,東區,0,2,0,7,2,6,50,4,1,1,5,4,6,6,4,4,10,5,5,2,15,84,2,9,2,1,C03,7,9,1,10,2,11,,84,84,1,13,4,C03,120.684285,24.134223,2
1088,66000,387130000C,(04)23274275,(04)23288582,2023,8,3,18,18,臺中市,南區,0,0,0,7,,,30,,,,,,,,,,,,,,14,49,,,,,B03,,,1,,2,,,49,,1,6,4,B03,120.655987,24.111636,3
1089,66000,387130000C,(04)23274275,(04)23288582,2023,8,3,18,22,臺中市,烏日區,0,1,0,7,2,6,40,3,2,1,5,4,6,6,3,1,5,5,4,1,16,45,3,10,3,1,B03,7,11,1,8,2,7,,45,45,1,10,4,B03,120.617969,24.10636,2
1090,66000,387130000C,(04)23274275,(04)23288582,2023,8,3,18,25,臺中市,北屯區,0,1,0,7,1,6,50,4,1,1,5,4,6,6,1,1,5,2,4,2,16,14,2,9,2,1,C03,7,6,1,10,2,12,,14,14,1,13,4,C03,120.693882,24.166707,2
1091,66000,387130000C,(04)23274275,(04)23288582,2023,8,3,18,29,臺中市,北區,0,0,0,7,1,6,50,3,7,1,5,4,6,6,4,4,8,3,4,2,13,7,,,,,B03,,,1,,1,,,7,,1,13,4,B03,120.672574,24.169181,3
1092,66000,387130000C,(04)23274275,(04)23288582,2023,8,3,18,32,臺中市,西屯區,0,0,0,7,,,50,,,,,,,,,,,,,,,7,,,,,B03,,,1,,1,,,7,,1,12,4,B03,120.622214,24.178963,3
1093,66000,387130000C,(04)23274275,(04)23288582,2023,8,3,18,33,臺中市,南區,0,0,0,7,,,50,,,,,,,,,,,,,,,7,,,,,B03,,,1,,2,,,7,,1,12,4,B03,120.658468,24.133533,3
1094,66000,387130000C,(04)23274275,(04)23288582,2023,8,3,18,40,臺中市,西屯區,0,1,0,7,1,6,50,4,1,1,5,4,6,6,1,1,5,4,5,2,16,11,3,10,2,1,C03,7,5,1,10,2,12,,11,11,1,13,4,C03,120.647846,24.174149,2
1095,66000,387130000C,(04)23274275,(04)23288582,2023,8,3,18,49,臺中市,大里區,0,0,0,7,,,50,,,,,,,,,,,,,,17,78,,,,,C03,,,1,,2,,,78,,1,13,4,C03,120.703183,24.090089,3
1096,66000,387130000C,(04)23274275,(04)23288582,2023,8,3,18,55,臺中市,沙鹿區,0,1,0,7,1,6,40,13,8,1,5,4,6,6,4,4,1,3,1,1,13,75,3,10,1,1,C03,7,15,1,10,2,16,,75,75,1,12,4,C03,120.580769,24.198313,2
1097,66000,387130000C,(04)23274275,(04)23288582,2023,8,3,18,58,臺中市,梧棲區,0,0,0,7,,,70,,,,,,,,,,,,,,,84,,,,,B03,,,1,,1,,,84,,1,12,4,B03,120.546577,24.246142,4
1098,66000,387130000C,(04)23274275,(04)23288582,2023,8,3,18,59,臺中市,沙鹿區,0,0,0,7,,,50,,,,,,,,,,,,,,,119,,,,,,,,,,,,,119,,1,,,,120.566729,24.203001,3
1099,66000,387130000C,(04)23274275,(04)23288582,2023,8,3,19,0,臺中市,南屯區,0,1,0,1,1,6,50,13,7,1,5,4,6,6,4,4,5,5,4,2,18,84,2,9,2,1,C03,7,9,1,10,2,14,,84,84,1,13,4,C03,120.643811,24.148235,2
1100,66000,387130000C,(04)23274275,(04)23288582,2023,8,3,19,0,臺中市,大里區,0,1,0,7,3,6,30,13,9,1,5,4,6,6,4,4,10,5,5,2,17,76,3,10,5,1,B03,7,13,1,8,2,7,,76,76,1,6,4,B03,120.700881,24.105225,2
1101,66000,387130000C,(04)23274275,(04)23288582,2023,8,3,19,1,臺中市,大肚區,0,0,0,7,,,50,,,,,,,,,,,,,,17,58,,,,,B03,,,1,,2,,,58,,1,13,4,B03,120.576467,24.175447,3
1102,66000,387130000C,(04)23274275,(04)23288582,2023,8,3,19,7,臺中市,大里區,0,0,0,7,,,40,,,,,,,,,,,,,,13,58,,,,,B03,,,1,,2,,,58,,1,6,4,B03,120.691914,24.101437,3
1103,66000,387130000C,(04)23274275,(04)23288582,2023,8,3,19,9,臺中市,中區,0,0,0,7,,,50,,,,,,,,,,,,,,13,77,,,,,B03,,,1,,1,,,77,,1,12,4,B03,120.679446,24.145823,3
1104,66000,387130000C,(04)23274275,(04)23288582,2023,8,3,19,17,臺中市,梧棲區,0,0,0,7,,,30,,,,,,,,,,,,,,,49,,,,,B03,,,1,,2,,,49,,1,12,4,B03,120.533472,24.262043,3
1105,66000,387130000C,(04)23274275,(04)23288582,2023,8,3,19,20,臺中市,南屯區,0,0,0,7,,,50,,,,,,,,,,,,,,,47,,,,,B12,,,1,,2,,,47,,1,13,4,B12,120.645091,24.129364,3
1106,66000,387130000C,(04)23274275,(04)23288582,2023,8,3,19,21,臺中市,西區,0,0,0,7,,,50,,,,,,,,,,,,,,,84,,,,,B03,,,1,,2,,,87,119,1,12,4,B03,120.661673,24.150865,3
1107,66000,387130000C,(04)23274275,(04)23288582,2023,8,3,19,22,臺中市,大里區,0,2,0,7,1,6,50,8,9,1,5,4,2,6,4,4,3,4,5,1,17,73,3,10,5,4,A41,7,5,1,1,9,16,,73,73,1,6,4,A41,120.695379,24.096936,2
1108,66000,387130000C,(04)23274275,(04)23288582,2023,8,3,19,22,臺中市,沙鹿區,0,0,0,7,,,50,,,,,,,,,,,,,,,6,,,,,B03,,,1,,2,,,6,,1,13,4,B03,120.575362,24.222063,3
1109,66000,387130000C,(04)23274275,(04)23288582,2023,8,3,19,25,臺中市,大里區,0,0,0,7,,,60,,,,,,,,,,,,,,13,59,,,,,B03,,,1,,2,,,59,59,1,6,4,B03,120.690591,24.100552,3
1110,66000,387130000C,(04)23274275,(04)23288582,2023,8,3,19,30,臺中市,北區,0,2,0,7,2,6,50,13,9,1,5,4,6,6,4,4,1,4,5,2,13,7,2,9,2,1,C03,7,9,1,10,2,11,,7,7,1,12,4,C03,120.674276,24.173685,2
1111,66000,387130000C,(04)23274275,(04)23288582,2023,8,3,19,30,臺中市,北屯區,0,3,0,7,1,6,30,5,1,1,5,4,6,6,4,4,10,5,5,2,15,15,2,9,1,1,C03,7,9,1,10,2,11,,15,15,1,13,4,C03,120.666247,24.183719,2
1112,66000,387130000C,(04)23274275,(04)23288582,2023,8,3,19,35,臺中市,大雅區,0,0,0,7,,,50,,,,,,,,,,,,,,,7,,,,,B03,,,1,,2,,,7,,1,12,4,B03,120.649853,24.213722,3
1113,66000,387130000C,(04)23274275,(04)23288582,2023,8,3,19,36,臺中市,西區,0,1,0,7,1,6,50,4,1,1,5,4,6,6,1,1,10,5,5,2,18,87,2,9,1,1,C03,7,9,1,10,2,15,,87,87,1,12,4,C03,120.659445,24.154907,2
1114,66000,387130000C,(04)23274275,(04)23288582,2023,8,3,19,36,臺中市,東區,0,1,0,6,1,6,50,13,8,1,5,4,6,6,4,4,5,5,4,2,17,84,2,9,2,1,C03,7,1,1,10,2,12,,84,84,1,6,4,C03,120.705438,24.144609,2
1115,66000,387130000C,(04)23274275,(04)23288582,2023,8,3,19,39,臺中市,大里區,0,1,0,7,1,6,50,13,9,1,5,4,6,6,4,4,5,5,5,1,12,57,2,9,2,1,C03,7,9,1,10,2,11,,57,57,1,13,4,C03,120.701843,24.081035,2
1116,66000,387130000C,(04)23274275,(04)23288582,2023,8,3,19,47,臺中市,南屯區,0,0,0,7,,,50,,,,,,,,,,,,,,,8,,,,,B03,,,1,,2,,,8,,1,13,4,B03,120.64972,24.13667,3
1117,66000,387130000C,(04)23274275,(04)23288582,2023,8,3,19,57,臺中市,西區,0,0,0,7,,,50,,,,,,,,,,,,,,17,49,,,,,C03,,,1,,2,,,49,,1,12,4,C03,120.657511,24.152035,3
1118,66000,387130000C,(04)23274275,(04)23288582,2023,8,3,20,4,臺中市,西屯區,0,0,0,7,,,50,,,,,,,,,,,,,,17,86,,,,,C03,,,1,,1,,,86,,1,12,4,C03,120.642579,24.169993,4
1119,66000,387130000C,(04)23274275,(04)23288582,2023,8,3,20,9,臺中市,北屯區,0,0,0,7,,,50,,,,,,,,,,,,,,16,34,,,,,B03,,,1,8,2,,,34,34,1,12,4,B03,120.694236,24.166216,4
1120,66000,387130000C,(04)23274275,(04)23288582,2023,8,3,20,10,臺中市,南區,0,0,0,7,3,6,50,4,1,1,5,4,6,6,1,1,5,4,5,2,13,7,3,10,1,1,C03,7,9,1,10,2,11,,7,7,1,12,4,C03,120.681592,24.129445,3
1121,66000,387130000C,(04)23274275,(04)23288582,2023,8,3,20,13,臺中市,西屯區,0,0,0,7,,,40,,,,,,,,,,,,,,,87,,,,,B03,,,1,,10,,,87,,1,13,4,B03,120.633958,24.163528,3
1122,66000,387130000C,(04)23274275,(04)23288582,2023,8,3,20,14,臺中市,南屯區,0,0,0,6,,,50,,,,,,,,,,,,,,12,87,,,,,B03,,,1,,2,,,87,87,1,13,4,B03,120.653047,24.134003,3
1123,66000,387130000C,(04)23274275,(04)23288582,2023,8,3,20,16,臺中市,北屯區,0,0,0,5,,,50,,,,,,,,,,,,,,,84,,,,,B02,,,1,,2,,,84,,1,6,4,B02,120.709481,24.193701,3
1124,66000,387130000C,(04)23274275,(04)23288582,2023,8,3,20,24,臺中市,清水區,0,2,0,7,1,6,30,4,1,1,4,4,6,6,4,4,9,5,5,2,15,15,2,9,1,1,C03,7,9,3,19,2,12,,15,15,1,12,4,C03,120.563888,24.273104,2
1125,66000,387130000C,(04)23274275,(04)23288582,2023,8,3,20,30,臺中市,東區,0,1,0,6,1,6,50,4,24,1,5,4,6,6,1,1,10,5,5,2,13,84,3,10,2,1,C03,7,9,1,10,2,11,,84,84,1,13,4,C03,120.694461,24.147128,2
1126,66000,387130000C,(04)23274275,(04)23288582,2023,8,3,20,33,臺中市,大里區,0,0,0,7,,,40,,,,,,,,,,,,,,13,84,,,,,B03,,,1,,2,,,84,,1,6,4,B03,120.691888,24.101135,3
1127,66000,387130000C,(04)23274275,(04)23288582,2023,8,3,20,35,臺中市,大雅區,0,4,0,5,1,6,30,4,1,1,4,4,6,6,1,1,10,5,5,2,16,20,2,9,2,1,C03,7,9,1,10,2,11,,20,20,1,12,4,C03,120.6392,24.225982,2
1128,66000,387130000C,(04)23274275,(04)23288582,2023,8,3,20,35,臺中市,大里區,0,1,0,7,1,6,50,13,8,1,5,4,6,6,4,4,1,4,5,2,17,58,2,9,1,1,C03,7,9,1,10,2,11,,58,58,1,6,4,C03,120.690412,24.122089,2
1129,66000,387130000C,(04)23274275,(04)23288582,2023,8,3,20,37,臺中市,北屯區,0,1,0,5,2,6,50,4,4,1,4,4,6,6,1,1,10,5,5,2,12,85,2,8,2,1,C03,7,8,1,10,1,13,,85,85,1,12,4,C03,120.704567,24.186493,2
1130,66000,387130000C,(04)23274275,(04)23288582,2023,8,3,20,40,臺中市,西屯區,0,0,0,7,,,50,,,,,,,,,,,,,,,85,,,,,B03,,,1,,1,,,85,,1,13,4,B03,120.647712,24.176494,3
1131,66000,387130000C,(04)23274275,(04)23288582,2023,8,3,20,48,臺中市,南屯區,0,0,0,7,,,50,,,,,,,,,,,,,,,7,,,,,B03,,,1,,1,,,7,,1,12,4,B03,120.608376,24.144852,3
1132,66000,387130000C,(04)23274275,(04)23288582,2023,8,3,20,49,臺中市,豐原區,0,1,0,5,1,6,50,4,1,1,4,4,6,6,4,4,5,5,5,2,17,59,3,10,3,1,B03,7,6,1,8,2,4,,59,59,1,13,4,B03,120.71999,24.251714,2
1133,66000,387130000C,(04)23274275,(04)23288582,2023,8,3,20,55,臺中市,西區,0,1,0,5,3,6,50,4,1,1,4,4,6,6,2,1,10,5,5,2,13,84,3,10,3,1,B03,7,9,1,8,2,1,,84,84,1,12,4,B03,120.659687,24.157317,2
1134,66000,387130000C,(04)23274275,(04)23288582,2023,8,3,20,55,臺中市,西區,0,1,0,6,1,6,30,3,1,1,5,4,6,6,4,4,10,5,5,2,16,12,3,10,3,1,B03,7,5,1,8,2,1,,12,12,1,12,4,B03,120.65714,24.157107,2
1135,66000,387130000C,(04)23274275,(04)23288582,2023,8,3,20,55,臺中市,西屯區,0,1,0,5,1,6,50,13,7,1,4,4,6,6,4,4,10,4,4,2,18,84,2,9,1,1,C03,7,9,1,10,2,12,,84,84,1,12,4,C03,120.646923,24.171312,2
1136,66000,387130000C,(04)23274275,(04)23288582,2023,8,3,21,15,臺中市,南區,0,1,0,5,1,6,50,4,2,1,4,4,6,6,1,1,1,4,5,2,18,84,2,8,2,1,C03,7,9,1,10,2,16,,84,84,1,6,4,C03,120.67334,24.130464,2
1137,66000,387130000C,(04)23274275,(04)23288582,2023,8,3,21,16,臺中市,后里區,0,1,0,5,1,6,60,3,1,1,4,4,6,6,1,1,10,5,5,1,12,7,3,10,3,1,B03,7,9,1,8,2,8,,7,7,2,13,4,B03,120.728232,24.325817,2
1138,66000,387130000C,(04)23274275,(04)23288582,2023,8,3,21,17,臺中市,北屯區,0,2,0,5,1,6,50,3,1,1,4,4,6,6,1,1,3,2,4,2,16,48,2,9,1,1,C03,7,6,1,10,2,13,,48,48,1,13,4,C03,120.676233,24.193655,2
1139,66000,387130000C,(04)23274275,(04)23288582,2023,8,3,21,18,臺中市,烏日區,0,2,0,5,1,6,70,13,13,1,3,4,6,6,4,4,1,4,4,1,13,84,2,9,2,1,C03,7,9,1,10,2,11,,84,84,1,6,4,C03,120.605687,24.109202,2
1140,66000,387130000C,(04)23274275,(04)23288582,2023,8,3,21,20,臺中市,北區,0,0,0,5,,,50,,,,,,,,,,,,,,,49,,,,,B03,,,1,,1,,,49,,1,12,4,B03,120.68513,24.154487,3
1141,66000,387130000C,(04)23274275,(04)23288582,2023,8,3,21,21,臺中市,外埔區,0,2,0,6,2,6,30,13,9,1,5,4,6,1,4,4,10,5,5,1,12,51,3,10,3,1,B03,7,1,1,8,2,8,,51,51,1,6,4,B03,120.657329,24.333209,2
1142,66000,387130000C,(04)23274275,(04)23288582,2023,8,3,21,21,臺中市,后里區,0,0,0,5,,,60,,,,,,,,,,,,,,2,7,,,,,B03,,,1,,2,,,7,,1,13,4,B03,120.723054,24.29931,3
1143,66000,387130000C,(04)23274275,(04)23288582,2023,8,3,21,26,臺中市,西區,0,0,0,5,,,50,,,,,,,,,,,,,,,49,,,,,B03,,,1,,1,,,49,,1,12,4,B03,120.657262,24.140026,3
1144,66000,387130000C,(04)23274275,(04)23288582,2023,8,3,21,29,臺中市,南區,0,0,0,5,1,6,50,13,9,1,4,4,6,6,4,4,5,4,5,2,17,59,3,10,3,1,B03,7,9,1,8,2,2,,59,59,1,6,4,B03,120.654128,24.123067,3
1145,66000,387130000C,(04)23274275,(04)23288582,2023,8,3,21,30,臺中市,南區,0,1,0,5,1,6,50,4,1,1,4,4,6,6,1,1,10,5,5,2,15,21,3,10,3,1,B01,7,9,1,8,2,2,,21,21,1,12,4,B01,120.661476,24.121735,2
1146,66000,387130000C,(04)23274275,(04)23288582,2023,8,3,21,32,臺中市,北區,0,1,0,5,1,6,50,13,9,1,4,4,6,6,4,4,5,4,5,2,17,76,3,10,3,1,B03,7,14,1,8,2,4,,76,76,1,12,4,B03,120.676104,24.166875,2
1147,66000,387130000C,(04)23274275,(04)23288582,2023,8,3,21,33,臺中市,北區,0,2,0,5,1,6,40,4,1,1,4,4,6,6,1,1,10,5,5,2,17,42,2,9,2,1,C03,7,5,1,10,2,12,,42,42,1,13,4,C03,120.673773,24.165153,2
1148,66000,387130000C,(04)23274275,(04)23288582,2023,8,3,21,40,臺中市,沙鹿區,0,0,0,5,,,50,,,,,,,,,,,,,,,49,,,,,B03,,,1,,1,,,49,,1,6,4,B03,120.570903,24.229355,3
1149,66000,387130000C,(04)23274275,(04)23288582,2023,8,3,21,46,臺中市,北區,0,1,0,5,1,6,40,13,8,1,4,4,6,6,4,4,3,4,4,2,8,83,2,7,2,1,C03,7,9,1,10,2,12,,83,83,1,13,4,C03,120.675695,24.163016,2
1150,66000,387130000C,(04)23274275,(04)23288582,2023,8,3,21,46,臺中市,西屯區,0,0,0,5,,,50,,,,,,,,,,,,,,,40,,,,,B03,,,1,,1,,,40,,1,12,4,B03,120.652407,24.159681,3
1151,66000,387130000C,(04)23274275,(04)23288582,2023,8,3,21,49,臺中市,西屯區,0,1,0,5,1,6,30,13,9,1,4,4,6,6,4,4,5,5,5,2,18,84,2,9,2,1,C03,7,9,1,10,2,14,,84,84,1,5,4,C03,120.644627,24.190636,2
1152,66000,387130000C,(04)23274275,(04)23288582,2023,8,3,21,52,臺中市,龍井區,0,1,0,5,1,6,40,13,8,1,4,4,6,6,2,1,1,4,1,2,18,84,2,9,1,1,C03,7,9,1,10,2,14,,84,84,1,13,4,C03,120.579945,24.189007,2
1153,66000,387130000C,(04)23274275,(04)23288582,2023,8,3,22,3,臺中市,北區,0,0,0,5,,,50,,,,,,,,,,,,,,13,59,,,,,B03,,,1,,1,,,59,,1,12,4,B03,120.677536,24.150592,3
1154,66000,387130000C,(04)23274275,(04)23288582,2023,8,3,22,7,臺中市,中區,0,1,0,5,1,6,50,3,1,1,4,4,6,6,3,1,10,5,5,2,18,59,2,9,2,1,C03,7,9,1,10,2,12,,59,59,1,12,4,C03,120.678339,24.139285,2
1155,66000,387130000C,(04)23274275,(04)23288582,2023,8,3,22,7,臺中市,南區,0,0,0,5,,,50,,,,,,,,,,,,,,,84,,,,,C03,,,1,,2,,,84,87,1,13,4,C03,120.661826,24.113253,3
1156,66000,387130000C,(04)23274275,(04)23288582,2023,8,3,22,16,臺中市,西區,0,1,0,5,2,6,50,4,1,1,4,4,6,6,2,1,10,5,5,2,18,84,2,9,1,1,C03,7,9,1,10,2,14,,84,84,1,12,4,C03,120.667561,24.153802,2
1157,66000,387130000C,(04)23274275,(04)23288582,2023,8,3,22,19,臺中市,北屯區,0,3,0,5,1,6,50,11,9,1,4,4,6,6,4,4,10,4,5,1,10,4,2,9,5,4,B03,7,9,1,8,2,8,,87,4,1,12,4,B03,120.742455,24.181577,2
1158,66000,387130000C,(04)23274275,(04)23288582,2023,8,3,22,33,臺中市,西屯區,0,0,0,5,,,50,,,,,,,,,,,,,,,84,,,,,B03,,,1,,1,,,84,,1,13,4,B03,120.638038,24.17036,3
1159,66000,387130000C,(04)23274275,(04)23288582,2023,8,3,22,45,臺中市,大雅區,0,1,0,6,1,6,50,4,2,1,4,4,6,6,3,1,1,3,5,1,17,20,3,10,3,1,B03,7,5,1,8,2,4,,20,20,1,12,4,B03,120.674211,24.240454,2
1160,66000,387130000C,(04)23274275,(04)23288582,2023,8,3,22,50,臺中市,豐原區,0,0,0,5,,,30,,,,,,,,,,,,,,14,49,,,,,B03,,,1,,2,,,49,,1,12,4,B03,120.711746,24.235614,3
1161,66000,387130000C,(04)23274275,(04)23288582,2023,8,3,22,53,臺中市,西屯區,0,1,0,5,1,6,50,4,1,1,4,4,6,6,2,1,10,5,5,2,16,11,3,10,5,1,B03,7,5,1,8,2,2,,11,11,1,13,4,B03,120.621549,24.180068,2
1162,66000,387130000C,(04)23274275,(04)23288582,2023,8,3,23,0,臺中市,沙鹿區,0,1,0,6,1,6,50,13,9,1,4,4,6,6,4,4,9,5,5,2,11,4,3,10,3,1,B03,7,9,1,8,2,8,,4,4,1,6,4,B03,120.611337,24.242827,2
1163,66000,387130000C,(04)23274275,(04)23288582,2023,8,3,23,8,臺中市,大甲區,0,0,0,5,,,50,,,,,,,,,,,,,,,24,,,,,C03,,,1,,1,,,24,,1,12,4,C03,120.61823,24.348904,3
1164,66000,387130000C,(04)23274275,(04)23288582,2023,8,3,23,12,臺中市,西屯區,0,1,0,5,1,6,40,13,8,1,4,4,5,6,4,4,1,5,1,2,30,85,2,9,2,1,C03,7,9,1,10,2,14,,85,85,1,12,4,C03,120.620406,24.180261,2
1165,66000,387130000C,(04)23274275,(04)23288582,2023,8,3,23,24,臺中市,南屯區,0,1,0,5,1,6,50,13,9,1,4,4,6,6,4,4,3,4,5,2,18,84,2,9,1,1,C03,7,9,5,19,2,12,,84,84,1,13,4,C03,120.646816,24.14467,2
1166,66000,387130000C,(04)23274275,(04)23288582,2023,8,3,23,26,臺中市,北區,0,1,0,6,1,6,50,4,1,1,5,4,6,6,1,1,1,4,4,2,30,84,2,9,1,1,C03,7,9,1,10,2,16,,84,84,1,13,4,C03,120.678313,24.163112,2
1167,66000,387130000C,(04)23274275,(04)23288582,2023,8,3,23,44,臺中市,北屯區,0,1,0,7,1,6,50,3,2,1,5,4,6,6,2,1,1,4,4,2,13,7,3,10,3,1,B03,7,7,1,4,2,6,,87,7,1,12,4,B03,120.660795,24.19144,2
1168,66000,387130000C,(04)23274275,(04)23288582,2023,8,4,0,1,臺中市,南屯區,0,1,0,5,1,6,50,13,9,1,4,4,6,6,4,4,3,4,5,2,18,84,2,9,1,1,C03,7,9,5,19,2,12,,84,84,1,13,4,C03,120.646908,24.154818,2
1169,66000,387130000C,(04)23274275,(04)23288582,2023,8,4,0,8,臺中市,南屯區,0,1,0,5,1,6,50,4,1,1,4,4,6,6,1,1,9,5,5,2,17,21,3,10,3,1,B03,7,9,1,8,2,16,,21,21,1,13,4,B03,120.649773,24.153607,2
1170,66000,387130000C,(04)23274275,(04)23288582,2023,8,4,0,18,臺中市,北區,0,2,0,5,1,6,50,4,9,1,4,4,6,6,1,1,5,5,5,2,2,84,2,7,1,1,C03,7,9,1,10,2,11,,84,84,1,12,4,C03,120.682207,24.158824,2
1171,66000,387130000C,(04)23274275,(04)23288582,2023,8,4,1,5,臺中市,神岡區,0,1,0,5,1,6,50,4,1,1,4,4,6,6,1,1,10,5,5,2,18,21,2,9,1,1,C03,7,9,1,10,2,12,,21,21,1,13,4,C03,120.696316,24.248833,2
1172,66000,387130000C,(04)23274275,(04)23288582,2023,8,4,2,28,臺中市,西屯區,0,2,0,5,1,6,50,4,1,1,4,4,6,6,2,1,10,5,5,2,16,21,2,9,5,1,C03,7,9,1,10,2,11,,21,21,1,13,4,C03,120.644268,24.171377,2
1173,66000,387130000C,(04)23274275,(04)23288582,2023,8,4,2,48,臺中市,清水區,0,1,0,5,1,6,70,13,7,1,4,4,6,6,4,4,1,4,4,1,18,5,2,7,3,1,B03,7,9,1,8,2,1,2,5,5,1,6,4,B03,120.579828,24.28091,2
1174,66000,387130000C,(04)23274275,(04)23288582,2023,8,4,3,0,臺中市,豐原區,0,0,0,5,,,50,,,,,,,,,,,,,,9,61,,,,,B03,,,1,,2,,,61,,1,13,4,B03,120.715282,24.240002,3
1175,66000,387130000C,(04)23274275,(04)23288582,2023,8,4,3,15,臺中市,太平區,0,1,0,5,1,6,50,4,2,1,4,4,6,6,2,1,5,5,4,1,16,39,3,10,3,1,B03,7,11,1,8,2,8,,39,39,1,12,4,B03,120.719108,24.149059,2
1176,66000,387130000C,(04)23274275,(04)23288582,2023,8,4,3,26,臺中市,南屯區,0,0,0,5,,,50,,,,,,,,,,,,,,,59,,,,,B03,,,1,,9,,,59,,2,12,4,B03,120.652837,24.151836,3
1177,66000,387130000C,(04)23274275,(04)23288582,2023,8,4,3,48,臺中市,北區,0,0,0,5,,,30,,,,,,,,,,,,,,9,84,,,,,B03,,,1,,2,,,84,,1,13,4,B03,120.697768,24.160358,3
1178,66000,387130000C,(04)23274275,(04)23288582,2023,8,4,4,5,臺中市,北屯區,0,1,0,5,1,6,50,13,9,1,4,4,6,6,4,4,5,4,5,2,17,45,3,10,3,1,A41,7,11,1,1,1,4,,45,45,1,12,4,A41,120.718934,24.175938,2
1179,66000,387130000C,(04)23274275,(04)23288582,2023,8,4,4,25,臺中市,清水區,0,0,0,5,,,70,,,,,,,,,,,,,,21,58,,,,,A41,,,1,,2,,,58,,1,6,4,A41,120.534306,24.27556,3
1180,66000,387130000C,(04)23274275,(04)23288582,2023,8,4,6,0,臺中市,西屯區,0,1,0,5,2,6,50,4,1,1,4,4,6,6,3,1,5,4,4,2,17,85,2,9,1,1,C03,7,9,1,10,2,12,,85,85,1,12,4,C03,120.61548,24.174508,2
1181,66000,387130000C,(04)23274275,(04)23288582,2023,8,4,6,20,臺中市,大里區,0,1,0,6,3,6,50,13,8,1,4,4,6,6,4,4,9,4,4,2,17,76,3,10,4,1,B03,7,13,1,7,2,4,,76,76,1,12,4,B03,120.702884,24.088468,2
1182,66000,387130000C,(04)23274275,(04)23288582,2023,8,4,6,30,臺中市,南區,0,1,0,7,3,6,50,13,9,1,5,4,6,6,4,4,5,4,5,2,17,45,3,10,3,1,B03,7,11,1,8,2,4,,45,45,1,12,4,B03,120.660075,24.123321,2
1183,66000,387130000C,(04)23274275,(04)23288582,2023,8,4,6,50,臺中市,南屯區,0,0,0,7,,,50,,,,,,,,,,,,,,,59,,,,,A05,,,1,,2,,,59,,1,13,4,A05,120.638102,24.139882,3
1184,66000,387130000C,(04)23274275,(04)23288582,2023,8,4,7,5,臺中市,西屯區,0,1,0,5,3,6,50,3,1,1,4,4,6,6,4,4,10,3,5,2,30,84,2,9,1,1,C03,7,9,1,10,2,12,,84,84,1,13,4,C03,120.618756,24.175327,2
1185,66000,387130000C,(04)23274275,(04)23288582,2023,8,4,7,12,臺中市,太平區,0,0,0,5,2,6,50,4,2,1,4,4,6,6,4,4,5,2,4,1,30,84,3,10,3,1,B12,7,15,1,8,2,2,,84,84,2,12,4,B12,120.733882,24.120528,3
1186,66000,387130000C,(04)23274275,(04)23288582,2023,8,4,7,13,臺中市,西屯區,0,0,0,7,,,50,,,,,,,,,,,,,,,40,,,,,C03,,,1,,1,,,40,,1,12,4,C03,120.64553,24.195638,3
1187,66000,387130000C,(04)23274275,(04)23288582,2023,8,4,7,19,臺中市,大雅區,0,1,0,5,1,6,50,13,9,1,4,4,6,6,4,4,9,5,5,1,17,59,2,9,2,1,C03,7,9,1,10,2,14,,59,59,1,13,4,C03,120.645546,24.221421,2
1188,66000,387130000C,(04)23274275,(04)23288582,2023,8,4,7,19,臺中市,西屯區,0,0,0,7,,,50,,,,,,,,,,,,,,13,84,,,,,B03,,,1,,1,,,84,,1,12,4,B03,120.627386,24.201143,3