序號,縣市別代碼,機關代碼,市話,傳真,年,月,日,時,分,縣市,區,死亡數量,受傷數量,2-30,天候,光線,道路類別,速限,道路型態,事故位置,路面鋪裝,路面狀態,路面缺陷,障礙物,視距,號誌種類,號誌動作,分向設施,快車道或一般車道間,快慢車道間,路面邊線,事故類型及型態,主要肇因,受傷程度,主要傷處,保護裝備,行動電話,當事者區分(類別),車輛用途,當事者行動狀態,駕駛資格情形,駕駛執照種類,飲酒情形,車輛撞擊部位最初,車輛撞擊部位其他,肇事因素個別,肇事因素主要,肇事逃逸,職業,旅次目的,車種,GPS座標X,GPS座標Y,事故類別
1189,66000,387130000C,(04)23274275,(04)23288582,2023,8,4,7,19,臺中市,神岡區,0,1,0,5,3,6,60,13,9,1,4,4,6,6,4,4,1,4,5,1,17,51,3,10,3,1,B03,7,1,1,8,2,15,,51,51,1,13,4,B03,120.676806,24.242182,2
1190,66000,387130000C,(04)23274275,(04)23288582,2023,8,4,7,20,臺中市,北屯區,0,0,0,5,,,50,,,,,,,,,,,,,,,84,,,,,B03,,,1,,1,,,84,,1,12,4,B03,120.719475,24.163003,3
1191,66000,387130000C,(04)23274275,(04)23288582,2023,8,4,7,23,臺中市,南屯區,0,3,0,7,2,6,50,3,1,1,5,4,6,6,2,1,10,5,5,2,13,7,2,9,2,1,C03,7,9,1,10,2,11,,7,7,1,12,4,C03,120.633248,24.124221,2
1192,66000,387130000C,(04)23274275,(04)23288582,2023,8,4,7,26,臺中市,大里區,0,1,0,5,2,6,50,11,14,1,4,4,6,6,4,4,1,4,5,1,17,59,2,9,1,1,C03,7,9,1,10,2,14,,59,59,1,13,4,C03,120.68304,24.097888,2
1193,66000,387130000C,(04)23274275,(04)23288582,2023,8,4,7,29,臺中市,西區,0,0,0,5,,,50,,,,,,,,,,,,,,13,84,,,,,B03,,,1,,1,,,84,,1,12,4,B03,120.657083,24.140217,3
1194,66000,387130000C,(04)23274275,(04)23288582,2023,8,4,7,29,臺中市,豐原區,0,1,0,5,2,6,50,4,1,1,4,4,6,6,2,1,1,2,5,1,17,21,2,9,1,1,C03,7,9,1,10,2,12,,21,21,1,12,4,C03,120.723969,24.245023,2
1195,66000,387130000C,(04)23274275,(04)23288582,2023,8,4,7,30,臺中市,潭子區,0,1,0,5,3,6,60,13,8,1,4,4,6,6,4,4,3,4,4,1,17,59,3,10,1,1,C03,7,1,1,10,2,16,,51,59,1,13,4,C03,120.705256,24.208752,2
1196,66000,387130000C,(04)23274275,(04)23288582,2023,8,4,7,30,臺中市,西屯區,0,0,0,5,,,50,,,,,,,,,,,,,,12,51,,,,,B03,,,1,,1,,,51,,1,13,4,B03,120.647833,24.173768,4
1197,66000,387130000C,(04)23274275,(04)23288582,2023,8,4,7,31,臺中市,豐原區,0,0,0,5,,,50,,,,,,,,,,,,,,,59,,,,,B03,,,1,,1,,,59,,1,12,4,B03,120.705192,24.250014,4
1198,66000,387130000C,(04)23274275,(04)23288582,2023,8,4,7,32,臺中市,神岡區,0,0,0,7,,,50,,,,,,,,,,,,,,,7,,,,,C03,,,1,,2,,,7,,1,13,4,C03,120.689391,24.257879,3
1199,66000,387130000C,(04)23274275,(04)23288582,2023,8,4,7,35,臺中市,豐原區,0,1,0,5,2,6,50,3,1,1,4,4,6,6,4,4,10,5,5,2,17,51,3,10,1,1,C03,7,1,1,10,2,12,,51,51,1,13,4,C03,120.730207,24.267634,2
1200,66000,387130000C,(04)23274275,(04)23288582,2023,8,4,7,36,臺中市,梧棲區,0,0,0,7,,,70,,,,,,,,,,,,,,13,7,,,,,B03,,,1,,1,,,7,,1,6,4,B03,120.554087,24.248277,3
1201,66000,387130000C,(04)23274275,(04)23288582,2023,8,4,7,37,臺中市,北屯區,0,1,0,5,2,6,50,3,2,1,4,4,6,6,1,1,9,4,5,2,18,84,2,9,1,1,C03,7,9,1,10,2,14,,84,84,1,12,4,C03,120.671405,24.201128,2
1202,66000,387130000C,(04)23274275,(04)23288582,2023,8,4,7,39,臺中市,大甲區,0,0,0,7,,,30,,,,,,,,,,,,,,,20,,,,,B03,,,1,,1,,,20,,1,6,4,B03,120.658157,24.372795,3
1203,66000,387130000C,(04)23274275,(04)23288582,2023,8,4,7,40,臺中市,西屯區,0,1,0,5,2,6,50,4,2,1,4,4,6,6,2,1,5,4,4,2,18,84,2,9,5,4,C03,7,9,1,10,2,12,,84,84,1,13,4,C03,120.637487,24.175913,2
1204,66000,387130000C,(04)23274275,(04)23288582,2023,8,4,7,40,臺中市,后里區,0,1,0,6,2,6,50,13,8,1,4,4,6,6,4,4,4,5,4,1,17,45,3,10,3,1,B03,7,11,1,8,2,5,,45,45,1,12,4,B03,120.7204,24.30902,2
1205,66000,387130000C,(04)23274275,(04)23288582,2023,8,4,7,42,臺中市,神岡區,0,1,0,5,3,6,50,13,9,1,4,4,6,6,4,4,1,4,5,1,17,84,2,9,1,1,C03,7,9,1,10,2,11,,84,84,1,13,4,C03,120.675595,24.241358,2
1206,66000,387130000C,(04)23274275,(04)23288582,2023,8,4,7,43,臺中市,豐原區,0,1,0,7,1,6,50,4,2,1,5,4,6,6,1,1,3,4,4,1,17,59,2,9,1,1,C03,7,9,3,19,2,14,,59,59,1,12,4,C03,120.74766,24.266563,2
1207,66000,387130000C,(04)23274275,(04)23288582,2023,8,4,7,43,臺中市,神岡區,0,1,0,6,2,6,30,4,1,1,5,4,6,6,1,1,10,5,5,2,18,84,2,9,2,1,C03,7,12,1,10,2,14,,84,84,1,13,4,C03,120.653778,24.271688,2
1208,66000,387130000C,(04)23274275,(04)23288582,2023,8,4,7,44,臺中市,霧峰區,0,1,0,6,2,6,50,13,9,1,4,4,6,6,4,4,9,5,5,1,13,7,2,7,5,4,C03,7,9,1,10,2,11,,7,7,1,6,4,C03,120.7039,24.072512,2
1209,66000,387130000C,(04)23274275,(04)23288582,2023,8,4,7,45,臺中市,西屯區,0,2,0,7,1,6,50,13,9,1,4,4,6,6,4,4,1,3,5,2,17,84,2,9,4,4,C03,7,9,1,10,2,11,,84,84,1,12,4,C03,120.639414,24.188611,2
1210,66000,387130000C,(04)23274275,(04)23288582,2023,8,4,7,47,臺中市,潭子區,0,1,0,5,2,6,30,11,9,1,4,4,6,6,4,4,10,5,5,2,18,58,2,9,1,1,C03,7,9,1,10,2,14,,58,58,1,12,4,C03,120.72234,24.192156,2
1211,66000,387130000C,(04)23274275,(04)23288582,2023,8,4,7,48,臺中市,大里區,0,0,0,7,,,50,,,,,,,,,,,,,,,1,,,,,C03,,,1,,11,,,1,,1,12,4,C03,120.688912,24.078163,3
1212,66000,387130000C,(04)23274275,(04)23288582,2023,8,4,7,49,臺中市,大里區,0,2,0,6,2,6,50,4,1,1,5,4,6,6,4,4,10,5,5,2,17,11,2,9,5,4,C03,7,6,1,10,2,12,,11,11,1,12,4,C03,120.703742,24.093107,2
1213,66000,387130000C,(04)23274275,(04)23288582,2023,8,4,7,50,臺中市,沙鹿區,0,0,0,7,,,50,,,,,,,,,,,,,,,40,,,,,B03,,,1,,2,,,40,,1,13,4,B03,120.560006,24.238967,3
1214,66000,387130000C,(04)23274275,(04)23288582,2023,8,4,7,53,臺中市,西區,0,1,0,5,2,6,50,13,9,1,4,4,6,6,4,4,5,5,5,2,13,84,3,10,2,1,C03,7,9,1,10,2,12,,84,84,1,13,4,C03,120.660278,24.161502,2
1215,66000,387130000C,(04)23274275,(04)23288582,2023,8,4,7,53,臺中市,北屯區,0,2,0,5,2,6,50,4,1,1,4,4,6,6,4,4,5,4,5,2,16,20,3,10,2,1,C03,7,6,1,10,2,12,,20,20,1,12,4,C03,120.71913,24.176712,2
1216,66000,387130000C,(04)23274275,(04)23288582,2023,8,4,7,55,臺中市,西屯區,0,1,0,7,3,6,50,4,1,1,5,4,6,6,2,1,10,5,5,2,17,11,3,10,3,1,B03,7,6,1,8,2,8,,11,11,1,12,4,B03,120.610812,24.191002,2
1217,66000,387130000C,(04)23274275,(04)23288582,2023,8,4,7,56,臺中市,北屯區,0,0,0,5,,,50,,,,,,,,,,,,,,11,42,,,,,C03,,,1,,9,,,42,,2,12,4,C03,120.723,24.181584,3
1218,66000,387130000C,(04)23274275,(04)23288582,2023,8,4,7,57,臺中市,霧峰區,0,0,0,7,,,50,,,,,,,,,,,,,,,8,,,,,B03,,,1,,2,,,8,,1,6,4,B03,120.701076,24.061286,3
1219,66000,387130000C,(04)23274275,(04)23288582,2023,8,4,7,58,臺中市,大肚區,0,2,0,7,2,6,30,4,1,1,5,4,6,6,4,4,10,5,5,2,15,15,2,7,5,4,C03,7,9,1,10,7,12,,15,15,1,13,4,C03,120.580785,24.170729,2
1220,66000,387130000C,(04)23274275,(04)23288582,2023,8,4,7,59,臺中市,潭子區,0,1,0,5,3,6,50,13,7,1,4,4,6,6,4,4,4,4,5,1,12,59,2,9,1,1,C03,7,9,1,10,2,11,,59,59,1,13,4,C03,120.722661,24.202605,2
1221,66000,387130000C,(04)23274275,(04)23288582,2023,8,4,8,0,臺中市,大雅區,0,1,0,6,2,6,30,13,9,1,4,4,6,6,4,4,10,5,5,2,11,8,3,10,3,1,B03,7,9,1,8,9,4,,8,8,2,13,4,B03,120.605562,24.222764,2
1222,66000,387130000C,(04)23274275,(04)23288582,2023,8,4,8,0,臺中市,西屯區,0,1,0,5,2,6,50,4,1,1,4,4,6,6,1,1,10,5,5,2,16,11,3,10,5,4,B03,7,6,1,8,2,6,,11,11,1,12,4,B03,120.618364,24.16397,2
1223,66000,387130000C,(04)23274275,(04)23288582,2023,8,4,8,0,臺中市,豐原區,0,1,0,5,2,6,50,13,9,1,4,4,6,6,4,4,5,5,5,1,13,7,2,9,1,1,C03,7,9,1,10,2,11,,7,7,1,13,4,C03,120.72171,24.271591,2
1224,66000,387130000C,(04)23274275,(04)23288582,2023,8,4,8,1,臺中市,西屯區,0,1,0,6,2,6,50,3,1,1,5,4,6,6,4,4,5,3,5,2,17,84,2,9,1,1,C03,7,5,1,10,2,11,,84,84,1,12,4,C03,120.588831,24.173583,2
1225,66000,387130000C,(04)23274275,(04)23288582,2023,8,4,8,5,臺中市,南區,0,1,0,5,3,6,50,4,9,1,4,4,6,6,1,1,3,5,5,2,18,84,2,9,5,4,C03,7,9,1,10,2,12,,84,84,1,12,4,C03,120.679273,24.126395,2
1226,66000,387130000C,(04)23274275,(04)23288582,2023,8,4,8,5,臺中市,西屯區,0,0,0,7,,,30,,,,,,,,,,,,,,6,51,,,,,C03,,,1,,1,,,51,,1,13,4,C03,120.615061,24.178803,3
1227,66000,387130000C,(04)23274275,(04)23288582,2023,8,4,8,9,臺中市,南屯區,0,0,0,7,,,50,,,,,,,,,,,,,,,58,,,,,B03,,,1,,1,,,58,,1,12,4,B03,120.645085,24.140927,3
1228,66000,387130000C,(04)23274275,(04)23288582,2023,8,4,8,12,臺中市,太平區,0,2,0,6,2,6,50,3,1,1,4,4,6,6,1,1,10,5,5,2,16,20,2,9,3,1,B03,7,6,1,8,2,2,,20,20,1,12,4,B03,120.718349,24.104012,2
1229,66000,387130000C,(04)23274275,(04)23288582,2023,8,4,8,13,臺中市,南屯區,0,1,0,7,2,6,50,4,1,1,5,4,6,6,2,1,10,5,5,2,18,58,2,9,2,1,C03,7,9,3,19,2,14,,58,58,1,12,4,C03,120.642251,24.140935,2
1230,66000,387130000C,(04)23274275,(04)23288582,2023,8,4,8,13,臺中市,西屯區,0,1,0,6,2,6,40,4,1,1,4,4,6,6,2,1,1,1,1,2,18,84,2,9,5,4,C03,7,12,1,10,1,14,,84,84,1,12,4,C03,120.639014,24.168964,2
1231,66000,387130000C,(04)23274275,(04)23288582,2023,8,4,8,15,臺中市,北區,0,1,0,5,2,6,50,3,2,1,4,4,6,6,4,4,1,5,5,2,13,58,3,10,3,1,B01,7,6,1,4,2,8,,58,58,1,12,4,B01,120.677808,24.15725,2
1232,66000,387130000C,(04)23274275,(04)23288582,2023,8,4,8,15,臺中市,南屯區,0,3,0,7,2,6,30,13,9,1,5,4,6,6,4,4,1,5,5,2,16,51,2,9,3,1,B03,7,1,1,8,2,8,,51,51,1,13,4,B03,120.625023,24.14017,2
1233,66000,387130000C,(04)23274275,(04)23288582,2023,8,4,8,21,臺中市,潭子區,0,1,0,5,2,6,60,13,12,1,4,4,6,6,4,4,1,4,4,1,16,20,3,10,3,1,B03,7,7,1,8,2,2,,20,20,1,12,4,B03,120.705134,24.20644,2
1234,66000,387130000C,(04)23274275,(04)23288582,2023,8,4,8,21,臺中市,南屯區,0,1,0,7,2,6,50,4,1,1,4,4,6,6,1,1,5,5,5,2,17,59,3,10,1,1,C03,7,5,1,10,2,16,,22,59,1,12,4,C03,120.65222,24.149934,2
1235,66000,387130000C,(04)23274275,(04)23288582,2023,8,4,8,22,臺中市,西屯區,0,1,0,7,1,6,50,13,9,1,5,4,6,6,4,4,1,3,5,2,18,84,2,9,1,1,C03,7,9,1,10,2,14,,84,84,1,12,4,C03,120.658437,24.171001,2
1236,66000,387130000C,(04)23274275,(04)23288582,2023,8,4,8,22,臺中市,太平區,0,2,0,7,3,6,50,3,1,1,4,4,6,6,2,1,10,5,5,2,12,8,2,9,2,1,C03,7,9,1,10,2,12,,8,8,1,12,4,C03,120.735848,24.129853,2
1237,66000,387130000C,(04)23274275,(04)23288582,2023,8,4,8,27,臺中市,霧峰區,0,0,0,7,,,30,,,,,,,,,,,,,,,51,,,,,B03,,,1,,2,,,51,51,1,12,4,B03,120.664544,24.0598,3
1238,66000,387130000C,(04)23274275,(04)23288582,2023,8,4,8,28,臺中市,大里區,0,0,0,7,,,50,,,,,,,,,,,,,,12,59,,,,,B03,,,1,,2,,,59,,1,6,4,B03,120.697985,24.081219,3
1239,66000,387130000C,(04)23274275,(04)23288582,2023,8,4,8,29,臺中市,西屯區,0,0,0,7,,,50,,,,,,,,,,,,,,,84,,,,,B03,,,1,,2,,,84,,1,12,4,B03,120.619738,24.196269,3
1240,66000,387130000C,(04)23274275,(04)23288582,2023,8,4,8,33,臺中市,北屯區,0,1,0,5,2,6,50,13,9,1,4,4,6,6,4,4,3,4,5,1,18,84,2,9,1,1,C03,7,9,1,10,2,14,,84,84,1,12,4,C03,120.685601,24.17106,2
1241,66000,387130000C,(04)23274275,(04)23288582,2023,8,4,8,33,臺中市,大里區,0,1,0,6,1,6,50,13,9,1,5,4,6,6,1,1,3,4,4,1,12,7,2,9,2,1,C03,7,9,1,10,2,14,,7,7,1,13,4,C03,120.69708,24.111088,2
1242,66000,387130000C,(04)23274275,(04)23288582,2023,8,4,8,33,臺中市,太平區,0,0,0,5,,,50,,,,,,,,,,,,,,,7,,,,,C03,,,1,,2,,,7,,1,13,4,C03,120.711813,24.1445,3
1243,66000,387130000C,(04)23274275,(04)23288582,2023,8,4,8,34,臺中市,西區,0,3,0,7,2,6,50,4,1,1,5,4,6,6,1,1,5,5,5,2,13,7,2,9,5,4,C03,7,9,1,10,2,11,,7,7,1,12,4,C03,120.669455,24.138757,2
1244,66000,387130000C,(04)23274275,(04)23288582,2023,8,4,8,35,臺中市,北區,0,0,0,5,,,50,,,,,,,,,,,,,,17,84,,,,,B03,,,1,,2,,,84,,1,12,4,B03,120.68116,24.168392,3
1245,66000,387130000C,(04)23274275,(04)23288582,2023,8,4,8,35,臺中市,烏日區,0,0,0,6,,,50,,,,,,,,,,,,,,,49,,,,,B03,,,1,,2,,,49,,1,12,4,B03,120.602344,24.107268,3
1246,66000,387130000C,(04)23274275,(04)23288582,2023,8,4,8,37,臺中市,北區,0,1,0,7,3,6,50,13,9,1,4,4,6,6,4,4,9,4,5,2,13,59,2,9,5,4,C03,7,9,1,10,2,11,,59,59,1,13,4,C03,120.679289,24.166189,2
1247,66000,387130000C,(04)23274275,(04)23288582,2023,8,4,8,40,臺中市,西區,0,0,0,5,,,50,,,,,,,,,,,,,,17,84,,,,,B03,,,1,,1,,,84,,1,12,4,B03,120.666531,24.140836,3
1248,66000,387130000C,(04)23274275,(04)23288582,2023,8,4,8,40,臺中市,北屯區,0,0,0,5,,,50,,,,,,,,,,,,,,,7,,,,,C03,,,1,,1,,,7,,1,12,4,C03,120.68891,24.163183,3
1249,66000,387130000C,(04)23274275,(04)23288582,2023,8,4,8,45,臺中市,北屯區,0,2,0,5,2,6,50,13,7,1,4,4,6,6,4,4,9,5,4,2,18,84,2,9,1,1,C03,7,9,1,10,2,12,,84,84,1,12,4,C03,120.664767,24.180893,2
1250,66000,387130000C,(04)23274275,(04)23288582,2023,8,4,8,46,臺中市,大里區,0,2,0,6,2,6,50,3,1,1,4,4,6,6,4,4,5,5,4,2,16,14,2,9,1,1,C03,7,6,1,10,2,12,,14,14,1,13,4,C03,120.694498,24.110617,2
1251,66000,387130000C,(04)23274275,(04)23288582,2023,8,4,8,54,臺中市,霧峰區,0,1,0,6,3,6,30,3,2,1,5,4,6,6,4,4,10,5,5,2,17,7,2,9,5,4,C03,7,9,1,10,2,16,,7,7,1,12,4,C03,120.699565,24.063138,2
1252,66000,387130000C,(04)23274275,(04)23288582,2023,8,4,8,55,臺中市,北區,0,1,0,6,2,6,30,3,1,1,4,4,6,6,4,4,10,5,5,2,17,14,3,10,3,1,B03,7,5,1,8,2,16,,14,14,1,12,4,B03,120.669534,24.158197,2
1253,66000,387130000C,(04)23274275,(04)23288582,2023,8,4,8,56,臺中市,北區,0,2,0,5,3,6,50,3,2,1,4,4,6,6,4,4,5,4,5,2,16,14,2,7,5,4,C03,7,9,1,10,2,11,,84,14,1,13,4,C03,120.685229,24.158902,2
1254,66000,387130000C,(04)23274275,(04)23288582,2023,8,4,8,56,臺中市,西屯區,0,0,0,7,,,50,,,,,,,,,,,,,,17,84,,,,,B03,,,1,,1,,,84,,1,13,4,B03,120.641688,24.192571,3
1255,66000,387130000C,(04)23274275,(04)23288582,2023,8,4,8,57,臺中市,霧峰區,0,2,0,7,2,6,40,13,12,1,4,4,6,6,4,4,5,4,4,1,3,95,2,8,6,5,H01,8,16,7,21,10,17,,95,95,1,6,5,H01,120.698741,24.065928,2
1256,66000,387130000C,(04)23274275,(04)23288582,2023,8,4,8,57,臺中市,太平區,0,0,0,5,2,6,40,3,2,1,4,4,6,6,4,4,5,2,4,2,16,40,3,10,3,1,B12,7,8,1,8,2,7,,40,40,2,12,4,B12,120.711681,24.141024,3
1257,66000,387130000C,(04)23274275,(04)23288582,2023,8,4,9,0,臺中市,南屯區,0,0,0,7,,,50,,,,,,,,,,,,,,,8,,,,,B03,,,1,,2,,,8,,1,12,4,B03,120.635663,24.151466,3
1258,66000,387130000C,(04)23274275,(04)23288582,2023,8,4,9,0,臺中市,北屯區,0,0,0,5,,,50,,,,,,,,,,,,,,,40,,,,,B12,,,1,,1,,,40,40,1,12,4,B12,120.693842,24.164685,3
1259,66000,387130000C,(04)23274275,(04)23288582,2023,8,4,9,8,臺中市,北屯區,0,1,0,5,2,6,50,4,1,1,4,4,6,6,2,1,10,5,5,2,18,84,2,9,1,1,C03,7,9,1,10,2,12,,84,84,1,12,4,C03,120.722489,24.172549,2
1260,66000,387130000C,(04)23274275,(04)23288582,2023,8,4,9,8,臺中市,大里區,0,0,0,7,,,50,,,,,,,,,,,,,,,59,,,,,C03,,,1,,2,,,59,,1,12,4,C03,120.692541,24.121756,3
1261,66000,387130000C,(04)23274275,(04)23288582,2023,8,4,9,9,臺中市,東區,0,1,0,6,2,6,50,4,1,1,5,4,6,6,4,4,10,5,5,2,17,84,3,10,5,4,B03,7,5,1,8,2,6,,84,84,1,13,4,B03,120.70979,24.146853,2
1262,66000,387130000C,(04)23274275,(04)23288582,2023,8,4,9,9,臺中市,北屯區,0,1,0,5,2,6,50,4,1,1,4,4,6,6,2,1,10,5,5,2,16,11,2,9,2,1,C03,7,6,1,10,2,12,,11,11,1,12,4,C03,120.6851,24.177386,2
1263,66000,387130000C,(04)23274275,(04)23288582,2023,8,4,9,11,臺中市,豐原區,0,1,0,7,3,6,50,3,1,1,5,4,6,6,4,4,10,5,5,2,18,84,2,9,1,1,C03,7,9,1,10,2,12,,84,84,1,12,4,C03,120.714655,24.248069,2
1264,66000,387130000C,(04)23274275,(04)23288582,2023,8,4,9,13,臺中市,西區,0,1,0,5,2,6,50,3,1,1,4,4,6,6,4,4,10,5,5,2,16,4,2,9,6,1,F01,7,9,7,21,1,14,,4,4,1,13,4,F01,120.670887,24.153015,2
1265,66000,387130000C,(04)23274275,(04)23288582,2023,8,4,9,14,臺中市,西屯區,0,0,0,7,,,50,,,,,,,,,,,,,,,84,,,,,B03,,,1,,1,,,84,,1,12,4,B03,120.640604,24.167103,3
1266,66000,387130000C,(04)23274275,(04)23288582,2023,8,4,9,14,臺中市,大里區,0,0,0,6,2,6,50,13,21,4,4,4,6,6,4,4,1,4,5,1,14,49,,,,,B03,,,1,,2,,,49,,1,13,4,B03,120.68304,24.097888,3
1267,66000,387130000C,(04)23274275,(04)23288582,2023,8,4,9,21,臺中市,潭子區,0,0,0,5,,,60,,,,,,,,,,,,,,13,58,,,,,B11,,,1,,2,,,58,,1,12,4,B11,120.705022,24.207144,3
1268,66000,387130000C,(04)23274275,(04)23288582,2023,8,4,9,26,臺中市,西屯區,0,0,0,7,,,80,,,,,,,,,,,,,,12,40,,,,,B12,,,1,,2,,,40,,1,12,4,B12,120.634328,24.175627,3
1269,66000,387130000C,(04)23274275,(04)23288582,2023,8,4,9,29,臺中市,神岡區,0,0,0,7,,,40,,,,,,,,,,,,,,,84,,,,,B03,,,1,,2,,,84,,1,13,4,B03,120.694504,24.248565,3
1270,66000,387130000C,(04)23274275,(04)23288582,2023,8,4,9,30,臺中市,南區,0,0,0,7,,,50,,,,,,,,,,,,,,,84,,,,,B12,,,1,,2,,,84,,1,12,4,B12,120.650885,24.115918,3
1271,66000,387130000C,(04)23274275,(04)23288582,2023,8,4,9,30,臺中市,南屯區,0,1,0,7,2,6,50,13,7,1,5,4,6,6,4,4,1,4,5,2,13,59,3,10,3,1,B03,7,9,3,19,2,1,,59,59,1,13,4,B03,120.646503,24.140705,2
1272,66000,387130000C,(04)23274275,(04)23288582,2023,8,4,9,30,臺中市,大甲區,0,0,0,7,,,50,,,,,,,,,,,,,,,7,,,,,C03,,,1,,9,,,7,,1,6,4,C03,120.663565,24.387977,3
1273,66000,387130000C,(04)23274275,(04)23288582,2023,8,4,9,31,臺中市,南區,0,1,0,6,2,6,50,3,1,1,5,4,6,6,4,4,5,5,5,2,16,14,3,10,3,1,B02,7,6,1,8,2,7,,14,14,1,12,4,B02,120.653289,24.121969,2
1274,66000,387130000C,(04)23274275,(04)23288582,2023,8,4,9,43,臺中市,南屯區,0,2,0,6,2,6,50,13,9,1,5,4,6,6,4,4,5,4,5,2,17,7,2,9,2,1,C03,7,9,1,10,2,11,14,7,7,1,12,4,C03,120.610473,24.14288,2
1275,66000,387130000C,(04)23274275,(04)23288582,2023,8,4,9,45,臺中市,豐原區,0,0,0,7,,,50,,,,,,,,,,,,,,,7,,,,,B12,,,1,,2,,,7,,1,13,4,B12,120.713057,24.250882,3
1276,66000,387130000C,(04)23274275,(04)23288582,2023,8,4,9,50,臺中市,北屯區,0,1,0,7,2,6,50,3,1,1,5,4,6,6,4,4,10,5,5,2,17,45,3,10,3,1,B03,7,11,1,8,2,1,,45,45,1,11,4,B03,120.673397,24.17626,2
1277,66000,387130000C,(04)23274275,(04)23288582,2023,8,4,9,52,臺中市,西屯區,0,0,0,7,,,30,,,,,,,,,,,,,,15,14,,,,,B03,,,1,,1,,,14,,1,13,4,B03,120.657336,24.175197,3
1278,66000,387130000C,(04)23274275,(04)23288582,2023,8,4,9,53,臺中市,潭子區,0,1,0,5,3,6,30,3,9,1,4,4,6,6,4,4,10,4,5,2,17,49,3,10,3,1,B12,7,2,1,8,2,6,,49,49,1,13,4,B12,120.707686,24.229323,2
1279,66000,387130000C,(04)23274275,(04)23288582,2023,8,4,9,54,臺中市,北區,0,0,0,7,,,50,,,,,,,,,,,,,,14,49,,,,,B03,,,1,,1,,,49,,1,12,4,B03,120.674329,24.170242,3
1280,66000,387130000C,(04)23274275,(04)23288582,2023,8,4,9,58,臺中市,北屯區,0,1,0,7,2,6,40,13,13,1,5,4,6,6,4,4,10,5,5,2,16,27,2,9,2,1,C03,7,9,1,10,2,11,,27,27,1,12,4,C03,120.680135,24.201457,2
1281,66000,387130000C,(04)23274275,(04)23288582,2023,8,4,9,58,臺中市,后里區,0,1,0,7,2,6,30,11,7,1,5,4,6,2,4,4,10,5,4,2,10,84,3,10,3,1,B12,7,9,1,8,2,8,,84,84,1,12,4,B12,120.716895,24.292575,2
1282,66000,387130000C,(04)23274275,(04)23288582,2023,8,4,10,0,臺中市,霧峰區,0,1,0,6,3,6,30,13,9,1,5,4,6,6,4,4,10,5,5,2,17,51,2,9,1,1,C03,7,1,1,10,2,14,,51,51,1,12,4,C03,120.689016,24.038387,2
1283,66000,387130000C,(04)23274275,(04)23288582,2023,8,4,10,1,臺中市,清水區,0,1,0,7,3,6,40,13,8,1,5,4,6,6,4,4,1,4,1,1,17,84,2,9,2,1,C03,7,9,1,10,2,14,,84,84,1,12,4,C03,120.560499,24.260516,2
1284,66000,387130000C,(04)23274275,(04)23288582,2023,8,4,10,3,臺中市,北區,0,1,0,7,2,6,40,4,1,1,5,4,6,6,1,1,10,5,5,2,18,84,2,9,1,1,C03,7,12,1,10,2,14,,84,84,1,13,4,C03,120.678279,24.14853,2
1285,66000,387130000C,(04)23274275,(04)23288582,2023,8,4,10,3,臺中市,西屯區,0,0,0,7,,,50,,,,,,,,,,,,,,30,84,,,,,B03,,,1,,2,,,84,,1,13,4,B03,120.624383,24.178531,3
1286,66000,387130000C,(04)23274275,(04)23288582,2023,8,4,10,5,臺中市,大里區,0,0,0,7,,,50,,,,,,,,,,,,,,,4,,,,,C03,,,1,,2,,,4,,1,12,4,C03,120.694651,24.111049,3
1287,66000,387130000C,(04)23274275,(04)23288582,2023,8,4,10,16,臺中市,東區,0,0,0,7,,,50,,,,,,,,,,,,,,,7,,,,,B12,,,1,,2,,,7,,1,12,4,B12,120.698785,24.133,3
1288,66000,387130000C,(04)23274275,(04)23288582,2023,8,4,10,18,臺中市,西區,0,2,0,7,3,6,60,4,1,1,5,4,6,6,2,1,10,5,5,2,17,85,3,10,3,1,B03,7,6,1,8,2,2,,85,85,1,13,4,B03,120.659417,24.157088,2
1289,66000,387130000C,(04)23274275,(04)23288582,2023,8,4,10,24,臺中市,烏日區,0,0,0,7,1,6,50,13,9,1,5,4,6,6,4,4,9,5,5,1,17,8,,,,,B03,,,1,,2,,,8,,1,12,4,B03,120.622201,24.10791,3
1290,66000,387130000C,(04)23274275,(04)23288582,2023,8,4,10,25,臺中市,太平區,0,0,0,7,,,30,,,,,,,,,,,,,,8,8,,,,,A12,,,1,,2,,,8,,1,12,4,A12,120.706735,24.152629,3
1291,66000,387130000C,(04)23274275,(04)23288582,2023,8,4,10,30,臺中市,西屯區,0,0,0,7,,,30,,,,,,,,,,,,,,,49,,,,,B12,,,1,,1,,,49,,1,12,4,B12,120.591293,24.169362,3
1292,66000,387130000C,(04)23274275,(04)23288582,2023,8,4,10,34,臺中市,北區,0,0,0,6,,,50,,,,,,,,,,,,,,,26,,,,,C03,,,1,,1,,,26,,1,13,4,C03,120.686252,24.15482,3
1293,66000,387130000C,(04)23274275,(04)23288582,2023,8,4,10,34,臺中市,東區,0,1,0,6,2,6,50,3,1,1,4,4,6,6,4,4,5,5,4,2,18,6,2,9,1,1,C03,7,9,3,19,2,14,,6,6,1,12,4,C03,120.699985,24.142136,2
1294,66000,387130000C,(04)23274275,(04)23288582,2023,8,4,10,42,臺中市,北區,0,0,0,7,,,50,,,,,,,,,,,,,,13,7,,,,,B03,,,1,,2,,,7,,1,12,4,B03,120.675109,24.149603,3
1295,66000,387130000C,(04)23274275,(04)23288582,2023,8,4,10,50,臺中市,大雅區,0,0,0,7,1,6,30,13,9,1,5,4,6,6,4,,10,5,5,2,14,49,,,,,A12,,,1,,2,,,49,,1,13,4,A12,120.621618,24.226688,3