序號,縣市別代碼,機關代碼,市話,傳真,年,月,日,時,分,縣市,區,死亡數量,受傷數量,2-30,天候,光線,道路類別,速限,道路型態,事故位置,路面鋪裝,路面狀態,路面缺陷,障礙物,視距,號誌種類,號誌動作,分向設施,快車道或一般車道間,快慢車道間,路面邊線,事故類型及型態,主要肇因,受傷程度,主要傷處,保護裝備,行動電話,當事者區分(類別),車輛用途,當事者行動狀態,駕駛資格情形,駕駛執照種類,飲酒情形,車輛撞擊部位最初,車輛撞擊部位其他,肇事因素個別,肇事因素主要,肇事逃逸,職業,旅次目的,車種,GPS座標X,GPS座標Y,事故類別
1296,66000,387130000C,(04)23274275,(04)23288582,2023,8,4,10,50,臺中市,北區,0,0,0,5,2,6,50,3,2,1,4,4,6,6,4,4,1,5,5,2,14,49,3,10,3,1,B12,7,2,1,8,1,3,,49,49,1,12,4,B12,120.677808,24.157259,3
1297,66000,387130000C,(04)23274275,(04)23288582,2023,8,4,10,52,臺中市,沙鹿區,0,1,0,7,3,6,50,3,7,1,5,4,3,3,3,1,3,4,4,2,16,48,3,10,3,1,B11,7,9,1,8,2,2,,8,48,1,13,4,B11,120.549604,24.228647,2
1298,66000,387130000C,(04)23274275,(04)23288582,2023,8,4,10,52,臺中市,東勢區,0,1,0,5,3,6,50,3,9,1,4,4,6,6,4,4,5,5,5,2,17,20,3,10,5,4,B03,2,5,1,8,2,4,,20,20,1,12,4,B03,120.834429,24.249308,2
1299,66000,387130000C,(04)23274275,(04)23288582,2023,8,4,10,54,臺中市,北區,0,1,0,6,3,6,50,4,2,1,5,4,6,6,4,4,3,2,3,1,13,59,2,9,5,4,C03,7,9,1,10,2,11,,59,59,1,13,4,C03,120.684084,24.172353,2
1300,66000,387130000C,(04)23274275,(04)23288582,2023,8,4,10,55,臺中市,龍井區,0,0,0,7,,,50,,,,,,,,,,,,,,,50,,,,,B03,,,1,,2,,,50,,1,12,4,B03,120.545571,24.191445,3
1301,66000,387130000C,(04)23274275,(04)23288582,2023,8,4,11,1,臺中市,豐原區,0,0,0,6,,,50,,,,,,,,,,,,,,,7,,,,,A02,,,1,,2,,,7,,1,12,4,A02,120.725521,24.243294,3
1302,66000,387130000C,(04)23274275,(04)23288582,2023,8,4,11,4,臺中市,西屯區,0,0,0,7,,,50,,,,,,,,,,,,,,17,84,,,,,A42,,,1,,2,,,84,,1,13,4,A42,120.642526,24.177321,3
1303,66000,387130000C,(04)23274275,(04)23288582,2023,8,4,11,5,臺中市,梧棲區,0,1,0,6,2,6,50,3,2,1,5,4,6,6,4,4,10,5,5,2,3,49,3,10,3,1,B12,7,2,5,8,6,3,,49,49,1,6,4,B12,120.531999,24.254269,2
1304,66000,387130000C,(04)23274275,(04)23288582,2023,8,4,11,10,臺中市,龍井區,0,2,0,7,2,6,30,3,1,1,5,4,6,6,4,4,10,5,5,2,16,12,2,9,5,4,C03,7,6,1,10,2,11,,12,12,1,13,4,C03,120.579974,24.183811,2
1305,66000,387130000C,(04)23274275,(04)23288582,2023,8,4,11,11,臺中市,大雅區,0,0,0,6,,,50,,,,,,,,,,,,,,17,8,,,,,B12,,,1,,2,,,8,,1,12,4,B12,120.65131,24.221319,3
1306,66000,387130000C,(04)23274275,(04)23288582,2023,8,4,11,15,臺中市,豐原區,0,1,0,6,2,6,60,13,7,1,5,4,6,6,4,4,1,3,4,1,13,7,2,9,1,1,C03,7,9,1,10,2,11,14,7,7,1,13,4,C03,120.710587,24.238243,2
1307,66000,387130000C,(04)23274275,(04)23288582,2023,8,4,11,24,臺中市,西區,0,0,0,7,,,50,,,,,,,,,,,,,,,84,,,,,B03,,,1,,1,,,84,,1,12,4,B03,120.665478,24.140067,3
1308,66000,387130000C,(04)23274275,(04)23288582,2023,8,4,11,25,臺中市,大里區,0,1,0,6,2,6,30,3,1,1,4,4,6,6,4,4,5,5,5,2,16,13,3,10,3,1,B02,7,5,1,8,2,8,,13,13,1,13,4,B02,120.689276,24.105264,2
1309,66000,387130000C,(04)23274275,(04)23288582,2023,8,4,11,28,臺中市,太平區,0,1,0,6,2,6,30,3,1,1,5,4,6,6,4,4,10,5,5,2,16,20,3,10,3,1,B03,7,6,1,8,2,1,,20,20,1,6,4,B03,120.701914,24.112416,2
1310,66000,387130000C,(04)23274275,(04)23288582,2023,8,4,11,53,臺中市,西屯區,0,1,0,6,2,6,50,11,9,1,4,4,6,6,4,4,5,4,5,1,24,84,2,9,5,4,C03,7,9,1,10,2,11,,84,84,1,12,4,C03,120.63883,24.170385,2
1311,66000,387130000C,(04)23274275,(04)23288582,2023,8,4,11,55,臺中市,東勢區,0,1,0,5,2,6,50,3,1,1,4,4,6,6,4,4,10,5,5,1,16,14,3,10,5,4,B03,7,6,1,8,2,6,,14,14,1,12,4,B03,120.863415,24.164576,2
1312,66000,387130000C,(04)23274275,(04)23288582,2023,8,4,11,59,臺中市,北屯區,0,0,0,7,,,50,,,,,,,,,,,,,,,84,,,,,B12,,,1,,1,,,84,,1,12,4,B12,120.698421,24.184321,3
1313,66000,387130000C,(04)23274275,(04)23288582,2023,8,4,12,0,臺中市,西區,0,0,0,7,,,50,,,,,,,,,,,,,,17,84,,,,,B03,,,1,,1,,,84,,1,12,4,B03,120.675629,24.143199,3
1314,66000,387130000C,(04)23274275,(04)23288582,2023,8,4,12,1,臺中市,西區,0,1,0,7,2,6,50,4,1,1,5,4,6,6,1,1,10,5,5,2,17,25,3,10,3,1,B03,7,5,1,8,2,5,,25,25,1,12,4,B03,120.675422,24.133556,2
1315,66000,387130000C,(04)23274275,(04)23288582,2023,8,4,12,2,臺中市,沙鹿區,0,0,0,7,,,70,,,,,,,,,,,,,,,8,,,,,B03,,,1,,2,,,8,,1,6,4,B03,120.581228,24.205833,3
1316,66000,387130000C,(04)23274275,(04)23288582,2023,8,4,12,3,臺中市,北屯區,0,1,0,6,2,6,50,4,1,1,4,4,6,6,2,1,10,5,5,2,16,47,3,10,3,1,B03,7,5,1,8,2,3,,47,47,1,12,4,B03,120.694151,24.171171,2
1317,66000,387130000C,(04)23274275,(04)23288582,2023,8,4,12,4,臺中市,豐原區,0,0,0,7,,,50,,,,,,,,,,,,,,1,39,,,,,F03,,,7,,2,,,39,,1,13,4,F03,120.710902,24.239567,3
1318,66000,387130000C,(04)23274275,(04)23288582,2023,8,4,12,8,臺中市,豐原區,0,2,0,6,3,6,0,13,21,4,4,4,6,6,4,4,10,5,5,2,9,39,2,9,5,1,C03,7,9,1,13,2,16,,39,39,1,13,4,C03,120.71254,24.255447,2
1319,66000,387130000C,(04)23274275,(04)23288582,2023,8,4,12,10,臺中市,北屯區,0,0,0,7,,,50,,,,,,,,,,,,,,12,40,,,,,B03,,,1,,1,,,40,,1,12,4,B03,120.700136,24.164975,4
1320,66000,387130000C,(04)23274275,(04)23288582,2023,8,4,12,14,臺中市,北區,0,0,0,7,,,50,,,,,,,,,,,,,,17,50,,,,,B03,,,1,,1,,,50,,1,12,4,B03,120.685168,24.142463,3
1321,66000,387130000C,(04)23274275,(04)23288582,2023,8,4,12,20,臺中市,西屯區,0,1,0,6,2,6,30,13,9,1,5,4,6,6,4,4,10,5,5,2,16,48,3,10,3,1,B03,7,6,1,8,2,8,,48,48,1,13,4,B03,120.637768,24.171132,2
1322,66000,387130000C,(04)23274275,(04)23288582,2023,8,4,12,25,臺中市,南屯區,0,1,0,7,2,6,50,13,7,1,5,4,6,6,4,4,1,4,5,2,13,7,3,10,1,1,C03,7,9,1,10,2,11,,7,7,1,13,4,C03,120.639053,24.141741,2
1323,66000,387130000C,(04)23274275,(04)23288582,2023,8,4,12,26,臺中市,大里區,0,1,0,6,1,6,50,13,9,1,5,4,6,6,1,1,5,2,5,1,17,36,2,9,2,1,C03,7,6,1,10,2,14,,36,36,1,5,4,C03,120.679339,24.115,2
1324,66000,387130000C,(04)23274275,(04)23288582,2023,8,4,12,28,臺中市,北屯區,0,0,0,7,,,50,,,,,,,,,,,,,,,34,,,,,B03,,,1,,2,,,34,,1,12,4,B03,120.666725,24.178053,3
1325,66000,387130000C,(04)23274275,(04)23288582,2023,8,4,12,35,臺中市,西屯區,0,0,0,7,,,30,,,,,,,,,,,,,,9,84,,,,,A11,,,1,,1,,,84,,1,13,4,A11,120.627096,24.18713,3
1326,66000,387130000C,(04)23274275,(04)23288582,2023,8,4,12,38,臺中市,西屯區,0,0,0,5,,,1,,,,,,,,,,,,,,,49,,,,,B02,,,1,,2,,,49,,1,12,4,B02,120.6494,24.168164,3
1327,66000,387130000C,(04)23274275,(04)23288582,2023,8,4,12,40,臺中市,北屯區,0,1,0,7,1,6,50,13,9,1,5,4,6,6,4,4,9,4,5,2,13,51,3,10,1,1,C03,7,1,1,10,2,13,,51,51,1,13,4,C03,120.67834,24.173344,2
1328,66000,387130000C,(04)23274275,(04)23288582,2023,8,4,12,43,臺中市,霧峰區,0,0,0,7,,,60,,,,,,,,,,,,,,12,84,,,,,B03,,,1,,2,,,84,,1,6,4,B03,120.692175,24.04498,3
1329,66000,387130000C,(04)23274275,(04)23288582,2023,8,4,12,45,臺中市,西區,0,0,0,7,,,50,,,,,,,,,,,,,,,84,,,,,B12,,,1,,1,,,84,,1,13,4,B12,120.662976,24.151162,3
1330,66000,387130000C,(04)23274275,(04)23288582,2023,8,4,12,50,臺中市,太平區,0,0,0,7,,,50,,,,,,,,,,,,,,,87,,,,,B03,,,1,,2,,,8,87,1,12,4,B03,120.716187,24.133508,3
1331,66000,387130000C,(04)23274275,(04)23288582,2023,8,4,12,53,臺中市,南屯區,0,1,0,7,2,6,50,3,1,1,5,4,6,6,4,4,1,4,5,2,12,20,3,10,3,1,B03,7,7,1,8,2,5,,20,20,1,12,4,B03,120.646817,24.140959,2
1332,66000,387130000C,(04)23274275,(04)23288582,2023,8,4,12,58,臺中市,沙鹿區,0,2,0,6,3,6,50,13,9,1,5,4,6,6,4,4,4,4,5,2,13,59,2,9,1,1,C03,7,9,1,10,2,13,,87,59,1,13,4,C03,120.565864,24.242631,2
1333,66000,387130000C,(04)23274275,(04)23288582,2023,8,4,13,0,臺中市,西屯區,0,0,0,7,,,50,,,,,,,,,,,,,,17,84,,,,,B03,,,1,,1,,,84,,1,13,4,B03,120.621921,24.186405,4
1334,66000,387130000C,(04)23274275,(04)23288582,2023,8,4,13,0,臺中市,西屯區,0,0,0,7,,,,,,,,,,,,,,,,,17,119,,,,,,,,,,,,,119,,1,,,,120.641461,24.183534,3
1335,66000,387130000C,(04)23274275,(04)23288582,2023,8,4,13,5,臺中市,烏日區,0,0,0,7,,,50,,,,,,,,,,,,,,,49,,,,,B12,,,1,,2,,,49,,1,12,4,B12,120.63716,24.107488,3
1336,66000,387130000C,(04)23274275,(04)23288582,2023,8,4,13,10,臺中市,清水區,0,1,0,7,3,6,50,13,9,1,5,4,6,6,4,4,5,5,5,2,12,59,3,10,3,1,B03,7,6,1,8,2,4,,39,59,1,12,4,B03,120.572592,24.264896,2
1337,66000,387130000C,(04)23274275,(04)23288582,2023,8,4,13,12,臺中市,大里區,0,3,0,6,2,6,30,3,1,1,5,4,6,6,4,4,10,5,5,2,17,14,2,9,1,1,C03,7,6,1,10,2,11,,14,14,1,12,2,C03,120.703773,24.096828,2
1338,66000,387130000C,(04)23274275,(04)23288582,2023,8,4,13,17,臺中市,南區,0,1,0,6,3,6,50,13,9,1,5,4,6,6,1,1,5,5,5,2,13,7,3,10,5,4,B03,7,9,1,8,2,1,,7,7,1,13,4,B03,120.661764,24.131457,2
1339,66000,387130000C,(04)23274275,(04)23288582,2023,8,4,13,20,臺中市,南屯區,0,1,0,6,3,6,50,4,1,1,5,4,6,6,1,1,10,5,5,2,15,21,3,10,5,4,B02,7,9,1,8,2,4,,21,21,1,13,4,B02,120.637744,24.132241,2
1340,66000,387130000C,(04)23274275,(04)23288582,2023,8,4,13,20,臺中市,烏日區,0,2,0,7,1,6,30,4,1,1,5,4,6,6,4,4,10,5,5,2,15,15,2,9,3,1,B03,7,9,1,8,2,5,,15,15,1,12,4,B03,120.641873,24.067808,2
1341,66000,387130000C,(04)23274275,(04)23288582,2023,8,4,13,27,臺中市,太平區,0,1,0,6,2,6,30,4,1,1,5,4,6,6,4,4,10,5,5,2,16,20,2,9,1,1,C03,7,6,3,19,2,11,,20,20,1,6,4,C03,120.721027,24.104995,2
1342,66000,387130000C,(04)23274275,(04)23288582,2023,8,4,13,31,臺中市,西屯區,0,0,0,7,,,30,,,,,,,,,,,,,,,51,,,,,B03,,,1,,9,,,51,,1,12,4,B03,120.620612,24.181402,3
1343,66000,387130000C,(04)23274275,(04)23288582,2023,8,4,13,44,臺中市,豐原區,0,0,0,7,,,50,,,,,,,,,,,,,,,49,,,,,B03,,,1,,1,,,49,,1,13,4,B03,120.711914,24.247474,3
1344,66000,387130000C,(04)23274275,(04)23288582,2023,8,4,13,49,臺中市,西屯區,0,1,0,7,2,6,50,3,1,1,5,4,6,6,4,4,10,5,5,2,18,59,2,9,2,1,C03,7,9,1,10,2,11,,59,59,1,13,4,C03,120.648112,24.158938,2
1345,66000,387130000C,(04)23274275,(04)23288582,2023,8,4,13,50,臺中市,北區,0,0,0,7,,,30,,,,,,,,,,,,,,14,49,,,,,B03,,,1,,2,,,49,,1,13,4,B03,120.688254,24.151354,3
1346,66000,387130000C,(04)23274275,(04)23288582,2023,8,4,13,57,臺中市,梧棲區,0,0,0,7,,,50,,,,,,,,,,,,,,,84,,,,,B03,,,1,,2,,,84,,1,12,4,B03,120.530311,24.243444,3
1347,66000,387130000C,(04)23274275,(04)23288582,2023,8,4,13,59,臺中市,西區,0,1,0,7,2,6,50,5,1,1,5,4,6,6,4,4,10,5,5,2,17,51,2,9,1,1,C03,7,1,1,10,2,11,,51,51,1,12,4,C03,120.671185,24.147944,2
1348,66000,387130000C,(04)23274275,(04)23288582,2023,8,4,14,0,臺中市,北屯區,0,1,0,7,2,6,50,13,7,1,5,4,6,6,4,4,5,4,4,2,13,7,3,10,3,1,B03,7,9,3,19,2,1,,7,7,1,12,4,B03,120.670453,24.178492,2
1349,66000,387130000C,(04)23274275,(04)23288582,2023,8,4,14,0,臺中市,大肚區,0,1,0,7,2,6,50,11,9,1,5,4,6,6,4,4,4,5,5,2,18,59,2,9,1,1,C03,7,9,1,10,2,12,,59,59,1,12,4,C03,120.556884,24.160566,2
1350,66000,387130000C,(04)23274275,(04)23288582,2023,8,4,14,0,臺中市,沙鹿區,0,1,0,7,2,6,50,3,9,1,5,4,6,6,4,4,4,5,5,2,13,7,3,10,1,1,C03,7,9,1,10,2,11,,7,7,1,11,4,C03,120.56006,24.238375,2
1351,66000,387130000C,(04)23274275,(04)23288582,2023,8,4,14,5,臺中市,北區,0,0,0,7,,,1,,,,,,,,,,,,,,17,51,,,,,B12,,,1,,2,,,51,,1,12,4,B12,120.680967,24.160363,3
1352,66000,387130000C,(04)23274275,(04)23288582,2023,8,4,14,6,臺中市,南屯區,0,0,0,7,,,,,,,,,,,,,,,,,,84,,,,,B03,,,7,,10,,,87,119,1,12,4,B03,120.647897,24.150649,3
1353,66000,387130000C,(04)23274275,(04)23288582,2023,8,4,14,7,臺中市,西屯區,0,1,0,7,1,6,50,3,19,1,5,4,6,6,1,1,4,3,4,2,2,10,3,10,3,1,B03,7,6,1,8,2,1,,10,10,1,12,4,B03,120.643054,24.170574,2
1354,66000,387130000C,(04)23274275,(04)23288582,2023,8,4,14,10,臺中市,南屯區,0,1,0,7,2,6,50,13,7,1,5,4,6,6,4,4,5,4,5,2,12,59,2,9,2,1,C03,7,9,1,10,2,12,,59,59,1,13,4,C03,120.652963,24.154327,2
1355,66000,387130000C,(04)23274275,(04)23288582,2023,8,4,14,11,臺中市,中區,0,1,0,6,3,6,50,4,1,1,5,4,6,6,1,1,10,5,5,2,16,11,3,10,5,4,B01,7,6,1,4,2,5,,11,11,1,12,4,B01,120.680272,24.143142,2
1356,66000,387130000C,(04)23274275,(04)23288582,2023,8,4,14,11,臺中市,太平區,0,0,0,6,,,40,,,,,,,,,,,,,,17,59,,,,,B02,,,1,,2,,,59,,1,6,4,B02,120.734939,24.12556,3
1357,66000,387130000C,(04)23274275,(04)23288582,2023,8,4,14,12,臺中市,南屯區,0,0,0,7,,,50,,,,,,,,,,,,,,,8,,,,,B03,,,1,,2,,,8,,1,13,4,B03,120.64546,24.137809,3
1358,66000,387130000C,(04)23274275,(04)23288582,2023,8,4,14,15,臺中市,沙鹿區,0,0,0,7,,,50,,,,,,,,,,,,,,,59,,,,,B03,,,1,,2,,,59,59,1,13,4,B03,120.557093,24.231377,3
1359,66000,387130000C,(04)23274275,(04)23288582,2023,8,4,14,15,臺中市,后里區,0,0,0,7,,,50,,,,,,,,,,,,,,16,84,,,,,A41,,,1,,2,,,84,84,1,6,4,A41,120.69639,24.312963,3
1360,66000,387130000C,(04)23274275,(04)23288582,2023,8,4,14,16,臺中市,西區,0,0,0,6,2,6,50,13,9,1,5,4,6,6,4,4,3,4,5,2,17,51,,,,,B12,,,1,,1,,,51,,1,13,4,B12,120.654375,24.150668,3
1361,66000,387130000C,(04)23274275,(04)23288582,2023,8,4,14,17,臺中市,沙鹿區,0,0,0,7,,,50,,,,,,,,,,,,,,,56,,,,,B03,,,1,,2,,,56,,1,13,4,B03,120.576176,24.221937,3
1362,66000,387130000C,(04)23274275,(04)23288582,2023,8,4,14,20,臺中市,西屯區,0,1,0,7,2,6,50,3,1,1,5,4,6,6,1,1,5,3,4,2,17,84,3,10,3,1,B12,7,9,1,8,2,1,,84,84,1,13,4,B12,120.6261,24.184575,2
1363,66000,387130000C,(04)23274275,(04)23288582,2023,8,4,14,26,臺中市,西區,0,0,0,7,,,60,,,,,,,,,,,,,,,84,,,,,B03,,,1,,1,,,84,,1,12,4,B03,120.662129,24.156116,3
1364,66000,387130000C,(04)23274275,(04)23288582,2023,8,4,14,28,臺中市,豐原區,0,1,0,7,2,6,50,3,2,1,5,4,6,6,4,4,4,5,4,2,17,39,3,10,1,1,C03,7,8,1,10,2,11,,39,39,1,12,4,C03,120.699214,24.24732,2
1365,66000,387130000C,(04)23274275,(04)23288582,2023,8,4,14,42,臺中市,西區,0,0,0,7,,,50,,,,,,,,,,,,,,,84,,,,,B01,,,1,,2,,,84,,1,12,4,B01,120.65861,24.153666,3
1366,66000,387130000C,(04)23274275,(04)23288582,2023,8,4,14,45,臺中市,南屯區,0,1,0,7,2,6,50,4,1,1,5,4,6,6,2,1,1,4,5,2,16,22,3,10,5,4,B03,7,5,1,8,2,2,,22,22,1,13,4,B03,120.646311,24.135953,2
1367,66000,387130000C,(04)23274275,(04)23288582,2023,8,4,14,58,臺中市,南區,0,0,0,7,,,50,,,,,,,,,,,,,,17,84,,,,,C03,,,1,10,2,,,84,84,1,13,4,C03,120.645502,24.111993,3
1368,66000,387130000C,(04)23274275,(04)23288582,2023,8,4,15,0,臺中市,南屯區,0,0,0,6,,,50,,,,,,,,,,,,,,14,50,,,,,B03,,,1,,9,,,50,50,2,13,4,B03,120.6514,24.150796,3
1369,66000,387130000C,(04)23274275,(04)23288582,2023,8,4,15,0,臺中市,梧棲區,0,0,0,7,,,30,,,,,,,,,,,,,,,8,,,,,B03,,,1,,1,,,8,,1,12,4,B03,120.550816,24.260048,3
1370,66000,387130000C,(04)23274275,(04)23288582,2023,8,4,15,2,臺中市,南區,0,2,0,6,2,6,40,3,2,1,5,4,6,6,1,1,5,4,4,2,12,8,2,7,2,1,C03,7,9,1,10,2,14,,8,8,1,12,4,C03,120.659907,24.12476,2
1371,66000,387130000C,(04)23274275,(04)23288582,2023,8,4,15,3,臺中市,西區,0,0,0,7,,,50,,,,,,,,,,,,,,,8,,,,,C03,,,1,,2,,,8,,1,12,4,C03,120.679284,24.138263,3
1372,66000,387130000C,(04)23274275,(04)23288582,2023,8,4,15,4,臺中市,西屯區,0,2,0,7,2,6,50,4,1,1,5,4,6,6,2,1,10,5,5,2,16,11,3,10,5,4,B03,7,6,1,8,2,5,,11,11,1,13,4,B03,120.642667,24.172374,2
1373,66000,387130000C,(04)23274275,(04)23288582,2023,8,4,15,7,臺中市,南屯區,0,0,0,7,,,50,,,,,,,,,,,,,,9,85,,,,,B13,,,1,,1,,,85,,1,12,4,B13,120.645068,24.132012,3
1374,66000,387130000C,(04)23274275,(04)23288582,2023,8,4,15,10,臺中市,大里區,0,0,0,7,,,50,,,,,,,,,,,,,,13,7,,,,,C03,,,3,,1,,,7,,1,6,4,C03,120.686145,24.110443,4
1375,66000,387130000C,(04)23274275,(04)23288582,2023,8,4,15,10,臺中市,太平區,0,0,0,7,2,6,50,5,2,1,5,4,6,6,1,1,5,2,5,1,13,84,3,10,3,1,B03,7,9,1,8,2,8,,84,84,1,12,4,B03,120.905974,24.117025,3
1376,66000,387130000C,(04)23274275,(04)23288582,2023,8,4,15,11,臺中市,太平區,0,0,0,7,,,50,,,,,,,,,,,,,,,7,,,,,A12,,,1,,2,,,7,,1,12,4,A12,120.712182,24.144435,3
1377,66000,387130000C,(04)23274275,(04)23288582,2023,8,4,15,16,臺中市,北屯區,0,1,0,7,2,6,50,13,9,1,5,4,5,6,4,4,9,5,5,2,24,59,2,9,1,1,C03,7,9,1,10,2,11,,59,59,1,13,4,C03,120.702772,24.174185,2
1378,66000,387130000C,(04)23274275,(04)23288582,2023,8,4,15,17,臺中市,西區,0,0,0,7,,,40,,,,,,,,,,,,,,30,84,,,,,A11,,,1,,1,,,84,,1,12,4,A11,120.668272,24.142484,3
1379,66000,387130000C,(04)23274275,(04)23288582,2023,8,4,15,24,臺中市,太平區,0,0,0,7,,,50,,,,,,,,,,,,,,,39,,,,,B03,,,1,,2,,,39,,1,13,4,B03,120.747996,24.126463,3
1380,66000,387130000C,(04)23274275,(04)23288582,2023,8,4,15,25,臺中市,南屯區,0,0,0,7,,,50,,,,,,,,,,,,,,,59,,,,,B03,,,1,,1,,,59,59,1,12,4,B03,120.606757,24.148088,3
1381,66000,387130000C,(04)23274275,(04)23288582,2023,8,4,15,26,臺中市,南屯區,0,0,0,6,,,50,,,,,,,,,,,,,,13,59,,,,,A12,,,1,,2,,,59,,1,13,4,A12,120.616146,24.153052,3
1382,66000,387130000C,(04)23274275,(04)23288582,2023,8,4,15,26,臺中市,清水區,0,1,0,7,3,6,50,3,1,1,5,4,6,6,1,1,9,4,5,1,18,84,2,9,2,2,C03,7,9,1,10,2,14,12,84,84,1,12,4,C03,120.59554,24.300743,2
1383,66000,387130000C,(04)23274275,(04)23288582,2023,8,4,15,35,臺中市,大甲區,0,1,0,7,2,6,70,13,7,1,5,4,6,6,4,4,1,4,4,1,12,40,2,9,2,1,C03,7,8,1,10,2,14,,40,40,1,6,4,C03,120.64276,24.416941,2
1384,66000,387130000C,(04)23274275,(04)23288582,2023,8,4,15,40,臺中市,大雅區,0,0,0,7,,,50,,,,,,,,,,,,,,,8,,,,,B03,,,1,,9,,,8,,1,12,4,B03,120.634637,24.236921,3
1385,66000,387130000C,(04)23274275,(04)23288582,2023,8,4,15,40,臺中市,西屯區,0,1,0,7,2,6,50,13,8,1,5,4,6,6,4,4,10,5,4,2,17,45,3,10,5,4,C03,7,11,1,10,2,11,,45,45,1,13,4,C03,120.637291,24.176654,2
1386,66000,387130000C,(04)23274275,(04)23288582,2023,8,4,15,40,臺中市,沙鹿區,0,2,0,7,2,6,70,3,8,1,5,4,6,6,4,4,1,4,4,1,16,4,2,9,1,1,C03,7,9,1,10,2,14,,4,4,1,12,4,C03,120.616288,24.243584,2
1387,66000,387130000C,(04)23274275,(04)23288582,2023,8,4,15,43,臺中市,西區,0,1,0,7,2,6,40,13,8,1,5,4,6,6,4,4,1,4,1,2,13,7,2,8,1,1,C03,7,9,1,10,2,11,,7,7,1,12,4,C03,120.669422,24.151628,2
1388,66000,387130000C,(04)23274275,(04)23288582,2023,8,4,15,44,臺中市,北屯區,0,1,0,6,2,6,50,4,1,1,5,4,6,6,1,1,10,5,5,2,17,38,3,10,3,1,B03,7,15,1,8,2,7,,38,38,1,12,4,B03,120.707611,24.186545,2
1389,66000,387130000C,(04)23274275,(04)23288582,2023,8,4,15,46,臺中市,沙鹿區,0,0,0,7,,,60,,,,,,,,,,,,,,,7,,,,,B03,,,1,,2,,,7,,1,12,4,B03,120.580939,24.214192,3
1390,66000,387130000C,(04)23274275,(04)23288582,2023,8,4,15,48,臺中市,中區,0,0,0,7,,,50,,,,,,,,,,,,,,,84,,,,,C03,,,1,,2,,,84,,1,12,4,C03,120.679143,24.138609,3
1391,66000,387130000C,(04)23274275,(04)23288582,2023,8,4,15,48,臺中市,西屯區,0,1,0,7,2,6,35,13,9,1,4,4,6,6,4,4,10,5,5,2,17,84,2,9,2,1,C03,7,9,1,10,2,14,,84,84,1,6,4,C03,120.62849,24.172825,2
1392,66000,387130000C,(04)23274275,(04)23288582,2023,8,4,15,50,臺中市,南屯區,0,0,0,7,,,50,,,,,,,,,,,,,,,8,,,,,B03,,,1,,1,,,8,,1,13,4,B03,120.655087,24.142588,3
1393,66000,387130000C,(04)23274275,(04)23288582,2023,8,4,15,51,臺中市,南屯區,0,0,0,7,,,50,,,,,,,,,,,,,,12,40,,,,,B03,,,1,,1,,,40,40,1,12,4,B03,120.623258,24.150981,3
1394,66000,387130000C,(04)23274275,(04)23288582,2023,8,4,15,52,臺中市,大里區,0,0,0,7,,,50,,,,,,,,,,,,,,13,8,,,,,C03,,,1,,2,,,8,,1,6,4,C03,120.690067,24.113029,3
1395,66000,387130000C,(04)23274275,(04)23288582,2023,8,4,15,54,臺中市,太平區,0,1,0,6,2,6,50,13,9,1,5,4,6,6,4,4,5,5,5,2,16,20,3,10,3,1,B03,7,5,1,8,2,5,,20,20,1,6,4,B03,120.712562,24.141204,2
1396,66000,387130000C,(04)23274275,(04)23288582,2023,8,4,15,54,臺中市,后里區,0,1,0,6,2,6,50,3,1,1,5,4,6,6,1,1,10,5,5,1,12,40,3,10,3,1,B03,7,7,1,8,2,5,,40,40,1,9,4,B03,120.694455,24.313499,2
1397,66000,387130000C,(04)23274275,(04)23288582,2023,8,4,15,56,臺中市,沙鹿區,0,1,0,7,2,6,50,3,2,1,5,4,6,6,4,4,8,3,5,1,17,14,3,10,5,4,B12,7,6,1,8,2,4,,14,14,1,13,4,B12,120.554965,24.226775,2
1398,66000,387130000C,(04)23274275,(04)23288582,2023,8,4,16,5,臺中市,北區,0,1,0,7,2,6,50,3,1,1,5,4,6,6,4,4,10,5,5,2,16,84,3,10,3,1,B03,7,6,1,8,2,8,,84,84,1,12,4,B03,120.672056,24.160433,2
1399,66000,387130000C,(04)23274275,(04)23288582,2023,8,4,16,10,臺中市,南區,0,1,0,6,2,6,50,3,2,1,5,4,6,6,4,4,5,5,5,2,16,14,2,1,2,1,C03,7,6,1,10,2,11,,14,14,1,6,4,C03,120.65326,24.119236,2
1400,66000,387130000C,(04)23274275,(04)23288582,2023,8,4,16,10,臺中市,豐原區,0,0,0,7,,,50,,,,,,,,,,,,,,12,8,,,,,B03,,,1,,2,,,77,8,1,13,4,B03,120.701228,24.24933,3
1401,66000,387130000C,(04)23274275,(04)23288582,2023,8,4,16,14,臺中市,中區,0,0,0,7,,,50,,,,,,,,,,,,,,,84,,,,,B02,,,1,,1,,,84,,1,12,4,B02,120.678757,24.141681,3
1402,66000,387130000C,(04)23274275,(04)23288582,2023,8,4,16,18,臺中市,東區,0,1,0,6,2,6,50,4,1,1,5,4,6,6,1,1,10,5,5,2,16,84,3,10,3,1,B02,7,5,1,4,2,5,,84,84,1,6,4,B02,120.700722,24.127289,2
1403,66000,387130000C,(04)23274275,(04)23288582,2023,8,4,16,18,臺中市,北屯區,0,0,0,7,,,50,,,,,,,,,,,,,,,14,,,,,B03,,,1,,1,,,14,,1,12,4,B03,120.663979,24.200782,3