序號,縣市別代碼,機關代碼,市話,傳真,年,月,日,時,分,縣市,區,死亡數量,受傷數量,2-30,天候,光線,道路類別,速限,道路型態,事故位置,路面鋪裝,路面狀態,路面缺陷,障礙物,視距,號誌種類,號誌動作,分向設施,快車道或一般車道間,快慢車道間,路面邊線,事故類型及型態,主要肇因,受傷程度,主要傷處,保護裝備,行動電話,當事者區分(類別),車輛用途,當事者行動狀態,駕駛資格情形,駕駛執照種類,飲酒情形,車輛撞擊部位最初,車輛撞擊部位其他,肇事因素個別,肇事因素主要,肇事逃逸,職業,旅次目的,車種,GPS座標X,GPS座標Y,事故類別
1404,66000,387130000C,(04)23274275,(04)23288582,2023,8,4,16,19,臺中市,西屯區,0,0,0,7,,,50,,,,,,,,,,,,,,13,56,,,,,B01,,,1,,1,,,56,,1,12,4,B01,120.649112,24.175185,3
1405,66000,387130000C,(04)23274275,(04)23288582,2023,8,4,16,19,臺中市,大甲區,0,0,0,6,,,1,,,,,,,,,,,,,,,78,,,,,A12,,,1,,2,,,78,78,1,13,4,A12,120.635711,24.435157,3
1406,66000,387130000C,(04)23274275,(04)23288582,2023,8,4,16,20,臺中市,梧棲區,0,1,0,7,2,6,50,3,1,1,5,4,6,6,4,4,10,5,5,2,16,14,2,8,2,1,F03,7,6,7,21,2,14,,14,14,1,4,4,F03,120.543739,24.245529,2
1407,66000,387130000C,(04)23274275,(04)23288582,2023,8,4,16,22,臺中市,南屯區,0,1,0,7,3,6,50,13,9,1,5,4,6,6,4,4,5,5,5,2,13,59,3,10,5,4,B03,7,9,1,8,2,5,,59,59,1,12,4,B03,120.589918,24.16597,2
1408,66000,387130000C,(04)23274275,(04)23288582,2023,8,4,16,24,臺中市,大雅區,0,1,0,7,1,6,30,3,2,1,5,4,6,6,4,4,10,5,5,2,17,14,2,7,2,1,C03,7,5,1,10,2,16,,14,14,1,12,4,C03,120.650375,24.230488,2
1409,66000,387130000C,(04)23274275,(04)23288582,2023,8,4,16,25,臺中市,西區,0,1,0,6,3,6,50,4,2,1,5,4,6,6,1,1,10,5,5,2,18,84,2,7,5,4,C03,7,9,3,19,2,15,,84,84,1,12,4,C03,120.661687,24.152547,2
1410,66000,387130000C,(04)23274275,(04)23288582,2023,8,4,16,25,臺中市,沙鹿區,0,0,0,7,2,6,50,5,9,1,5,4,6,6,4,4,4,3,5,1,12,34,,,,,C03,,,1,,2,,,34,,1,12,4,C03,120.566645,24.236256,3
1411,66000,387130000C,(04)23274275,(04)23288582,2023,8,4,16,26,臺中市,北區,0,0,0,7,,,50,,,,,,,,,,,,,,16,48,,,,,B03,,,1,,2,,,48,,1,12,4,B03,120.679099,24.169828,3
1412,66000,387130000C,(04)23274275,(04)23288582,2023,8,4,16,27,臺中市,南屯區,0,1,0,6,3,6,50,3,1,1,5,4,6,6,4,4,10,5,5,2,13,7,3,10,2,4,C03,7,9,1,10,2,11,,7,7,1,12,4,C03,120.61016,24.138462,2
1413,66000,387130000C,(04)23274275,(04)23288582,2023,8,4,16,27,臺中市,龍井區,0,1,0,6,2,6,50,13,9,1,5,4,6,6,4,4,10,4,5,2,16,34,2,8,1,1,C03,7,11,1,10,2,14,,34,34,1,6,4,C03,120.592936,24.182757,2
1414,66000,387130000C,(04)23274275,(04)23288582,2023,8,4,16,31,臺中市,豐原區,0,0,0,6,,,,,,,,,,,,,,,,,,84,,,,,B03,,,1,,9,,,77,84,1,13,4,B03,120.701124,24.244622,3
1415,66000,387130000C,(04)23274275,(04)23288582,2023,8,4,16,35,臺中市,烏日區,0,2,0,6,1,6,50,13,8,1,5,4,6,6,4,4,1,4,4,2,13,84,2,9,1,1,C03,7,9,1,10,2,11,,84,7,1,12,4,C03,120.632742,24.110091,2
1416,66000,387130000C,(04)23274275,(04)23288582,2023,8,4,16,38,臺中市,西屯區,0,0,0,7,,,1,,,,,,,,,,,,,,,84,,,,,C03,,,1,,1,,,84,,1,13,4,C03,120.636422,24.165155,3
1417,66000,387130000C,(04)23274275,(04)23288582,2023,8,4,16,38,臺中市,豐原區,0,1,0,7,2,6,30,4,1,1,5,4,6,6,1,1,10,5,5,2,15,21,2,9,1,1,F03,7,9,7,21,2,12,14,21,21,1,13,4,F03,120.712019,24.245148,2
1418,66000,387130000C,(04)23274275,(04)23288582,2023,8,4,16,40,臺中市,大里區,0,1,0,7,3,6,50,4,1,1,5,4,6,6,4,4,10,5,5,2,16,12,2,9,1,1,C03,7,6,1,10,2,11,,12,12,1,6,4,C03,120.68338,24.105548,2
1419,66000,387130000C,(04)23274275,(04)23288582,2023,8,4,16,40,臺中市,沙鹿區,0,2,0,6,2,6,50,4,1,1,5,4,6,6,4,4,10,5,5,2,15,12,2,8,2,1,C03,7,9,1,10,2,11,,12,12,1,12,4,C03,120.54997,24.216691,2
1420,66000,387130000C,(04)23274275,(04)23288582,2023,8,4,16,41,臺中市,北屯區,0,1,0,7,2,6,50,4,1,1,5,4,6,6,2,1,10,5,5,2,16,1,2,7,1,1,C03,7,4,1,10,2,12,,1,1,1,13,4,C03,120.682064,24.194064,2
1421,66000,387130000C,(04)23274275,(04)23288582,2023,8,4,16,42,臺中市,西區,0,0,0,7,2,6,50,4,2,1,5,4,6,6,1,1,3,4,5,2,13,84,,,,,B12,,,1,,1,,,84,,1,13,4,B12,120.669586,24.130433,3
1422,66000,387130000C,(04)23274275,(04)23288582,2023,8,4,16,45,臺中市,北區,0,0,0,7,,,50,,,,,,,,,,,,,,,8,,,,,B03,,,1,,1,,,8,,1,12,4,B03,120.679047,24.155721,3
1423,66000,387130000C,(04)23274275,(04)23288582,2023,8,4,16,45,臺中市,北屯區,0,0,0,7,,,50,,,,,,,,,,,,,,,58,,,,,A12,,,1,,2,,,58,58,1,13,4,A12,120.691954,24.179001,3
1424,66000,387130000C,(04)23274275,(04)23288582,2023,8,4,16,45,臺中市,太平區,0,1,0,6,2,6,50,13,7,1,5,4,6,6,4,4,9,5,4,1,16,41,2,9,2,3,C03,7,9,1,10,2,11,,41,43,1,6,2,C03,120.72027,24.158424,2
1425,66000,387130000C,(04)23274275,(04)23288582,2023,8,4,16,50,臺中市,南區,0,1,0,7,2,6,50,4,1,1,5,4,6,6,1,1,10,5,5,2,17,11,3,10,3,1,B03,7,6,1,8,2,2,,11,11,1,13,4,B03,120.661925,24.130102,2
1426,66000,387130000C,(04)23274275,(04)23288582,2023,8,4,16,50,臺中市,東區,0,0,0,7,3,6,50,13,1,1,5,4,6,6,4,4,9,4,4,2,16,51,3,10,3,1,B03,7,1,1,8,2,8,,51,51,1,12,4,B03,120.708522,24.144326,3
1427,66000,387130000C,(04)23274275,(04)23288582,2023,8,4,16,50,臺中市,神岡區,0,2,0,6,3,6,50,3,9,1,5,4,6,6,4,4,10,5,5,2,17,20,2,9,5,4,C03,7,5,3,19,2,14,,20,20,1,13,4,C03,120.657265,24.258584,2
1428,66000,387130000C,(04)23274275,(04)23288582,2023,8,4,16,51,臺中市,北屯區,0,1,0,5,2,6,50,13,9,1,4,4,6,6,4,4,10,3,5,2,18,84,2,9,1,1,C03,7,9,1,10,2,14,,84,84,1,12,4,C03,120.722312,24.175994,2
1429,66000,387130000C,(04)23274275,(04)23288582,2023,8,4,16,53,臺中市,豐原區,0,1,0,6,3,6,50,13,7,1,5,4,6,6,4,4,5,4,4,2,9,58,3,10,5,1,C03,7,9,1,10,2,12,,58,58,1,13,4,C03,120.705923,24.261044,2
1430,66000,387130000C,(04)23274275,(04)23288582,2023,8,4,16,55,臺中市,北屯區,0,1,0,6,3,6,40,13,8,1,5,4,6,6,4,4,5,5,4,2,18,84,2,9,1,1,C03,7,9,1,10,2,14,,84,84,1,12,4,C03,120.690391,24.189146,2
1431,66000,387130000C,(04)23274275,(04)23288582,2023,8,4,16,58,臺中市,豐原區,0,1,0,6,2,6,50,5,1,1,5,4,6,6,1,1,1,2,4,2,17,23,3,10,3,1,B03,7,6,1,8,2,6,,23,23,1,13,4,B03,120.722431,24.277706,2
1432,66000,387130000C,(04)23274275,(04)23288582,2023,8,4,16,59,臺中市,北區,0,1,0,7,2,6,30,13,9,1,5,4,6,6,4,4,10,5,5,2,17,76,3,10,3,1,B03,7,14,5,8,2,4,,76,76,1,12,4,B03,120.673659,24.169297,2
1433,66000,387130000C,(04)23274275,(04)23288582,2023,8,4,17,0,臺中市,大里區,0,1,0,7,3,6,50,4,1,1,5,4,6,6,1,1,10,5,5,2,16,38,3,10,3,1,B03,7,5,1,8,2,2,,38,38,1,13,4,B03,120.688088,24.094548,2
1434,66000,387130000C,(04)23274275,(04)23288582,2023,8,4,17,1,臺中市,烏日區,0,1,0,7,2,6,60,4,1,1,5,4,6,6,2,1,10,5,5,2,15,84,2,7,1,1,C03,7,1,1,10,2,11,,84,84,1,12,4,C03,120.646375,24.110952,2
1435,66000,387130000C,(04)23274275,(04)23288582,2023,8,4,17,5,臺中市,北屯區,0,0,0,7,,,50,,,,,,,,,,,,,,13,84,,,,,B12,,,1,,1,,,84,,1,12,4,B12,120.668301,24.201304,3
1436,66000,387130000C,(04)23274275,(04)23288582,2023,8,4,17,6,臺中市,霧峰區,0,0,0,7,,,60,,,,,,,,,,,,,,,50,,,,,C03,,,1,,2,,,50,,1,13,4,C03,120.692084,24.045373,3
1437,66000,387130000C,(04)23274275,(04)23288582,2023,8,4,17,8,臺中市,西屯區,0,0,0,7,,,50,,,,,,,,,,,,,,12,42,,,,,B03,,,1,,1,,,42,,1,12,4,B03,120.663974,24.166313,3
1438,66000,387130000C,(04)23274275,(04)23288582,2023,8,4,17,10,臺中市,梧棲區,0,0,0,7,,,40,,,,,,,,,,,,,,,20,,,,,B03,,,1,,2,,,20,,1,12,4,B03,120.51401,24.228121,4
1439,66000,387130000C,(04)23274275,(04)23288582,2023,8,4,17,10,臺中市,后里區,0,0,0,7,,,50,,,,,,,,,,,,,,14,49,,,,,B12,,,1,,2,,,49,,1,6,4,B12,120.723868,24.307445,3
1440,66000,387130000C,(04)23274275,(04)23288582,2023,8,4,17,15,臺中市,大雅區,0,0,0,7,,,50,,,,,,,,,,,,,,,7,,,,,B03,,,1,,2,,,7,,1,12,4,B03,120.653298,24.224217,3
1441,66000,387130000C,(04)23274275,(04)23288582,2023,8,4,17,15,臺中市,潭子區,0,2,0,6,2,6,60,4,1,1,5,4,6,6,1,1,1,4,4,1,16,11,3,10,3,1,B03,7,6,1,8,2,5,,11,11,1,13,4,B03,120.709152,24.233041,2
1442,66000,387130000C,(04)23274275,(04)23288582,2023,8,4,17,15,臺中市,中區,0,1,0,7,2,6,50,4,1,1,5,4,6,6,4,4,10,5,5,2,17,20,2,9,1,1,C03,7,6,1,10,2,12,,20,20,1,12,4,C03,120.676222,24.144618,2
1443,66000,387130000C,(04)23274275,(04)23288582,2023,8,4,17,15,臺中市,北區,0,1,0,7,2,6,50,13,7,1,5,4,6,6,4,4,3,4,4,2,13,84,2,9,5,1,C03,7,9,1,10,2,11,,84,84,1,13,4,C03,120.677078,24.15421,2
1444,66000,387130000C,(04)23274275,(04)23288582,2023,8,4,17,18,臺中市,西屯區,0,0,0,7,,,50,,,,,,,,,,,,,,,84,,,,,B13,,,1,,1,,,84,,1,13,4,B13,120.646454,24.164454,3
1445,66000,387130000C,(04)23274275,(04)23288582,2023,8,4,17,20,臺中市,大雅區,0,0,0,7,,,50,,,,,,,,,,,,,,,40,,,,,A12,,,1,,2,,,40,,1,12,4,A12,120.649229,24.215272,3
1446,66000,387130000C,(04)23274275,(04)23288582,2023,8,4,17,20,臺中市,北區,0,1,0,7,2,6,50,13,7,1,5,4,6,6,4,4,4,5,5,2,13,57,2,7,3,1,B03,7,9,1,8,2,1,,57,57,1,13,4,B03,120.668854,24.156751,2
1447,66000,387130000C,(04)23274275,(04)23288582,2023,8,4,17,22,臺中市,大肚區,0,1,0,7,2,6,50,13,9,1,5,4,6,6,4,4,5,4,5,1,16,39,3,10,3,1,B03,7,6,1,8,2,5,,39,39,1,12,4,B03,120.578044,24.119532,2
1448,66000,387130000C,(04)23274275,(04)23288582,2023,8,4,17,24,臺中市,外埔區,0,0,0,6,2,6,50,13,14,1,5,4,6,6,4,4,10,5,4,1,17,8,,,,,B03,,,1,,2,,,8,,1,6,4,B03,120.655058,24.32999,3
1449,66000,387130000C,(04)23274275,(04)23288582,2023,8,4,17,27,臺中市,潭子區,0,2,0,6,2,6,30,11,24,1,5,4,6,3,4,4,10,5,5,2,11,41,2,9,1,1,C03,7,6,1,10,2,11,,41,83,1,13,4,C03,120.709591,24.206921,2
1450,66000,387130000C,(04)23274275,(04)23288582,2023,8,4,17,27,臺中市,大甲區,0,0,0,7,,,50,,,,,,,,,,,,,,,7,,,,,C03,,,1,,2,,,7,,1,6,4,C03,120.622933,24.345243,3
1451,66000,387130000C,(04)23274275,(04)23288582,2023,8,4,17,29,臺中市,潭子區,0,0,0,7,,,50,,,,,,,,,,,,,,,7,,,,,C03,,,1,,9,,,7,7,1,13,4,C03,120.703322,24.200704,3
1452,66000,387130000C,(04)23274275,(04)23288582,2023,8,4,17,29,臺中市,北屯區,0,0,0,7,,,50,,,,,,,,,,,,,,13,59,,,,,B03,,,1,,1,,,59,,1,13,4,B03,120.69401,24.16654,4
1453,66000,387130000C,(04)23274275,(04)23288582,2023,8,4,17,29,臺中市,西屯區,0,0,0,7,,,60,,,,,,,,,,,,,,13,58,,,,,B03,,,3,,1,,,58,,1,12,4,B03,120.655911,24.158976,3
1454,66000,387130000C,(04)23274275,(04)23288582,2023,8,4,17,30,臺中市,潭子區,0,2,0,6,2,6,50,3,1,1,5,4,6,6,4,4,5,5,5,1,16,14,2,8,1,1,C03,7,6,1,10,2,12,,14,14,1,13,4,C03,120.674203,24.204221,2
1455,66000,387130000C,(04)23274275,(04)23288582,2023,8,4,17,30,臺中市,西區,0,0,0,7,,,50,,,,,,,,,,,,,,,84,,,,,B03,,,1,,1,,,84,,1,12,4,B03,120.665557,24.149922,3
1456,66000,387130000C,(04)23274275,(04)23288582,2023,8,4,17,30,臺中市,西屯區,0,1,0,7,2,6,50,3,1,1,5,4,6,6,4,4,5,5,5,2,30,59,2,9,5,4,C03,7,6,1,10,1,12,,59,59,1,13,4,C03,120.592982,24.180073,2
1457,66000,387130000C,(04)23274275,(04)23288582,2023,8,4,17,30,臺中市,大甲區,0,0,0,6,,,1,,,,,,,,,,,,,,,50,,,,,B03,,,1,,1,,,50,50,1,13,4,B03,120.62657,24.348075,3
1458,66000,387130000C,(04)23274275,(04)23288582,2023,8,4,17,32,臺中市,北屯區,0,2,0,7,2,6,50,4,1,1,5,4,6,5,4,4,10,5,5,2,15,12,2,9,5,4,C03,7,9,1,10,2,13,,12,12,1,12,4,C03,120.673374,24.181453,2
1459,66000,387130000C,(04)23274275,(04)23288582,2023,8,4,17,33,臺中市,大里區,0,0,0,7,,,60,,,,,,,,,,,,,,12,8,,,,,A12,,,1,,9,,,8,,1,6,4,A12,120.67613,24.086148,3
1460,66000,387130000C,(04)23274275,(04)23288582,2023,8,4,17,36,臺中市,大雅區,0,1,0,6,1,6,30,4,2,1,5,4,6,6,4,4,10,5,5,2,17,49,3,10,3,1,B03,7,2,1,7,11,6,,49,49,2,12,4,B03,120.644371,24.22249,2
1461,66000,387130000C,(04)23274275,(04)23288582,2023,8,4,17,36,臺中市,西屯區,0,0,0,7,,,50,,,,,,,,,,,,,,,40,,,,,B03,,,1,,1,,,40,,1,12,4,B03,120.635172,24.179435,3
1462,66000,387130000C,(04)23274275,(04)23288582,2023,8,4,17,37,臺中市,霧峰區,0,0,0,7,,,40,,,,,,,,,,,,,,,40,,,,,B03,,,1,,2,,,40,,1,13,4,B03,120.662629,24.067866,3
1463,66000,387130000C,(04)23274275,(04)23288582,2023,8,4,17,39,臺中市,西屯區,0,1,0,7,2,6,50,13,9,1,5,4,6,6,4,4,10,4,5,2,17,59,2,9,5,4,C03,7,9,1,10,2,14,,59,59,1,13,4,C03,120.645201,24.181024,2
1464,66000,387130000C,(04)23274275,(04)23288582,2023,8,4,17,39,臺中市,大里區,0,1,0,6,3,6,50,3,1,1,5,4,6,3,4,4,1,5,4,2,16,4,3,10,1,1,F03,7,9,7,21,5,12,,4,4,1,6,4,F03,120.693654,24.111848,2
1465,66000,387130000C,(04)23274275,(04)23288582,2023,8,4,17,43,臺中市,南區,0,1,0,6,2,6,50,3,2,1,5,4,6,6,1,1,5,5,5,2,17,40,3,10,3,1,B03,7,7,1,8,2,2,,40,40,1,12,4,B03,120.651381,24.122108,2
1466,66000,387130000C,(04)23274275,(04)23288582,2023,8,4,17,44,臺中市,西屯區,0,1,0,7,2,6,50,4,1,1,5,4,6,6,1,1,10,5,5,2,16,11,3,10,5,4,C03,7,6,1,10,2,13,,11,11,1,13,4,C03,120.620683,24.18841,2
1467,66000,387130000C,(04)23274275,(04)23288582,2023,8,4,17,45,臺中市,南屯區,0,0,0,7,,,50,,,,,,,,,,,,,,,49,,,,,B03,,,1,,2,,,87,49,1,12,4,B03,120.633105,24.123636,3
1468,66000,387130000C,(04)23274275,(04)23288582,2023,8,4,17,45,臺中市,西屯區,0,1,0,7,2,6,50,13,9,1,5,4,6,6,4,4,1,4,5,2,12,85,2,9,2,1,C03,7,9,1,10,2,14,,85,85,1,5,4,C03,120.653232,24.166957,2
1469,66000,387130000C,(04)23274275,(04)23288582,2023,8,4,17,47,臺中市,北區,0,0,0,7,,,40,,,,,,,,,,,,,,2,40,,,,,B03,,,1,,2,,,40,,1,13,4,B03,120.663668,24.162363,3
1470,66000,387130000C,(04)23274275,(04)23288582,2023,8,4,17,48,臺中市,南區,0,1,0,6,2,6,50,13,7,1,5,4,6,6,4,4,1,4,4,2,13,7,3,10,3,1,B03,7,9,1,8,2,1,,7,7,1,6,4,B03,120.669932,24.113723,2
1471,66000,387130000C,(04)23274275,(04)23288582,2023,8,4,17,48,臺中市,龍井區,0,0,0,6,,,50,,,,,,,,,,,,,,,1,,,,,B03,,,1,,2,,,1,1,1,6,4,B03,120.582457,24.177778,3
1472,66000,387130000C,(04)23274275,(04)23288582,2023,8,4,17,49,臺中市,太平區,0,0,0,7,,,40,,,,,,,,,,,,,,13,84,,,,,B03,,,1,,2,,,84,,1,12,4,B03,120.710725,24.141557,3
1473,66000,387130000C,(04)23274275,(04)23288582,2023,8,4,17,53,臺中市,南屯區,0,1,0,7,2,6,80,13,7,1,5,4,6,6,4,4,1,4,5,2,13,7,3,10,5,4,B03,7,9,1,8,2,1,,7,7,1,13,4,B03,120.619817,24.121189,2
1474,66000,387130000C,(04)23274275,(04)23288582,2023,8,4,17,57,臺中市,潭子區,0,0,0,7,,,60,,,,,,,,,,,,,,,40,,,,,B03,,,1,,2,,,40,,1,13,4,B03,120.703884,24.202656,3
1475,66000,387130000C,(04)23274275,(04)23288582,2023,8,4,17,57,臺中市,南屯區,0,0,0,7,,,50,,,,,,,,,,,,,,,7,,,,,B03,,,1,,1,,,7,,1,12,4,B03,120.625818,24.140633,3
1476,66000,387130000C,(04)23274275,(04)23288582,2023,8,4,17,58,臺中市,大甲區,0,0,0,7,,,50,,,,,,,,,,,,,,,8,,,,,B03,,,1,,2,,,8,,1,6,4,B03,120.632304,24.341249,3
1477,66000,387130000C,(04)23274275,(04)23288582,2023,8,4,17,59,臺中市,南屯區,0,0,0,7,,,50,,,,,,,,,,,,,,,51,,,,,B03,,,1,,1,,,51,,1,13,4,B03,120.627088,24.116944,3
1478,66000,387130000C,(04)23274275,(04)23288582,2023,8,4,17,59,臺中市,北屯區,0,1,0,7,1,6,30,13,9,1,5,4,6,6,4,4,10,5,5,2,18,84,2,9,5,4,C03,7,9,5,10,2,14,11,84,84,1,13,4,C03,120.665044,24.181426,2
1479,66000,387130000C,(04)23274275,(04)23288582,2023,8,4,17,59,臺中市,西屯區,0,2,0,7,3,6,50,13,7,1,5,4,6,6,4,4,9,5,4,2,13,87,3,10,3,1,B03,7,11,1,6,2,4,,87,87,1,12,4,B03,120.637641,24.176687,2
1480,66000,387130000C,(04)23274275,(04)23288582,2023,8,4,18,0,臺中市,南區,0,0,0,6,,,,,,,,,,,,,,,,,17,119,,,,,,,,,,,,,119,,1,,,,120.669735,24.117583,3
1481,66000,387130000C,(04)23274275,(04)23288582,2023,8,4,18,0,臺中市,西屯區,0,1,0,7,2,6,40,4,1,1,5,4,6,6,1,1,10,5,5,2,17,87,2,8,5,4,C03,7,9,1,11,2,11,,87,87,1,13,4,C03,120.602633,24.182917,2
1482,66000,387130000C,(04)23274275,(04)23288582,2023,8,4,18,0,臺中市,沙鹿區,0,0,0,7,,,50,,,,,,,,,,,,,,,32,,,,,B03,,,1,,2,,,32,,1,6,4,B03,120.564972,24.241809,3
1483,66000,387130000C,(04)23274275,(04)23288582,2023,8,4,18,0,臺中市,豐原區,0,0,0,7,1,6,40,4,2,1,5,4,6,6,4,4,8,3,5,2,16,76,3,10,5,4,B12,8,9,1,8,9,6,,76,76,2,12,5,B12,120.716112,24.24267,3
1484,66000,387130000C,(04)23274275,(04)23288582,2023,8,4,18,3,臺中市,西屯區,0,1,0,7,2,6,50,3,2,1,5,4,6,6,4,4,5,2,4,2,17,35,3,10,3,1,B03,7,7,1,8,2,2,,35,35,1,12,4,B03,120.649285,24.175344,2
1485,66000,387130000C,(04)23274275,(04)23288582,2023,8,4,18,5,臺中市,中區,0,0,0,7,,,50,,,,,,,,,,,,,,17,8,,,,,B03,,,1,,1,,,8,,1,12,4,B03,120.682416,24.145861,3
1486,66000,387130000C,(04)23274275,(04)23288582,2023,8,4,18,5,臺中市,北區,0,0,0,7,,,40,,,,,,,,,,,,,,,84,,,,,C03,,,1,,1,,,84,,1,12,4,C03,120.694326,24.155623,3
1487,66000,387130000C,(04)23274275,(04)23288582,2023,8,4,18,5,臺中市,西屯區,0,0,0,7,,,50,,,,,,,,,,,,,,,7,,,,,B03,,,1,,1,,,7,,1,13,4,B03,120.649663,24.158081,3
1488,66000,387130000C,(04)23274275,(04)23288582,2023,8,4,18,8,臺中市,太平區,0,1,0,1,2,6,40,13,12,1,5,4,6,6,4,4,5,5,4,1,13,39,3,10,3,1,B12,7,9,1,10,2,5,,39,39,1,6,4,B12,120.716995,24.158748,2
1489,66000,387130000C,(04)23274275,(04)23288582,2023,8,4,18,9,臺中市,后里區,0,1,0,7,2,6,30,11,9,1,5,4,6,6,4,4,10,5,5,2,11,84,3,10,3,1,B03,7,9,1,8,2,8,,84,84,1,6,4,B03,120.687126,24.290906,2
1490,66000,387130000C,(04)23274275,(04)23288582,2023,8,4,18,10,臺中市,東區,0,1,0,7,1,6,50,4,1,1,5,4,6,6,1,1,10,5,5,2,30,84,2,9,1,1,C03,7,9,1,10,2,12,,84,84,1,12,4,C03,120.689144,24.136986,2
1491,66000,387130000C,(04)23274275,(04)23288582,2023,8,4,18,10,臺中市,東區,0,1,0,7,1,6,50,4,1,1,5,4,6,6,1,1,10,5,5,2,30,84,2,9,1,1,C03,7,9,1,10,2,12,,84,84,1,12,4,C03,120.689144,24.136986,2
1492,66000,387130000C,(04)23274275,(04)23288582,2023,8,4,18,11,臺中市,大里區,0,1,0,7,1,6,60,5,7,1,5,4,6,6,1,1,3,4,4,2,13,84,3,10,3,1,B03,7,9,1,8,2,5,,84,84,1,13,4,B03,120.681211,24.104689,2
1493,66000,387130000C,(04)23274275,(04)23288582,2023,8,4,18,11,臺中市,大里區,0,3,0,7,2,9,50,13,9,1,5,4,6,6,4,4,9,4,5,1,13,7,2,8,1,1,C03,7,9,1,10,2,11,,7,7,1,12,4,C03,120.701326,24.086542,2
1494,66000,387130000C,(04)23274275,(04)23288582,2023,8,4,18,12,臺中市,沙鹿區,0,1,0,6,2,6,50,3,1,1,5,4,6,6,4,4,10,5,5,2,13,7,3,10,2,1,C03,7,6,1,10,2,13,,87,7,1,5,4,C03,120.57478,24.227405,2
1495,66000,387130000C,(04)23274275,(04)23288582,2023,8,4,18,15,臺中市,北區,0,2,0,7,2,6,50,13,7,1,5,4,6,6,4,4,5,4,4,2,3,59,2,9,2,1,C03,7,9,1,10,2,11,,59,59,1,12,4,C03,120.675427,24.167457,2
1496,66000,387130000C,(04)23274275,(04)23288582,2023,8,4,18,15,臺中市,西屯區,0,1,0,7,2,6,50,13,8,1,5,4,6,6,4,4,1,4,4,2,16,47,3,10,5,4,B03,7,5,1,8,2,2,,47,47,1,13,4,B03,120.637517,24.161203,2
1497,66000,387130000C,(04)23274275,(04)23288582,2023,8,4,18,21,臺中市,西區,0,1,0,6,3,6,50,13,9,1,5,4,5,6,4,4,10,5,5,2,14,49,3,10,3,1,B03,7,2,1,8,2,3,,49,49,1,6,4,B03,120.662898,24.149317,2
1498,66000,387130000C,(04)23274275,(04)23288582,2023,8,4,18,30,臺中市,北區,0,0,0,5,,,50,,,,,,,,,,,,,,,85,,,,,,,,,,,,,119,85,1,,5,,120.686497,24.166836,3
1499,66000,387130000C,(04)23274275,(04)23288582,2023,8,4,18,34,臺中市,西屯區,0,1,0,7,1,6,50,4,2,1,5,4,6,6,2,1,1,2,5,2,13,84,3,10,3,1,B13,7,9,1,8,2,1,,84,84,1,6,4,B13,120.644329,24.171347,2
1500,66000,387130000C,(04)23274275,(04)23288582,2023,8,4,18,36,臺中市,西屯區,0,0,0,7,,,50,,,,,,,,,,,,,,,7,,,,,C03,,,1,,2,,,7,,1,13,4,C03,120.62317,24.185788,4
1501,66000,387130000C,(04)23274275,(04)23288582,2023,8,4,18,39,臺中市,西區,0,0,0,7,,,50,,,,,,,,,,,,,,,84,,,,,B03,,,1,,1,,,84,,1,12,4,B03,120.672474,24.146548,3
1502,66000,387130000C,(04)23274275,(04)23288582,2023,8,4,18,42,臺中市,太平區,0,0,0,6,,,40,,,,,,,,,,,,,,17,51,,,,,B12,,,1,,2,,,51,,1,6,4,B12,120.706065,24.159304,3
1503,66000,387130000C,(04)23274275,(04)23288582,2023,8,4,18,43,臺中市,西區,0,1,0,7,1,6,50,13,7,1,5,4,6,6,4,4,5,4,4,2,13,7,3,10,3,1,B03,7,9,1,8,2,1,,7,7,1,12,4,B03,120.673885,24.134883,2
1504,66000,387130000C,(04)23274275,(04)23288582,2023,8,4,18,44,臺中市,北屯區,0,0,0,7,,,80,,,,,,,,,,,,,,,7,,,,,B03,,,1,,2,,,7,,1,12,4,B03,120.721719,24.183005,3
1505,66000,387130000C,(04)23274275,(04)23288582,2023,8,4,18,46,臺中市,北屯區,0,0,0,7,,,80,,,,,,,,,,,,,,13,7,,,,,B03,,,1,8,1,,,7,7,1,12,4,B03,120.722358,24.188049,3
1506,66000,387130000C,(04)23274275,(04)23288582,2023,8,4,18,46,臺中市,烏日區,0,0,0,7,1,6,50,13,7,1,5,4,6,6,1,1,1,4,4,2,13,84,,,,,B03,,,1,,2,,,84,84,1,12,4,B03,120.632742,24.110091,3
1507,66000,387130000C,(04)23274275,(04)23288582,2023,8,4,18,49,臺中市,中區,0,0,0,7,,,50,,,,,,,,,,,,,,,84,,,,,B03,,,1,,1,,,84,,1,12,4,B03,120.678759,24.147187,3
1508,66000,387130000C,(04)23274275,(04)23288582,2023,8,4,18,50,臺中市,西屯區,0,0,0,7,,,30,,,,,,,,,,,,,,,7,,,,,B03,,,1,,2,,,7,,1,13,4,B03,120.643455,24.16755,3
1509,66000,387130000C,(04)23274275,(04)23288582,2023,8,4,18,51,臺中市,北區,0,3,0,7,1,6,50,13,8,1,5,4,6,6,4,4,5,4,4,2,12,8,2,9,2,1,C03,7,4,1,9,2,12,,8,8,1,12,4,C03,120.683255,24.157317,2
1510,66000,387130000C,(04)23274275,(04)23288582,2023,8,4,18,51,臺中市,南屯區,0,1,0,6,1,6,50,4,4,1,5,4,6,6,2,1,5,5,4,2,12,59,3,10,5,4,B03,7,9,1,8,2,5,,59,59,1,13,4,B03,120.650205,24.136713,2
1511,66000,387130000C,(04)23274275,(04)23288582,2023,8,4,18,57,臺中市,西屯區,0,0,0,7,,,60,,,,,,,,,,,,,,12,40,,,,,B03,,,1,,2,,,40,,1,12,4,B03,120.641018,24.167806,3