序號,縣市別代碼,機關代碼,市話,傳真,年,月,日,時,分,縣市,區,死亡數量,受傷數量,2-30,天候,光線,道路類別,速限,道路型態,事故位置,路面鋪裝,路面狀態,路面缺陷,障礙物,視距,號誌種類,號誌動作,分向設施,快車道或一般車道間,快慢車道間,路面邊線,事故類型及型態,主要肇因,受傷程度,主要傷處,保護裝備,行動電話,當事者區分(類別),車輛用途,當事者行動狀態,駕駛資格情形,駕駛執照種類,飲酒情形,車輛撞擊部位最初,車輛撞擊部位其他,肇事因素個別,肇事因素主要,肇事逃逸,職業,旅次目的,車種,GPS座標X,GPS座標Y,事故類別
1619,66000,387130000C,(04)23274275,(04)23288582,2023,8,5,8,45,臺中市,西屯區,0,0,0,5,,,50,,,,,,,,,,,,,,13,84,,,,,B03,,,1,,1,,,84,,1,12,4,B03,120.652208,24.165791,3
1620,66000,387130000C,(04)23274275,(04)23288582,2023,8,5,8,49,臺中市,沙鹿區,0,0,0,5,,,50,,,,,,,,,,,,,,17,50,,,,,B12,,,1,,2,,,50,50,1,13,4,B12,120.559685,24.237547,3
1621,66000,387130000C,(04)23274275,(04)23288582,2023,8,5,8,50,臺中市,北屯區,0,1,0,5,2,6,50,4,1,1,4,4,6,6,1,1,10,5,5,2,16,23,3,10,3,1,B03,7,6,1,8,2,2,,23,23,1,12,4,B03,120.66268,24.186561,2
1622,66000,387130000C,(04)23274275,(04)23288582,2023,8,5,8,54,臺中市,大甲區,0,0,0,5,,,50,,,,,,,,,,,,,,2,84,,,,,B03,,,1,,2,,,84,,1,13,4,B03,120.621483,24.344364,3
1623,66000,387130000C,(04)23274275,(04)23288582,2023,8,5,9,0,臺中市,南屯區,0,1,0,5,2,6,50,13,7,1,4,4,6,6,4,4,5,5,4,2,17,34,3,10,3,1,B03,7,6,1,8,2,16,,34,34,1,12,4,B03,120.636525,24.145539,2
1624,66000,387130000C,(04)23274275,(04)23288582,2023,8,5,9,28,臺中市,北區,0,0,0,5,2,6,40,13,8,1,4,4,6,6,4,4,9,4,4,2,14,49,3,10,3,1,B03,7,2,1,8,1,3,,49,49,1,12,4,B03,120.670558,24.155208,3
1625,66000,387130000C,(04)23274275,(04)23288582,2023,8,5,9,28,臺中市,大甲區,0,0,0,5,,,50,,,,,,,,,,,,,,13,84,,,,,B03,,,1,,2,,,84,84,1,6,4,B03,120.613633,24.349828,3
1626,66000,387130000C,(04)23274275,(04)23288582,2023,8,5,9,30,臺中市,梧棲區,0,0,0,5,,,70,,,,,,,,,,,,,,14,49,,,,,B12,,,1,,2,,,49,,1,6,4,B12,120.54781,24.234185,4
1627,66000,387130000C,(04)23274275,(04)23288582,2023,8,5,9,33,臺中市,大肚區,0,0,0,5,,,50,,,,,,,,,,,,,,,49,,,,,B11,,,1,,2,,,49,,1,13,4,B11,120.578785,24.174146,3
1628,66000,387130000C,(04)23274275,(04)23288582,2023,8,5,9,35,臺中市,豐原區,0,1,0,5,2,6,50,13,7,1,4,4,6,6,4,4,1,3,4,1,12,45,3,10,3,1,B03,7,11,1,8,2,4,,45,45,1,13,4,B03,120.731377,24.258524,2
1629,66000,387130000C,(04)23274275,(04)23288582,2023,8,5,9,37,臺中市,北屯區,0,0,0,5,,,50,,,,,,,,,,,,,,14,49,,,,,B03,,,1,,2,,,49,,1,12,4,B03,120.683917,24.186317,3
1630,66000,387130000C,(04)23274275,(04)23288582,2023,8,5,9,38,臺中市,南區,0,1,0,5,3,6,50,4,9,1,4,4,6,6,2,1,5,5,5,2,30,119,,,,,,,,,,,,,119,119,1,,,,120.654167,24.116536,2
1631,66000,387130000C,(04)23274275,(04)23288582,2023,8,5,9,39,臺中市,烏日區,0,0,0,5,1,6,50,13,14,1,5,4,6,6,4,4,1,4,4,1,14,49,,,,,B03,,,1,,2,,,49,,1,12,4,B03,120.639605,24.108054,3
1632,66000,387130000C,(04)23274275,(04)23288582,2023,8,5,9,44,臺中市,太平區,0,1,0,5,3,6,50,4,1,1,4,4,6,6,4,4,10,5,5,2,16,12,3,10,3,1,B03,7,6,1,8,2,1,,12,12,1,6,4,B03,120.718132,24.128344,2
1633,66000,387130000C,(04)23274275,(04)23288582,2023,8,5,9,48,臺中市,清水區,0,1,0,5,3,6,50,4,1,1,4,4,6,6,1,1,9,4,5,1,17,25,2,9,2,1,C03,7,9,1,10,2,11,,25,25,1,12,4,C03,120.560758,24.28422,2
1634,66000,387130000C,(04)23274275,(04)23288582,2023,8,5,9,49,臺中市,沙鹿區,0,0,0,5,,,50,,,,,,,,,,,,,,,7,,,,,B02,,,1,,2,,,7,,1,13,4,B02,120.575126,24.209903,3
1635,66000,387130000C,(04)23274275,(04)23288582,2023,8,5,9,50,臺中市,西屯區,0,1,0,5,2,6,40,4,1,1,4,4,6,6,2,1,10,5,5,2,17,87,2,9,5,4,C03,7,9,1,10,2,12,,87,87,1,13,4,C03,120.635172,24.179435,2
1636,66000,387130000C,(04)23274275,(04)23288582,2023,8,5,9,55,臺中市,霧峰區,0,0,0,5,2,6,80,13,9,1,4,4,6,6,4,4,1,3,5,1,13,7,,,,,B03,,,1,,2,,,7,7,1,13,4,B03,120.690399,24.067582,3
1637,66000,387130000C,(04)23274275,(04)23288582,2023,8,5,9,58,臺中市,沙鹿區,0,0,0,5,,,50,,,,,,,,,,,,,,,7,,,,,B03,,,1,,2,,,7,,1,13,4,B03,120.562433,24.233402,3
1638,66000,387130000C,(04)23274275,(04)23288582,2023,8,5,9,59,臺中市,大雅區,0,0,0,5,,,50,,,,,,,,,,,,,,16,20,,,,,C03,,,1,,2,,,20,,1,12,4,C03,120.648676,24.216048,3
1639,66000,387130000C,(04)23274275,(04)23288582,2023,8,5,9,59,臺中市,西屯區,0,1,0,5,3,9,50,3,1,1,4,4,6,6,4,4,10,5,5,2,17,85,2,9,1,1,C03,7,15,1,10,2,12,,85,85,1,12,4,C03,120.63204,24.182817,2
1640,66000,387130000C,(04)23274275,(04)23288582,2023,8,5,10,0,臺中市,北屯區,0,0,0,5,,,50,,,,,,,,,,,,,,,7,,,,,B03,,,1,,1,,,7,7,1,12,4,B03,120.693418,24.183244,3
1641,66000,387130000C,(04)23274275,(04)23288582,2023,8,5,10,7,臺中市,北屯區,0,3,0,5,2,6,50,13,9,1,4,4,6,6,4,4,3,4,5,2,17,40,2,3,3,1,B03,7,7,1,7,2,6,,40,40,1,12,4,B03,120.693286,24.16372,2
1642,66000,387130000C,(04)23274275,(04)23288582,2023,8,5,10,8,臺中市,沙鹿區,0,1,0,5,2,6,60,3,12,1,4,4,6,6,3,1,1,4,4,1,13,59,2,9,1,1,C03,7,9,1,10,2,11,,59,59,1,13,4,C03,120.583169,24.249909,2
1643,66000,387130000C,(04)23274275,(04)23288582,2023,8,5,10,17,臺中市,西屯區,0,0,0,5,,,30,,,,,,,,,,,,,,,39,,,,,B03,,,1,,1,,,39,,1,13,4,B03,120.645997,24.169096,3
1644,66000,387130000C,(04)23274275,(04)23288582,2023,8,5,10,28,臺中市,大肚區,0,0,0,5,,,30,,,,,,,,,,,,,,,8,,,,,B12,,,1,,2,,,8,,1,13,4,B12,120.579813,24.174494,3
1645,66000,387130000C,(04)23274275,(04)23288582,2023,8,5,10,30,臺中市,大雅區,0,1,0,5,3,6,50,3,1,1,4,4,6,6,4,4,5,4,4,2,17,12,3,10,1,1,C03,7,6,1,10,2,16,,12,12,1,13,4,C03,120.651625,24.216556,2
1646,66000,387130000C,(04)23274275,(04)23288582,2023,8,5,10,30,臺中市,清水區,0,1,0,6,3,6,50,4,2,1,5,4,6,6,1,1,5,5,4,2,12,8,3,10,3,1,B03,7,15,1,8,2,5,,8,8,1,12,4,B03,120.578045,24.271646,2
1647,66000,387130000C,(04)23274275,(04)23288582,2023,8,5,10,39,臺中市,太平區,0,0,0,5,,,50,,,,,,,,,,,,,,,49,,,,,B03,,,1,,2,,,49,,1,12,4,B03,120.735914,24.147205,3
1648,66000,387130000C,(04)23274275,(04)23288582,2023,8,5,10,40,臺中市,北屯區,0,0,0,5,,,50,,,,,,,,,,,,,,,7,,,,,B03,,,1,,1,,,7,,1,12,4,B03,120.678451,24.173113,3
1649,66000,387130000C,(04)23274275,(04)23288582,2023,8,5,10,45,臺中市,大甲區,0,0,0,5,,,70,,,,,,,,,,,,,,,59,,,,,B03,,,1,,2,,,59,,1,6,4,B03,120.616022,24.335463,3
1650,66000,387130000C,(04)23274275,(04)23288582,2023,8,5,10,57,臺中市,西區,0,0,0,7,,,50,,,,,,,,,,,,,,,42,,,,,B03,,,1,,1,,,42,,1,13,4,B03,120.665875,24.138951,3
1651,66000,387130000C,(04)23274275,(04)23288582,2023,8,5,10,58,臺中市,石岡區,0,0,0,5,,,50,,,,,,,,,,,,,,13,7,,,,,B03,,,1,,2,,,7,,1,12,4,B03,120.778455,24.275869,3
1652,66000,387130000C,(04)23274275,(04)23288582,2023,8,5,11,4,臺中市,北屯區,0,1,0,5,2,6,50,4,1,1,4,4,6,6,1,1,10,5,5,2,17,20,3,10,3,1,B03,7,5,1,8,2,5,,20,20,1,12,4,B03,120.687611,24.183647,2
1653,66000,387130000C,(04)23274275,(04)23288582,2023,8,5,11,4,臺中市,北屯區,0,0,0,5,,,50,,,,,,,,,,,,,,,84,,,,,B03,,,1,,1,,,84,,1,12,4,B03,120.671916,24.17412,3
1654,66000,387130000C,(04)23274275,(04)23288582,2023,8,5,11,5,臺中市,西區,0,0,0,5,,,50,,,,,,,,,,,,,,13,84,,,,,B03,,,1,,1,,,84,,1,12,4,B03,120.66844,24.140019,3
1655,66000,387130000C,(04)23274275,(04)23288582,2023,8,5,11,5,臺中市,北區,0,0,0,5,,,50,,,,,,,,,,,,,,,59,,,,,B03,,,1,,2,,,87,59,1,13,4,B03,120.676962,24.159185,3
1656,66000,387130000C,(04)23274275,(04)23288582,2023,8,5,11,10,臺中市,西屯區,0,0,0,5,,,50,,,,,,,,,,,,,,17,84,,,,,B03,,,1,,1,,,84,,1,12,4,B03,120.644207,24.161231,3
1657,66000,387130000C,(04)23274275,(04)23288582,2023,8,5,11,13,臺中市,潭子區,0,1,0,5,2,6,50,13,7,1,4,4,6,6,4,4,5,4,4,2,17,51,3,10,3,1,B03,7,1,1,8,2,8,,51,51,1,13,4,B03,120.70646,24.20434,2
1658,66000,387130000C,(04)23274275,(04)23288582,2023,8,5,11,13,臺中市,中區,0,1,0,5,2,6,50,4,1,1,4,4,6,6,1,1,10,5,5,2,15,84,3,10,3,1,B03,7,9,1,8,2,1,,84,84,1,13,4,B03,120.685804,24.140133,2
1659,66000,387130000C,(04)23274275,(04)23288582,2023,8,5,11,20,臺中市,大雅區,0,1,0,5,3,6,30,3,1,1,4,4,6,6,4,4,1,3,4,1,17,20,3,10,3,1,B03,7,5,1,8,2,8,,20,20,1,12,4,B03,120.637363,24.23379,2
1660,66000,387130000C,(04)23274275,(04)23288582,2023,8,5,11,21,臺中市,北屯區,0,1,0,6,2,6,30,4,1,1,4,4,6,6,4,4,10,5,5,2,9,59,3,10,3,1,B03,7,6,1,8,2,1,,59,59,1,13,4,B03,120.692233,24.183507,2
1661,66000,387130000C,(04)23274275,(04)23288582,2023,8,5,11,24,臺中市,南區,0,1,0,5,2,6,50,4,2,1,4,4,6,6,3,1,5,4,4,2,3,59,3,10,3,1,B03,7,6,1,8,2,1,,59,59,1,12,4,B03,120.675528,24.131328,2
1662,66000,387130000C,(04)23274275,(04)23288582,2023,8,5,11,25,臺中市,南屯區,0,0,0,5,,,40,,,,,,,,,,,,,,,49,,,,,B03,,,1,,2,,,49,,1,13,4,B03,120.626819,24.152555,3
1663,66000,387130000C,(04)23274275,(04)23288582,2023,8,5,11,26,臺中市,北屯區,0,0,0,5,,,50,,,,,,,,,,,,,,12,8,,,,,B03,,,1,,11,,,8,8,1,12,4,B03,120.724519,24.176307,3
1664,66000,387130000C,(04)23274275,(04)23288582,2023,8,5,11,28,臺中市,清水區,0,1,0,5,3,6,50,3,1,1,4,4,6,6,3,1,9,4,5,1,17,84,3,10,3,1,B03,7,6,1,8,2,4,,84,84,1,12,4,B03,120.574135,24.275284,2
1665,66000,387130000C,(04)23274275,(04)23288582,2023,8,5,11,29,臺中市,南屯區,0,0,0,5,,,50,,,,,,,,,,,,,,13,59,,,,,B03,,,1,,1,,,59,,1,12,4,B03,120.646926,24.125116,3
1666,66000,387130000C,(04)23274275,(04)23288582,2023,8,5,11,30,臺中市,西區,0,0,0,7,,,50,,,,,,,,,,,,,,,49,,,,,B03,,,1,,1,,,49,,1,12,4,B03,120.669797,24.149014,3
1667,66000,387130000C,(04)23274275,(04)23288582,2023,8,5,11,32,臺中市,北屯區,0,0,0,5,,,50,,,,,,,,,,,,,,,56,,,,,B03,,,1,,1,,,56,,1,12,4,B03,120.706153,24.165527,3
1668,66000,387130000C,(04)23274275,(04)23288582,2023,8,5,11,36,臺中市,南區,0,0,0,5,,,50,,,,,,,,,,,,,,,49,,,,,B03,,,1,,2,,,49,,1,12,4,B03,120.678699,24.131742,3
1669,66000,387130000C,(04)23274275,(04)23288582,2023,8,5,11,38,臺中市,南屯區,0,1,0,5,2,6,50,4,1,1,4,4,6,6,4,4,10,5,5,2,15,13,2,9,1,1,C03,7,9,1,10,2,11,14,13,13,1,6,4,C03,120.632325,24.142823,2
1670,66000,387130000C,(04)23274275,(04)23288582,2023,8,5,11,41,臺中市,沙鹿區,0,1,0,6,2,6,50,5,2,1,4,4,6,6,1,1,8,3,4,1,17,48,2,9,5,4,C03,7,6,1,10,2,14,,48,48,1,13,4,C03,120.569563,24.237414,2
1671,66000,387130000C,(04)23274275,(04)23288582,2023,8,5,11,42,臺中市,西屯區,0,0,0,5,,,50,,,,,,,,,,,,,,13,84,,,,,B03,,,1,,1,,,84,,1,12,4,B03,120.610852,24.1706,3
1672,66000,387130000C,(04)23274275,(04)23288582,2023,8,5,11,42,臺中市,西屯區,0,0,0,5,,,40,,,,,,,,,,,,,,,51,,,,,B03,,,1,,1,,,51,,1,12,4,B03,120.643405,24.15628,3
1673,66000,387130000C,(04)23274275,(04)23288582,2023,8,5,11,44,臺中市,西屯區,0,0,0,5,,,50,,,,,,,,,,,,,,,59,,,,,B03,,,1,,1,,,59,,1,12,4,B03,120.639579,24.174715,3
1674,66000,387130000C,(04)23274275,(04)23288582,2023,8,5,11,44,臺中市,太平區,0,0,0,5,,,50,,,,,,,,,,,,,,,39,,,,,C03,,,1,,2,,,39,,1,13,4,C03,120.705506,24.148829,3
1675,66000,387130000C,(04)23274275,(04)23288582,2023,8,5,11,45,臺中市,清水區,0,0,0,7,,,50,,,,,,,,,,,,,,,84,,,,,B03,,,1,,11,,,84,,1,12,4,B03,120.568843,24.277048,4
1676,66000,387130000C,(04)23274275,(04)23288582,2023,8,5,11,50,臺中市,西屯區,0,0,0,7,,,30,,,,,,,,,,,,,,9,84,,,,,B12,,,1,,2,,,84,,1,12,4,B12,120.636036,24.170811,3
1677,66000,387130000C,(04)23274275,(04)23288582,2023,8,5,11,54,臺中市,東區,0,0,0,5,,,50,,,,,,,,,,,,,,,7,,,,,B03,,,1,,2,,,7,,1,12,4,B03,120.684116,24.131982,3
1678,66000,387130000C,(04)23274275,(04)23288582,2023,8,5,11,55,臺中市,烏日區,0,0,0,5,,,30,,,,,,,,,,,,,,14,49,,,,,B12,,,1,,2,,,49,,1,6,4,B12,120.644953,24.079541,3
1679,66000,387130000C,(04)23274275,(04)23288582,2023,8,5,11,57,臺中市,北區,0,1,0,5,2,6,50,4,1,1,4,4,6,6,2,1,2,4,4,2,16,45,3,10,3,1,B02,7,11,1,8,2,6,,45,45,1,12,4,B02,120.685725,24.155948,2
1680,66000,387130000C,(04)23274275,(04)23288582,2023,8,5,11,57,臺中市,北屯區,0,0,0,5,,,50,,,,,,,,,,,,,,,84,,,,,B03,,,1,,2,,,84,,1,12,4,B03,120.67781,24.173573,3
1681,66000,387130000C,(04)23274275,(04)23288582,2023,8,5,11,58,臺中市,北屯區,0,0,0,7,,,50,,,,,,,,,,,,,,,84,,,,,B03,,,1,,1,,,84,,1,12,4,B03,120.721698,24.182729,3
1682,66000,387130000C,(04)23274275,(04)23288582,2023,8,5,12,1,臺中市,龍井區,0,0,0,6,,,50,,,,,,,,,,,,,,,7,,,,,B03,,,1,,2,,,7,,1,12,4,B03,120.50525,24.210183,3
1683,66000,387130000C,(04)23274275,(04)23288582,2023,8,5,12,3,臺中市,大甲區,0,0,0,7,,,60,,,,,,,,,,,,,,30,50,,,,,B03,,,1,,1,,,50,,1,6,4,B03,120.61741,24.350945,3
1684,66000,387130000C,(04)23274275,(04)23288582,2023,8,5,12,4,臺中市,東區,0,0,0,5,,,50,,,,,,,,,,,,,,13,85,,,,,C03,,,1,,2,,,85,,1,13,4,C03,120.692456,24.142745,3
1685,66000,387130000C,(04)23274275,(04)23288582,2023,8,5,12,10,臺中市,北區,0,1,0,5,3,6,50,4,1,1,4,4,6,6,4,4,10,5,5,2,16,14,3,10,1,1,C03,7,6,1,9,2,14,,14,14,1,13,4,C03,120.693686,24.156392,2
1686,66000,387130000C,(04)23274275,(04)23288582,2023,8,5,12,11,臺中市,東區,0,1,0,5,3,6,50,13,9,1,4,4,6,6,4,4,9,5,5,2,30,84,2,8,5,4,C04,7,9,1,12,2,15,,84,84,1,13,4,C04,120.694137,24.134771,2
1687,66000,387130000C,(04)23274275,(04)23288582,2023,8,5,12,11,臺中市,豐原區,0,0,0,5,,,50,,,,,,,,,,,,,,,7,,,,,C03,,,1,,2,,,7,,1,13,4,C03,120.716464,24.260541,3
1688,66000,387130000C,(04)23274275,(04)23288582,2023,8,5,12,15,臺中市,梧棲區,0,0,0,7,,,30,,,,,,,,,,,,,,14,49,,,,,B03,,,1,,1,,,49,,1,12,4,B03,120.557351,24.256685,4
1689,66000,387130000C,(04)23274275,(04)23288582,2023,8,5,12,17,臺中市,西區,0,1,0,5,3,6,50,4,2,1,4,4,6,6,4,4,10,5,5,2,2,84,3,10,3,1,B03,7,9,1,8,2,2,,84,84,1,12,4,B03,120.660207,24.152541,2
1690,66000,387130000C,(04)23274275,(04)23288582,2023,8,5,12,22,臺中市,豐原區,0,0,0,7,,,50,,,,,,,,,,,,,,13,7,,,,,B03,,,1,,2,,,7,,1,6,4,B03,120.727726,24.249948,3
1691,66000,387130000C,(04)23274275,(04)23288582,2023,8,5,12,25,臺中市,西區,0,2,0,5,2,6,30,4,1,1,4,4,6,6,4,4,10,5,5,2,15,15,2,9,1,1,C03,7,9,1,10,2,12,,15,15,1,12,4,C03,120.656092,24.15528,2
1692,66000,387130000C,(04)23274275,(04)23288582,2023,8,5,12,27,臺中市,梧棲區,0,1,0,5,2,6,50,4,1,1,4,4,6,6,4,4,10,5,5,2,15,15,3,10,3,1,B03,7,9,1,8,2,5,,15,15,1,12,4,B03,120.53245,24.24798,2
1693,66000,387130000C,(04)23274275,(04)23288582,2023,8,5,12,28,臺中市,西屯區,0,1,0,5,3,6,50,3,1,1,4,4,6,6,4,4,8,4,5,1,17,84,2,9,5,4,B03,7,9,1,8,2,1,,84,84,1,13,4,B03,120.658358,24.159673,2
1694,66000,387130000C,(04)23274275,(04)23288582,2023,8,5,12,34,臺中市,北區,0,1,0,5,2,6,40,4,1,1,4,4,6,6,1,1,1,4,4,2,13,58,2,9,1,1,C03,7,9,1,10,2,11,,58,58,1,12,4,C03,120.694319,24.155649,2
1695,66000,387130000C,(04)23274275,(04)23288582,2023,8,5,12,35,臺中市,清水區,0,2,0,5,3,6,30,11,9,1,4,4,6,1,4,4,10,5,5,2,11,41,3,10,3,1,B03,7,6,1,8,2,8,,41,41,1,12,4,B03,120.564431,24.270706,2
1696,66000,387130000C,(04)23274275,(04)23288582,2023,8,5,12,40,臺中市,豐原區,0,1,0,5,2,6,50,4,1,1,4,4,6,6,4,4,4,3,4,2,17,14,3,10,3,1,B03,7,5,1,8,2,16,,14,14,1,13,4,B03,120.733777,24.253274,2
1697,66000,387130000C,(04)23274275,(04)23288582,2023,8,5,12,45,臺中市,南屯區,0,1,0,5,2,6,50,4,2,1,4,4,6,6,2,1,10,5,5,2,17,42,2,8,2,1,C03,7,7,1,10,2,13,,42,42,1,12,4,C03,120.648335,24.13335,2
1698,66000,387130000C,(04)23274275,(04)23288582,2023,8,5,12,46,臺中市,沙鹿區,0,1,0,6,2,6,30,3,1,1,4,4,6,6,4,4,10,5,5,2,18,84,2,9,2,1,C03,7,15,1,10,2,14,,84,84,1,13,4,C03,120.569232,24.250638,2
1699,66000,387130000C,(04)23274275,(04)23288582,2023,8,5,12,47,臺中市,北屯區,0,0,0,5,,,50,,,,,,,,,,,,,,,86,,,,,,,,,,,,,86,,1,,,,120.708257,24.170652,3
1700,66000,387130000C,(04)23274275,(04)23288582,2023,8,5,12,48,臺中市,北區,0,1,0,5,2,6,40,13,8,1,4,4,6,6,4,4,9,5,4,2,14,49,3,10,3,1,B03,7,2,1,8,2,6,,49,49,1,12,4,B03,120.663661,24.162364,2
1701,66000,387130000C,(04)23274275,(04)23288582,2023,8,5,12,49,臺中市,大里區,0,0,0,5,,,50,,,,,,,,,,,,,,17,84,,,,,C03,,,1,,2,,,84,,1,12,2,C03,120.698468,24.080806,3
1702,66000,387130000C,(04)23274275,(04)23288582,2023,8,5,12,51,臺中市,潭子區,0,2,0,5,2,6,50,4,2,1,4,4,6,6,2,1,5,4,5,1,18,84,2,9,1,1,C03,7,12,1,10,2,14,,84,59,1,13,4,C03,120.722171,24.200945,2
1703,66000,387130000C,(04)23274275,(04)23288582,2023,8,5,12,51,臺中市,北屯區,0,1,0,5,2,6,50,13,9,1,4,4,6,6,4,4,1,4,5,2,16,20,3,10,3,1,B03,7,5,1,8,2,2,,20,20,1,12,4,B03,120.685795,24.179698,2
1704,66000,387130000C,(04)23274275,(04)23288582,2023,8,5,12,51,臺中市,豐原區,0,0,0,5,,,50,,,,,,,,,,,,,,13,7,,,,,B03,,,1,,2,,,7,,1,12,4,B03,120.729698,24.255865,3
1705,66000,387130000C,(04)23274275,(04)23288582,2023,8,5,12,53,臺中市,西區,0,0,0,5,,,50,,,,,,,,,,,,,,,84,,,,,B03,,,1,,2,,,84,,1,13,4,B03,120.652988,24.150881,4
1706,66000,387130000C,(04)23274275,(04)23288582,2023,8,5,12,57,臺中市,北屯區,0,0,0,5,,,30,,,,,,,,,,,,,,14,49,,,,,B12,,,1,,1,,,49,,1,12,4,B12,120.71309,24.174608,3
1707,66000,387130000C,(04)23274275,(04)23288582,2023,8,5,12,57,臺中市,沙鹿區,0,1,0,6,2,6,50,4,2,1,4,4,6,6,4,4,8,3,5,2,17,12,2,9,5,4,C03,7,9,1,10,2,11,,12,12,1,13,4,C03,120.572604,24.227852,2
1708,66000,387130000C,(04)23274275,(04)23288582,2023,8,5,12,58,臺中市,西區,0,1,0,5,2,6,50,4,19,1,4,4,6,6,4,4,10,5,5,2,3,10,3,10,1,1,C03,7,9,1,10,2,11,,10,10,1,13,4,C03,120.660892,24.150849,2
1709,66000,387130000C,(04)23274275,(04)23288582,2023,8,5,13,0,臺中市,東區,0,0,0,5,,,50,,,,,,,,,,,,,,,8,,,,,B01,,,1,,2,,,8,,1,12,4,B01,120.691028,24.141916,3
1710,66000,387130000C,(04)23274275,(04)23288582,2023,8,5,13,1,臺中市,南屯區,0,0,0,5,,,50,,,,,,,,,,,,,,13,7,,,,,B03,,,1,,2,,,7,,1,6,4,B03,120.648344,24.140252,3
1711,66000,387130000C,(04)23274275,(04)23288582,2023,8,5,13,3,臺中市,西區,0,0,0,5,,,50,,,,,,,,,,,,,,,84,,,,,B02,,,1,,1,,,84,,1,13,4,B02,120.674962,24.138062,3
1712,66000,387130000C,(04)23274275,(04)23288582,2023,8,5,13,7,臺中市,中區,0,1,0,5,3,6,40,4,1,1,4,4,6,6,1,1,10,5,5,2,18,84,2,9,5,4,C03,7,9,1,10,2,12,,84,84,1,12,4,C03,120.678815,24.147178,2
1713,66000,387130000C,(04)23274275,(04)23288582,2023,8,5,13,13,臺中市,南區,0,1,0,6,2,6,50,4,1,1,4,4,6,6,1,1,10,4,5,2,17,39,3,10,3,1,B03,7,6,1,8,2,2,,39,39,1,12,4,B03,120.6685,24.129403,2
1714,66000,387130000C,(04)23274275,(04)23288582,2023,8,5,13,14,臺中市,西區,0,0,0,7,,,50,,,,,,,,,,,,,,,49,,,,,B03,,,1,,1,,,49,,1,13,4,B03,120.670087,24.149397,3
1715,66000,387130000C,(04)23274275,(04)23288582,2023,8,5,13,15,臺中市,北屯區,0,2,0,5,2,6,50,13,9,1,4,4,6,6,4,4,5,4,5,2,17,51,3,10,3,1,B03,7,1,1,8,2,8,,51,51,1,13,4,B03,120.728881,24.176895,2
1716,66000,387130000C,(04)23274275,(04)23288582,2023,8,5,13,15,臺中市,神岡區,0,0,0,5,,,50,,,,,,,,,,,,,,17,8,,,,,B12,,,1,,1,,,8,,1,6,4,B12,120.687653,24.24737,3
1717,66000,387130000C,(04)23274275,(04)23288582,2023,8,5,13,16,臺中市,東區,0,1,0,6,2,6,50,13,9,1,4,4,6,6,4,4,5,5,5,2,17,84,3,10,5,4,B03,7,9,1,8,2,1,,84,84,1,13,4,B03,120.69006,24.13594,2
1718,66000,387130000C,(04)23274275,(04)23288582,2023,8,5,13,20,臺中市,西屯區,0,0,0,5,,,50,,,,,,,,,,,,,,,7,,,,,B03,,,1,,1,,,7,,1,12,4,B03,120.615362,24.183135,3
1719,66000,387130000C,(04)23274275,(04)23288582,2023,8,5,13,21,臺中市,西屯區,0,1,0,5,2,6,40,3,1,1,4,4,6,6,2,1,1,4,1,2,18,84,2,9,5,4,C03,7,9,1,10,2,12,,84,84,1,12,4,C03,120.609587,24.184594,2
1720,66000,387130000C,(04)23274275,(04)23288582,2023,8,5,13,23,臺中市,南區,0,0,0,5,,,50,,,,,,,,,,,,,,,43,,,,,B03,,,1,,9,,,43,,2,13,4,B03,120.654697,24.114455,3
1721,66000,387130000C,(04)23274275,(04)23288582,2023,8,5,13,25,臺中市,清水區,0,1,0,7,2,6,50,4,2,1,5,4,6,6,4,4,8,3,5,1,17,85,3,10,3,1,B03,7,6,1,8,2,5,,85,85,1,12,4,B03,120.571089,24.277921,2
1722,66000,387130000C,(04)23274275,(04)23288582,2023,8,5,13,27,臺中市,龍井區,0,1,0,5,2,6,30,11,9,1,4,4,6,6,4,4,10,5,5,2,11,8,2,8,5,4,C03,7,9,1,10,2,11,,8,8,1,13,4,C03,120.59292,24.181403,2
1723,66000,387130000C,(04)23274275,(04)23288582,2023,8,5,13,30,臺中市,南屯區,0,0,0,5,3,6,50,13,9,1,4,4,6,6,4,4,3,4,5,2,14,49,,,,,B03,,,1,,1,,,49,,1,12,4,B03,120.641707,24.140734,3
1724,66000,387130000C,(04)23274275,(04)23288582,2023,8,5,13,31,臺中市,西屯區,0,0,0,5,,,50,,,,,,,,,,,,,,,20,,,,,B03,,,1,,1,,,20,,1,12,4,B03,120.638522,24.164116,3
1725,66000,387130000C,(04)23274275,(04)23288582,2023,8,5,13,31,臺中市,烏日區,0,0,0,6,1,6,50,13,9,1,5,4,6,6,4,4,9,5,5,2,12,84,,,,,B03,,,1,,2,,,84,,1,12,4,B03,120.598564,24.110139,3
1726,66000,387130000C,(04)23274275,(04)23288582,2023,8,5,13,33,臺中市,西區,0,0,0,5,,,50,,,,,,,,,,,,,,13,84,,,,,C03,,,1,,1,,,87,,1,12,4,C03,120.661687,24.152547,3
1727,66000,387130000C,(04)23274275,(04)23288582,2023,8,5,13,34,臺中市,中區,0,1,0,5,2,6,50,4,1,1,4,4,6,6,1,1,5,5,5,2,18,84,2,9,1,1,C03,7,9,1,10,2,14,,84,84,1,13,4,C03,120.684988,24.142022,2