序號,縣市別代碼,機關代碼,市話,傳真,年,月,日,時,分,縣市,區,死亡數量,受傷數量,2-30,天候,光線,道路類別,速限,道路型態,事故位置,路面鋪裝,路面狀態,路面缺陷,障礙物,視距,號誌種類,號誌動作,分向設施,快車道或一般車道間,快慢車道間,路面邊線,事故類型及型態,主要肇因,受傷程度,主要傷處,保護裝備,行動電話,當事者區分(類別),車輛用途,當事者行動狀態,駕駛資格情形,駕駛執照種類,飲酒情形,車輛撞擊部位最初,車輛撞擊部位其他,肇事因素個別,肇事因素主要,肇事逃逸,職業,旅次目的,車種,GPS座標X,GPS座標Y,事故類別
1728,66000,387130000C,(04)23274275,(04)23288582,2023,8,5,13,34,臺中市,沙鹿區,0,0,0,5,,,50,,,,,,,,,,,,,,,59,,,,,B03,,,1,,2,,,59,,1,6,4,B03,120.573655,24.228074,3
1729,66000,387130000C,(04)23274275,(04)23288582,2023,8,5,13,36,臺中市,北屯區,0,1,0,5,2,6,50,5,1,1,4,4,6,6,4,4,1,4,5,2,17,14,3,10,3,1,B12,7,5,1,8,2,6,,14,14,1,12,4,B12,120.676664,24.177248,2
1730,66000,387130000C,(04)23274275,(04)23288582,2023,8,5,13,38,臺中市,西屯區,0,1,0,7,2,6,50,13,9,1,5,4,6,6,4,4,1,4,4,2,17,20,3,10,5,4,B12,7,5,1,8,2,2,,20,20,1,13,4,B12,120.662506,24.172311,2
1731,66000,387130000C,(04)23274275,(04)23288582,2023,8,5,13,40,臺中市,西屯區,0,0,0,5,,,30,,,,,,,,,,,,,,,84,,,,,B03,,,1,,2,,,84,,1,13,4,B03,120.646828,24.182838,3
1732,66000,387130000C,(04)23274275,(04)23288582,2023,8,5,13,42,臺中市,北屯區,0,0,0,7,,,80,,,,,,,,,,,,,,,40,,,,,B03,,,1,,2,,,40,,1,12,4,B03,120.72256,24.18827,3
1733,66000,387130000C,(04)23274275,(04)23288582,2023,8,5,13,46,臺中市,西屯區,0,0,0,7,,,50,,,,,,,,,,,,,,,49,,,,,B03,,,1,,1,,,49,,1,12,4,B03,120.654392,24.156533,3
1734,66000,387130000C,(04)23274275,(04)23288582,2023,8,5,13,47,臺中市,西屯區,0,0,0,7,,,50,,,,,,,,,,,,,,17,84,,,,,B03,,,1,,1,,,84,,1,13,4,B03,120.652351,24.167204,3
1735,66000,387130000C,(04)23274275,(04)23288582,2023,8,5,13,48,臺中市,太平區,0,1,0,7,3,6,50,3,1,1,4,4,6,6,1,1,10,5,5,2,16,11,3,10,3,1,B03,7,6,1,8,2,2,,11,11,1,12,4,B03,120.702141,24.148158,2
1736,66000,387130000C,(04)23274275,(04)23288582,2023,8,5,13,52,臺中市,東區,0,1,0,5,1,6,50,3,1,1,4,4,6,6,4,4,9,4,5,2,18,84,2,9,1,1,C03,7,9,1,10,2,11,12,84,84,1,12,4,C03,120.703973,24.146191,2
1737,66000,387130000C,(04)23274275,(04)23288582,2023,8,5,13,54,臺中市,太平區,0,1,0,6,3,6,50,4,1,1,4,4,6,6,1,1,10,5,5,2,16,58,3,10,3,1,B01,7,6,1,4,2,1,,58,58,1,6,4,B01,120.708027,24.152682,2
1738,66000,387130000C,(04)23274275,(04)23288582,2023,8,5,13,57,臺中市,東勢區,0,1,0,5,3,6,50,4,2,1,4,4,6,6,1,1,5,5,5,1,18,84,2,9,2,1,C03,7,14,1,10,2,14,,84,84,1,12,4,C03,120.837956,24.226208,2
1739,66000,387130000C,(04)23274275,(04)23288582,2023,8,5,14,0,臺中市,沙鹿區,0,0,0,7,,,60,,,,,,,,,,,,,,,59,,,,,C03,,,1,,2,,,59,,1,6,4,C03,120.573391,24.244983,4
1740,66000,387130000C,(04)23274275,(04)23288582,2023,8,5,14,1,臺中市,東區,0,0,0,7,,,50,,,,,,,,,,,,,,,84,,,,,B03,,,1,,2,,,84,,1,12,4,B03,120.685536,24.135418,3
1741,66000,387130000C,(04)23274275,(04)23288582,2023,8,5,14,3,臺中市,北屯區,0,0,0,5,,,50,,,,,,,,,,,,,,17,45,,,,,B03,,,1,,1,,,45,45,1,12,4,B03,120.682064,24.194064,3
1742,66000,387130000C,(04)23274275,(04)23288582,2023,8,5,14,3,臺中市,沙鹿區,0,0,0,7,,,50,,,,,,,,,,,,,,,50,,,,,B03,,,1,,1,,,50,,1,6,4,B03,120.5744,24.228199,3
1743,66000,387130000C,(04)23274275,(04)23288582,2023,8,5,14,8,臺中市,太平區,0,1,0,7,3,6,40,5,12,1,5,4,6,6,1,1,5,4,4,1,18,84,2,9,2,1,C03,7,15,1,10,2,12,,84,84,1,12,4,C03,120.703152,24.14814,2
1744,66000,387130000C,(04)23274275,(04)23288582,2023,8,5,14,8,臺中市,豐原區,0,0,0,6,,,50,,,,,,,,,,,,,,,51,,,,,B03,,,1,,2,,,51,,1,13,4,B03,120.724408,24.25238,3
1745,66000,387130000C,(04)23274275,(04)23288582,2023,8,5,14,13,臺中市,沙鹿區,0,1,0,6,2,6,50,3,1,1,4,4,6,6,4,4,10,5,5,2,16,65,3,10,3,1,B12,7,6,1,6,2,8,,65,65,1,13,4,B12,120.568147,24.258917,2
1746,66000,387130000C,(04)23274275,(04)23288582,2023,8,5,14,17,臺中市,后里區,0,0,0,6,2,6,50,4,2,1,5,4,6,6,1,1,4,5,5,1,14,49,,,,,A04,,,1,,2,,,49,,1,6,4,A04,120.69668,24.313116,3
1747,66000,387130000C,(04)23274275,(04)23288582,2023,8,5,14,19,臺中市,西區,0,0,0,5,,,50,,,,,,,,,,,,,,,84,,,,,B03,,,1,,1,,,84,,1,12,4,B03,120.661693,24.147301,3
1748,66000,387130000C,(04)23274275,(04)23288582,2023,8,5,14,23,臺中市,西區,0,0,0,7,,,50,,,,,,,,,,,,,,,1,,,,,B12,,,1,,1,,,1,,1,13,4,B12,120.661253,24.138974,3
1749,66000,387130000C,(04)23274275,(04)23288582,2023,8,5,14,23,臺中市,南屯區,0,1,0,5,3,6,50,4,1,1,4,4,6,6,1,1,10,5,5,2,15,21,3,10,5,4,B03,7,9,1,8,2,2,,21,21,1,13,4,B03,120.650737,24.132,2
1750,66000,387130000C,(04)23274275,(04)23288582,2023,8,5,14,28,臺中市,西屯區,0,1,0,7,3,6,50,4,1,1,5,4,6,6,1,1,10,5,5,2,17,27,3,10,3,1,B03,7,5,5,19,1,5,,27,27,1,12,4,B03,120.624383,24.178531,2
1751,66000,387130000C,(04)23274275,(04)23288582,2023,8,5,14,29,臺中市,西屯區,0,0,0,7,,,50,,,,,,,,,,,,,,9,84,,,,,B03,,,1,,1,,,84,,1,13,4,B03,120.644837,24.181296,4
1752,66000,387130000C,(04)23274275,(04)23288582,2023,8,5,14,29,臺中市,大里區,0,0,0,7,,,50,,,,,,,,,,,,,,,51,,,,,C03,,,1,,2,,,51,,1,12,4,C03,120.698172,24.090006,3
1753,66000,387130000C,(04)23274275,(04)23288582,2023,8,5,14,30,臺中市,霧峰區,0,0,0,5,,,30,,,,,,,,,,,,,,17,84,,,,,B03,,,1,,2,,,84,,1,12,4,B03,120.696203,24.062792,3
1754,66000,387130000C,(04)23274275,(04)23288582,2023,8,5,14,32,臺中市,西屯區,0,0,0,5,,,40,,,,,,,,,,,,,,,84,,,,,B03,,,1,,1,,,84,,1,13,4,B03,120.648971,24.162471,3
1755,66000,387130000C,(04)23274275,(04)23288582,2023,8,5,14,44,臺中市,太平區,0,1,0,6,2,6,30,11,9,1,5,4,6,6,4,4,10,5,5,2,10,41,2,8,1,1,C03,7,9,1,10,2,11,,41,41,1,6,4,C03,120.716661,24.123038,2
1756,66000,387130000C,(04)23274275,(04)23288582,2023,8,5,14,48,臺中市,梧棲區,0,3,0,5,2,6,30,3,2,1,4,4,6,6,4,4,10,5,5,2,16,14,3,10,3,1,B03,7,6,1,8,2,1,,14,14,1,6,4,B03,120.532261,24.248129,2
1757,66000,387130000C,(04)23274275,(04)23288582,2023,8,5,14,53,臺中市,南區,0,3,0,7,1,6,50,13,9,1,4,4,6,6,4,4,5,4,5,2,13,84,2,9,3,1,B03,7,9,1,8,2,1,,84,84,1,12,4,B03,120.662411,24.120844,2
1758,66000,387130000C,(04)23274275,(04)23288582,2023,8,5,14,53,臺中市,南區,0,0,0,5,,,50,,,,,,,,,,,,,,,49,,,,,B03,,,1,,2,,,49,,1,11,4,B03,120.6808,24.130547,3
1759,66000,387130000C,(04)23274275,(04)23288582,2023,8,5,14,53,臺中市,南區,0,1,0,6,3,6,50,4,9,1,5,4,6,6,2,1,5,5,5,2,17,42,3,10,5,4,C03,7,6,1,10,1,13,,42,42,1,13,4,C03,120.666731,24.114148,2
1760,66000,387130000C,(04)23274275,(04)23288582,2023,8,5,14,53,臺中市,南屯區,0,0,0,6,3,6,50,13,9,1,5,4,6,6,4,4,5,5,5,2,12,8,,,,,B12,,,1,,1,,,8,,2,12,4,B12,120.63431,24.143156,3
1761,66000,387130000C,(04)23274275,(04)23288582,2023,8,5,14,55,臺中市,西區,0,0,0,5,,,50,,,,,,,,,,,,,,14,49,,,,,B12,,,1,,2,,,49,,1,12,4,B12,120.662556,24.14433,3
1762,66000,387130000C,(04)23274275,(04)23288582,2023,8,5,14,57,臺中市,北區,0,0,0,6,,,30,,,,,,,,,,,,,,15,12,,,,,B12,,,1,,2,,,12,,1,12,4,B12,120.699897,24.152173,3
1763,66000,387130000C,(04)23274275,(04)23288582,2023,8,5,14,57,臺中市,南區,0,0,0,7,,,50,,,,,,,,,,,,,,,49,,,,,B03,,,1,,2,,,49,,1,13,4,B03,120.681274,24.121092,3
1764,66000,387130000C,(04)23274275,(04)23288582,2023,8,5,14,57,臺中市,東勢區,0,1,0,6,2,6,50,3,9,1,4,4,6,6,4,4,5,5,5,1,17,1,3,10,1,1,C03,7,4,2,19,2,15,,1,1,1,13,4,C03,120.827462,24.252837,2
1765,66000,387130000C,(04)23274275,(04)23288582,2023,8,5,15,4,臺中市,西區,0,0,0,5,,,40,,,,,,,,,,,,,,17,84,,,,,B03,,,1,,1,,,84,,1,12,4,B03,120.658086,24.154387,3
1766,66000,387130000C,(04)23274275,(04)23288582,2023,8,5,15,5,臺中市,北屯區,0,0,0,7,,,50,,,,,,,,,,,,,,13,7,,,,,B03,,,1,,1,,,7,7,1,12,4,B03,120.670667,24.175282,3
1767,66000,387130000C,(04)23274275,(04)23288582,2023,8,5,15,6,臺中市,西區,0,0,0,7,,,50,,,,,,,,,,,,,,17,84,,,,,B12,,,1,8,1,,,84,84,1,13,4,B12,120.662032,24.149912,3
1768,66000,387130000C,(04)23274275,(04)23288582,2023,8,5,15,6,臺中市,北區,0,0,0,7,,,30,,,,,,,,,,,,,,17,84,,,,,A12,,,1,,2,,,84,,1,13,4,A12,120.68194,24.162074,3
1769,66000,387130000C,(04)23274275,(04)23288582,2023,8,5,15,6,臺中市,霧峰區,0,0,0,7,,,30,,,,,,,,,,,,,,,51,,,,,B03,,,1,,2,,,51,,1,6,4,B03,120.700157,24.065736,3
1770,66000,387130000C,(04)23274275,(04)23288582,2023,8,5,15,7,臺中市,南屯區,0,1,0,5,2,6,50,4,1,1,4,4,6,6,1,1,10,5,5,2,16,65,3,10,3,1,B03,7,5,1,8,2,2,,65,65,1,6,4,B03,120.637876,24.148751,2
1771,66000,387130000C,(04)23274275,(04)23288582,2023,8,5,15,7,臺中市,北屯區,0,0,0,7,,,30,,,,,,,,,,,,,,16,85,,,,,B03,,,5,,1,,,85,,1,13,4,B03,120.686236,24.188702,3
1772,66000,387130000C,(04)23274275,(04)23288582,2023,8,5,15,7,臺中市,烏日區,0,1,0,7,2,6,50,3,1,1,5,4,6,6,1,1,10,5,5,2,16,47,3,10,3,1,B02,7,5,1,8,2,5,,47,47,1,6,4,B02,120.641611,24.115441,2
1773,66000,387130000C,(04)23274275,(04)23288582,2023,8,5,15,12,臺中市,潭子區,0,1,0,6,2,6,60,3,2,1,5,4,6,6,4,4,1,4,4,1,12,14,3,10,3,1,B03,7,5,1,8,2,8,,14,14,1,13,4,B03,120.708398,24.230262,2
1774,66000,387130000C,(04)23274275,(04)23288582,2023,8,5,15,12,臺中市,南屯區,0,0,0,5,3,6,50,13,9,1,4,4,6,6,4,4,3,4,5,2,12,8,,,,,B03,,,1,,1,,,8,,1,12,4,B03,120.649468,24.139919,3
1775,66000,387130000C,(04)23274275,(04)23288582,2023,8,5,15,12,臺中市,烏日區,0,1,0,5,2,6,30,4,1,1,4,4,6,6,4,4,10,5,5,2,17,14,3,10,3,1,B03,7,5,1,8,2,8,,14,14,1,12,4,B03,120.643284,24.078953,2
1776,66000,387130000C,(04)23274275,(04)23288582,2023,8,5,15,13,臺中市,南區,0,1,0,6,2,6,50,13,9,1,5,4,6,6,4,4,5,5,5,2,17,49,3,10,3,1,B03,7,2,1,8,2,5,,49,49,1,12,4,B03,120.675524,24.125622,2
1777,66000,387130000C,(04)23274275,(04)23288582,2023,8,5,15,14,臺中市,沙鹿區,0,0,0,7,,,50,,,,,,,,,,,,,,,59,,,,,B03,,,1,,2,,,59,59,1,6,4,B03,120.570025,24.219191,3
1778,66000,387130000C,(04)23274275,(04)23288582,2023,8,5,15,18,臺中市,豐原區,0,1,0,7,2,6,50,13,8,1,5,4,6,6,4,4,5,5,4,2,18,84,2,9,1,1,C03,7,9,1,10,2,12,,84,84,1,13,4,C03,120.734863,24.251333,2
1779,66000,387130000C,(04)23274275,(04)23288582,2023,8,5,15,19,臺中市,北區,0,1,0,6,2,6,50,13,7,1,5,4,6,6,4,4,3,4,4,2,16,51,3,10,3,1,B03,7,1,1,8,2,8,,51,51,1,13,4,B03,120.688116,24.153791,2
1780,66000,387130000C,(04)23274275,(04)23288582,2023,8,5,15,20,臺中市,北屯區,0,3,0,7,1,6,60,13,7,1,5,4,6,6,4,4,1,4,5,1,13,5,2,9,5,4,C02,7,9,1,10,2,12,11,5,5,1,6,4,C02,120.710413,24.164837,2
1781,66000,387130000C,(04)23274275,(04)23288582,2023,8,5,15,22,臺中市,烏日區,0,0,0,5,,,80,,,,,,,,,,,,,,13,58,,,,,B03,,,1,,2,,,58,,1,12,4,B03,120.616521,24.107356,3
1782,66000,387130000C,(04)23274275,(04)23288582,2023,8,5,15,29,臺中市,北區,0,1,0,5,2,6,50,3,9,1,4,4,6,6,4,4,5,4,5,2,17,7,2,9,1,1,C03,7,9,1,10,2,14,,7,7,1,12,4,C03,120.68984,24.155879,2
1783,66000,387130000C,(04)23274275,(04)23288582,2023,8,5,15,29,臺中市,北屯區,0,0,0,7,,,50,,,,,,,,,,,,,,,49,,,,,B03,,,1,,1,,,49,49,1,13,4,B03,120.733708,24.176932,3
1784,66000,387130000C,(04)23274275,(04)23288582,2023,8,5,15,30,臺中市,北區,0,1,0,5,2,6,40,4,2,1,4,4,6,6,1,1,2,4,4,2,18,84,2,9,5,1,C03,7,9,1,10,2,12,,84,84,1,13,4,C03,120.685725,24.155948,2
1785,66000,387130000C,(04)23274275,(04)23288582,2023,8,5,15,30,臺中市,大甲區,0,1,0,6,2,6,50,3,2,1,5,4,6,6,4,4,5,5,5,1,17,59,2,9,4,1,F01,7,9,7,21,2,11,,59,59,1,5,4,F01,120.651533,24.393608,2
1786,66000,387130000C,(04)23274275,(04)23288582,2023,8,5,15,35,臺中市,北屯區,0,1,0,6,3,6,50,13,7,1,5,4,6,6,4,4,5,4,4,2,13,7,3,10,3,1,B03,7,9,1,8,2,1,,7,7,1,12,4,B03,120.706802,24.186532,2
1787,66000,387130000C,(04)23274275,(04)23288582,2023,8,5,15,36,臺中市,豐原區,0,0,0,7,,,60,,,,,,,,,,,,,,13,7,,,,,B12,,,1,,2,,,7,,1,6,4,B12,120.702923,24.238703,3
1788,66000,387130000C,(04)23274275,(04)23288582,2023,8,5,15,38,臺中市,北屯區,0,0,0,7,,,50,,,,,,,,,,,,,,12,20,,,,,B03,,,1,,1,,,20,20,1,12,4,B03,120.702521,24.169622,3
1789,66000,387130000C,(04)23274275,(04)23288582,2023,8,5,15,38,臺中市,太平區,0,0,0,7,,,50,,,,,,,,,,,,,,13,59,,,,,B03,,,1,,2,,,59,,1,13,4,B03,120.712683,24.157355,3
1790,66000,387130000C,(04)23274275,(04)23288582,2023,8,5,15,40,臺中市,大肚區,0,0,0,6,,,30,,,,,,,,,,,,,,,49,,,,,A41,,,1,,2,,,49,,1,6,4,A41,120.573309,24.164897,3
1791,66000,387130000C,(04)23274275,(04)23288582,2023,8,5,15,40,臺中市,外埔區,0,0,0,7,,,50,,,,,,,,,,,,,,16,51,,,,,C03,,,1,,2,,,51,,1,6,4,C03,120.657497,24.327859,3
1792,66000,387130000C,(04)23274275,(04)23288582,2023,8,5,15,50,臺中市,南區,0,0,0,7,,,50,,,,,,,,,,,,,,13,84,,,,,C03,,,1,,2,,,84,,1,6,4,C03,120.669751,24.112802,3
1793,66000,387130000C,(04)23274275,(04)23288582,2023,8,5,15,50,臺中市,龍井區,0,0,0,6,,,60,,,,,,,,,,,,,,,84,,,,,B03,,,1,,1,,,84,84,1,6,4,B03,120.573848,24.184834,3
1794,66000,387130000C,(04)23274275,(04)23288582,2023,8,5,15,52,臺中市,西區,0,0,0,5,,,50,,,,,,,,,,,,,,,49,,,,,B03,,,1,,11,,,49,,1,12,4,B03,120.660988,24.15748,3
1795,66000,387130000C,(04)23274275,(04)23288582,2023,8,5,15,58,臺中市,北區,0,0,0,7,,,30,,,,,,,,,,,,,,35,84,,,,,C03,,,1,,11,,,84,,1,13,4,C03,120.681464,24.162441,3
1796,66000,387130000C,(04)23274275,(04)23288582,2023,8,5,16,0,臺中市,北區,0,0,0,5,,,50,,,,,,,,,,,,,,17,51,,,,,B02,,,1,,1,,,51,,1,13,4,B02,120.67206,24.15572,3
1797,66000,387130000C,(04)23274275,(04)23288582,2023,8,5,16,0,臺中市,西屯區,0,0,0,7,,,40,,,,,,,,,,,,,,,51,,,,,B03,,,1,,2,,,51,51,1,13,4,B03,120.646187,24.164875,3
1798,66000,387130000C,(04)23274275,(04)23288582,2023,8,5,16,1,臺中市,北屯區,0,0,0,7,,,50,,,,,,,,,,,,,,23,21,,,,,B03,,,1,,2,,,21,,1,13,4,B03,120.693563,24.185452,3
1799,66000,387130000C,(04)23274275,(04)23288582,2023,8,5,16,8,臺中市,南區,0,0,0,5,2,6,50,3,2,1,4,4,6,6,1,1,10,5,5,2,17,51,3,10,3,1,B03,7,1,1,8,2,8,,51,51,1,6,4,B03,120.679394,24.122376,3
1800,66000,387130000C,(04)23274275,(04)23288582,2023,8,5,16,10,臺中市,沙鹿區,0,0,0,7,,,50,,,,,,,,,,,,,,,50,,,,,B03,,,1,,1,,,50,50,1,6,4,B03,120.566169,24.23481,3
1801,66000,387130000C,(04)23274275,(04)23288582,2023,8,5,16,13,臺中市,南屯區,0,0,0,5,,,50,,,,,,,,,,,,,,14,49,,,,,B03,,,1,,1,,,49,,1,13,4,B03,120.639143,24.135031,3
1802,66000,387130000C,(04)23274275,(04)23288582,2023,8,5,16,14,臺中市,神岡區,0,0,0,7,,,50,,,,,,,,,,,,,,,49,,,,,B02,,,1,,2,,,49,,1,12,4,B02,120.698042,24.252639,3
1803,66000,387130000C,(04)23274275,(04)23288582,2023,8,5,16,16,臺中市,西屯區,0,0,0,5,,,1,,,,,,,,,,,,,,14,84,,,,,C03,,,1,,1,,,84,84,1,6,4,C03,120.65709,24.159314,3
1804,66000,387130000C,(04)23274275,(04)23288582,2023,8,5,16,24,臺中市,外埔區,0,0,0,6,2,6,30,3,1,1,5,4,6,1,4,4,10,5,5,2,14,49,,,,,B03,,,1,,2,,,49,,1,7,4,B03,120.637097,24.342129,4
1805,66000,387130000C,(04)23274275,(04)23288582,2023,8,5,16,25,臺中市,西屯區,0,0,0,7,,,40,,,,,,,,,,,,,,,87,,,,,C03,,,1,,10,,,87,,1,13,4,C03,120.637664,24.163226,3
1806,66000,387130000C,(04)23274275,(04)23288582,2023,8,5,16,25,臺中市,沙鹿區,0,0,0,7,,,60,,,,,,,,,,,,,,,59,,,,,B13,,,1,,1,,,59,,1,6,4,B13,120.5522,24.215276,3
1807,66000,387130000C,(04)23274275,(04)23288582,2023,8,5,16,27,臺中市,豐原區,0,0,0,6,,,50,,,,,,,,,,,,,,,7,,,,,B03,,,1,,2,,,7,,1,13,4,B03,120.747789,24.26693,3
1808,66000,387130000C,(04)23274275,(04)23288582,2023,8,5,16,28,臺中市,豐原區,0,0,0,7,,,30,,,,,,,,,,,,,,,51,,,,,B03,,,1,,2,,,51,,1,12,4,B03,120.73368,24.271166,3
1809,66000,387130000C,(04)23274275,(04)23288582,2023,8,5,16,29,臺中市,東區,0,1,0,5,1,6,50,3,1,1,4,4,6,6,4,4,9,4,5,2,16,47,3,10,3,1,B03,7,5,1,8,2,8,,47,47,1,12,4,B03,120.694335,24.143466,2
1810,66000,387130000C,(04)23274275,(04)23288582,2023,8,5,16,29,臺中市,西屯區,0,0,0,5,,,50,,,,,,,,,,,,,,,59,,,,,B03,,,1,,1,,,59,59,1,13,4,B03,120.643474,24.164767,3
1811,66000,387130000C,(04)23274275,(04)23288582,2023,8,5,16,30,臺中市,大里區,0,0,0,7,,,50,,,,,,,,,,,,,,12,40,,,,,B03,,,1,,2,,,40,,1,6,4,B03,120.676105,24.097669,3
1812,66000,387130000C,(04)23274275,(04)23288582,2023,8,5,16,35,臺中市,潭子區,0,1,0,6,2,6,30,13,9,1,5,4,6,6,4,4,10,5,5,2,16,51,2,9,2,1,C03,7,1,1,10,2,14,,51,51,1,13,4,C03,120.716758,24.191083,2
1813,66000,387130000C,(04)23274275,(04)23288582,2023,8,5,16,43,臺中市,大雅區,0,0,0,7,,,50,,,,,,,,,,,,,,,51,,,,,B03,,,1,,6,,,51,,1,12,4,B03,120.648667,24.224468,3
1814,66000,387130000C,(04)23274275,(04)23288582,2023,8,5,16,45,臺中市,北區,0,3,0,6,2,6,50,4,1,1,4,4,6,6,4,4,5,5,5,2,15,15,2,9,1,1,C03,7,9,1,10,2,12,,15,15,1,12,4,C03,120.695978,24.156712,2
1815,66000,387130000C,(04)23274275,(04)23288582,2023,8,5,16,51,臺中市,西屯區,0,0,0,7,,,60,,,,,,,,,,,,,,,7,,,,,B03,,,1,,1,,,7,7,1,12,4,B03,120.646454,24.164454,3
1816,66000,387130000C,(04)23274275,(04)23288582,2023,8,5,16,52,臺中市,南屯區,0,1,0,6,3,6,50,3,1,1,4,4,6,6,4,4,10,5,5,2,13,7,2,7,5,4,C03,7,9,1,8,2,11,14,7,7,1,12,4,C03,120.65204,24.137108,2
1817,66000,387130000C,(04)23274275,(04)23288582,2023,8,5,16,57,臺中市,北區,0,0,0,6,,,50,,,,,,,,,,,,,,13,59,,,,,B03,,,1,,2,,,59,,1,12,4,B03,120.687757,24.153865,3
1818,66000,387130000C,(04)23274275,(04)23288582,2023,8,5,16,58,臺中市,大雅區,0,0,0,7,,,50,,,,,,,,,,,,,,13,7,,,,,B03,,,1,,2,,,7,,1,13,4,B03,120.632333,24.212313,3
1819,66000,387130000C,(04)23274275,(04)23288582,2023,8,5,17,1,臺中市,龍井區,0,0,0,6,,,50,,,,,,,,,,,,,,,119,,,,,,,,,,,,,119,119,1,,,,120.58921,24.180431,3
1820,66000,387130000C,(04)23274275,(04)23288582,2023,8,5,17,4,臺中市,太平區,0,1,0,7,1,6,30,3,1,1,5,4,6,6,4,4,5,5,5,2,18,84,2,9,1,1,C03,7,6,1,10,2,14,,84,84,1,12,4,C03,120.702365,24.111216,2
1821,66000,387130000C,(04)23274275,(04)23288582,2023,8,5,17,5,臺中市,清水區,0,1,0,6,3,6,50,3,2,1,5,4,6,6,4,4,5,5,4,2,17,48,3,10,3,1,B01,7,6,1,4,2,8,,48,48,1,12,4,B01,120.571855,24.26266,2
1822,66000,387130000C,(04)23274275,(04)23288582,2023,8,5,17,6,臺中市,霧峰區,0,0,0,7,,,30,,,,,,,,,,,,,,,8,,,,,B03,,,1,,9,,,8,,1,12,4,B03,120.659675,24.072063,3
1823,66000,387130000C,(04)23274275,(04)23288582,2023,8,5,17,7,臺中市,北屯區,0,2,0,7,1,6,50,13,9,1,5,4,6,6,4,4,10,5,5,2,17,4,3,10,5,4,B03,7,9,1,6,2,8,,4,4,1,6,4,B03,120.683834,24.19682,2
1824,66000,387130000C,(04)23274275,(04)23288582,2023,8,5,17,9,臺中市,南區,0,2,0,6,2,6,50,4,2,2,5,4,6,6,1,1,5,5,4,2,17,39,2,8,1,1,C03,7,11,1,10,2,12,,39,39,1,13,4,C03,120.666731,24.114148,2
1825,66000,387130000C,(04)23274275,(04)23288582,2023,8,5,17,11,臺中市,北屯區,0,0,0,7,,,50,,,,,,,,,,,,,,,59,,,,,B03,,,1,,1,,,59,59,1,13,4,B03,120.697652,24.169808,3
1826,66000,387130000C,(04)23274275,(04)23288582,2023,8,5,17,12,臺中市,西區,0,1,0,6,3,6,50,4,1,1,4,4,6,6,4,4,10,5,5,2,13,7,2,8,1,1,C03,7,9,1,10,2,12,,7,7,1,12,4,C03,120.660775,24.14661,2
1827,66000,387130000C,(04)23274275,(04)23288582,2023,8,5,17,13,臺中市,東區,0,0,0,6,,,50,,,,,,,,,,,,,,,20,,,,,B03,,,1,,2,,,20,,1,12,4,B03,120.709032,24.143066,3
1828,66000,387130000C,(04)23274275,(04)23288582,2023,8,5,17,14,臺中市,南屯區,0,2,0,6,2,6,50,13,9,1,5,4,6,6,4,4,5,5,5,2,16,34,3,10,2,1,C03,7,11,1,10,2,11,,34,34,1,6,2,C03,120.652224,24.144077,2
1829,66000,387130000C,(04)23274275,(04)23288582,2023,8,5,17,15,臺中市,西區,0,1,0,6,2,6,50,4,1,1,4,4,6,6,1,1,10,5,5,2,16,20,3,10,5,4,B03,7,5,1,8,2,5,,20,20,1,13,4,B03,120.667305,24.140607,2
1830,66000,387130000C,(04)23274275,(04)23288582,2023,8,5,17,16,臺中市,大甲區,0,1,0,6,2,6,30,13,9,1,5,4,6,6,4,4,10,5,5,2,18,58,2,9,4,1,F03,7,9,7,21,2,12,,58,58,1,6,4,F03,120.647004,24.399921,2
1831,66000,387130000C,(04)23274275,(04)23288582,2023,8,5,17,18,臺中市,南區,0,2,0,6,2,6,50,13,9,1,5,4,6,6,4,4,5,4,5,2,17,51,3,10,3,1,B12,7,1,1,1,2,8,,51,51,1,6,4,B12,120.684545,24.128771,2
1832,66000,387130000C,(04)23274275,(04)23288582,2023,8,5,17,20,臺中市,太平區,0,0,0,7,,,50,,,,,,,,,,,,,,,8,,,,,B03,,,1,,2,,,8,,1,13,4,B03,120.701184,24.148005,3
1833,66000,387130000C,(04)23274275,(04)23288582,2023,8,5,17,24,臺中市,北區,0,0,0,7,,,50,,,,,,,,,,,,,,12,39,,,,,B03,,,1,,2,,,39,,1,13,4,B03,120.685119,24.165279,3
1834,66000,387130000C,(04)23274275,(04)23288582,2023,8,5,17,25,臺中市,北屯區,0,1,0,6,2,6,50,4,1,1,5,4,6,6,2,1,10,5,5,2,15,84,2,9,1,1,C03,7,9,5,19,2,11,,84,84,1,12,4,C03,120.661819,24.189421,2
1835,66000,387130000C,(04)23274275,(04)23288582,2023,8,5,17,25,臺中市,清水區,0,0,0,7,,,30,,,,,,,,,,,,,,,8,,,,,B03,,,1,,1,,,8,,1,12,4,B03,120.573884,24.282805,3
1836,66000,387130000C,(04)23274275,(04)23288582,2023,8,5,17,26,臺中市,北區,0,0,0,7,,,50,,,,,,,,,,,,,,12,84,,,,,B03,,,1,,1,,,84,,1,12,4,B03,120.684345,24.147671,3
1837,66000,387130000C,(04)23274275,(04)23288582,2023,8,5,17,27,臺中市,北區,0,0,0,7,,,50,,,,,,,,,,,,,,13,7,,,,,B02,,,1,,2,,,7,,1,13,4,B02,120.694446,24.158399,3