序號,縣市別代碼,機關代碼,市話,傳真,年,月,日,時,分,縣市,區,死亡數量,受傷數量,2-30,天候,光線,道路類別,速限,道路型態,事故位置,路面鋪裝,路面狀態,路面缺陷,障礙物,視距,號誌種類,號誌動作,分向設施,快車道或一般車道間,快慢車道間,路面邊線,事故類型及型態,主要肇因,受傷程度,主要傷處,保護裝備,行動電話,當事者區分(類別),車輛用途,當事者行動狀態,駕駛資格情形,駕駛執照種類,飲酒情形,車輛撞擊部位最初,車輛撞擊部位其他,肇事因素個別,肇事因素主要,肇事逃逸,職業,旅次目的,車種,GPS座標X,GPS座標Y,事故類別
1838,66000,387130000C,(04)23274275,(04)23288582,2023,8,5,17,27,臺中市,南區,0,1,0,5,1,6,50,3,1,1,4,4,6,6,1,1,9,4,5,2,18,59,2,9,1,1,C03,7,5,1,10,2,12,,59,59,1,12,4,C03,120.660486,24.113207,2
1839,66000,387130000C,(04)23274275,(04)23288582,2023,8,5,17,29,臺中市,東區,0,1,0,6,2,6,50,5,1,1,5,4,6,6,1,1,10,5,5,2,16,11,3,10,3,1,B03,7,6,1,8,2,1,,11,11,1,12,4,B03,120.692482,24.147894,2
1840,66000,387130000C,(04)23274275,(04)23288582,2023,8,5,17,30,臺中市,神岡區,0,1,0,7,2,6,30,5,1,1,5,4,6,6,1,1,10,5,5,2,16,1,2,9,2,1,C03,7,4,1,10,2,11,,1,1,1,13,4,C03,120.689391,24.257879,2
1841,66000,387130000C,(04)23274275,(04)23288582,2023,8,5,17,32,臺中市,太平區,0,3,0,6,2,6,50,13,9,1,5,4,6,6,4,4,5,5,5,1,16,45,3,10,3,1,B03,7,11,1,8,2,8,,45,45,1,6,4,B03,120.733261,24.152114,2
1842,66000,387130000C,(04)23274275,(04)23288582,2023,8,5,17,37,臺中市,北區,0,0,0,7,,,50,,,,,,,,,,,,,,13,59,,,,,B03,,,1,,1,,,59,,1,12,4,B03,120.676344,24.150452,3
1843,66000,387130000C,(04)23274275,(04)23288582,2023,8,5,17,38,臺中市,大里區,0,2,0,7,2,6,50,13,9,1,5,4,6,6,4,4,9,5,5,1,11,59,3,10,5,4,B03,7,4,1,8,2,8,,1,59,1,13,4,B03,120.715031,24.093742,2
1844,66000,387130000C,(04)23274275,(04)23288582,2023,8,5,17,40,臺中市,沙鹿區,0,0,0,7,,,50,,,,,,,,,,,,,,17,50,,,,,B03,,,1,,2,,,50,,1,12,4,B03,120.562299,24.233267,3
1845,66000,387130000C,(04)23274275,(04)23288582,2023,8,5,17,42,臺中市,東區,0,1,0,6,2,6,40,13,8,1,5,4,6,6,4,4,5,5,2,2,17,53,2,9,1,1,C03,7,6,1,10,7,11,,53,53,1,13,4,C03,120.69971,24.137166,2
1846,66000,387130000C,(04)23274275,(04)23288582,2023,8,5,17,42,臺中市,北屯區,0,1,0,7,3,6,50,4,1,1,5,4,6,6,2,1,10,5,5,2,16,39,2,9,2,1,C03,7,5,1,10,2,11,,39,39,1,12,4,C03,120.685498,24.172177,2
1847,66000,387130000C,(04)23274275,(04)23288582,2023,8,5,17,47,臺中市,西區,0,0,0,7,,,50,,,,,,,,,,,,,,,49,,,,,B03,,,1,,1,,,49,,1,12,4,B03,120.663736,24.138375,3
1848,66000,387130000C,(04)23274275,(04)23288582,2023,8,5,17,50,臺中市,龍井區,0,1,0,6,2,6,50,13,9,1,5,4,6,6,4,4,5,4,4,2,14,49,3,10,3,1,B03,7,2,1,8,2,7,,49,49,1,6,4,B03,120.587681,24.181249,2
1849,66000,387130000C,(04)23274275,(04)23288582,2023,8,5,17,53,臺中市,中區,0,0,0,7,,,30,,,,,,,,,,,,,,,51,,,,,B03,,,1,,1,,,51,,1,12,4,B03,120.681282,24.146403,3
1850,66000,387130000C,(04)23274275,(04)23288582,2023,8,5,17,56,臺中市,東區,0,1,0,6,2,6,50,3,2,1,5,4,6,6,4,4,5,4,4,2,17,40,3,10,3,1,B03,7,15,1,8,2,5,,40,40,1,12,4,B03,120.707023,24.136072,2
1851,66000,387130000C,(04)23274275,(04)23288582,2023,8,5,17,57,臺中市,西區,0,0,0,7,,,50,,,,,,,,,,,,,,,42,,,,,B03,,,1,,1,,,42,,1,12,4,B03,120.661364,24.146813,3
1852,66000,387130000C,(04)23274275,(04)23288582,2023,8,5,18,3,臺中市,北區,0,0,0,7,,,50,,,,,,,,,,,,,,13,84,,,,,B03,,,1,,1,,,84,,1,13,4,B03,120.692123,24.160119,3
1853,66000,387130000C,(04)23274275,(04)23288582,2023,8,5,18,7,臺中市,西屯區,0,1,0,7,2,6,50,13,9,1,5,4,6,6,4,4,5,4,5,2,17,59,2,9,5,4,C03,7,9,1,9,2,14,,59,59,1,13,4,C03,120.637291,24.176654,2
1854,66000,387130000C,(04)23274275,(04)23288582,2023,8,5,18,7,臺中市,豐原區,0,2,0,7,2,6,50,4,1,1,5,4,6,6,1,1,10,5,5,2,16,11,2,9,5,4,C03,7,6,1,10,2,11,,11,11,1,12,4,C03,120.725262,24.254928,2
1855,66000,387130000C,(04)23274275,(04)23288582,2023,8,5,18,14,臺中市,南屯區,0,0,0,6,,,50,,,,,,,,,,,,,,13,7,,,,,B03,,,1,,1,,,7,,1,13,4,B03,120.64999,24.134354,3
1856,66000,387130000C,(04)23274275,(04)23288582,2023,8,5,18,15,臺中市,西屯區,0,0,0,7,,,50,,,,,,,,,,,,,,,84,,,,,B03,,,1,,1,,,84,,1,13,4,B03,120.619328,24.185884,3
1857,66000,387130000C,(04)23274275,(04)23288582,2023,8,5,18,18,臺中市,烏日區,0,1,0,6,1,6,50,4,1,1,5,4,6,6,4,4,9,5,5,2,15,20,3,10,3,1,B03,7,9,1,8,2,6,,20,20,1,12,4,B03,120.624485,24.103682,2
1858,66000,387130000C,(04)23274275,(04)23288582,2023,8,5,18,23,臺中市,北區,0,1,0,6,2,6,50,3,1,1,4,4,6,6,4,4,1,4,5,2,17,85,2,9,2,1,C03,7,9,1,10,2,14,,85,85,1,12,4,C03,120.67038,24.173534,2
1859,66000,387130000C,(04)23274275,(04)23288582,2023,8,5,18,28,臺中市,西屯區,0,0,0,7,,,50,,,,,,,,,,,,,,13,84,,,,,B02,,,1,,2,,,84,,1,12,4,B02,120.646634,24.157102,3
1860,66000,387130000C,(04)23274275,(04)23288582,2023,8,5,18,30,臺中市,西屯區,0,1,0,7,2,6,40,13,8,1,4,4,6,6,4,4,1,4,1,2,18,84,2,9,5,4,C03,7,9,1,10,2,14,,84,84,1,13,4,C03,120.6446,24.1658,2
1861,66000,387130000C,(04)23274275,(04)23288582,2023,8,5,18,36,臺中市,南屯區,0,0,0,5,,,50,,,,,,,,,,,,,,,45,,,,,B03,,,7,,10,,,87,45,1,12,4,B03,120.635227,24.153606,3
1862,66000,387130000C,(04)23274275,(04)23288582,2023,8,5,18,39,臺中市,大雅區,0,0,0,7,,,30,,,,,,,,,,,,,,,59,,,,,B02,,,1,,2,,,59,,1,12,4,B02,120.656213,24.223166,3
1863,66000,387130000C,(04)23274275,(04)23288582,2023,8,5,18,45,臺中市,烏日區,0,1,0,7,1,6,50,4,1,1,5,4,6,6,1,1,10,5,5,1,16,11,3,10,3,1,B03,7,5,1,8,2,2,,11,11,1,12,4,B03,120.657202,24.057618,2
1864,66000,387130000C,(04)23274275,(04)23288582,2023,8,5,18,46,臺中市,西屯區,0,1,0,6,1,6,50,3,1,1,4,4,6,6,4,4,1,4,5,2,17,14,3,10,3,4,B02,7,5,5,19,2,2,,14,14,1,13,4,B02,120.647024,24.158427,2
1865,66000,387130000C,(04)23274275,(04)23288582,2023,8,5,18,50,臺中市,沙鹿區,0,0,0,7,,,50,,,,,,,,,,,,,,,84,,,,,B12,,,1,,2,,,84,,1,6,4,B12,120.559751,24.240199,3
1866,66000,387130000C,(04)23274275,(04)23288582,2023,8,5,18,56,臺中市,南屯區,0,0,0,7,,,50,,,,,,,,,,,,,,16,47,,,,,B03,,,1,,1,,,47,47,1,6,4,B03,120.62512,24.149,3
1867,66000,387130000C,(04)23274275,(04)23288582,2023,8,5,18,58,臺中市,北屯區,0,0,0,7,,,30,,,,,,,,,,,,,,11,8,,,,,B11,,,1,4,2,,,8,8,1,12,4,B11,120.698141,24.176041,3
1868,66000,387130000C,(04)23274275,(04)23288582,2023,8,5,19,7,臺中市,中區,0,0,0,7,,,40,,,,,,,,,,,,,,,50,,,,,B03,,,1,,1,,,50,,1,12,4,B03,120.677035,24.145068,3
1869,66000,387130000C,(04)23274275,(04)23288582,2023,8,5,19,7,臺中市,神岡區,0,0,0,7,1,6,30,13,9,1,5,4,6,6,4,4,10,5,5,2,14,53,3,10,3,1,B03,7,2,1,8,7,6,,53,53,1,6,4,B03,120.689894,24.247893,3
1870,66000,387130000C,(04)23274275,(04)23288582,2023,8,5,19,10,臺中市,北區,0,1,0,7,1,6,50,13,9,1,5,4,6,6,4,4,5,4,5,2,18,59,2,7,2,1,C03,7,9,1,10,2,12,,59,59,1,13,4,C03,120.681288,24.149082,2
1871,66000,387130000C,(04)23274275,(04)23288582,2023,8,5,19,13,臺中市,北屯區,0,0,0,7,,,50,,,,,,,,,,,,,,,14,,,,,B03,,,1,,2,,,14,14,1,13,4,B03,120.680769,24.175714,4
1872,66000,387130000C,(04)23274275,(04)23288582,2023,8,5,19,13,臺中市,霧峰區,0,2,0,7,1,6,50,4,1,1,5,4,6,6,3,1,10,5,5,2,14,49,3,10,5,4,B03,7,2,1,8,2,3,,49,49,1,6,4,B03,120.696962,24.063499,2
1873,66000,387130000C,(04)23274275,(04)23288582,2023,8,5,19,20,臺中市,西屯區,0,0,0,5,,,50,,,,,,,,,,,,,,,84,,,,,C03,,,1,,2,,,84,,2,13,4,C03,120.638835,24.15944,3
1874,66000,387130000C,(04)23274275,(04)23288582,2023,8,5,19,37,臺中市,霧峰區,0,0,0,7,,,30,,,,,,,,,,,,,,,87,,,,,,,,,,,,,87,,1,,,,120.659675,24.072063,3
1875,66000,387130000C,(04)23274275,(04)23288582,2023,8,5,19,44,臺中市,南區,0,2,0,6,1,6,50,13,7,1,5,4,6,6,4,4,5,4,4,2,17,40,3,10,3,1,B03,7,7,1,8,2,5,,40,40,1,6,4,B03,120.679036,24.132591,2
1876,66000,387130000C,(04)23274275,(04)23288582,2023,8,5,19,52,臺中市,烏日區,0,0,0,7,,,50,,,,,,,,,,,,,,16,11,,,,,B03,,,6,,2,,,11,,1,12,4,B03,120.62734,24.10404,3
1877,66000,387130000C,(04)23274275,(04)23288582,2023,8,5,19,53,臺中市,北屯區,0,0,0,7,,,50,,,,,,,,,,,,,,13,84,,,,,B03,,,1,,1,,,84,84,1,12,4,B03,120.661025,24.189102,3
1878,66000,387130000C,(04)23274275,(04)23288582,2023,8,5,20,0,臺中市,北區,0,3,0,6,1,6,50,4,1,1,5,4,6,6,4,4,5,5,5,2,15,15,3,10,3,1,B03,7,9,1,8,2,5,,15,15,1,12,4,B03,120.680996,24.153491,2
1879,66000,387130000C,(04)23274275,(04)23288582,2023,8,5,20,0,臺中市,大甲區,0,0,0,7,,,50,,,,,,,,,,,,,,,7,,,,,B03,,,1,,2,,,7,,1,6,4,B03,120.630627,24.35207,3
1880,66000,387130000C,(04)23274275,(04)23288582,2023,8,5,20,2,臺中市,外埔區,0,1,0,7,1,6,50,13,9,1,5,4,6,6,4,4,5,4,5,1,13,59,2,9,2,1,C03,7,9,3,19,2,11,,59,59,1,12,4,C03,120.670306,24.318456,2
1881,66000,387130000C,(04)23274275,(04)23288582,2023,8,5,20,5,臺中市,太平區,0,0,0,7,,,50,,,,,,,,,,,,,,11,8,,,,,B03,,,1,,9,,,8,,1,12,4,B03,120.713139,24.141108,3
1882,66000,387130000C,(04)23274275,(04)23288582,2023,8,5,20,8,臺中市,潭子區,0,0,0,7,,,50,,,,,,,,,,,,,,,49,,,,,B03,,,1,,2,,,49,,1,13,4,B03,120.691146,24.225053,3
1883,66000,387130000C,(04)23274275,(04)23288582,2023,8,5,20,11,臺中市,北屯區,0,0,0,7,,,50,,,,,,,,,,,,,,17,58,,,,,B01,,,1,,2,,,58,58,1,12,4,B01,120.690501,24.17209,3
1884,66000,387130000C,(04)23274275,(04)23288582,2023,8,5,20,15,臺中市,西區,0,0,0,7,,,50,,,,,,,,,,,,,,,15,,,,,B02,,,,,,,,15,15,1,,,B02,120.660184,24.155275,3
1885,66000,387130000C,(04)23274275,(04)23288582,2023,8,5,20,20,臺中市,沙鹿區,0,0,0,7,,,50,,,,,,,,,,,,,,14,50,,,,,B03,,,1,,2,,,50,,1,10,4,B03,120.562228,24.252106,3
1886,66000,387130000C,(04)23274275,(04)23288582,2023,8,5,20,30,臺中市,南屯區,0,0,0,6,1,6,40,13,8,1,5,4,6,6,4,4,5,5,4,2,13,78,,,,,B12,,,3,,1,,,78,,1,12,4,B12,120.626356,24.114529,3
1887,66000,387130000C,(04)23274275,(04)23288582,2023,8,5,20,39,臺中市,西屯區,0,0,0,7,,,50,,,,,,,,,,,,,,,41,,,,,B03,,,1,,1,,,41,,1,13,4,B03,120.645201,24.181024,3
1888,66000,387130000C,(04)23274275,(04)23288582,2023,8,5,20,40,臺中市,太平區,0,2,0,7,1,6,50,4,7,1,5,4,6,6,1,1,5,5,4,1,16,4,2,9,2,1,C03,7,6,3,19,2,11,,4,4,1,13,4,C03,120.718348,24.153782,2
1889,66000,387130000C,(04)23274275,(04)23288582,2023,8,5,20,43,臺中市,豐原區,0,0,0,7,,,50,,,,,,,,,,,,,,12,35,,,,,B03,,,1,,2,,,35,,1,13,4,B03,120.703123,24.249458,3
1890,66000,387130000C,(04)23274275,(04)23288582,2023,8,5,20,52,臺中市,南屯區,0,0,0,7,,,50,,,,,,,,,,,,,,,50,,,,,C03,,,5,,1,,,50,,2,12,4,C03,120.610325,24.135496,3
1891,66000,387130000C,(04)23274275,(04)23288582,2023,8,5,20,53,臺中市,太平區,0,2,0,7,1,6,50,13,9,1,5,4,6,6,4,4,5,4,5,2,3,95,2,9,6,5,H01,8,16,7,21,10,17,,95,95,1,12,5,H01,120.701101,24.150402,2
1892,66000,387130000C,(04)23274275,(04)23288582,2023,8,5,21,13,臺中市,西屯區,0,0,0,7,,,40,,,,,,,,,,,,,,,84,,,,,B03,,,5,,2,,,84,,1,13,4,B03,120.637978,24.180534,3
1893,66000,387130000C,(04)23274275,(04)23288582,2023,8,5,21,14,臺中市,北屯區,0,2,0,7,1,6,50,13,7,1,5,4,6,6,4,4,5,5,4,2,16,1,2,9,5,4,C03,7,9,1,10,2,11,,1,1,1,12,4,C03,120.684108,24.193616,2
1894,66000,387130000C,(04)23274275,(04)23288582,2023,8,5,21,19,臺中市,南屯區,0,0,0,7,,,40,,,,,,,,,,,,,,16,47,,,,,B03,,,1,,2,,,47,,1,13,4,B03,120.623138,24.149883,4
1895,66000,387130000C,(04)23274275,(04)23288582,2023,8,5,21,19,臺中市,南屯區,0,0,0,7,,,30,,,,,,,,,,,,,,,14,,,,,B03,,,1,,1,,,14,,1,12,4,B03,120.615852,24.151249,3
1896,66000,387130000C,(04)23274275,(04)23288582,2023,8,5,21,25,臺中市,潭子區,0,0,0,7,,,50,,,,,,,,,,,,,,,11,,,,,C03,,,1,,2,,,75,87,1,13,4,C03,120.720761,24.228876,3
1897,66000,387130000C,(04)23274275,(04)23288582,2023,8,5,21,26,臺中市,大里區,0,1,0,7,1,6,50,4,2,1,5,4,6,6,2,1,5,4,4,1,16,45,3,10,5,4,B03,7,11,1,8,2,7,,45,45,1,13,4,B03,120.683817,24.110261,2
1898,66000,387130000C,(04)23274275,(04)23288582,2023,8,5,21,27,臺中市,北屯區,0,2,0,7,1,6,50,4,2,1,5,4,6,6,4,4,10,5,5,2,16,12,2,8,1,1,C03,7,9,1,10,2,11,,12,12,1,13,4,C03,120.67066,24.177321,2
1899,66000,387130000C,(04)23274275,(04)23288582,2023,8,5,21,28,臺中市,西屯區,0,1,0,6,2,6,50,4,1,1,4,4,6,6,2,1,10,5,5,2,17,11,3,10,5,4,B03,7,6,1,8,2,16,,11,11,1,10,4,B03,120.652407,24.159681,2
1900,66000,387130000C,(04)23274275,(04)23288582,2023,8,5,21,37,臺中市,東區,0,0,0,7,,,50,,,,,,,,,,,,,,14,87,,,,,C03,,,1,,2,,,87,,1,5,4,C03,120.68684,24.14108,3
1901,66000,387130000C,(04)23274275,(04)23288582,2023,8,5,21,40,臺中市,烏日區,0,0,0,6,,,30,,,,,,,,,,,,,,,50,,,,,B03,,,1,,2,,,50,,1,12,4,B03,120.625709,24.107198,3
1902,66000,387130000C,(04)23274275,(04)23288582,2023,8,5,21,42,臺中市,北屯區,0,1,0,7,1,6,50,4,1,1,5,4,6,6,1,1,10,5,5,2,15,21,3,10,3,1,B03,7,9,1,8,2,4,,21,21,1,12,4,B03,120.697531,24.160807,2
1903,66000,387130000C,(04)23274275,(04)23288582,2023,8,5,21,43,臺中市,西區,0,0,0,7,,,50,,,,,,,,,,,,,,,8,,,,,B03,,,1,,1,,,8,,1,6,5,B03,120.663263,24.163328,3
1904,66000,387130000C,(04)23274275,(04)23288582,2023,8,5,21,47,臺中市,中區,0,1,0,5,2,6,50,4,1,1,4,4,6,6,1,1,10,5,5,2,2,84,3,10,3,1,B01,7,6,1,4,2,8,,84,84,1,13,4,B01,120.678351,24.146754,2
1905,66000,387130000C,(04)23274275,(04)23288582,2023,8,5,21,50,臺中市,大雅區,0,1,0,7,1,6,30,5,2,1,5,4,6,6,4,4,10,5,5,2,28,6,2,9,1,1,C03,7,9,3,19,2,14,,6,6,1,13,4,C03,120.626458,24.240543,2
1906,66000,387130000C,(04)23274275,(04)23288582,2023,8,5,21,58,臺中市,西屯區,0,0,0,7,,,50,,,,,,,,,,,,,,9,85,,,,,B03,,,1,,1,,,85,,1,6,4,B03,120.636536,24.170681,3
1907,66000,387130000C,(04)23274275,(04)23288582,2023,8,5,22,2,臺中市,中區,0,1,0,7,2,6,50,4,1,1,5,4,6,6,1,1,10,5,5,2,15,21,3,10,5,4,B03,7,9,1,8,2,1,10,21,21,1,13,4,B03,120.682211,24.140111,2
1908,66000,387130000C,(04)23274275,(04)23288582,2023,8,5,22,8,臺中市,西屯區,0,0,0,7,,,30,,,,,,,,,,,,,,,87,,,,,B03,,,1,,1,,,87,,1,13,4,B03,120.62497,24.192897,3
1909,66000,387130000C,(04)23274275,(04)23288582,2023,8,5,22,15,臺中市,中區,0,1,0,7,1,6,50,13,7,1,5,4,6,6,4,4,5,5,4,2,17,84,3,10,5,1,B03,7,1,1,8,2,8,,84,84,1,6,4,B03,120.677811,24.146145,2
1910,66000,387130000C,(04)23274275,(04)23288582,2023,8,5,22,15,臺中市,西屯區,0,0,0,7,,,50,,,,,,,,,,,,,,,84,,,,,B03,,,1,,1,,,84,,1,13,4,B03,120.655533,24.199172,3
1911,66000,387130000C,(04)23274275,(04)23288582,2023,8,5,22,15,臺中市,太平區,0,0,0,7,,,40,,,,,,,,,,,,,,,59,,,,,C03,,,1,,2,,,59,,1,13,4,C03,120.715865,24.13484,3
1912,66000,387130000C,(04)23274275,(04)23288582,2023,8,5,22,18,臺中市,北區,0,1,0,6,1,6,50,4,1,1,5,4,6,6,1,1,10,5,5,2,16,11,3,10,3,1,B03,7,5,1,8,2,5,,11,11,1,13,4,B03,120.682416,24.145861,2
1913,66000,387130000C,(04)23274275,(04)23288582,2023,8,5,22,20,臺中市,西屯區,0,0,0,7,,,50,,,,,,,,,,,,,,,8,,,,,C03,,,1,,2,,,8,,1,12,4,C03,120.656544,24.165186,3
1914,66000,387130000C,(04)23274275,(04)23288582,2023,8,5,22,20,臺中市,梧棲區,0,1,0,7,1,6,50,13,14,1,5,4,6,6,4,4,1,4,5,1,17,53,2,9,1,1,C03,7,9,1,8,5,11,,53,53,1,6,4,C03,120.532685,24.262647,2
1915,66000,387130000C,(04)23274275,(04)23288582,2023,8,5,22,23,臺中市,北屯區,0,2,0,7,1,6,50,3,1,1,5,4,6,6,4,4,10,5,5,2,16,42,2,9,1,1,C03,7,6,1,10,2,14,,42,42,1,13,4,C03,120.68347,24.17295,2
1916,66000,387130000C,(04)23274275,(04)23288582,2023,8,5,22,23,臺中市,北屯區,0,1,0,7,1,6,50,3,2,1,5,4,6,6,4,4,5,4,5,2,13,59,3,10,5,4,C03,7,9,1,10,2,12,,59,59,1,12,4,C03,120.711826,24.172398,2
1917,66000,387130000C,(04)23274275,(04)23288582,2023,8,5,22,28,臺中市,西屯區,0,0,0,7,,,50,,,,,,,,,,,,,,,84,,,,,B03,,,1,,1,,,84,,1,13,4,B03,120.644189,24.171586,3
1918,66000,387130000C,(04)23274275,(04)23288582,2023,8,5,22,31,臺中市,北屯區,0,1,0,7,1,6,50,5,2,1,5,4,6,6,1,1,5,4,4,2,16,23,3,10,1,1,C03,7,6,1,10,2,11,,23,23,1,13,4,C03,120.691247,24.166838,2
1919,66000,387130000C,(04)23274275,(04)23288582,2023,8,5,22,34,臺中市,南屯區,0,0,0,7,1,6,50,13,9,1,5,4,6,6,4,4,5,4,5,2,11,53,3,10,2,1,C03,7,9,1,10,7,14,,53,53,1,13,4,C03,120.633088,24.137144,3
1920,66000,387130000C,(04)23274275,(04)23288582,2023,8,5,22,35,臺中市,西區,0,2,0,7,2,6,50,4,1,1,5,4,6,6,2,1,10,5,5,2,16,20,3,10,3,1,B03,7,6,1,8,2,8,,20,20,1,13,4,B03,120.661736,24.132204,2
1921,66000,387130000C,(04)23274275,(04)23288582,2023,8,5,22,35,臺中市,太平區,0,2,0,7,1,6,50,3,2,1,5,4,6,6,2,1,5,5,4,1,16,39,3,10,3,1,B03,7,11,1,8,2,8,,39,39,1,12,4,B03,120.709448,24.15915,2
1922,66000,387130000C,(04)23274275,(04)23288582,2023,8,5,22,45,臺中市,清水區,0,0,0,7,,,50,,,,,,,,,,,,,,15,20,,,,,B12,,,1,,2,,,20,,1,12,4,B12,120.578068,24.271805,3
1923,66000,387130000C,(04)23274275,(04)23288582,2023,8,5,22,47,臺中市,烏日區,0,1,0,6,1,6,50,3,1,1,5,4,6,6,2,1,1,4,4,2,16,84,2,9,2,1,C03,7,9,1,10,2,12,14,84,84,1,12,4,C03,120.618687,24.11606,2
1924,66000,387130000C,(04)23274275,(04)23288582,2023,8,5,22,59,臺中市,西屯區,0,0,0,7,,,60,,,,,,,,,,,,,,12,40,,,,,B03,,,1,,1,,,40,,1,6,4,B03,120.655884,24.158938,3
1925,66000,387130000C,(04)23274275,(04)23288582,2023,8,5,23,0,臺中市,西屯區,0,0,0,7,,,50,,,,,,,,,,,,,,13,59,,,,,B03,,,1,,1,,,59,,1,12,4,B03,120.610107,24.191393,3
1926,66000,387130000C,(04)23274275,(04)23288582,2023,8,5,23,5,臺中市,大肚區,0,1,0,7,1,6,50,3,1,1,5,4,6,6,4,4,1,4,5,2,16,14,3,10,3,1,B03,7,5,1,8,2,5,,14,14,1,6,4,B03,120.577083,24.118678,2
1927,66000,387130000C,(04)23274275,(04)23288582,2023,8,5,23,5,臺中市,沙鹿區,0,0,0,7,,,50,,,,,,,,,,,,,,,77,,,,,B01,,,1,,9,,,77,,1,12,4,B01,120.571295,24.222668,3
1928,66000,387130000C,(04)23274275,(04)23288582,2023,8,5,23,11,臺中市,清水區,0,1,0,7,1,6,40,13,8,1,5,4,6,6,3,1,1,4,1,1,26,5,2,9,1,1,C03,7,9,1,10,2,11,,5,5,1,12,4,C03,120.581002,24.301469,2
1929,66000,387130000C,(04)23274275,(04)23288582,2023,8,5,23,16,臺中市,南屯區,0,1,0,6,1,6,50,4,1,1,5,4,6,6,1,1,10,5,5,2,12,51,3,10,3,1,B03,7,1,1,8,2,8,,51,51,1,12,4,B03,120.641453,24.138386,2
1930,66000,387130000C,(04)23274275,(04)23288582,2023,8,5,23,25,臺中市,和平區,0,1,0,6,1,6,50,13,9,1,5,4,5,6,4,4,4,3,5,1,19,53,2,4,1,1,C03,7,1,2,19,6,14,14,53,53,1,3,4,C03,120.933791,24.338455,2
1931,66000,387130000C,(04)23274275,(04)23288582,2023,8,5,23,31,臺中市,北區,0,1,0,7,1,6,40,13,8,1,5,4,6,6,4,4,5,4,4,2,14,49,3,10,3,1,B03,7,2,1,8,2,4,,49,49,1,12,4,B03,120.673537,24.143501,2
1932,66000,387130000C,(04)23274275,(04)23288582,2023,8,5,23,34,臺中市,西屯區,0,1,0,7,1,6,50,4,1,1,5,4,6,6,4,4,5,4,4,2,15,15,2,9,2,1,C03,7,9,1,10,2,12,,15,15,1,13,4,C03,120.667019,24.177368,2
1933,66000,387130000C,(04)23274275,(04)23288582,2023,8,5,23,46,臺中市,大雅區,0,1,0,7,1,6,50,13,9,1,5,4,6,6,4,4,5,4,5,1,17,84,2,9,1,1,C03,7,9,1,10,2,11,,84,84,1,13,4,C03,120.654894,24.229642,2
1934,66000,387130000C,(04)23274275,(04)23288582,2023,8,6,0,0,臺中市,北屯區,0,0,0,7,,,50,,,,,,,,,,,,,,17,85,,,,,,,,,,,,,85,,1,,,,120.690385,24.173468,4
1935,66000,387130000C,(04)23274275,(04)23288582,2023,8,6,0,5,臺中市,大里區,0,1,0,7,1,6,50,3,2,1,5,4,1,6,4,4,5,5,4,1,9,58,2,9,1,1,C03,7,9,1,10,2,12,,58,58,1,12,4,C03,120.697769,24.108631,2
1936,66000,387130000C,(04)23274275,(04)23288582,2023,8,6,0,29,臺中市,太平區,0,2,0,7,1,6,50,13,9,1,5,4,6,6,4,4,5,5,5,2,11,4,2,1,3,1,B03,7,9,1,4,9,8,,4,4,2,13,4,B03,120.702483,24.153557,2
1937,66000,387130000C,(04)23274275,(04)23288582,2023,8,6,0,40,臺中市,大甲區,0,1,0,7,1,6,50,4,1,1,5,4,6,6,3,1,10,5,5,2,15,24,2,9,2,1,C03,7,9,1,10,2,11,,24,24,1,6,4,C03,120.61823,24.348904,2
1938,66000,387130000C,(04)23274275,(04)23288582,2023,8,6,0,42,臺中市,北屯區,0,2,0,7,1,6,50,4,1,1,4,4,6,6,2,1,3,3,5,2,13,84,2,9,1,1,C03,7,9,1,10,2,11,,84,84,1,13,4,C03,120.685161,24.168387,2
1939,66000,387130000C,(04)23274275,(04)23288582,2023,8,6,0,45,臺中市,西屯區,0,1,0,7,1,6,50,3,1,1,5,4,6,6,4,4,5,4,5,2,16,51,3,10,3,1,B03,7,1,1,8,2,4,,51,51,1,13,4,B03,120.649285,24.175344,2
1940,66000,387130000C,(04)23274275,(04)23288582,2023,8,6,0,45,臺中市,大肚區,0,0,0,6,,,30,,,,,,,,,,,,,,11,8,,,,,B03,,,1,,2,,,8,,1,13,4,B03,120.57887,24.173456,3
1941,66000,387130000C,(04)23274275,(04)23288582,2023,8,6,2,7,臺中市,西區,0,0,0,7,,,40,,,,,,,,,,,,,,,20,,,,,B03,,,1,,2,,,20,,1,6,4,B03,120.65777,24.15806,3
1942,66000,387130000C,(04)23274275,(04)23288582,2023,8,6,2,8,臺中市,霧峰區,0,0,0,7,,,40,,,,,,,,,,,,,,13,55,,,,,B01,,,1,,2,,,55,,1,13,4,B01,120.679955,24.071012,3
1943,66000,387130000C,(04)23274275,(04)23288582,2023,8,6,2,10,臺中市,大甲區,0,1,0,7,3,6,70,13,14,1,5,4,6,6,4,4,1,3,4,1,17,55,2,8,2,1,C03,7,9,3,19,2,11,,55,55,1,12,4,C03,120.626272,24.358125,2
1944,66000,387130000C,(04)23274275,(04)23288582,2023,8,6,3,23,臺中市,南屯區,0,0,0,7,,,50,,,,,,,,,,,,,,13,59,,,,,B03,,,3,,2,,,59,,1,12,4,B03,120.623497,24.149515,3
1945,66000,387130000C,(04)23274275,(04)23288582,2023,8,6,3,30,臺中市,潭子區,0,2,0,7,1,6,60,4,1,1,5,4,6,6,1,1,10,5,5,2,17,59,2,9,2,1,C03,7,9,3,19,5,11,,59,53,1,12,4,C03,120.703707,24.20249,2