序號,縣市別代碼,機關代碼,市話,傳真,年,月,日,時,分,縣市,區,死亡數量,受傷數量,2-30,天候,光線,道路類別,速限,道路型態,事故位置,路面鋪裝,路面狀態,路面缺陷,障礙物,視距,號誌種類,號誌動作,分向設施,快車道或一般車道間,快慢車道間,路面邊線,事故類型及型態,主要肇因,受傷程度,主要傷處,保護裝備,行動電話,當事者區分(類別),車輛用途,當事者行動狀態,駕駛資格情形,駕駛執照種類,飲酒情形,車輛撞擊部位最初,車輛撞擊部位其他,肇事因素個別,肇事因素主要,肇事逃逸,職業,旅次目的,車種,GPS座標X,GPS座標Y,事故類別
1946,66000,387130000C,(04)23274275,(04)23288582,2023,8,6,4,14,臺中市,西屯區,0,0,0,7,,,50,,,,,,,,,,,,,,14,85,,,,,B03,,,1,,1,,,85,,1,12,4,B03,120.648246,24.158007,3
1947,66000,387130000C,(04)23274275,(04)23288582,2023,8,6,4,24,臺中市,北區,0,0,0,7,,,40,,,,,,,,,,,,,,,49,,,,,B03,,,1,,1,,,49,,1,12,4,B03,120.677467,24.151804,3
1948,66000,387130000C,(04)23274275,(04)23288582,2023,8,6,6,42,臺中市,潭子區,0,1,0,7,3,6,30,4,1,1,5,4,6,6,4,4,10,5,5,2,15,15,3,10,3,1,B03,7,9,1,8,2,8,,6,15,1,12,4,B03,120.707443,24.228686,2
1949,66000,387130000C,(04)23274275,(04)23288582,2023,8,6,6,53,臺中市,豐原區,0,1,0,7,3,6,50,13,7,1,5,4,6,6,4,4,3,4,4,2,17,84,3,10,3,1,A12,7,9,1,3,2,2,,84,84,1,12,4,A12,120.716235,24.244111,2
1950,66000,387130000C,(04)23274275,(04)23288582,2023,8,6,7,0,臺中市,太平區,0,1,0,7,3,6,50,13,9,1,5,4,6,6,4,4,5,5,5,2,12,84,2,9,2,1,C03,7,4,1,10,2,12,,84,84,1,12,4,C03,120.713181,24.124619,2
1951,66000,387130000C,(04)23274275,(04)23288582,2023,8,6,7,1,臺中市,太平區,0,1,0,7,3,6,30,4,1,1,5,4,6,6,4,4,10,5,5,2,15,12,3,10,3,1,B03,7,9,1,8,2,8,,12,12,1,12,4,B03,120.712227,24.150516,2
1952,66000,387130000C,(04)23274275,(04)23288582,2023,8,6,7,13,臺中市,豐原區,0,1,0,7,3,6,50,4,1,1,5,4,6,6,1,1,10,5,5,2,15,21,3,10,3,1,B03,7,9,1,8,2,8,,21,21,1,13,4,B03,120.74766,24.266563,2
1953,66000,387130000C,(04)23274275,(04)23288582,2023,8,6,7,30,臺中市,大雅區,0,2,0,6,2,6,50,4,1,1,5,4,6,6,1,1,5,4,4,1,17,21,2,8,1,1,C03,7,9,3,19,2,12,,21,21,1,12,4,C03,120.656118,24.238979,2
1954,66000,387130000C,(04)23274275,(04)23288582,2023,8,6,7,32,臺中市,南屯區,0,2,0,7,2,6,50,4,1,1,5,4,6,6,1,1,10,5,5,2,15,21,2,9,1,1,C03,7,9,3,19,2,11,14,21,21,1,6,4,C03,120.631748,24.125647,2
1955,66000,387130000C,(04)23274275,(04)23288582,2023,8,6,7,33,臺中市,清水區,0,0,0,7,,,50,,,,,,,,,,,,,,,26,,,,,B01,,,1,,11,,,26,26,1,12,4,B01,120.573425,24.262975,3
1956,66000,387130000C,(04)23274275,(04)23288582,2023,8,6,7,41,臺中市,太平區,0,0,0,7,,,30,,,,,,,,,,,,,,,84,,,,,B03,,,1,,2,,,84,,1,12,4,B03,120.725785,24.12352,3
1957,66000,387130000C,(04)23274275,(04)23288582,2023,8,6,7,48,臺中市,西屯區,0,1,0,7,2,6,40,4,2,1,5,4,6,6,1,1,5,5,4,2,13,84,3,10,1,1,C03,7,9,1,10,1,11,,84,84,1,12,4,C03,120.643144,24.195946,2
1958,66000,387130000C,(04)23274275,(04)23288582,2023,8,6,7,54,臺中市,東區,0,0,0,7,,,50,,,,,,,,,,,,,,,84,,,,,B03,,,1,8,2,,,84,84,1,12,4,B03,120.710441,24.141014,3
1959,66000,387130000C,(04)23274275,(04)23288582,2023,8,6,7,57,臺中市,太平區,0,0,0,7,,,50,,,,,,,,,,,,,,16,84,,,,,B03,,,1,,2,,,84,,1,12,4,B03,120.720251,24.127466,3
1960,66000,387130000C,(04)23274275,(04)23288582,2023,8,6,8,3,臺中市,潭子區,0,2,0,7,2,6,50,4,2,1,5,4,6,6,1,1,5,5,5,1,13,59,3,10,2,1,C03,7,9,1,10,2,11,,59,59,1,12,4,C03,120.716334,24.204387,2
1961,66000,387130000C,(04)23274275,(04)23288582,2023,8,6,8,15,臺中市,大里區,0,0,0,7,2,6,50,13,7,1,5,4,6,6,1,1,5,5,4,1,14,49,,,,,B03,,,1,,1,,,49,,1,13,4,B03,120.685006,24.115402,3
1962,66000,387130000C,(04)23274275,(04)23288582,2023,8,6,8,17,臺中市,南屯區,0,1,0,7,3,6,50,4,1,1,5,4,6,6,1,1,10,5,5,2,16,20,3,10,5,4,B03,7,5,1,8,1,2,,20,20,1,12,4,B03,120.625818,24.140633,2
1963,66000,387130000C,(04)23274275,(04)23288582,2023,8,6,8,20,臺中市,神岡區,0,0,0,7,,,1,,,,,,,,,,,,,,5,82,,,,,G03,,,1,,11,,,82,,1,12,4,G03,120.697402,24.251384,3
1964,66000,387130000C,(04)23274275,(04)23288582,2023,8,6,8,21,臺中市,南屯區,0,2,0,7,2,6,40,4,1,1,5,4,6,6,2,1,10,5,5,2,17,48,2,9,2,1,C03,7,6,1,10,2,13,,48,48,1,12,2,C03,120.634977,24.152593,2
1965,66000,387130000C,(04)23274275,(04)23288582,2023,8,6,8,21,臺中市,沙鹿區,0,1,0,7,2,6,50,5,1,1,5,4,6,6,4,4,10,5,5,2,15,15,2,9,1,1,C03,7,9,1,10,2,12,,15,15,1,13,4,C03,120.574113,24.258853,2
1966,66000,387130000C,(04)23274275,(04)23288582,2023,8,6,8,27,臺中市,太平區,0,0,0,7,,,30,,,,,,,,,,,,,,,84,,,,,B03,,,1,,2,,,84,,1,12,4,B03,120.733999,24.147808,3
1967,66000,387130000C,(04)23274275,(04)23288582,2023,8,6,8,29,臺中市,后里區,0,2,0,7,2,6,50,4,2,1,5,4,6,6,1,1,1,2,5,1,13,7,2,9,2,1,C03,7,9,1,10,2,11,,7,7,1,12,4,C03,120.682073,24.315654,2
1968,66000,387130000C,(04)23274275,(04)23288582,2023,8,6,8,30,臺中市,后里區,0,1,0,7,2,6,50,4,2,1,5,4,6,6,1,1,4,3,4,1,17,8,3,10,3,1,B03,7,9,1,8,2,15,,8,8,1,12,4,B03,120.724277,24.316375,2
1969,66000,387130000C,(04)23274275,(04)23288582,2023,8,6,8,30,臺中市,東勢區,0,1,0,7,3,6,1,13,9,1,5,4,6,6,4,4,10,5,5,2,16,51,3,10,2,1,C03,7,1,3,19,2,11,,51,51,1,12,4,C03,120.82376,24.261656,2
1970,66000,387130000C,(04)23274275,(04)23288582,2023,8,6,8,35,臺中市,西區,0,1,0,7,2,6,50,4,1,1,5,4,6,6,1,1,10,5,5,2,17,26,3,10,3,1,B03,7,6,1,8,2,1,,26,26,1,12,4,B03,120.665268,24.146718,2
1971,66000,387130000C,(04)23274275,(04)23288582,2023,8,6,8,37,臺中市,北屯區,0,0,0,7,,,50,,,,,,,,,,,,,,,13,,,,,C04,,,1,,2,,,13,13,1,12,4,C04,120.672216,24.181426,3
1972,66000,387130000C,(04)23274275,(04)23288582,2023,8,6,8,40,臺中市,南屯區,0,1,0,7,2,6,50,3,7,1,5,4,6,6,2,1,1,4,5,2,13,58,2,8,1,1,C03,7,9,1,10,2,11,,58,58,1,13,4,C03,120.638722,24.142284,2
1973,66000,387130000C,(04)23274275,(04)23288582,2023,8,6,8,45,臺中市,龍井區,0,1,0,6,3,6,30,4,1,1,5,4,6,6,1,1,10,5,5,2,17,1,3,10,1,1,C03,7,6,1,10,2,14,,1,20,1,5,4,C03,120.528721,24.178951,2
1974,66000,387130000C,(04)23274275,(04)23288582,2023,8,6,8,46,臺中市,北區,0,1,0,7,2,6,50,3,1,1,5,4,6,6,4,4,5,5,4,2,16,14,3,10,1,1,C03,7,5,1,10,2,13,,14,14,1,12,4,C03,120.68544,24.159329,2
1975,66000,387130000C,(04)23274275,(04)23288582,2023,8,6,8,55,臺中市,大里區,0,0,0,7,,,40,,,,,,,,,,,,,,,59,,,,,B03,,,5,,2,,,59,,1,13,4,B03,120.681977,24.116317,3
1976,66000,387130000C,(04)23274275,(04)23288582,2023,8,6,8,58,臺中市,清水區,0,3,0,7,3,6,50,4,1,1,5,4,6,6,1,1,9,4,4,2,16,84,2,9,2,1,C03,7,4,1,10,2,12,,84,84,1,12,4,C03,120.575556,24.269449,2
1977,66000,387130000C,(04)23274275,(04)23288582,2023,8,6,9,10,臺中市,清水區,0,0,0,7,,,50,,,,,,,,,,,,,,,84,,,,,B03,,,5,,11,,,84,84,1,12,4,B03,120.575575,24.269205,3
1978,66000,387130000C,(04)23274275,(04)23288582,2023,8,6,9,12,臺中市,東區,0,1,0,7,2,6,50,5,1,1,5,4,6,6,1,1,10,5,5,2,17,84,2,9,1,1,C03,7,6,1,10,2,11,,84,84,1,12,4,C03,120.693452,24.133073,2
1979,66000,387130000C,(04)23274275,(04)23288582,2023,8,6,9,15,臺中市,南屯區,0,1,0,7,2,6,50,13,8,1,5,4,6,6,4,4,5,5,4,2,17,54,2,9,2,1,C03,7,9,1,10,2,11,,54,54,1,12,4,C03,120.649906,24.141819,2
1980,66000,387130000C,(04)23274275,(04)23288582,2023,8,6,9,16,臺中市,北區,0,0,0,7,,,50,,,,,,,,,,,,,,17,39,,,,,B03,,,1,,1,,,39,,1,13,4,B03,120.685876,24.154916,3
1981,66000,387130000C,(04)23274275,(04)23288582,2023,8,6,9,18,臺中市,太平區,0,3,0,7,2,6,50,4,2,1,5,4,6,6,1,1,5,2,5,2,13,53,2,7,1,1,C03,7,9,1,10,8,11,14,53,53,1,12,4,C03,120.714797,24.141628,2
1982,66000,387130000C,(04)23274275,(04)23288582,2023,8,6,9,20,臺中市,豐原區,0,2,0,7,2,6,30,13,8,1,5,4,6,6,4,4,10,5,5,2,11,41,2,9,1,1,C03,7,9,1,10,2,14,12,41,41,1,13,4,C03,120.718625,24.25249,2
1983,66000,387130000C,(04)23274275,(04)23288582,2023,8,6,9,21,臺中市,大肚區,0,0,0,7,,,50,,,,,,,,,,,,,,,47,,,,,B02,,,1,,2,,,47,47,1,12,4,B02,120.546013,24.148645,3
1984,66000,387130000C,(04)23274275,(04)23288582,2023,8,6,9,24,臺中市,北區,0,1,0,7,2,6,50,13,9,1,5,4,6,6,4,4,5,4,5,2,16,39,3,10,3,1,B03,7,11,1,8,2,4,,39,39,1,12,4,B03,120.679813,24.167108,2
1985,66000,387130000C,(04)23274275,(04)23288582,2023,8,6,9,25,臺中市,大雅區,0,0,0,7,3,6,30,13,9,1,5,4,6,6,4,4,10,5,5,2,12,8,,,,,B03,,,1,,2,,,8,,1,12,4,B03,120.623671,24.23401,3
1986,66000,387130000C,(04)23274275,(04)23288582,2023,8,6,9,31,臺中市,大雅區,0,1,0,7,3,6,50,3,1,1,5,4,6,6,3,1,10,5,5,2,17,7,2,8,2,1,C03,7,9,1,10,2,11,,7,7,1,12,4,C03,120.647458,24.217314,2
1987,66000,387130000C,(04)23274275,(04)23288582,2023,8,6,9,36,臺中市,龍井區,0,1,0,7,2,6,50,4,1,1,5,4,6,6,2,1,5,5,5,2,12,8,3,10,5,4,C03,7,9,1,10,2,12,,8,8,1,13,4,C03,120.58185,24.17602,2
1988,66000,387130000C,(04)23274275,(04)23288582,2023,8,6,9,37,臺中市,北區,0,0,0,7,,,50,,,,,,,,,,,,,,15,20,,,,,B03,,,1,,2,,,20,,1,12,4,B03,120.696416,24.156711,3
1989,66000,387130000C,(04)23274275,(04)23288582,2023,8,6,9,48,臺中市,南屯區,0,1,0,7,3,6,50,4,1,1,5,4,6,6,1,1,10,5,5,2,16,35,3,10,2,4,C04,7,8,1,11,2,14,,35,35,1,12,4,C04,120.637279,24.147006,2
1990,66000,387130000C,(04)23274275,(04)23288582,2023,8,6,9,53,臺中市,北屯區,0,1,0,7,2,6,50,4,1,1,5,4,6,6,1,1,10,5,5,2,12,1,3,10,3,1,B03,7,9,1,8,2,5,,1,1,1,12,4,B03,120.667106,24.173206,2
1991,66000,387130000C,(04)23274275,(04)23288582,2023,8,6,10,0,臺中市,外埔區,0,2,0,7,2,6,30,13,9,1,5,4,6,6,4,4,10,5,5,1,11,1,2,8,2,1,C03,7,4,1,10,2,14,,1,1,1,12,4,C03,120.663286,24.339124,2
1992,66000,387130000C,(04)23274275,(04)23288582,2023,8,6,10,9,臺中市,沙鹿區,0,0,0,7,,,50,,,,,,,,,,,,,,13,59,,,,,B03,,,1,,2,,,59,,1,13,4,B03,120.559622,24.236959,3
1993,66000,387130000C,(04)23274275,(04)23288582,2023,8,6,10,14,臺中市,龍井區,0,0,0,7,,,50,,,,,,,,,,,,,,14,49,,,,,B03,,,1,,2,,,49,,1,12,4,B03,120.530459,24.178221,3
1994,66000,387130000C,(04)23274275,(04)23288582,2023,8,6,10,17,臺中市,西屯區,0,0,0,7,,,50,,,,,,,,,,,,,,,84,,,,,B03,,,1,,1,,,84,,1,13,4,B03,120.653372,24.203622,3
1995,66000,387130000C,(04)23274275,(04)23288582,2023,8,6,10,20,臺中市,石岡區,0,2,0,7,2,8,15,13,13,1,5,4,6,6,4,4,5,5,5,1,12,7,2,9,4,1,F02,7,9,7,21,2,11,,7,7,1,12,4,F02,120.78326,24.274836,2
1996,66000,387130000C,(04)23274275,(04)23288582,2023,8,6,10,24,臺中市,南屯區,0,2,0,7,2,6,50,3,1,1,5,4,6,6,4,4,10,5,5,2,17,45,3,10,3,1,B03,7,11,1,2,2,4,,45,45,1,12,4,B03,120.652161,24.153598,2
1997,66000,387130000C,(04)23274275,(04)23288582,2023,8,6,10,29,臺中市,豐原區,0,1,0,7,1,8,10,13,13,1,5,4,6,6,4,4,10,5,5,2,17,84,3,10,6,1,F01,7,9,7,21,1,15,,84,84,1,3,4,F01,120.768505,24.278823,2
1998,66000,387130000C,(04)23274275,(04)23288582,2023,8,6,10,30,臺中市,大雅區,0,0,0,7,,,50,,,,,,,,,,,,,,,40,,,,,B01,,,1,,1,,,40,,1,12,4,B01,120.646894,24.222617,3
1999,66000,387130000C,(04)23274275,(04)23288582,2023,8,6,10,31,臺中市,大雅區,0,2,0,7,2,6,50,13,9,1,5,4,6,6,4,4,9,5,5,1,17,39,2,9,1,1,C04,7,11,3,19,2,12,,39,39,1,12,4,C04,120.64982,24.22528,2
2000,66000,387130000C,(04)23274275,(04)23288582,2023,8,6,10,35,臺中市,南屯區,0,1,0,7,2,6,50,4,1,1,5,4,6,6,2,1,10,5,5,2,13,59,2,8,2,1,C03,7,9,1,10,2,11,,59,59,1,13,4,C03,120.646629,24.140096,2
2001,66000,387130000C,(04)23274275,(04)23288582,2023,8,6,10,44,臺中市,西區,0,1,0,7,3,6,50,4,1,1,5,4,6,6,1,1,10,5,5,2,16,11,3,10,5,4,C03,7,5,1,10,2,13,,11,11,1,12,4,C03,120.66427,24.14667,2
2002,66000,387130000C,(04)23274275,(04)23288582,2023,8,6,10,48,臺中市,大里區,0,0,0,7,,,50,,,,,,,,,,,,,,13,59,,,,,B03,,,1,,2,,,59,,1,6,4,B03,120.700984,24.102646,3
2003,66000,387130000C,(04)23274275,(04)23288582,2023,8,6,10,49,臺中市,太平區,0,1,0,7,3,6,50,4,1,1,5,4,6,6,1,1,5,5,5,1,16,39,2,8,2,1,C03,7,10,1,10,1,13,,39,39,1,12,4,C03,120.716187,24.133508,2
2004,66000,387130000C,(04)23274275,(04)23288582,2023,8,6,10,51,臺中市,大里區,0,0,0,7,2,6,50,4,1,1,5,4,6,6,1,1,1,2,4,1,12,47,,,,,B03,,,1,,2,,,47,,1,13,4,B03,120.67514,24.103085,3
2005,66000,387130000C,(04)23274275,(04)23288582,2023,8,6,10,58,臺中市,西屯區,0,2,0,7,2,6,50,3,1,1,5,4,6,6,3,1,5,3,5,2,17,12,3,10,3,1,B03,7,9,1,8,2,2,,12,12,1,13,4,B03,120.62673,24.180228,2
2006,66000,387130000C,(04)23274275,(04)23288582,2023,8,6,11,12,臺中市,神岡區,0,0,0,7,,,30,,,,,,,,,,,,,,16,39,,,,,B03,,,1,,2,,,39,,1,12,4,B03,120.709231,24.259334,3
2007,66000,387130000C,(04)23274275,(04)23288582,2023,8,6,11,14,臺中市,清水區,0,1,0,7,2,6,70,3,1,1,5,4,6,6,1,1,10,5,5,2,15,21,3,10,3,1,B03,7,9,1,8,2,1,,21,21,1,6,4,B03,120.568365,24.271858,2
2008,66000,387130000C,(04)23274275,(04)23288582,2023,8,6,11,22,臺中市,太平區,0,1,0,7,2,6,50,13,9,1,5,4,6,6,4,4,5,2,5,1,12,59,2,7,3,1,B03,7,9,1,8,2,2,1,59,59,1,12,4,B03,120.748465,24.125671,2
2009,66000,387130000C,(04)23274275,(04)23288582,2023,8,6,11,33,臺中市,大里區,0,2,0,7,3,6,50,14,9,1,5,4,6,5,4,4,9,5,5,1,17,45,3,10,3,1,B03,7,11,1,8,2,8,,45,45,1,12,4,B03,120.693708,24.084822,2
2010,66000,387130000C,(04)23274275,(04)23288582,2023,8,6,11,35,臺中市,潭子區,0,0,0,7,,,50,,,,,,,,,,,,,,,84,,,,,B03,,,1,,2,,,84,,1,13,4,B03,120.703747,24.211757,3
2011,66000,387130000C,(04)23274275,(04)23288582,2023,8,6,11,38,臺中市,西區,0,1,0,7,2,6,50,4,1,1,5,4,6,6,1,1,10,5,5,2,17,20,3,10,5,4,B03,7,6,1,8,2,16,,20,20,1,13,4,B03,120.665287,24.150867,2
2012,66000,387130000C,(04)23274275,(04)23288582,2023,8,6,11,39,臺中市,太平區,0,0,0,5,,,50,,,,,,,,,,,,,,,49,,,,,B03,,,1,,11,,,87,49,1,12,4,B03,120.719154,24.124971,3
2013,66000,387130000C,(04)23274275,(04)23288582,2023,8,6,11,40,臺中市,霧峰區,0,2,0,7,2,6,50,3,12,1,5,4,6,6,1,1,5,5,4,1,12,59,2,8,5,4,C03,7,9,1,10,2,12,,87,59,1,5,4,C03,120.700618,24.075906,2
2014,66000,387130000C,(04)23274275,(04)23288582,2023,8,6,11,40,臺中市,沙鹿區,0,3,0,7,2,6,50,13,7,1,5,4,6,6,1,1,8,3,4,1,17,84,2,9,5,4,B03,7,9,1,8,2,2,,84,84,1,13,4,B03,120.581171,24.214697,2
2015,66000,387130000C,(04)23274275,(04)23288582,2023,8,6,11,44,臺中市,東區,0,1,0,7,1,6,50,4,9,1,5,4,6,6,2,1,3,5,5,2,16,84,3,10,5,4,C03,7,15,1,10,2,12,,84,84,1,12,4,C03,120.69315,24.132824,2
2016,66000,387130000C,(04)23274275,(04)23288582,2023,8,6,11,45,臺中市,南區,0,0,0,7,,,50,,,,,,,,,,,,,,13,7,,,,,B03,,,1,,2,,,7,,1,12,4,B03,120.669865,24.126923,3
2017,66000,387130000C,(04)23274275,(04)23288582,2023,8,6,11,46,臺中市,東區,0,2,0,7,1,6,50,5,1,1,5,4,6,6,2,1,3,4,5,2,13,84,2,7,5,4,C03,7,9,1,10,2,11,,84,84,1,13,4,C03,120.693452,24.133073,2
2018,66000,387130000C,(04)23274275,(04)23288582,2023,8,6,11,53,臺中市,北區,0,0,0,7,,,50,,,,,,,,,,,,,,17,40,,,,,B03,,,1,,2,,,40,,1,12,4,B03,120.676764,24.163126,3
2019,66000,387130000C,(04)23274275,(04)23288582,2023,8,6,11,54,臺中市,潭子區,0,1,0,7,3,6,50,13,7,1,5,4,6,6,1,1,5,4,4,2,13,8,3,10,3,1,B03,7,9,1,8,2,1,,8,8,1,13,4,B03,120.691751,24.21861,2
2020,66000,387130000C,(04)23274275,(04)23288582,2023,8,6,11,54,臺中市,西區,0,1,0,7,2,6,50,4,1,1,5,4,6,6,1,1,10,5,5,2,17,11,3,10,3,1,B03,7,5,1,8,2,1,,11,11,1,12,4,B03,120.66774,24.13095,2
2021,66000,387130000C,(04)23274275,(04)23288582,2023,8,6,11,54,臺中市,西區,0,0,0,7,,,50,,,,,,,,,,,,,,,49,,,,,B03,,,1,,1,,,49,,1,12,4,B03,120.663993,24.156226,3
2022,66000,387130000C,(04)23274275,(04)23288582,2023,8,6,11,58,臺中市,神岡區,0,1,0,7,1,6,50,4,1,1,5,4,6,6,3,1,5,2,5,1,16,47,3,10,5,4,B03,7,5,1,8,2,2,,47,47,1,12,4,B03,120.707375,24.273997,2
2023,66000,387130000C,(04)23274275,(04)23288582,2023,8,6,11,59,臺中市,太平區,0,0,0,7,2,6,50,13,9,1,5,4,6,6,4,4,5,2,5,1,13,7,3,10,3,1,B01,7,9,1,8,2,1,,7,7,1,12,4,B01,120.718071,24.133552,3
2024,66000,387130000C,(04)23274275,(04)23288582,2023,8,6,12,0,臺中市,北屯區,0,0,0,7,,,50,,,,,,,,,,,,,,,84,,,,,C03,,,1,,10,,,84,,1,12,4,C03,120.719503,24.1785,3
2025,66000,387130000C,(04)23274275,(04)23288582,2023,8,6,12,3,臺中市,清水區,0,1,0,7,3,6,50,13,9,1,5,4,6,6,4,4,9,4,5,1,18,84,2,9,1,1,C03,7,9,1,10,2,12,14,84,84,1,12,4,C03,120.590544,24.296566,2
2026,66000,387130000C,(04)23274275,(04)23288582,2023,8,6,12,6,臺中市,西屯區,0,0,0,7,,,30,,,,,,,,,,,,,,,40,,,,,B03,,,1,,1,,,40,,1,12,4,B03,120.647785,24.15617,3
2027,66000,387130000C,(04)23274275,(04)23288582,2023,8,6,12,9,臺中市,清水區,0,1,0,7,2,6,50,4,1,1,5,4,6,6,1,1,10,5,5,2,16,11,3,10,3,1,B03,7,5,1,4,2,2,,11,11,1,6,4,B03,120.57642,24.271483,2
2028,66000,387130000C,(04)23274275,(04)23288582,2023,8,6,12,12,臺中市,北屯區,0,0,0,7,,,40,,,,,,,,,,,,,,,51,,,,,B03,,,1,,1,,,51,,1,12,4,B03,120.674549,24.197923,3
2029,66000,387130000C,(04)23274275,(04)23288582,2023,8,6,12,16,臺中市,北區,0,0,0,7,2,6,40,13,8,1,5,4,6,6,4,4,9,4,4,2,14,49,3,10,3,1,B03,7,2,1,8,1,3,,49,49,1,12,4,B03,120.678317,24.159133,3
2030,66000,387130000C,(04)23274275,(04)23288582,2023,8,6,12,26,臺中市,北屯區,0,3,0,7,2,6,50,13,7,1,5,4,6,6,4,4,9,4,4,2,17,40,2,9,1,1,C03,7,8,1,9,2,12,,40,40,1,12,4,C03,120.724613,24.17599,2
2031,66000,387130000C,(04)23274275,(04)23288582,2023,8,6,12,34,臺中市,烏日區,0,1,0,7,1,6,50,13,9,1,5,4,6,6,4,4,9,5,5,2,17,51,3,10,3,1,B03,7,1,1,8,9,8,,51,51,1,12,4,B03,120.597031,24.108573,2
2032,66000,387130000C,(04)23274275,(04)23288582,2023,8,6,12,36,臺中市,大雅區,0,2,0,7,3,6,30,4,1,1,5,4,6,6,4,4,10,5,5,2,15,20,2,8,2,1,C03,7,9,1,10,2,11,,20,20,1,12,4,C03,120.656605,24.222408,2
2033,66000,387130000C,(04)23274275,(04)23288582,2023,8,6,12,36,臺中市,南屯區,0,0,0,7,,,50,,,,,,,,,,,,,,16,84,,,,,B03,,,1,,2,,,84,,1,6,4,B03,120.646472,24.130792,3
2034,66000,387130000C,(04)23274275,(04)23288582,2023,8,6,12,39,臺中市,太平區,0,1,0,7,3,6,50,4,1,1,5,4,6,6,1,1,5,5,5,1,16,39,2,9,2,1,C03,7,6,1,10,2,12,,39,39,1,12,4,C03,120.713683,24.125154,2
2035,66000,387130000C,(04)23274275,(04)23288582,2023,8,6,12,40,臺中市,西區,0,3,0,7,3,6,40,4,1,1,5,4,6,6,1,1,10,5,5,2,13,7,2,8,5,4,C03,7,9,1,10,2,11,,7,7,1,12,4,C03,120.657399,24.142926,2
2036,66000,387130000C,(04)23274275,(04)23288582,2023,8,6,12,40,臺中市,梧棲區,0,0,0,7,,,50,,,,,,,,,,,,,,,59,,,,,B03,,,1,,2,,,59,,1,6,4,B03,120.535272,24.259249,3
2037,66000,387130000C,(04)23274275,(04)23288582,2023,8,6,12,48,臺中市,西屯區,0,1,0,6,3,6,40,4,1,1,5,4,6,6,1,1,10,5,5,2,17,45,3,10,3,1,B03,7,11,1,10,2,1,,45,45,1,12,4,B03,120.651906,24.170058,2
2038,66000,387130000C,(04)23274275,(04)23288582,2023,8,6,12,50,臺中市,清水區,0,0,0,7,,,30,,,,,,,,,,,,,,12,59,,,,,C03,,,1,,2,,,59,59,1,12,4,C03,120.573594,24.269836,3
2039,66000,387130000C,(04)23274275,(04)23288582,2023,8,6,12,52,臺中市,大肚區,0,2,0,7,2,6,40,3,1,1,5,4,6,6,4,4,10,5,5,2,16,4,2,9,4,1,C03,7,9,1,10,2,14,,4,4,1,12,4,C03,120.549542,24.149042,2
2040,66000,387130000C,(04)23274275,(04)23288582,2023,8,6,12,57,臺中市,南屯區,0,0,0,7,,,50,,,,,,,,,,,,,,,58,,,,,B02,,,1,,1,,,58,58,1,13,4,B02,120.64975,24.155611,3
2041,66000,387130000C,(04)23274275,(04)23288582,2023,8,6,12,59,臺中市,南屯區,0,1,0,7,2,6,50,13,9,1,5,4,6,6,4,4,5,5,5,2,13,59,3,10,3,1,A02,7,9,1,1,2,1,,59,59,1,6,4,A02,120.609661,24.138627,2
2042,66000,387130000C,(04)23274275,(04)23288582,2023,8,6,13,0,臺中市,沙鹿區,0,0,0,7,,,60,,,,,,,,,,,,,,,59,,,,,B03,,,1,,1,,,59,59,1,6,4,B03,120.586322,24.250119,3
2043,66000,387130000C,(04)23274275,(04)23288582,2023,8,6,13,5,臺中市,西屯區,0,1,0,7,2,6,50,4,1,1,5,4,6,6,1,1,5,2,4,2,17,35,2,9,1,1,C03,7,15,1,10,2,13,,35,35,1,12,4,C03,120.65589,24.170451,2
2044,66000,387130000C,(04)23274275,(04)23288582,2023,8,6,13,13,臺中市,大里區,0,2,0,7,3,6,50,4,1,1,5,4,6,6,1,1,10,5,5,2,15,21,2,8,2,1,F03,7,9,7,21,2,11,,21,21,1,12,4,F03,120.70262,24.093355,2
2045,66000,387130000C,(04)23274275,(04)23288582,2023,8,6,13,17,臺中市,北區,0,1,0,6,3,6,50,13,7,1,5,4,6,6,2,1,3,4,4,1,13,55,2,7,5,4,B01,7,9,1,4,2,1,,55,55,1,13,4,B01,120.68509,24.142702,2
2046,66000,387130000C,(04)23274275,(04)23288582,2023,8,6,13,18,臺中市,北屯區,0,0,0,7,,,50,,,,,,,,,,,,,,13,84,,,,,C03,,,1,,11,,,84,84,2,12,4,C03,120.665402,24.182924,3
2047,66000,387130000C,(04)23274275,(04)23288582,2023,8,6,13,24,臺中市,西屯區,0,1,0,7,3,6,50,3,1,1,5,4,6,6,4,4,1,4,5,1,17,20,3,10,5,4,B03,7,5,1,8,2,2,,20,20,1,13,4,B03,120.619716,24.184258,2
2048,66000,387130000C,(04)23274275,(04)23288582,2023,8,6,13,26,臺中市,梧棲區,0,0,0,7,,,40,,,,,,,,,,,,,,16,24,,,,,B03,,,1,,2,,,24,,1,6,4,B03,120.534604,24.25063,3
2049,66000,387130000C,(04)23274275,(04)23288582,2023,8,6,13,28,臺中市,北屯區,0,0,0,7,,,50,,,,,,,,,,,,,,14,49,,,,,B12,,,1,,1,,,49,49,1,12,4,B12,120.665168,24.184177,3
2050,66000,387130000C,(04)23274275,(04)23288582,2023,8,6,13,36,臺中市,北屯區,0,0,0,7,,,30,,,,,,,,,,,,,,,49,,,,,B03,,,1,,2,,,49,,1,13,4,B03,120.659736,24.1897,3
2051,66000,387130000C,(04)23274275,(04)23288582,2023,8,6,13,45,臺中市,梧棲區,0,1,0,7,2,6,50,4,1,1,5,4,3,3,4,4,5,5,5,2,15,15,3,10,3,1,B12,7,9,1,8,2,5,,15,15,1,6,4,B12,120.536016,24.243371,2