序號,縣市別代碼,機關代碼,市話,傳真,年,月,日,時,分,縣市,區,死亡數量,受傷數量,2-30,天候,光線,道路類別,速限,道路型態,事故位置,路面鋪裝,路面狀態,路面缺陷,障礙物,視距,號誌種類,號誌動作,分向設施,快車道或一般車道間,快慢車道間,路面邊線,事故類型及型態,主要肇因,受傷程度,主要傷處,保護裝備,行動電話,當事者區分(類別),車輛用途,當事者行動狀態,駕駛資格情形,駕駛執照種類,飲酒情形,車輛撞擊部位最初,車輛撞擊部位其他,肇事因素個別,肇事因素主要,肇事逃逸,職業,旅次目的,車種,GPS座標X,GPS座標Y,事故類別
2052,66000,387130000C,(04)23274275,(04)23288582,2023,8,6,13,46,臺中市,龍井區,0,0,0,7,,,50,,,,,,,,,,,,,,,7,,,,,B03,,,1,,11,,,7,,1,13,4,B03,120.592792,24.182097,3
2053,66000,387130000C,(04)23274275,(04)23288582,2023,8,6,13,48,臺中市,霧峰區,0,1,0,6,1,6,60,13,14,1,5,4,6,6,4,4,1,4,4,1,17,59,2,9,1,1,C03,7,9,1,10,2,12,,59,59,1,12,4,C03,120.694609,24.051292,2
2054,66000,387130000C,(04)23274275,(04)23288582,2023,8,6,13,49,臺中市,西屯區,0,1,0,7,2,6,40,3,1,1,5,4,6,6,4,4,1,4,1,2,17,7,2,9,1,1,C03,7,9,1,10,2,11,,7,7,1,13,4,C03,120.651746,24.161268,2
2055,66000,387130000C,(04)23274275,(04)23288582,2023,8,6,14,3,臺中市,北屯區,0,0,0,7,,,40,,,,,,,,,,,,,,,84,,,,,F03,,,7,,9,,,84,84,1,13,4,F03,120.659879,24.192503,3
2056,66000,387130000C,(04)23274275,(04)23288582,2023,8,6,14,8,臺中市,大甲區,0,3,0,7,2,6,50,13,9,1,5,4,6,6,4,4,5,5,5,2,16,7,2,9,2,1,C03,7,9,1,10,2,11,,7,7,1,10,4,C03,120.63189,24.354996,2
2057,66000,387130000C,(04)23274275,(04)23288582,2023,8,6,14,15,臺中市,西區,0,0,0,7,,,50,,,,,,,,,,,,,,,49,,,,,B03,,,1,7,2,,,49,49,1,13,4,B03,120.664278,24.137424,3
2058,66000,387130000C,(04)23274275,(04)23288582,2023,8,6,14,19,臺中市,豐原區,0,0,0,7,,,50,,,,,,,,,,,,,,,14,,,,,B03,,,1,,2,,,14,,1,12,4,B03,120.716618,24.261172,3
2059,66000,387130000C,(04)23274275,(04)23288582,2023,8,6,14,22,臺中市,西區,0,0,0,7,,,50,,,,,,,,,,,,,,,86,,,,,,,,,,,,,86,,2,,,,120.661221,24.160107,3
2060,66000,387130000C,(04)23274275,(04)23288582,2023,8,6,14,25,臺中市,霧峰區,0,1,0,7,3,6,50,13,9,1,5,4,6,6,4,4,1,4,5,1,18,84,2,9,1,1,C03,7,5,3,19,2,14,,84,84,1,12,4,C03,120.692996,24.07341,2
2061,66000,387130000C,(04)23274275,(04)23288582,2023,8,6,14,28,臺中市,大里區,0,2,0,7,2,6,50,3,1,1,5,4,6,6,4,4,3,4,5,1,16,13,2,9,2,1,C03,7,5,1,10,2,13,,13,13,1,13,4,C03,120.680244,24.1082,2
2062,66000,387130000C,(04)23274275,(04)23288582,2023,8,6,14,29,臺中市,西屯區,0,0,0,7,,,30,,,,,,,,,,,,,,,59,,,,,C03,,,1,,2,,,59,,1,12,4,C03,120.659496,24.164734,3
2063,66000,387130000C,(04)23274275,(04)23288582,2023,8,6,14,31,臺中市,西屯區,0,0,0,7,,,50,,,,,,,,,,,,,,,84,,,,,B03,,,1,,1,,,84,,1,12,4,B03,120.642535,24.164224,3
2064,66000,387130000C,(04)23274275,(04)23288582,2023,8,6,14,34,臺中市,太平區,0,1,0,7,2,6,50,13,7,1,5,4,6,6,4,4,5,2,4,2,17,39,3,10,1,1,C03,7,11,1,10,2,13,,39,39,1,12,4,C03,120.716989,24.148689,2
2065,66000,387130000C,(04)23274275,(04)23288582,2023,8,6,14,40,臺中市,南區,0,1,0,7,3,6,50,3,1,1,5,4,6,6,4,4,10,5,5,2,16,14,3,10,3,1,B03,7,5,1,7,2,2,,14,14,1,12,4,B03,120.67174,24.11485,2
2066,66000,387130000C,(04)23274275,(04)23288582,2023,8,6,14,43,臺中市,中區,0,1,0,7,2,6,50,4,1,1,5,4,6,6,2,1,10,5,5,2,12,36,2,8,1,1,C03,7,6,1,10,2,14,,36,36,1,12,4,C03,120.682212,24.135899,2
2067,66000,387130000C,(04)23274275,(04)23288582,2023,8,6,14,48,臺中市,西區,0,0,0,7,2,6,50,4,2,1,5,4,6,6,1,1,5,2,5,2,17,84,,,,,B03,,,1,,1,,,84,,1,12,4,B03,120.678653,24.136411,3
2068,66000,387130000C,(04)23274275,(04)23288582,2023,8,6,15,8,臺中市,潭子區,0,0,0,7,,,80,,,,,,,,,,,,,,,8,,,,,B03,,,1,,2,,,8,,1,13,4,B03,120.711721,24.200573,3
2069,66000,387130000C,(04)23274275,(04)23288582,2023,8,6,15,8,臺中市,北屯區,0,0,0,7,,,50,,,,,,,,,,,,,,,49,,,,,B03,,,1,,1,,,49,,1,13,4,B03,120.686449,24.185274,3
2070,66000,387130000C,(04)23274275,(04)23288582,2023,8,6,15,8,臺中市,西屯區,0,0,0,7,,,50,,,,,,,,,,,,,,15,12,,,,,B03,,,3,,2,,,12,,1,12,4,B03,120.643753,24.191553,3
2071,66000,387130000C,(04)23274275,(04)23288582,2023,8,6,15,12,臺中市,大里區,0,1,0,7,2,6,30,3,1,1,5,4,6,6,4,4,10,5,5,2,17,14,3,10,5,4,B03,7,5,1,8,1,8,,14,14,1,12,4,B03,120.700573,24.096263,2
2072,66000,387130000C,(04)23274275,(04)23288582,2023,8,6,15,13,臺中市,太平區,0,0,0,7,,,50,,,,,,,,,,,,,,13,7,,,,,B03,,,1,,2,,,7,,1,6,4,B03,120.71639,24.133721,3
2073,66000,387130000C,(04)23274275,(04)23288582,2023,8,6,15,15,臺中市,太平區,0,0,0,7,3,6,30,4,1,1,5,4,6,6,1,1,10,5,5,2,13,7,3,10,3,1,B03,7,5,5,19,2,5,,7,7,1,12,4,B03,120.725575,24.145393,3
2074,66000,387130000C,(04)23274275,(04)23288582,2023,8,6,15,23,臺中市,南屯區,0,1,0,7,3,6,50,13,9,1,5,4,6,6,4,4,1,4,5,2,12,85,3,10,3,1,B03,7,9,1,8,2,5,,85,85,1,12,4,B03,120.646643,24.147762,2
2075,66000,387130000C,(04)23274275,(04)23288582,2023,8,6,15,23,臺中市,霧峰區,0,1,0,7,2,6,40,4,1,1,5,4,6,6,1,1,10,5,5,2,17,11,3,10,5,4,B03,7,5,1,3,2,6,,11,11,1,6,4,B03,120.686487,24.024388,2
2076,66000,387130000C,(04)23274275,(04)23288582,2023,8,6,15,23,臺中市,大甲區,0,0,0,7,,,50,,,,,,,,,,,,,,,49,,,,,B03,,,1,,1,,,49,,1,6,4,B03,120.633742,24.344769,3
2077,66000,387130000C,(04)23274275,(04)23288582,2023,8,6,15,30,臺中市,西區,0,0,0,7,,,50,,,,,,,,,,,,,,,1,,,,,B03,,,1,,1,,,1,,1,13,4,B03,120.663775,24.154648,3
2078,66000,387130000C,(04)23274275,(04)23288582,2023,8,6,15,30,臺中市,大里區,0,1,0,7,3,6,50,13,7,1,5,4,6,6,4,4,5,4,4,1,18,84,2,9,5,4,C03,7,9,1,10,2,12,,84,84,1,13,4,C03,120.690656,24.113937,2
2079,66000,387130000C,(04)23274275,(04)23288582,2023,8,6,15,30,臺中市,神岡區,0,3,0,7,1,6,60,3,1,1,5,4,6,6,1,1,1,4,4,1,16,25,2,8,5,4,B03,7,6,1,8,2,5,,25,25,1,12,4,B03,120.674392,24.282381,2
2080,66000,387130000C,(04)23274275,(04)23288582,2023,8,6,15,33,臺中市,太平區,0,1,0,7,2,6,50,3,1,1,5,4,6,6,4,4,10,5,5,2,16,51,3,10,3,1,B03,7,1,1,8,2,8,1,51,51,1,12,4,B03,120.719723,24.124397,2
2081,66000,387130000C,(04)23274275,(04)23288582,2023,8,6,15,37,臺中市,外埔區,0,1,0,7,2,6,50,4,1,1,5,4,6,6,4,4,4,5,5,1,16,14,3,10,3,1,B12,7,6,1,8,2,8,,14,14,1,12,4,B12,120.678415,24.334065,2
2082,66000,387130000C,(04)23274275,(04)23288582,2023,8,6,15,40,臺中市,東區,0,1,0,7,2,6,50,3,1,1,5,4,6,6,1,1,10,5,5,2,17,20,3,10,3,1,B03,7,5,1,8,2,6,,20,20,1,13,4,B03,120.695061,24.138831,2
2083,66000,387130000C,(04)23274275,(04)23288582,2023,8,6,15,42,臺中市,龍井區,0,0,0,7,,,30,,,,,,,,,,,,,,,8,,,,,B03,,,1,,2,,,8,,1,6,4,B03,120.593253,24.186354,3
2084,66000,387130000C,(04)23274275,(04)23288582,2023,8,6,15,44,臺中市,東區,0,0,0,7,,,50,,,,,,,,,,,,,,,7,,,,,B03,,,1,,2,,,7,,1,12,4,B03,120.684859,24.128955,3
2085,66000,387130000C,(04)23274275,(04)23288582,2023,8,6,15,45,臺中市,東區,0,0,0,7,,,50,,,,,,,,,,,,,,13,84,,,,,B03,,,1,,2,,,84,,1,12,4,B03,120.684859,24.128955,3
2086,66000,387130000C,(04)23274275,(04)23288582,2023,8,6,15,47,臺中市,太平區,0,1,0,7,3,6,40,13,9,1,5,4,6,6,4,4,4,4,5,2,12,1,2,9,1,1,C03,7,4,1,9,2,14,,1,1,1,6,4,C03,120.809164,24.095886,2
2087,66000,387130000C,(04)23274275,(04)23288582,2023,8,6,15,52,臺中市,大雅區,0,0,0,7,,,50,,,,,,,,,,,,,,16,8,,,,,B03,,,1,,2,,,8,,1,13,4,B03,120.630788,24.240357,3
2088,66000,387130000C,(04)23274275,(04)23288582,2023,8,6,15,58,臺中市,南區,0,1,0,7,2,6,50,13,9,1,5,4,6,6,4,4,5,5,5,2,17,32,3,10,3,1,B03,7,11,1,8,2,4,,32,32,1,6,4,B03,120.671321,24.130502,2
2089,66000,387130000C,(04)23274275,(04)23288582,2023,8,6,15,58,臺中市,北屯區,0,0,0,7,,,50,,,,,,,,,,,,,,17,59,,,,,B03,,,1,,2,,,59,,1,13,4,B03,120.709432,24.185088,3
2090,66000,387130000C,(04)23274275,(04)23288582,2023,8,6,16,1,臺中市,北區,0,1,0,7,2,6,50,3,1,1,5,4,6,6,4,4,5,4,5,2,16,48,2,9,1,1,C03,7,6,1,10,2,14,,48,48,1,12,4,C03,120.686721,24.147858,2
2091,66000,387130000C,(04)23274275,(04)23288582,2023,8,6,16,2,臺中市,北屯區,0,0,0,7,,,50,,,,,,,,,,,,,,17,59,,,,,B03,,,1,,1,,,59,,1,12,4,B03,120.724038,24.176125,3
2092,66000,387130000C,(04)23274275,(04)23288582,2023,8,6,16,7,臺中市,龍井區,0,0,0,7,,,50,,,,,,,,,,,,,,12,40,,,,,F03,,,7,,2,,,40,40,1,6,4,F03,120.542983,24.172904,3
2093,66000,387130000C,(04)23274275,(04)23288582,2023,8,6,16,13,臺中市,南屯區,0,1,0,7,3,6,40,13,9,1,5,4,6,6,4,4,5,4,5,2,12,87,2,9,2,4,C03,7,9,1,10,9,14,,87,87,1,13,4,C03,120.652784,24.140662,2
2094,66000,387130000C,(04)23274275,(04)23288582,2023,8,6,16,16,臺中市,太平區,0,1,0,7,2,6,50,3,1,1,5,4,6,6,3,1,10,5,5,2,16,20,3,10,3,1,B03,7,6,1,8,2,2,,20,20,1,12,4,B03,120.735874,24.133353,2
2095,66000,387130000C,(04)23274275,(04)23288582,2023,8,6,16,20,臺中市,北屯區,0,1,0,7,2,6,40,3,1,1,5,4,6,6,4,4,10,4,4,2,15,51,3,10,3,1,B03,7,1,1,8,2,8,,51,51,1,13,4,B03,120.73882,24.178491,2
2096,66000,387130000C,(04)23274275,(04)23288582,2023,8,6,16,22,臺中市,潭子區,0,0,0,7,,,30,,,,,,,,,,,,,,,51,,,,,B03,,,1,,2,,,51,,1,13,4,B03,120.701456,24.188915,3
2097,66000,387130000C,(04)23274275,(04)23288582,2023,8,6,16,22,臺中市,大里區,0,1,0,7,2,6,50,3,1,1,5,4,6,6,4,4,5,5,5,1,16,34,3,10,5,4,B03,7,6,1,8,2,8,,48,34,1,13,4,B03,120.702672,24.095603,2
2098,66000,387130000C,(04)23274275,(04)23288582,2023,8,6,16,25,臺中市,西屯區,0,0,0,7,,,40,,,,,,,,,,,,,,13,7,,,,,B03,,,1,,1,,,7,,1,13,4,B03,120.643389,24.165774,3
2099,66000,387130000C,(04)23274275,(04)23288582,2023,8,6,16,25,臺中市,太平區,0,3,0,7,3,6,30,3,1,1,5,4,6,6,4,4,10,5,5,2,16,48,2,9,1,1,C03,7,6,1,10,2,11,,48,48,1,6,4,C03,120.734305,24.147819,2
2100,66000,387130000C,(04)23274275,(04)23288582,2023,8,6,16,26,臺中市,北區,0,0,0,7,,,30,,,,,,,,,,,,,,13,84,,,,,B03,,,1,,1,,,84,,1,13,4,B03,120.687956,24.15399,3
2101,66000,387130000C,(04)23274275,(04)23288582,2023,8,6,16,27,臺中市,北屯區,0,0,0,7,,,40,,,,,,,,,,,,,,,84,,,,,B03,,,1,,1,,,84,,1,13,4,B03,120.662604,24.187742,3
2102,66000,387130000C,(04)23274275,(04)23288582,2023,8,6,16,33,臺中市,西屯區,0,0,0,7,,,50,,,,,,,,,,,,,,17,50,,,,,B03,,,1,,2,,,50,,1,12,4,B03,120.636447,24.165105,3
2103,66000,387130000C,(04)23274275,(04)23288582,2023,8,6,16,34,臺中市,北區,0,1,0,7,2,6,50,13,9,1,5,4,6,6,1,1,5,4,5,2,9,84,3,10,5,1,C03,7,9,1,8,2,11,,84,84,1,13,4,C03,120.67499,24.146581,2
2104,66000,387130000C,(04)23274275,(04)23288582,2023,8,6,16,34,臺中市,南屯區,0,0,0,7,,,50,,,,,,,,,,,,,,,8,,,,,B12,,,1,,1,,,8,,1,13,4,B12,120.609082,24.14802,3
2105,66000,387130000C,(04)23274275,(04)23288582,2023,8,6,16,40,臺中市,烏日區,0,0,0,7,,,60,,,,,,,,,,,,,,,7,,,,,B03,,,1,,2,,,7,,1,12,4,B03,120.610692,24.107529,3
2106,66000,387130000C,(04)23274275,(04)23288582,2023,8,6,16,40,臺中市,東勢區,0,0,0,7,,,30,,,,,,,,,,,,,,,49,,,,,B03,,,1,,2,,,49,,1,13,4,B03,120.760841,24.321055,3
2107,66000,387130000C,(04)23274275,(04)23288582,2023,8,6,16,43,臺中市,北屯區,0,0,0,7,,,50,,,,,,,,,,,,,,13,7,,,,,B03,,,1,,1,,,7,7,1,12,4,B03,120.701284,24.165054,3
2108,66000,387130000C,(04)23274275,(04)23288582,2023,8,6,16,43,臺中市,太平區,0,0,0,7,2,6,50,4,2,1,5,4,6,6,1,1,5,2,5,2,14,49,3,10,3,1,B03,7,2,1,,2,8,,49,49,1,12,4,B03,120.71458,24.117406,3
2109,66000,387130000C,(04)23274275,(04)23288582,2023,8,6,16,43,臺中市,豐原區,0,1,0,7,2,6,50,4,1,1,5,4,6,6,3,1,5,5,4,1,17,11,3,10,3,1,B03,7,6,1,8,2,8,,11,11,1,12,4,B03,120.715284,24.241107,2
2110,66000,387130000C,(04)23274275,(04)23288582,2023,8,6,16,45,臺中市,南屯區,0,1,0,7,2,6,1,4,4,1,5,4,6,6,4,4,10,5,5,2,14,49,3,10,3,1,B03,7,2,1,8,2,7,,49,49,1,6,4,B03,120.628409,24.145055,2
2111,66000,387130000C,(04)23274275,(04)23288582,2023,8,6,16,45,臺中市,西屯區,0,2,0,7,3,6,30,5,9,1,5,4,6,6,4,4,10,5,5,2,17,84,2,9,1,1,C03,7,6,1,10,2,11,,84,84,1,13,4,C03,120.618756,24.175327,2
2112,66000,387130000C,(04)23274275,(04)23288582,2023,8,6,16,48,臺中市,東區,0,1,0,7,3,6,50,13,7,1,5,4,6,6,4,4,5,5,4,2,13,84,2,8,1,1,C03,7,9,3,19,2,11,,84,84,1,12,4,C03,120.706298,24.142278,2
2113,66000,387130000C,(04)23274275,(04)23288582,2023,8,6,16,48,臺中市,南屯區,0,3,0,7,3,6,50,13,9,1,5,4,6,6,1,1,3,4,5,2,13,7,2,9,1,1,C03,7,9,1,10,2,11,,7,7,1,12,4,C03,120.637184,24.15155,2
2114,66000,387130000C,(04)23274275,(04)23288582,2023,8,6,16,50,臺中市,太平區,0,0,0,7,,,50,,,,,,,,,,,,,,13,7,,,,,B03,,,1,,1,,,7,,1,6,4,B03,120.714343,24.149312,3
2115,66000,387130000C,(04)23274275,(04)23288582,2023,8,6,16,50,臺中市,沙鹿區,0,1,0,7,2,6,30,4,1,1,5,4,6,6,4,4,10,5,5,2,15,12,3,10,3,1,B03,7,9,1,8,2,5,,12,12,1,12,4,B03,120.56613,24.242182,2
2116,66000,387130000C,(04)23274275,(04)23288582,2023,8,6,16,54,臺中市,西屯區,0,0,0,7,,,50,,,,,,,,,,,,,,,7,,,,,C03,,,1,,1,,,7,7,1,12,4,C03,120.647907,24.174153,3
2117,66000,387130000C,(04)23274275,(04)23288582,2023,8,6,16,55,臺中市,豐原區,0,2,0,7,3,6,50,5,1,1,5,4,6,6,2,1,5,5,4,2,17,84,3,10,2,1,C03,7,5,1,10,2,12,,84,84,1,13,4,C03,120.72098,24.253744,2
2118,66000,387130000C,(04)23274275,(04)23288582,2023,8,6,16,59,臺中市,后里區,0,1,0,7,1,6,50,3,1,1,5,4,6,6,4,4,10,5,5,2,16,20,3,10,3,1,B03,7,6,1,8,2,5,,20,20,1,6,4,B03,120.714014,24.304725,2
2119,66000,387130000C,(04)23274275,(04)23288582,2023,8,6,17,5,臺中市,龍井區,0,1,0,7,3,6,30,13,9,1,5,4,6,6,4,4,10,5,5,2,10,41,2,9,2,1,C03,7,9,3,19,2,11,,41,41,1,6,4,C03,120.547812,24.18435,2
2120,66000,387130000C,(04)23274275,(04)23288582,2023,8,6,17,8,臺中市,大里區,0,2,0,7,3,6,50,13,7,1,5,4,6,6,4,4,5,5,4,2,16,51,2,9,4,1,F01,7,1,7,21,2,14,,51,51,1,4,4,F01,120.679379,24.107262,2
2121,66000,387130000C,(04)23274275,(04)23288582,2023,8,6,17,9,臺中市,東區,0,1,0,7,2,6,40,13,8,1,5,4,6,6,4,4,5,5,4,2,17,76,3,10,4,1,B03,7,13,1,8,2,4,,76,76,1,13,4,B03,120.702129,24.142872,2
2122,66000,387130000C,(04)23274275,(04)23288582,2023,8,6,17,19,臺中市,南屯區,0,2,0,7,3,6,50,4,1,1,5,4,6,6,2,1,10,5,5,2,12,8,2,9,2,1,C03,7,9,1,10,2,12,,8,8,1,13,4,C03,120.63254,24.145546,2
2123,66000,387130000C,(04)23274275,(04)23288582,2023,8,6,17,20,臺中市,新社區,0,1,0,7,2,6,50,4,1,1,5,4,6,6,3,1,10,5,5,2,15,20,2,9,1,1,C03,7,9,1,10,2,12,,20,20,1,7,4,C03,120.816045,24.202636,2
2124,66000,387130000C,(04)23274275,(04)23288582,2023,8,6,17,22,臺中市,中區,0,1,0,7,2,6,50,13,9,1,5,4,6,6,1,1,5,4,5,2,16,51,3,10,3,1,B03,7,7,1,8,2,2,,87,51,1,12,4,B03,120.684916,24.137577,2
2125,66000,387130000C,(04)23274275,(04)23288582,2023,8,6,17,23,臺中市,太平區,0,2,0,7,2,6,50,4,2,1,5,4,6,6,2,1,5,2,5,1,9,84,2,7,1,1,C03,7,6,1,10,2,14,,84,84,1,12,4,C03,120.735968,24.133066,2
2126,66000,387130000C,(04)23274275,(04)23288582,2023,8,6,17,25,臺中市,烏日區,0,0,0,7,,,50,,,,,,,,,,,,,,9,58,,,,,B03,,,1,,2,,,58,,1,6,4,B03,120.614212,24.11719,3
2127,66000,387130000C,(04)23274275,(04)23288582,2023,8,6,17,30,臺中市,南屯區,0,1,0,7,1,6,50,4,1,1,5,4,6,6,4,4,5,4,4,2,15,12,3,10,5,4,B03,7,9,1,8,2,8,,12,12,1,13,4,B03,120.65073,24.130764,2
2128,66000,387130000C,(04)23274275,(04)23288582,2023,8,6,17,37,臺中市,西屯區,0,0,0,7,,,50,,,,,,,,,,,,,,15,84,,,,,B12,,,1,,1,,,84,,1,12,4,B12,120.643753,24.191553,3
2129,66000,387130000C,(04)23274275,(04)23288582,2023,8,6,17,37,臺中市,烏日區,0,0,0,7,1,6,50,3,1,1,5,4,6,6,1,1,1,2,5,1,17,84,,,,,B03,,,1,,2,,,84,84,1,12,4,B03,120.616844,24.116186,3
2130,66000,387130000C,(04)23274275,(04)23288582,2023,8,6,17,40,臺中市,南區,0,0,0,6,,,40,,,,,,,,,,,,,,,51,,,,,B03,,,1,,2,,,51,,1,12,4,B03,120.661368,24.113426,3
2131,66000,387130000C,(04)23274275,(04)23288582,2023,8,6,17,42,臺中市,大雅區,0,0,0,7,,,30,,,,,,,,,,,,,,13,7,,,,,B03,,,1,,2,,,7,,1,13,4,B03,120.648562,24.240331,3
2132,66000,387130000C,(04)23274275,(04)23288582,2023,8,6,17,51,臺中市,大雅區,0,0,0,7,,,50,,,,,,,,,,,,,,16,51,,,,,C03,,,1,,2,,,51,,1,13,4,C03,120.654792,24.229498,3
2133,66000,387130000C,(04)23274275,(04)23288582,2023,8,6,17,55,臺中市,西屯區,0,1,0,7,2,6,50,13,9,1,5,4,6,6,4,4,1,5,1,2,17,39,3,10,3,1,B03,7,9,1,8,2,2,,39,39,1,13,4,B03,120.633855,24.176217,2
2134,66000,387130000C,(04)23274275,(04)23288582,2023,8,6,18,0,臺中市,大雅區,0,1,0,7,2,6,50,5,1,1,5,4,6,6,1,1,5,4,5,1,16,11,3,10,3,1,B03,7,6,1,8,2,2,,11,11,1,13,4,B03,120.65059,24.227383,2
2135,66000,387130000C,(04)23274275,(04)23288582,2023,8,6,18,0,臺中市,東區,0,0,0,7,,,50,,,,,,,,,,,,,,13,7,,,,,C03,,,1,,2,,,7,,1,12,4,C03,120.69096,24.140038,3
2136,66000,387130000C,(04)23274275,(04)23288582,2023,8,6,18,2,臺中市,西區,0,0,0,7,,,50,,,,,,,,,,,,,,,50,,,,,B01,,,1,4,2,,,50,50,1,13,4,B01,120.658897,24.152539,3
2137,66000,387130000C,(04)23274275,(04)23288582,2023,8,6,18,2,臺中市,南區,0,1,0,7,2,6,50,5,1,1,5,4,6,6,4,4,1,4,5,2,17,39,2,9,1,1,C04,7,15,1,11,2,11,,39,39,1,6,4,C04,120.661223,24.121347,2
2138,66000,387130000C,(04)23274275,(04)23288582,2023,8,6,18,3,臺中市,北區,0,0,0,7,,,50,,,,,,,,,,,,,,14,49,,,,,B03,,,1,,2,,,49,,1,13,4,B03,120.683665,24.15338,3
2139,66000,387130000C,(04)23274275,(04)23288582,2023,8,6,18,3,臺中市,清水區,0,2,0,7,2,6,50,5,1,1,5,4,6,6,1,1,10,5,5,2,13,59,2,9,1,1,C03,7,9,1,10,2,11,,59,59,1,6,4,C03,120.575373,24.278438,2
2140,66000,387130000C,(04)23274275,(04)23288582,2023,8,6,18,4,臺中市,沙鹿區,0,0,0,7,,,50,,,,,,,,,,,,,,,49,,,,,B03,,,1,,2,,,49,49,1,12,4,B03,120.568556,24.231774,3
2141,66000,387130000C,(04)23274275,(04)23288582,2023,8,6,18,8,臺中市,太平區,0,2,0,7,1,6,50,4,1,1,5,4,6,6,1,1,10,5,5,2,16,84,2,9,1,1,C03,7,5,1,10,2,14,,84,84,1,6,4,C03,120.718218,24.148845,2
2142,66000,387130000C,(04)23274275,(04)23288582,2023,8,6,18,10,臺中市,沙鹿區,0,0,0,7,,,50,,,,,,,,,,,,,,13,58,,,,,C03,,,1,,2,,,58,,1,6,4,C03,120.564899,24.240908,3
2143,66000,387130000C,(04)23274275,(04)23288582,2023,8,6,18,14,臺中市,東勢區,0,2,0,7,2,6,60,3,1,1,5,4,6,6,4,4,4,5,4,1,16,87,2,9,1,4,C03,7,9,1,10,2,11,,84,87,1,12,4,C03,120.822999,24.270307,2
2144,66000,387130000C,(04)23274275,(04)23288582,2023,8,6,18,18,臺中市,神岡區,0,1,0,7,3,6,50,18,9,1,5,4,6,6,4,4,5,5,5,1,27,53,2,9,5,1,B03,7,15,1,8,8,1,,53,53,1,6,4,B03,120.693732,24.236809,2
2145,66000,387130000C,(04)23274275,(04)23288582,2023,8,6,18,21,臺中市,西屯區,0,0,0,7,,,40,,,,,,,,,,,,,,14,49,,,,,B03,,,1,,1,,,49,,1,13,4,B03,120.633927,24.161693,3
2146,66000,387130000C,(04)23274275,(04)23288582,2023,8,6,18,27,臺中市,北屯區,0,2,0,7,2,6,50,13,7,1,5,4,6,6,4,4,1,4,4,2,13,7,2,9,5,4,C03,7,9,1,10,2,11,,7,7,1,12,4,C03,120.662703,24.18788,2
2147,66000,387130000C,(04)23274275,(04)23288582,2023,8,6,18,35,臺中市,霧峰區,0,0,0,7,,,50,,,,,,,,,,,,,,,58,,,,,B03,,,1,,2,,,58,58,1,12,4,B03,120.709396,24.07913,3
2148,66000,387130000C,(04)23274275,(04)23288582,2023,8,6,18,35,臺中市,龍井區,0,1,0,7,1,6,50,13,9,2,5,4,6,6,4,4,5,4,5,1,13,59,2,9,1,1,C03,7,9,1,10,2,11,,59,59,1,6,2,C03,120.583336,24.179232,2
2149,66000,387130000C,(04)23274275,(04)23288582,2023,8,6,18,40,臺中市,霧峰區,0,0,0,7,,,50,,,,,,,,,,,,,,,119,,,,,,,,,,,,,119,,1,,,,120.698031,24.059435,3
2150,66000,387130000C,(04)23274275,(04)23288582,2023,8,6,18,48,臺中市,太平區,0,0,0,7,,,50,,,,,,,,,,,,,,13,7,,,,,C03,,,1,,1,,,7,,1,12,4,C03,120.714343,24.149312,3
2151,66000,387130000C,(04)23274275,(04)23288582,2023,8,6,19,0,臺中市,沙鹿區,0,0,0,7,,,50,,,,,,,,,,,,,,,59,,,,,B03,,,1,,1,,,59,,1,6,4,B03,120.562399,24.240498,4
2152,66000,387130000C,(04)23274275,(04)23288582,2023,8,6,19,7,臺中市,烏日區,0,0,0,7,,,50,,,,,,,,,,,,,,16,11,,,,,B03,,,5,,2,,,11,,1,12,4,B03,120.618104,24.105718,4
2153,66000,387130000C,(04)23274275,(04)23288582,2023,8,6,19,20,臺中市,西屯區,0,0,0,7,,,50,,,,,,,,,,,,,,13,7,,,,,B03,,,1,,2,,,7,,1,6,4,B03,120.625002,24.182084,3
2154,66000,387130000C,(04)23274275,(04)23288582,2023,8,6,19,20,臺中市,豐原區,0,1,0,7,3,6,50,4,2,1,5,4,6,6,1,1,3,4,5,2,17,59,2,9,1,1,C03,7,9,1,10,5,12,,59,59,1,12,4,C03,120.760429,24.277057,2
2155,66000,387130000C,(04)23274275,(04)23288582,2023,8,6,19,26,臺中市,北屯區,0,2,0,7,1,6,30,3,1,1,5,4,6,6,4,4,10,5,5,2,16,14,2,9,1,1,C03,7,6,1,10,2,14,,14,14,1,12,4,C03,120.666352,24.191755,2
2156,66000,387130000C,(04)23274275,(04)23288582,2023,8,6,19,28,臺中市,大里區,0,1,0,7,1,6,50,13,9,1,5,4,6,6,4,4,5,4,5,1,17,59,2,9,5,4,C03,7,9,1,10,2,11,,59,59,1,13,4,C03,120.674539,24.100539,2
2157,66000,387130000C,(04)23274275,(04)23288582,2023,8,6,19,29,臺中市,南屯區,0,0,0,7,,,50,,,,,,,,,,,,,,16,14,,,,,B03,,,1,,1,,,14,,1,6,4,B03,120.624019,24.140787,3
2158,66000,387130000C,(04)23274275,(04)23288582,2023,8,6,19,29,臺中市,北屯區,0,0,0,7,,,50,,,,,,,,,,,,,,,7,,,,,B03,,,1,,1,,,7,,1,13,4,B03,120.676157,24.199932,3