序號,縣市別代碼,機關代碼,市話,傳真,年,月,日,時,分,縣市,區,死亡數量,受傷數量,2-30,天候,光線,道路類別,速限,道路型態,事故位置,路面鋪裝,路面狀態,路面缺陷,障礙物,視距,號誌種類,號誌動作,分向設施,快車道或一般車道間,快慢車道間,路面邊線,事故類型及型態,主要肇因,受傷程度,主要傷處,保護裝備,行動電話,當事者區分(類別),車輛用途,當事者行動狀態,駕駛資格情形,駕駛執照種類,飲酒情形,車輛撞擊部位最初,車輛撞擊部位其他,肇事因素個別,肇事因素主要,肇事逃逸,職業,旅次目的,車種,GPS座標X,GPS座標Y,事故類別
2159,66000,387130000C,(04)23274275,(04)23288582,2023,8,6,19,29,臺中市,西屯區,0,1,0,7,1,6,50,4,9,1,5,4,6,6,2,1,9,3,5,1,13,84,2,9,1,1,C03,7,9,1,10,2,11,,84,84,1,13,2,C03,120.658712,24.166447,2
2160,66000,387130000C,(04)23274275,(04)23288582,2023,8,6,19,29,臺中市,沙鹿區,0,0,0,7,,,50,,,,,,,,,,,,,,,59,,,,,B03,,,1,,2,,,59,,1,12,4,B03,120.574637,24.231897,3
2161,66000,387130000C,(04)23274275,(04)23288582,2023,8,6,19,31,臺中市,南區,0,1,0,7,1,6,50,3,1,1,5,4,6,6,1,1,10,5,5,2,12,8,3,10,3,1,B03,7,9,1,8,2,2,,8,8,1,12,4,B03,120.668646,24.119048,2
2162,66000,387130000C,(04)23274275,(04)23288582,2023,8,6,19,33,臺中市,大里區,0,1,0,7,1,6,60,4,2,1,5,4,6,6,1,1,3,2,4,2,13,7,2,9,1,1,C03,7,9,2,19,2,11,,7,7,1,4,4,C03,120.665723,24.106165,2
2163,66000,387130000C,(04)23274275,(04)23288582,2023,8,6,19,35,臺中市,北屯區,0,1,0,7,1,6,50,3,1,1,5,4,6,6,4,4,10,5,5,2,16,20,3,10,3,1,B03,7,5,1,8,2,2,,20,20,1,12,4,B03,120.720247,24.176072,2
2164,66000,387130000C,(04)23274275,(04)23288582,2023,8,6,19,35,臺中市,沙鹿區,0,0,0,7,,,50,,,,,,,,,,,,,,17,51,,,,,B03,,,1,,2,,,51,51,1,12,4,B03,120.59865,24.252942,3
2165,66000,387130000C,(04)23274275,(04)23288582,2023,8,6,19,38,臺中市,南屯區,0,1,0,7,1,6,50,13,9,1,5,4,6,6,1,1,5,4,5,2,12,8,2,9,1,1,C03,7,9,2,19,2,14,,8,8,1,12,4,C03,120.635213,24.151303,2
2166,66000,387130000C,(04)23274275,(04)23288582,2023,8,6,19,40,臺中市,西屯區,0,0,0,7,,,30,,,,,,,,,,,,,,,8,,,,,B03,,,1,,1,,,8,,1,12,4,B03,120.662172,24.168846,3
2167,66000,387130000C,(04)23274275,(04)23288582,2023,8,6,19,42,臺中市,中區,0,1,0,7,2,6,50,4,1,1,5,4,6,6,2,1,10,5,5,2,13,84,2,9,1,1,C03,7,15,1,10,2,14,,84,84,1,12,4,C03,120.682905,24.140778,2
2168,66000,387130000C,(04)23274275,(04)23288582,2023,8,6,19,43,臺中市,南區,0,0,0,7,,,50,,,,,,,,,,,,,,,7,,,,,B03,,,1,,2,,,7,,1,13,4,B03,120.652279,24.112742,3
2169,66000,387130000C,(04)23274275,(04)23288582,2023,8,6,19,46,臺中市,西屯區,0,0,0,7,,,50,,,,,,,,,,,,,,,26,,,,,B03,,,1,,2,,,26,,1,13,4,B03,120.639967,24.185145,3
2170,66000,387130000C,(04)23274275,(04)23288582,2023,8,6,19,53,臺中市,大里區,0,2,0,7,1,6,50,4,1,1,5,4,6,6,2,1,5,4,4,2,16,20,2,9,5,4,C03,7,6,1,10,2,11,,20,20,1,13,4,C03,120.690057,24.1098,2
2171,66000,387130000C,(04)23274275,(04)23288582,2023,8,6,20,0,臺中市,南屯區,0,0,0,7,,,40,,,,,,,,,,,,,,,49,,,,,C03,,,1,,9,,,87,49,1,13,4,C03,120.633981,24.144971,3
2172,66000,387130000C,(04)23274275,(04)23288582,2023,8,6,20,1,臺中市,豐原區,0,0,0,7,,,60,,,,,,,,,,,,,,13,7,,,,,C03,,,1,,2,,,7,,1,12,4,C03,120.703331,24.241395,3
2173,66000,387130000C,(04)23274275,(04)23288582,2023,8,6,20,3,臺中市,西屯區,0,0,0,7,,,50,,,,,,,,,,,,,,12,8,,,,,B03,,,1,,1,,,8,,1,12,4,B03,120.619691,24.184553,3
2174,66000,387130000C,(04)23274275,(04)23288582,2023,8,6,20,5,臺中市,大肚區,0,0,0,7,,,60,,,,,,,,,,,,,,,84,,,,,B03,,,1,,2,,,84,84,1,6,4,B03,120.582783,24.171953,3
2175,66000,387130000C,(04)23274275,(04)23288582,2023,8,6,20,13,臺中市,北屯區,0,0,0,7,,,30,,,,,,,,,,,,,,13,59,,,,,B03,,,1,,1,,,59,,1,13,4,B03,120.684774,24.200893,3
2176,66000,387130000C,(04)23274275,(04)23288582,2023,8,6,20,13,臺中市,西屯區,0,0,0,7,,,50,,,,,,,,,,,,,,,25,,,,,C03,,,1,,1,,,25,,1,13,4,C03,120.59479,24.190714,3
2177,66000,387130000C,(04)23274275,(04)23288582,2023,8,6,20,14,臺中市,西屯區,0,0,0,7,,,50,,,,,,,,,,,,,,13,7,,,,,C03,,,1,,1,,,7,,1,13,4,C03,120.624725,24.173291,3
2178,66000,387130000C,(04)23274275,(04)23288582,2023,8,6,20,16,臺中市,南區,0,1,0,7,1,6,50,13,9,1,5,4,6,6,4,4,1,4,5,2,13,7,2,9,2,1,C03,7,9,1,10,2,11,,7,7,1,12,4,C03,120.652498,24.122127,2
2179,66000,387130000C,(04)23274275,(04)23288582,2023,8,6,20,20,臺中市,龍井區,0,0,0,7,,,50,,,,,,,,,,,,,,,84,,,,,B03,,,1,,2,,,84,84,1,6,4,B03,120.57398,24.185536,3
2180,66000,387130000C,(04)23274275,(04)23288582,2023,8,6,20,21,臺中市,西屯區,0,0,0,7,,,40,,,,,,,,,,,,,,,39,,,,,C03,,,1,,2,,,39,,2,13,4,C03,120.663065,24.165506,3
2181,66000,387130000C,(04)23274275,(04)23288582,2023,8,6,20,23,臺中市,北屯區,0,0,0,7,,,80,,,,,,,,,,,,,,17,68,,,,,B12,,,1,,1,,,68,,1,6,4,B12,120.721453,24.180892,3
2182,66000,387130000C,(04)23274275,(04)23288582,2023,8,6,20,24,臺中市,南屯區,0,0,0,7,,,60,,,,,,,,,,,,,,13,7,,,,,B03,,,1,,1,,,7,,1,13,4,B03,120.623449,24.135318,3
2183,66000,387130000C,(04)23274275,(04)23288582,2023,8,6,20,30,臺中市,北屯區,0,0,0,7,,,50,,,,,,,,,,,,,,,84,,,,,B03,,,1,,1,,,84,,1,13,4,B03,120.708231,24.169606,3
2184,66000,387130000C,(04)23274275,(04)23288582,2023,8,6,20,32,臺中市,太平區,0,0,0,7,,,50,,,,,,,,,,,,,,16,1,,,,,B03,,,1,,2,,,1,,1,6,4,B03,120.716765,24.131839,3
2185,66000,387130000C,(04)23274275,(04)23288582,2023,8,6,20,40,臺中市,豐原區,0,0,0,7,,,50,,,,,,,,,,,,,,14,49,,,,,B03,,,1,,2,,,49,,1,13,4,B03,120.703172,24.246684,3
2186,66000,387130000C,(04)23274275,(04)23288582,2023,8,6,20,45,臺中市,西屯區,0,2,0,7,1,6,50,4,1,1,5,4,6,6,4,4,10,5,5,2,15,15,2,9,2,1,C03,7,9,1,10,2,11,,15,15,1,5,4,C03,120.589928,24.177167,2
2187,66000,387130000C,(04)23274275,(04)23288582,2023,8,6,20,45,臺中市,沙鹿區,0,0,0,7,,,50,,,,,,,,,,,,,,,45,,,,,B03,,,1,,2,,,45,,1,12,4,B03,120.575508,24.218094,3
2188,66000,387130000C,(04)23274275,(04)23288582,2023,8,6,20,48,臺中市,太平區,0,2,0,7,3,6,30,4,1,1,5,4,6,6,4,4,10,5,5,2,15,12,2,9,2,1,F03,7,9,7,21,2,11,,12,12,1,12,4,F03,120.719284,24.125931,2
2189,66000,387130000C,(04)23274275,(04)23288582,2023,8,6,20,50,臺中市,東區,0,0,0,7,,,50,,,,,,,,,,,,,,13,7,,,,,B03,,,1,,2,,,7,,1,6,4,B03,120.705816,24.137231,3
2190,66000,387130000C,(04)23274275,(04)23288582,2023,8,6,20,50,臺中市,太平區,0,0,0,7,,,50,,,,,,,,,,,,,,15,20,,,,,B03,,,1,,2,,,20,,1,12,4,B03,120.715358,24.159611,3
2191,66000,387130000C,(04)23274275,(04)23288582,2023,8,6,20,54,臺中市,西屯區,0,2,0,7,1,6,50,3,2,1,5,4,6,6,4,4,8,3,5,1,17,45,2,9,1,1,C03,7,11,1,10,2,13,,45,45,1,13,4,C03,120.621404,24.186485,2
2192,66000,387130000C,(04)23274275,(04)23288582,2023,8,6,21,8,臺中市,南屯區,0,0,0,7,,,50,,,,,,,,,,,,,,,59,,,,,B03,,,1,,2,,,59,,1,12,4,B03,120.607549,24.126694,3
2193,66000,387130000C,(04)23274275,(04)23288582,2023,8,6,21,8,臺中市,烏日區,0,1,0,6,1,6,40,10,17,1,5,4,6,6,4,4,10,5,5,1,13,7,3,10,3,1,B02,7,12,5,8,2,1,,7,7,1,12,4,B02,120.616633,24.119465,2
2194,66000,387130000C,(04)23274275,(04)23288582,2023,8,6,21,9,臺中市,北區,0,0,0,7,,,30,,,,,,,,,,,,,,15,12,,,,,B03,,,1,,1,,,12,,1,12,4,B03,120.679275,24.152817,3
2195,66000,387130000C,(04)23274275,(04)23288582,2023,8,6,21,19,臺中市,南屯區,0,0,0,7,,,50,,,,,,,,,,,,,,15,25,,,,,B01,,,1,,1,,,25,,1,12,4,B01,120.633066,24.139279,3
2196,66000,387130000C,(04)23274275,(04)23288582,2023,8,6,21,20,臺中市,西屯區,0,0,0,7,,,50,,,,,,,,,,,,,,16,11,,,,,B03,,,1,,1,,,11,,1,12,4,B03,120.6456,24.172605,3
2197,66000,387130000C,(04)23274275,(04)23288582,2023,8,6,21,25,臺中市,東區,0,2,0,7,1,6,50,4,1,1,5,4,6,6,1,1,10,5,5,2,12,42,2,9,1,1,F03,7,7,7,21,2,12,,42,42,1,12,4,F03,120.70384,24.138573,2
2198,66000,387130000C,(04)23274275,(04)23288582,2023,8,6,21,25,臺中市,大里區,0,0,0,7,,,50,,,,,,,,,,,,,,16,39,,,,,C03,,,1,,2,,,39,,1,5,4,C03,120.681737,24.11497,3
2199,66000,387130000C,(04)23274275,(04)23288582,2023,8,6,21,27,臺中市,清水區,0,0,0,7,,,30,,,,,,,,,,,,,,14,49,,,,,B03,,,1,,2,,,49,,1,12,4,B03,120.551098,24.264004,3
2200,66000,387130000C,(04)23274275,(04)23288582,2023,8,6,21,30,臺中市,北屯區,0,0,0,7,,,50,,,,,,,,,,,,,,16,25,,,,,B03,,,1,,2,,,25,25,1,12,4,B03,120.686582,24.201323,3
2201,66000,387130000C,(04)23274275,(04)23288582,2023,8,6,21,44,臺中市,烏日區,0,1,0,6,1,6,50,4,19,1,5,4,6,6,2,1,1,4,5,2,3,10,3,10,3,1,B03,7,6,1,8,2,5,,10,10,1,12,4,B03,120.615606,24.114009,2
2202,66000,387130000C,(04)23274275,(04)23288582,2023,8,6,21,46,臺中市,東區,0,2,0,7,1,6,50,3,2,1,5,4,6,6,1,1,5,5,5,2,13,59,2,7,2,1,C03,7,9,1,10,2,11,,59,59,1,5,4,C03,120.703713,24.131119,2
2203,66000,387130000C,(04)23274275,(04)23288582,2023,8,6,21,51,臺中市,神岡區,0,0,0,7,,,50,,,,,,,,,,,,,,,14,,,,,B03,,,1,,2,,,14,,1,13,4,B03,120.698841,24.251031,3
2204,66000,387130000C,(04)23274275,(04)23288582,2023,8,6,21,53,臺中市,西區,0,0,0,7,,,50,,,,,,,,,,,,,,13,51,,,,,B03,,,1,,1,,,51,,1,13,4,B03,120.671247,24.145505,3
2205,66000,387130000C,(04)23274275,(04)23288582,2023,8,6,21,57,臺中市,西屯區,0,2,0,7,1,6,40,13,7,1,5,4,6,6,4,4,5,4,4,2,17,40,2,9,3,1,B03,7,8,1,8,2,8,,40,40,1,13,4,B03,120.650366,24.176174,2
2206,66000,387130000C,(04)23274275,(04)23288582,2023,8,6,22,35,臺中市,豐原區,0,1,0,7,1,6,50,13,7,1,5,4,6,6,1,1,9,4,4,1,13,59,2,9,3,1,B03,7,14,1,8,2,1,,59,59,1,13,4,B03,120.747789,24.26693,2
2207,66000,387130000C,(04)23274275,(04)23288582,2023,8,6,22,40,臺中市,南區,0,2,0,7,1,6,50,4,1,1,5,4,6,6,4,4,5,5,4,2,15,13,2,9,2,1,C03,7,9,1,10,2,11,,13,13,1,6,2,C03,120.68408,24.130691,2
2208,66000,387130000C,(04)23274275,(04)23288582,2023,8,6,22,45,臺中市,西屯區,0,0,0,7,,,60,,,,,,,,,,,,,,12,40,,,,,B03,,,1,,1,,,40,,1,6,4,B03,120.655914,24.158943,3
2209,66000,387130000C,(04)23274275,(04)23288582,2023,8,6,22,50,臺中市,大雅區,0,0,0,7,,,30,,,,,,,,,,,,,,14,49,,,,,B12,,,1,,1,,,49,,1,13,4,B12,120.644046,24.204437,3
2210,66000,387130000C,(04)23274275,(04)23288582,2023,8,6,23,1,臺中市,大雅區,0,1,0,7,3,6,50,13,9,1,5,4,6,6,4,4,5,4,4,1,12,76,3,10,3,1,B03,7,14,1,8,2,2,,76,76,1,13,4,B03,120.654428,24.229621,2
2211,66000,387130000C,(04)23274275,(04)23288582,2023,8,6,23,2,臺中市,潭子區,0,0,0,7,,,50,,,,,,,,,,,,,,13,7,,,,,B03,,,1,,2,,,7,,1,12,4,B03,120.706031,24.200805,3
2212,66000,387130000C,(04)23274275,(04)23288582,2023,8,6,23,13,臺中市,南屯區,0,1,0,7,1,6,40,13,8,1,5,4,5,6,4,4,1,5,1,2,30,5,2,9,1,1,C03,7,9,1,10,2,11,,5,5,1,12,4,C03,120.607798,24.151187,2
2213,66000,387130000C,(04)23274275,(04)23288582,2023,8,7,0,16,臺中市,北區,0,1,0,7,1,6,50,4,4,1,5,4,6,6,1,1,10,5,5,2,13,84,3,10,3,1,B03,7,9,1,8,2,5,,84,84,1,12,4,B03,120.687735,24.164993,2
2214,66000,387130000C,(04)23274275,(04)23288582,2023,8,7,0,23,臺中市,梧棲區,0,1,0,7,1,6,40,4,1,1,5,4,6,6,1,1,10,5,5,2,15,21,3,10,3,1,B03,7,9,1,6,2,1,,21,21,1,6,4,B03,120.538681,24.249161,2
2215,66000,387130000C,(04)23274275,(04)23288582,2023,8,7,0,40,臺中市,太平區,0,1,0,7,1,6,50,13,9,1,5,4,6,6,4,4,5,4,5,1,17,45,3,10,3,1,B03,7,11,3,19,2,4,,45,45,1,13,4,B03,120.715526,24.133708,2
2216,66000,387130000C,(04)23274275,(04)23288582,2023,8,7,1,16,臺中市,南屯區,0,1,0,7,1,6,50,4,1,1,5,4,6,6,3,1,5,5,5,2,15,24,2,9,5,4,C03,7,9,1,10,2,11,,24,24,1,13,4,C03,120.642632,24.148797,2
2217,66000,387130000C,(04)23274275,(04)23288582,2023,8,7,1,30,臺中市,大雅區,0,0,0,7,,,30,,,,,,,,,,,,,,,87,,,,,C03,,,1,,1,,,87,,1,12,4,C03,120.644537,24.228163,3
2218,66000,387130000C,(04)23274275,(04)23288582,2023,8,7,1,38,臺中市,烏日區,0,2,0,6,1,6,50,4,2,1,5,4,6,6,2,1,5,5,4,1,11,84,3,10,3,1,B03,7,5,1,8,3,1,,84,84,1,12,4,B03,120.64936,24.093584,2
2219,66000,387130000C,(04)23274275,(04)23288582,2023,8,7,2,21,臺中市,南屯區,0,0,0,7,,,50,,,,,,,,,,,,,,12,20,,,,,C04,,,1,,1,,,20,,1,12,4,C04,120.635213,24.151303,3
2220,66000,387130000C,(04)23274275,(04)23288582,2023,8,7,5,59,臺中市,西屯區,0,0,0,7,,,50,,,,,,,,,,,,,,,49,,,,,B03,,,1,,1,,,49,,1,13,4,B03,120.621396,24.178541,3
2221,66000,387130000C,(04)23274275,(04)23288582,2023,8,7,6,21,臺中市,南屯區,0,1,0,7,2,6,50,13,9,1,5,4,6,6,4,4,9,5,5,2,12,84,3,10,5,4,B03,7,11,1,8,2,8,,84,84,1,13,4,B03,120.597189,24.150312,2
2222,66000,387130000C,(04)23274275,(04)23288582,2023,8,7,6,37,臺中市,烏日區,0,4,0,7,3,6,30,4,1,1,5,4,6,6,4,4,10,5,5,2,16,15,2,9,2,1,F03,7,9,7,21,2,12,,15,15,1,12,4,F03,120.643829,24.063422,2
2223,66000,387130000C,(04)23274275,(04)23288582,2023,8,7,6,38,臺中市,北屯區,0,0,0,7,,,50,,,,,,,,,,,,,,,35,,,,,B13,,,1,,1,,,35,35,1,13,4,B13,120.671086,24.200141,3
2224,66000,387130000C,(04)23274275,(04)23288582,2023,8,7,6,40,臺中市,大里區,0,3,0,7,2,6,50,13,7,1,5,4,6,6,4,4,1,4,4,1,17,45,2,9,1,1,C03,7,11,1,10,2,14,,45,45,1,6,4,C03,120.694952,24.089017,2
2225,66000,387130000C,(04)23274275,(04)23288582,2023,8,7,6,41,臺中市,西屯區,0,2,0,7,3,6,30,3,1,1,5,4,6,6,4,4,10,5,5,2,16,6,2,9,2,1,C03,7,9,3,19,2,12,,6,6,1,12,4,C03,120.65052,24.202748,2
2226,66000,387130000C,(04)23274275,(04)23288582,2023,8,7,6,41,臺中市,西屯區,0,0,0,7,,,50,,,,,,,,,,,,,,,84,,,,,B03,,,1,,1,,,84,,1,13,4,B03,120.632775,24.180337,3
2227,66000,387130000C,(04)23274275,(04)23288582,2023,8,7,6,46,臺中市,潭子區,0,0,0,7,,,50,,,,,,,,,,,,,,,8,,,,,B03,,,1,,2,,,8,,2,13,4,B03,120.706818,24.207054,3
2228,66000,387130000C,(04)23274275,(04)23288582,2023,8,7,6,49,臺中市,北區,0,1,0,7,1,6,50,3,1,1,5,4,6,6,4,4,10,5,5,2,16,14,3,10,3,1,B03,7,5,1,8,2,2,,14,14,1,12,4,B03,120.675821,24.156461,2
2229,66000,387130000C,(04)23274275,(04)23288582,2023,8,7,6,51,臺中市,東勢區,0,0,0,7,,,50,,,,,,,,,,,,,,13,84,,,,,B03,,,1,,1,,,84,84,1,12,4,B03,120.826502,24.252819,3
2230,66000,387130000C,(04)23274275,(04)23288582,2023,8,7,6,53,臺中市,南屯區,0,2,0,7,3,6,50,13,9,1,5,4,6,6,4,4,1,4,5,2,13,8,2,9,2,1,C03,7,9,1,10,2,11,,8,8,1,12,4,C03,120.648167,24.123412,2
2231,66000,387130000C,(04)23274275,(04)23288582,2023,8,7,7,3,臺中市,北屯區,0,1,0,7,2,6,50,3,1,1,5,4,6,6,4,4,10,5,5,2,17,45,3,10,3,1,B03,7,11,1,8,2,6,,45,45,1,12,4,B03,120.699055,24.16092,2
2232,66000,387130000C,(04)23274275,(04)23288582,2023,8,7,7,7,臺中市,北屯區,0,0,0,7,,,80,,,,,,,,,,,,,,,84,,,,,B03,,,1,,1,,,84,,1,12,4,B03,120.68847,24.201012,3
2233,66000,387130000C,(04)23274275,(04)23288582,2023,8,7,7,8,臺中市,東區,0,0,0,7,,,50,,,,,,,,,,,,,,,7,,,,,C03,,,1,,2,,,7,7,1,13,4,C03,120.703049,24.140244,3
2234,66000,387130000C,(04)23274275,(04)23288582,2023,8,7,7,10,臺中市,龍井區,0,0,0,7,,,40,,,,,,,,,,,,,,13,59,,,,,B03,,,1,,2,,,59,59,1,6,4,B03,120.586094,24.220587,3
2235,66000,387130000C,(04)23274275,(04)23288582,2023,8,7,7,10,臺中市,沙鹿區,0,0,0,7,2,6,50,4,9,1,5,4,6,6,4,4,4,4,5,1,15,6,,,,,B12,,,1,,2,,,6,6,1,12,4,B12,120.567624,24.254908,3
2236,66000,387130000C,(04)23274275,(04)23288582,2023,8,7,7,14,臺中市,西屯區,0,1,0,7,2,6,50,3,1,1,5,4,6,6,4,4,10,5,5,2,16,14,3,10,3,1,B03,7,6,1,8,2,1,,14,14,1,12,4,B03,120.641444,24.183672,2
2237,66000,387130000C,(04)23274275,(04)23288582,2023,8,7,7,15,臺中市,豐原區,0,1,0,7,2,6,30,3,2,1,5,4,6,6,4,4,4,4,4,1,17,14,3,10,3,1,B03,7,6,1,8,2,8,,14,14,1,6,4,B03,120.728716,24.246636,2
2238,66000,387130000C,(04)23274275,(04)23288582,2023,8,7,7,16,臺中市,烏日區,0,1,0,7,2,6,50,8,8,1,5,4,6,6,4,4,9,5,4,2,13,7,3,10,2,1,C03,7,9,1,10,2,11,,7,7,1,12,4,C03,120.630146,24.108664,2
2239,66000,387130000C,(04)23274275,(04)23288582,2023,8,7,7,22,臺中市,大雅區,0,0,0,7,2,6,70,5,1,1,5,4,6,6,1,1,3,4,5,1,13,7,,,,,B03,,,1,,1,,,7,,1,12,4,B03,120.630599,24.24065,3
2240,66000,387130000C,(04)23274275,(04)23288582,2023,8,7,7,22,臺中市,大雅區,0,2,0,7,3,6,50,5,1,1,5,4,6,6,1,1,10,5,5,2,17,20,3,10,3,1,B03,7,6,1,8,2,1,,20,20,1,12,4,B03,120.665784,24.236422,2
2241,66000,387130000C,(04)23274275,(04)23288582,2023,8,7,7,22,臺中市,西屯區,0,2,0,7,3,6,30,13,9,1,5,4,6,6,4,4,10,5,5,2,17,51,2,9,5,4,C03,7,1,1,10,2,15,,51,51,1,13,4,C03,120.621321,24.181409,2
2242,66000,387130000C,(04)23274275,(04)23288582,2023,8,7,7,24,臺中市,南屯區,0,1,0,7,2,6,30,3,1,1,5,4,6,6,4,4,5,5,4,2,16,12,3,10,3,1,B03,7,6,1,8,2,5,,12,12,1,13,4,B03,120.612511,24.152286,2
2243,66000,387130000C,(04)23274275,(04)23288582,2023,8,7,7,25,臺中市,大雅區,0,0,0,7,,,50,,,,,,,,,,,,,,,87,,,,,C03,,,1,,9,,,87,,1,12,4,C03,120.648638,24.225859,3
2244,66000,387130000C,(04)23274275,(04)23288582,2023,8,7,7,25,臺中市,南屯區,0,0,0,7,,,50,,,,,,,,,,,,,,13,8,,,,,B03,,,1,8,1,,,8,8,1,12,4,B03,120.635711,24.143383,3
2245,66000,387130000C,(04)23274275,(04)23288582,2023,8,7,7,26,臺中市,中區,0,0,0,7,,,50,,,,,,,,,,,,,,13,7,,,,,B03,,,1,,1,,,7,7,1,12,4,B03,120.682279,24.135795,3
2246,66000,387130000C,(04)23274275,(04)23288582,2023,8,7,7,27,臺中市,南屯區,0,0,0,7,,,40,,,,,,,,,,,,,,9,51,,,,,B02,,,1,,2,,,51,51,1,6,4,B02,120.640585,24.144931,3
2247,66000,387130000C,(04)23274275,(04)23288582,2023,8,7,7,30,臺中市,梧棲區,0,1,0,7,2,6,30,13,9,1,5,3,6,6,4,4,10,5,5,1,18,87,2,9,1,1,C03,7,9,1,10,2,12,,87,87,1,6,4,C03,120.543812,24.233312,2
2248,66000,387130000C,(04)23274275,(04)23288582,2023,8,7,7,31,臺中市,太平區,0,1,0,7,3,6,50,4,1,1,5,4,6,6,1,1,10,5,5,2,16,39,2,9,1,1,C03,7,9,1,10,2,11,,39,39,1,12,4,C03,120.716233,24.133508,2
2249,66000,387130000C,(04)23274275,(04)23288582,2023,8,7,7,34,臺中市,南區,0,1,0,7,2,6,50,13,8,1,5,4,6,6,4,4,1,3,4,2,13,7,2,9,1,1,C03,7,9,1,10,2,11,,7,7,1,12,4,C03,120.651639,24.112762,2
2250,66000,387130000C,(04)23274275,(04)23288582,2023,8,7,7,35,臺中市,北屯區,0,2,0,7,3,6,30,4,1,1,5,4,6,6,4,4,10,5,5,2,15,15,2,8,5,4,C03,7,9,1,10,2,11,,15,15,1,13,4,C03,120.695101,24.161859,2
2251,66000,387130000C,(04)23274275,(04)23288582,2023,8,7,7,35,臺中市,豐原區,0,1,0,7,2,6,50,4,1,1,5,4,6,6,4,4,10,5,5,2,15,12,3,10,3,1,B03,7,9,1,8,2,4,,12,12,1,13,4,B03,120.715708,24.245743,2
2252,66000,387130000C,(04)23274275,(04)23288582,2023,8,7,7,36,臺中市,潭子區,0,1,0,7,2,6,50,13,12,1,5,4,6,6,4,4,1,4,4,1,13,58,3,10,2,1,C03,7,9,1,10,2,11,,58,58,1,12,4,C03,120.682023,24.215825,2
2253,66000,387130000C,(04)23274275,(04)23288582,2023,8,7,7,36,臺中市,東區,0,2,0,7,3,6,50,4,1,1,5,4,6,6,1,1,10,5,5,2,16,14,2,9,1,1,C03,7,5,1,10,2,12,,14,14,1,12,4,C03,120.697147,24.138874,2
2254,66000,387130000C,(04)23274275,(04)23288582,2023,8,7,7,36,臺中市,清水區,0,2,0,7,3,6,50,3,1,1,5,4,6,6,2,1,1,4,4,1,17,42,2,7,4,1,F01,7,15,7,21,1,13,,42,42,1,2,4,F01,120.554005,24.260559,2
2255,66000,387130000C,(04)23274275,(04)23288582,2023,8,7,7,36,臺中市,后里區,0,0,0,7,1,6,60,4,1,1,5,4,6,6,1,1,1,5,5,1,13,7,,,,,B03,,,1,,2,,,7,,1,13,4,B03,120.705259,24.315385,3
2256,66000,387130000C,(04)23274275,(04)23288582,2023,8,7,7,37,臺中市,豐原區,0,0,0,7,,,50,,,,,,,,,,,,,,,14,,,,,B03,,,1,,2,,,14,,1,6,4,B03,120.713244,24.261649,3
2257,66000,387130000C,(04)23274275,(04)23288582,2023,8,7,7,39,臺中市,豐原區,0,0,0,7,,,50,,,,,,,,,,,,,,,7,,,,,B12,,,1,,2,,,7,,1,13,4,B12,120.720217,24.264003,3
2258,66000,387130000C,(04)23274275,(04)23288582,2023,8,7,7,40,臺中市,北屯區,0,1,0,7,2,6,50,13,7,1,5,4,6,6,4,4,9,5,4,2,17,46,2,9,1,1,C03,7,11,1,10,2,11,,46,46,1,12,4,C03,120.726414,24.15931,2
2259,66000,387130000C,(04)23274275,(04)23288582,2023,8,7,7,40,臺中市,龍井區,0,0,0,7,,,50,,,,,,,,,,,,,,,45,,,,,C03,,,1,,2,,,45,,1,13,4,C03,120.586722,24.188738,3
2260,66000,387130000C,(04)23274275,(04)23288582,2023,8,7,7,43,臺中市,北屯區,0,2,0,7,2,6,50,3,1,1,5,4,6,6,4,4,10,5,5,2,15,51,2,9,2,1,C03,7,1,1,10,2,12,,51,51,1,12,4,C03,120.714946,24.174145,2
2261,66000,387130000C,(04)23274275,(04)23288582,2023,8,7,7,45,臺中市,潭子區,0,2,0,7,3,6,50,3,1,1,5,4,6,6,4,4,5,4,4,2,3,28,2,9,2,1,C03,7,9,3,19,2,11,,28,28,1,13,4,C03,120.706282,24.203267,2
2262,66000,387130000C,(04)23274275,(04)23288582,2023,8,7,7,48,臺中市,南區,0,0,0,7,,,50,,,,,,,,,,,,,,13,84,,,,,C03,,,1,9,2,,,84,84,1,13,4,C03,120.657175,24.113683,3
2263,66000,387130000C,(04)23274275,(04)23288582,2023,8,7,7,49,臺中市,大里區,0,0,0,7,,,70,,,,,,,,,,,,,,13,7,,,,,B03,,,1,,2,,,7,,1,6,4,B03,120.664615,24.092688,3
2264,66000,387130000C,(04)23274275,(04)23288582,2023,8,7,7,50,臺中市,大雅區,0,1,0,7,2,6,30,11,9,1,5,4,6,6,4,4,10,5,5,2,19,59,2,9,1,1,C03,7,9,1,10,2,14,,59,59,1,12,4,C03,120.665364,24.238443,2
2265,66000,387130000C,(04)23274275,(04)23288582,2023,8,7,7,50,臺中市,西屯區,0,0,0,7,,,50,,,,,,,,,,,,,,17,84,,,,,B03,,,1,,1,,,84,,1,13,4,B03,120.593534,24.180452,3
2266,66000,387130000C,(04)23274275,(04)23288582,2023,8,7,7,50,臺中市,大里區,0,0,0,7,,,70,,,,,,,,,,,,,,13,7,,,,,B03,,,1,,2,,,7,,1,6,4,B03,120.66455,24.092609,3
2267,66000,387130000C,(04)23274275,(04)23288582,2023,8,7,7,50,臺中市,沙鹿區,0,0,0,7,,,30,,,,,,,,,,,,,,,84,,,,,C03,,,1,,2,,,84,84,1,13,4,C03,120.548855,24.229287,3