序號,縣市別代碼,機關代碼,市話,傳真,年,月,日,時,分,縣市,區,死亡數量,受傷數量,2-30,天候,光線,道路類別,速限,道路型態,事故位置,路面鋪裝,路面狀態,路面缺陷,障礙物,視距,號誌種類,號誌動作,分向設施,快車道或一般車道間,快慢車道間,路面邊線,事故類型及型態,主要肇因,受傷程度,主要傷處,保護裝備,行動電話,當事者區分(類別),車輛用途,當事者行動狀態,駕駛資格情形,駕駛執照種類,飲酒情形,車輛撞擊部位最初,車輛撞擊部位其他,肇事因素個別,肇事因素主要,肇事逃逸,職業,旅次目的,車種,GPS座標X,GPS座標Y,事故類別
2268,66000,387130000C,(04)23274275,(04)23288582,2023,8,7,7,50,臺中市,清水區,0,1,0,7,3,6,40,13,8,1,5,4,6,6,4,4,1,4,4,2,2,59,3,10,2,1,C03,7,9,1,10,2,11,,59,59,1,12,4,C03,120.572304,24.261429,2
2269,66000,387130000C,(04)23274275,(04)23288582,2023,8,7,7,52,臺中市,太平區,0,2,0,7,3,6,50,3,1,1,5,4,6,6,1,1,5,4,5,1,16,11,2,9,2,1,C03,7,6,1,10,2,11,,11,11,1,12,4,C03,120.714605,24.13574,2
2270,66000,387130000C,(04)23274275,(04)23288582,2023,8,7,7,54,臺中市,大里區,0,2,0,7,3,6,30,4,1,1,5,4,6,6,4,4,10,5,5,2,15,15,2,9,1,1,C03,7,9,1,10,2,12,,15,15,1,6,4,C03,120.70322,24.108385,2
2271,66000,387130000C,(04)23274275,(04)23288582,2023,8,7,7,55,臺中市,太平區,0,1,0,7,3,6,40,13,9,1,5,4,6,6,4,4,5,5,5,2,13,7,3,10,3,1,B03,7,9,1,8,11,8,,7,7,1,12,4,B03,120.703004,24.119504,2
2272,66000,387130000C,(04)23274275,(04)23288582,2023,8,7,7,55,臺中市,烏日區,0,0,0,7,,,60,,,,,,,,,,,,,,,40,,,,,A12,,,1,,2,,,87,40,1,12,4,A12,120.623381,24.104594,3
2273,66000,387130000C,(04)23274275,(04)23288582,2023,8,7,7,57,臺中市,烏日區,0,0,0,7,,,50,,,,,,,,,,,,,,,7,,,,,C03,,,1,,2,,,7,,1,12,4,C03,120.625741,24.110485,3
2274,66000,387130000C,(04)23274275,(04)23288582,2023,8,7,7,59,臺中市,南屯區,0,0,0,7,,,50,,,,,,,,,,,,,,16,45,,,,,B03,,,1,,1,,,45,,1,13,4,B03,120.610591,24.131987,3
2275,66000,387130000C,(04)23274275,(04)23288582,2023,8,7,7,59,臺中市,西屯區,0,1,0,7,2,6,40,3,1,1,5,4,6,6,4,4,10,5,5,2,16,45,3,10,3,1,B03,7,11,1,8,2,8,,45,45,1,13,4,B03,120.666289,24.178056,2
2276,66000,387130000C,(04)23274275,(04)23288582,2023,8,7,7,59,臺中市,太平區,0,2,0,7,3,6,30,3,1,1,5,4,6,6,4,4,10,5,5,2,11,41,2,9,1,1,C03,7,9,1,10,2,11,,41,41,1,12,4,C03,120.7332,24.111058,2
2277,66000,387130000C,(04)23274275,(04)23288582,2023,8,7,8,1,臺中市,北屯區,0,4,0,7,2,6,50,4,1,1,5,4,6,6,4,4,10,5,5,2,15,15,2,9,3,1,B03,7,9,1,8,2,2,,15,15,1,12,4,B03,120.706474,24.18131,2
2278,66000,387130000C,(04)23274275,(04)23288582,2023,8,7,8,3,臺中市,大雅區,0,0,0,7,2,6,30,13,9,1,5,4,6,6,4,4,10,5,5,2,16,50,,,,,B02,,,1,,2,,,50,,1,12,4,B02,120.650841,24.223361,3
2279,66000,387130000C,(04)23274275,(04)23288582,2023,8,7,8,4,臺中市,東勢區,0,0,0,7,,,60,,,,,,,,,,,,,,14,49,,,,,B03,,,1,,2,,,49,,1,12,4,B03,120.837983,24.225432,3
2280,66000,387130000C,(04)23274275,(04)23288582,2023,8,7,8,4,臺中市,豐原區,0,1,0,7,2,6,60,13,9,1,5,4,6,6,4,4,1,3,5,2,12,40,3,10,1,1,C03,7,8,1,10,2,13,,40,40,1,6,4,C03,120.716145,24.237012,2
2281,66000,387130000C,(04)23274275,(04)23288582,2023,8,7,8,5,臺中市,烏日區,0,0,0,7,,,50,,,,,,,,,,,,,,14,84,,,,,B03,,,1,,2,,,84,84,1,12,4,B03,120.641759,24.108973,3
2282,66000,387130000C,(04)23274275,(04)23288582,2023,8,7,8,6,臺中市,北區,0,1,0,7,2,6,50,4,1,1,5,4,6,6,1,1,10,5,5,2,12,21,3,10,5,4,C03,7,9,1,10,2,13,,21,21,1,12,4,C03,120.677303,24.151254,2
2283,66000,387130000C,(04)23274275,(04)23288582,2023,8,7,8,8,臺中市,西屯區,0,0,0,7,,,50,,,,,,,,,,,,,,,84,,,,,B03,,,1,,1,,,84,84,1,13,4,B03,120.615369,24.183119,3
2284,66000,387130000C,(04)23274275,(04)23288582,2023,8,7,8,10,臺中市,北區,0,2,0,7,3,6,50,13,9,1,5,4,6,6,4,4,10,5,5,2,13,59,3,10,3,1,B03,7,9,1,8,2,1,,59,59,1,13,4,B03,120.674204,24.165325,2
2285,66000,387130000C,(04)23274275,(04)23288582,2023,8,7,8,11,臺中市,東區,0,1,0,7,2,6,50,4,1,1,5,4,5,6,1,1,10,5,5,2,17,84,2,9,2,1,C03,7,6,2,19,2,12,,84,84,1,13,4,C03,120.69715,24.129606,2
2286,66000,387130000C,(04)23274275,(04)23288582,2023,8,7,8,13,臺中市,太平區,0,1,0,7,3,6,50,4,1,1,5,4,6,6,4,4,5,5,5,2,15,39,2,9,2,1,C03,7,9,1,10,2,12,,39,39,1,12,4,C03,120.718566,24.113739,2
2287,66000,387130000C,(04)23274275,(04)23288582,2023,8,7,8,14,臺中市,北屯區,0,0,0,7,,,50,,,,,,,,,,,,,,,7,,,,,C03,,,1,,1,,,7,,1,13,4,C03,120.687678,24.171873,3
2288,66000,387130000C,(04)23274275,(04)23288582,2023,8,7,8,15,臺中市,北屯區,0,2,0,6,3,6,50,3,1,1,5,4,6,6,4,4,1,5,5,2,16,14,3,10,5,4,B03,7,5,1,8,2,4,,14,14,1,13,4,B03,120.714151,24.164415,2
2289,66000,387130000C,(04)23274275,(04)23288582,2023,8,7,8,17,臺中市,北區,0,1,0,7,2,6,40,13,8,1,5,4,6,6,4,4,1,4,4,2,14,49,3,10,3,1,B03,7,2,1,8,2,8,,49,49,1,12,4,B03,120.684971,24.16247,2
2290,66000,387130000C,(04)23274275,(04)23288582,2023,8,7,8,17,臺中市,北屯區,0,0,0,7,,,50,,,,,,,,,,,,,,,7,,,,,C03,,,1,,1,,,7,,1,12,4,C03,120.72458,24.171477,3
2291,66000,387130000C,(04)23274275,(04)23288582,2023,8,7,8,17,臺中市,烏日區,0,0,0,7,,,40,,,,,,,,,,,,,,,8,,,,,B03,,,1,,2,,,8,,1,12,4,B03,120.607436,24.121947,3
2292,66000,387130000C,(04)23274275,(04)23288582,2023,8,7,8,18,臺中市,大里區,0,0,0,7,,,80,,,,,,,,,,,,,,13,59,,,,,B03,,,1,,2,,,59,,1,6,4,B03,120.682411,24.08175,3
2293,66000,387130000C,(04)23274275,(04)23288582,2023,8,7,8,18,臺中市,大里區,0,0,0,7,,,80,,,,,,,,,,,,,,13,7,,,,,B03,,,1,,2,,,7,,1,6,4,B03,120.682533,24.082186,3
2294,66000,387130000C,(04)23274275,(04)23288582,2023,8,7,8,24,臺中市,西區,0,1,0,6,2,6,50,11,9,1,5,4,6,6,1,1,3,4,5,2,18,43,3,10,3,1,B03,7,7,1,8,2,16,,84,43,1,12,4,B03,120.665413,24.143113,2
2295,66000,387130000C,(04)23274275,(04)23288582,2023,8,7,8,24,臺中市,西屯區,0,1,0,7,3,6,50,3,1,1,5,4,6,6,1,1,10,5,5,2,17,7,2,9,1,1,C03,7,9,1,10,2,11,,7,7,1,12,4,C03,120.645191,24.162759,2
2296,66000,387130000C,(04)23274275,(04)23288582,2023,8,7,8,25,臺中市,南屯區,0,0,0,7,,,80,,,,,,,,,,,,,,13,8,,,,,B03,,,1,,1,,,8,,1,12,4,B03,120.623033,24.140267,3
2297,66000,387130000C,(04)23274275,(04)23288582,2023,8,7,8,25,臺中市,北屯區,0,2,0,7,2,6,50,4,1,1,5,4,6,6,2,1,10,5,5,2,13,7,2,9,1,1,C03,7,9,1,10,2,11,,7,7,1,12,4,C03,120.697745,24.170349,2
2298,66000,387130000C,(04)23274275,(04)23288582,2023,8,7,8,28,臺中市,沙鹿區,0,0,0,7,,,40,,,,,,,,,,,,,,13,57,,,,,C03,,,1,,2,,,57,57,1,13,4,C03,120.573882,24.230053,3
2299,66000,387130000C,(04)23274275,(04)23288582,2023,8,7,8,30,臺中市,西屯區,0,1,0,7,2,6,50,13,9,1,5,4,6,6,4,4,5,5,5,2,16,20,3,10,3,1,B03,7,5,1,8,2,2,,20,20,1,12,4,B03,120.659458,24.160898,2
2300,66000,387130000C,(04)23274275,(04)23288582,2023,8,7,8,35,臺中市,沙鹿區,0,1,0,7,2,6,70,4,7,1,5,4,6,6,1,1,1,3,1,1,16,38,3,10,3,1,B03,7,5,1,8,2,5,,38,38,1,12,4,B03,120.564714,24.239679,2
2301,66000,387130000C,(04)23274275,(04)23288582,2023,8,7,8,36,臺中市,北屯區,0,1,0,7,2,6,50,13,9,1,5,4,6,6,4,4,9,5,5,2,17,51,3,10,3,1,B03,7,1,1,8,2,4,,51,51,1,12,4,B03,120.68768,24.189143,2
2302,66000,387130000C,(04)23274275,(04)23288582,2023,8,7,8,37,臺中市,大里區,0,0,0,7,,,80,,,,,,,,,,,,,,13,7,,,,,B12,,,3,,2,,,7,,1,12,4,B12,120.690704,24.098029,3
2303,66000,387130000C,(04)23274275,(04)23288582,2023,8,7,8,39,臺中市,南屯區,0,1,0,7,2,6,50,4,1,1,5,4,6,6,4,4,10,5,5,2,16,4,2,9,2,1,C03,7,9,1,10,2,11,,4,4,1,12,4,C03,120.636999,24.133129,2
2304,66000,387130000C,(04)23274275,(04)23288582,2023,8,7,8,40,臺中市,大里區,0,1,0,7,3,6,50,3,1,1,5,4,6,6,4,4,10,5,5,2,13,59,3,10,3,1,B12,7,6,1,8,2,8,,59,59,1,12,4,B12,120.698006,24.093651,2
2305,66000,387130000C,(04)23274275,(04)23288582,2023,8,7,8,41,臺中市,大雅區,0,1,0,7,3,6,50,13,9,1,5,4,6,6,4,4,5,5,5,1,17,1,3,10,3,1,B03,7,4,1,8,2,2,,1,1,1,12,4,B03,120.650963,24.244956,2
2306,66000,387130000C,(04)23274275,(04)23288582,2023,8,7,8,41,臺中市,北屯區,0,0,0,7,,,,,,,,,,,,,,,,,17,84,,,,,,,,,,,,,84,,1,,,,120.686277,24.190361,3
2307,66000,387130000C,(04)23274275,(04)23288582,2023,8,7,8,45,臺中市,西屯區,0,1,0,7,3,6,50,4,1,1,5,4,6,6,1,1,8,4,1,1,18,84,2,9,5,4,C03,7,9,1,10,2,14,,84,84,1,13,4,C03,120.651816,24.165933,2
2308,66000,387130000C,(04)23274275,(04)23288582,2023,8,7,8,46,臺中市,南區,0,1,0,7,3,6,40,4,1,1,5,4,6,6,2,1,10,5,5,2,12,40,3,10,1,1,C03,7,15,1,10,2,13,,40,40,1,12,4,C03,120.672025,24.126493,2
2309,66000,387130000C,(04)23274275,(04)23288582,2023,8,7,8,49,臺中市,北屯區,0,0,0,7,,,30,,,,,,,,,,,,,,17,57,,,,,B03,,,1,,1,,,57,57,1,12,4,B03,120.685806,24.196593,3
2310,66000,387130000C,(04)23274275,(04)23288582,2023,8,7,8,50,臺中市,西區,0,0,0,7,,,50,,,,,,,,,,,,,,,84,,,,,C03,,,1,,1,,,84,,1,13,4,C03,120.676334,24.142264,3
2311,66000,387130000C,(04)23274275,(04)23288582,2023,8,7,8,50,臺中市,烏日區,0,0,0,7,,,50,,,,,,,,,,,,,,,84,,,,,B03,,,1,,9,,,84,,1,12,4,B03,120.649358,24.094728,3
2312,66000,387130000C,(04)23274275,(04)23288582,2023,8,7,8,50,臺中市,清水區,0,1,0,7,3,6,50,3,2,1,5,4,5,6,4,4,1,4,4,2,13,58,2,3,2,1,F07,7,9,7,21,1,11,,58,58,1,12,4,F07,120.553716,24.259867,2
2313,66000,387130000C,(04)23274275,(04)23288582,2023,8,7,8,51,臺中市,烏日區,0,1,0,7,2,6,30,13,9,1,5,4,6,6,4,4,10,5,5,2,14,49,3,10,3,1,B12,7,2,1,8,2,6,,49,49,1,12,4,B12,120.651918,24.052713,2
2314,66000,387130000C,(04)23274275,(04)23288582,2023,8,7,8,53,臺中市,北屯區,0,0,0,7,,,50,,,,,,,,,,,,,,,11,,,,,B03,,,1,,2,,,11,11,1,12,4,B03,120.720671,24.170141,3
2315,66000,387130000C,(04)23274275,(04)23288582,2023,8,7,8,53,臺中市,烏日區,0,0,0,7,,,30,,,,,,,,,,,,,,14,49,,,,,B03,,,1,,2,,,49,,1,12,4,B03,120.638832,24.085206,3
2316,66000,387130000C,(04)23274275,(04)23288582,2023,8,7,8,54,臺中市,龍井區,0,0,0,7,,,60,,,,,,,,,,,,,,,7,,,,,A12,,,1,,2,,,7,,1,6,4,A12,120.539962,24.218768,3
2317,66000,387130000C,(04)23274275,(04)23288582,2023,8,7,8,55,臺中市,北區,0,0,0,7,,,50,,,,,,,,,,,,,,,7,,,,,B03,,,1,,2,,,7,,1,12,4,B03,120.675262,24.149593,3
2318,66000,387130000C,(04)23274275,(04)23288582,2023,8,7,8,56,臺中市,大雅區,0,0,0,7,2,6,50,4,1,1,5,4,6,6,1,1,5,4,4,1,15,11,,,,,B12,,,1,,2,,,11,,1,12,4,B12,120.644329,24.209355,3
2319,66000,387130000C,(04)23274275,(04)23288582,2023,8,7,8,56,臺中市,南屯區,0,0,0,7,,,80,,,,,,,,,,,,,,13,8,,,,,B03,,,1,8,1,,,8,8,1,11,4,B03,120.623033,24.140267,3
2320,66000,387130000C,(04)23274275,(04)23288582,2023,8,7,8,59,臺中市,烏日區,0,0,0,7,,,50,,,,,,,,,,,,,,,7,,,,,B03,,,1,,2,,,7,,1,12,4,B03,120.647773,24.092506,3
2321,66000,387130000C,(04)23274275,(04)23288582,2023,8,7,9,0,臺中市,神岡區,0,0,0,7,,,50,,,,,,,,,,,,,,,49,,,,,B03,,,1,,1,,,49,,1,13,4,B03,120.680251,24.248425,3
2322,66000,387130000C,(04)23274275,(04)23288582,2023,8,7,9,3,臺中市,南屯區,0,1,0,7,2,6,50,3,1,1,5,4,6,6,4,4,5,5,4,2,16,34,2,9,1,1,F01,7,6,7,21,2,11,,34,34,1,13,4,F01,120.652504,24.137855,2
2323,66000,387130000C,(04)23274275,(04)23288582,2023,8,7,9,7,臺中市,烏日區,0,0,0,7,2,6,30,13,9,1,,4,3,,4,4,10,5,5,2,13,77,3,10,5,4,B03,7,14,1,8,2,7,,77,77,1,12,4,B03,120.604778,24.116231,3
2324,66000,387130000C,(04)23274275,(04)23288582,2023,8,7,9,9,臺中市,西屯區,0,1,0,7,2,6,50,4,1,1,5,4,6,6,2,1,10,5,5,2,12,7,2,9,1,1,C03,7,5,1,10,2,11,,7,7,1,13,4,C03,120.644164,24.201417,2
2325,66000,387130000C,(04)23274275,(04)23288582,2023,8,7,9,10,臺中市,龍井區,0,1,0,7,3,6,30,4,1,1,5,4,6,6,4,4,10,5,5,2,15,20,3,10,5,4,B12,7,9,1,8,2,7,,20,20,1,6,4,B12,120.520585,24.211841,2
2326,66000,387130000C,(04)23274275,(04)23288582,2023,8,7,9,10,臺中市,梧棲區,0,0,0,7,,,40,,,,,,,,,,,,,,17,59,,,,,B03,,,1,,1,,,59,,1,6,4,B03,120.543721,24.246714,4
2327,66000,387130000C,(04)23274275,(04)23288582,2023,8,7,9,12,臺中市,大肚區,0,0,0,7,,,50,,,,,,,,,,,,,,,84,,,,,B03,,,1,,2,,,84,,1,12,4,B03,120.560954,24.125408,3
2328,66000,387130000C,(04)23274275,(04)23288582,2023,8,7,9,13,臺中市,西屯區,0,2,0,7,2,6,50,3,1,1,5,4,6,6,1,1,5,3,4,2,17,85,2,9,1,1,C03,7,9,1,10,2,14,,85,85,1,13,4,C03,120.662968,24.163798,2
2329,66000,387130000C,(04)23274275,(04)23288582,2023,8,7,9,18,臺中市,大甲區,0,1,0,7,3,6,50,3,2,1,5,4,6,6,1,1,5,5,5,1,13,59,2,9,2,1,C03,7,9,1,10,2,11,,59,59,1,5,4,C03,120.629732,24.350346,2
2330,66000,387130000C,(04)23274275,(04)23288582,2023,8,7,9,20,臺中市,豐原區,0,0,0,7,,,50,,,,,,,,,,,,,,12,26,,,,,B03,,,1,,2,,,26,,1,13,4,B03,120.72981,24.255086,3
2331,66000,387130000C,(04)23274275,(04)23288582,2023,8,7,9,21,臺中市,神岡區,0,0,0,7,,,50,,,,,,,,,,,,,,13,7,,,,,B03,,,1,,1,,,7,,1,12,4,B03,120.656145,24.27907,3
2332,66000,387130000C,(04)23274275,(04)23288582,2023,8,7,9,24,臺中市,神岡區,0,2,0,7,3,6,50,3,2,1,5,4,6,6,3,1,10,5,5,2,17,20,3,10,5,4,B12,7,5,1,7,2,8,,20,20,1,7,4,B12,120.659271,24.276788,2
2333,66000,387130000C,(04)23274275,(04)23288582,2023,8,7,9,26,臺中市,新社區,0,0,0,7,,,50,,,,,,,,,,,,,,13,59,,,,,B03,,,1,,2,,,59,,1,12,4,B03,120.808682,24.241525,3
2334,66000,387130000C,(04)23274275,(04)23288582,2023,8,7,9,28,臺中市,北區,0,1,0,7,2,6,50,13,9,1,5,4,6,6,1,1,2,4,5,2,12,40,2,9,1,1,C03,7,8,1,10,2,14,,40,40,1,12,4,C03,120.684805,24.152243,2
2335,66000,387130000C,(04)23274275,(04)23288582,2023,8,7,9,28,臺中市,西屯區,0,1,0,7,2,6,50,3,1,1,5,4,6,6,4,4,10,5,5,2,3,10,3,10,5,4,B12,7,6,1,8,2,1,,10,10,1,13,4,B12,120.641489,24.170271,2
2336,66000,387130000C,(04)23274275,(04)23288582,2023,8,7,9,29,臺中市,石岡區,0,0,0,7,,,70,,,,,,,,,,,,,,13,7,,,,,B12,,,1,,2,,,7,,1,12,4,B12,120.789622,24.273569,3
2337,66000,387130000C,(04)23274275,(04)23288582,2023,8,7,9,33,臺中市,豐原區,0,1,0,7,2,6,50,4,2,1,5,4,6,6,1,1,4,5,4,2,16,11,2,9,1,1,C03,7,6,1,10,2,11,,11,11,1,6,4,C03,120.712753,24.25084,2
2338,66000,387130000C,(04)23274275,(04)23288582,2023,8,7,9,34,臺中市,西區,0,3,0,7,3,6,50,4,1,1,5,4,6,6,2,1,10,5,5,2,16,84,2,9,1,1,C03,7,15,1,10,2,12,,84,84,1,13,4,C03,120.675763,24.138754,2
2339,66000,387130000C,(04)23274275,(04)23288582,2023,8,7,9,39,臺中市,南區,0,0,0,7,,,40,,,,,,,,,,,,,,,76,,,,,B03,,,1,,2,,,76,,1,12,4,B03,120.657801,24.123953,3
2340,66000,387130000C,(04)23274275,(04)23288582,2023,8,7,9,39,臺中市,豐原區,0,0,0,7,,,50,,,,,,,,,,,,,,,39,,,,,B03,,,1,,2,,,39,,1,12,4,B03,120.72255,24.255421,3
2341,66000,387130000C,(04)23274275,(04)23288582,2023,8,7,9,50,臺中市,北屯區,0,0,0,7,,,50,,,,,,,,,,,,,,12,85,,,,,C03,,,1,,1,,,85,85,1,13,4,C03,120.697606,24.170357,3
2342,66000,387130000C,(04)23274275,(04)23288582,2023,8,7,9,52,臺中市,潭子區,0,0,0,7,,,30,,,,,,,,,,,,,,,49,,,,,G03,,,1,,2,,,49,,1,6,4,G03,120.726972,24.200671,3
2343,66000,387130000C,(04)23274275,(04)23288582,2023,8,7,10,0,臺中市,西屯區,0,0,0,7,,,30,,,,,,,,,,,,,,17,51,,,,,B12,,,1,,1,,,51,,1,13,4,B12,120.624433,24.161382,3
2344,66000,387130000C,(04)23274275,(04)23288582,2023,8,7,10,0,臺中市,大里區,0,0,0,7,1,6,50,13,14,1,5,4,6,6,4,4,1,4,4,1,25,49,,,,,B12,,,1,,1,,,49,,1,6,4,B12,120.697467,24.083403,3
2345,66000,387130000C,(04)23274275,(04)23288582,2023,8,7,10,0,臺中市,太平區,0,1,0,7,3,6,50,3,7,1,5,4,6,6,4,4,5,5,4,2,16,39,2,9,1,1,C03,7,11,1,8,2,11,,39,39,1,12,4,C03,120.713286,24.160113,2
2346,66000,387130000C,(04)23274275,(04)23288582,2023,8,7,10,3,臺中市,南區,0,0,0,7,,,50,,,,,,,,,,,,,,30,59,,,,,B03,,,1,8,2,,,59,59,1,13,4,B03,120.671811,24.119156,3
2347,66000,387130000C,(04)23274275,(04)23288582,2023,8,7,10,3,臺中市,大里區,0,1,0,7,2,6,50,3,12,1,5,4,6,6,4,4,5,5,4,1,17,59,2,9,5,4,C03,7,9,1,10,2,15,,59,59,1,13,4,C03,120.708741,24.094733,2
2348,66000,387130000C,(04)23274275,(04)23288582,2023,8,7,10,5,臺中市,西屯區,0,0,0,7,,,50,,,,,,,,,,,,,,,84,,,,,B12,,,1,,2,,,84,84,1,12,4,B12,120.654043,24.201999,3
2349,66000,387130000C,(04)23274275,(04)23288582,2023,8,7,10,7,臺中市,西屯區,0,0,0,7,,,1,,,,,,,,,,,,,,,109,,,,,H04,,,7,,1,,,109,,1,12,5,H04,120.626849,24.15994,3
2350,66000,387130000C,(04)23274275,(04)23288582,2023,8,7,10,8,臺中市,霧峰區,0,2,0,7,3,6,30,4,2,1,5,4,6,6,4,4,10,5,5,1,17,5,2,9,2,1,C03,7,6,1,10,2,11,,5,5,1,12,4,C03,120.665615,24.073178,2
2351,66000,387130000C,(04)23274275,(04)23288582,2023,8,7,10,8,臺中市,大肚區,0,0,0,7,,,30,,,,,,,,,,,,,,,71,,,,,A11,,,1,,2,,,71,,1,6,4,A11,120.541871,24.133788,3
2352,66000,387130000C,(04)23274275,(04)23288582,2023,8,7,10,10,臺中市,西區,0,0,0,7,,,50,,,,,,,,,,,,,,13,7,,,,,C03,,,1,,1,,,7,,1,12,4,C03,120.661688,24.140163,3
2353,66000,387130000C,(04)23274275,(04)23288582,2023,8,7,10,10,臺中市,北屯區,0,0,0,7,,,50,,,,,,,,,,,,,,,49,,,,,B02,,,1,,9,,,49,,1,12,4,B02,120.690473,24.167801,3
2354,66000,387130000C,(04)23274275,(04)23288582,2023,8,7,10,10,臺中市,西屯區,0,1,0,7,3,6,50,13,8,1,5,4,6,6,4,4,1,4,4,1,17,20,3,10,5,4,B03,7,5,1,8,2,2,,20,20,1,13,4,B03,120.64339,24.159247,2
2355,66000,387130000C,(04)23274275,(04)23288582,2023,8,7,10,15,臺中市,梧棲區,0,1,0,7,2,6,70,3,1,1,5,4,6,6,4,4,10,5,5,2,16,14,3,10,3,1,B03,7,5,1,8,2,5,,14,14,1,6,4,B03,120.550326,24.240411,2
2356,66000,387130000C,(04)23274275,(04)23288582,2023,8,7,10,19,臺中市,西屯區,0,0,0,7,,,50,,,,,,,,,,,,,,,58,,,,,B03,,,1,,9,,,58,,1,12,4,B03,120.637413,24.162124,3
2357,66000,387130000C,(04)23274275,(04)23288582,2023,8,7,10,20,臺中市,西屯區,0,0,0,7,,,50,,,,,,,,,,,,,,14,49,,,,,B12,,,1,,2,,,49,,1,13,4,B12,120.636033,24.179679,3
2358,66000,387130000C,(04)23274275,(04)23288582,2023,8,7,10,22,臺中市,西區,0,1,0,7,2,6,50,4,2,1,5,4,6,6,1,1,5,4,5,2,18,84,2,9,1,1,C03,7,9,3,19,2,12,,84,84,1,12,4,C03,120.65726,24.140399,2
2359,66000,387130000C,(04)23274275,(04)23288582,2023,8,7,10,23,臺中市,大甲區,0,0,0,7,,,50,,,,,,,,,,,,,,,76,,,,,B12,,,1,,1,,,76,,1,6,4,B12,120.650487,24.378124,3
2360,66000,387130000C,(04)23274275,(04)23288582,2023,8,7,10,24,臺中市,南區,0,1,0,7,2,6,50,4,1,1,5,4,6,6,1,1,10,5,5,2,18,84,2,9,2,1,C03,7,9,1,10,2,11,,84,84,1,13,4,C03,120.652766,24.117995,2
2361,66000,387130000C,(04)23274275,(04)23288582,2023,8,7,10,25,臺中市,南區,0,1,0,7,3,6,40,4,1,1,5,4,6,6,2,1,10,5,5,2,15,21,2,9,1,1,C03,7,9,3,19,2,12,,21,21,1,12,4,C03,120.681897,24.133974,2
2362,66000,387130000C,(04)23274275,(04)23288582,2023,8,7,10,28,臺中市,烏日區,0,0,0,7,,,50,,,,,,,,,,,,,,,50,,,,,B03,,,1,,2,,,50,,1,12,4,B03,120.603733,24.106631,3
2363,66000,387130000C,(04)23274275,(04)23288582,2023,8,7,10,29,臺中市,北區,0,0,0,7,3,6,50,4,1,1,5,4,6,6,2,1,10,5,5,2,13,84,3,10,3,1,B03,7,9,1,8,2,1,,84,84,1,13,4,B03,120.682089,24.154584,3
2364,66000,387130000C,(04)23274275,(04)23288582,2023,8,7,10,29,臺中市,沙鹿區,0,1,0,7,2,6,40,3,1,1,5,4,6,6,4,4,1,4,5,2,14,49,3,10,3,1,B12,7,2,1,8,2,7,,49,49,1,6,4,B12,120.56164,24.244009,2
2365,66000,387130000C,(04)23274275,(04)23288582,2023,8,7,10,29,臺中市,梧棲區,0,1,0,7,2,6,30,4,1,1,5,4,6,6,4,4,10,5,5,2,15,15,3,10,3,1,B03,7,9,1,8,2,5,,15,15,1,6,4,B03,120.545008,24.256221,2
2366,66000,387130000C,(04)23274275,(04)23288582,2023,8,7,10,30,臺中市,西屯區,0,1,0,7,2,6,50,13,9,1,5,4,6,6,4,4,9,4,5,2,17,51,3,10,5,4,B13,7,1,1,8,2,1,,51,51,1,13,4,B13,120.659014,24.174639,2
2367,66000,387130000C,(04)23274275,(04)23288582,2023,8,7,10,43,臺中市,龍井區,0,1,0,7,3,6,60,10,17,1,5,4,6,6,4,4,3,4,3,1,13,7,3,10,3,1,B03,7,9,1,8,2,1,,7,7,1,6,4,B03,120.543923,24.218015,2
2368,66000,387130000C,(04)23274275,(04)23288582,2023,8,7,10,56,臺中市,北屯區,0,0,0,7,,,50,,,,,,,,,,,,,,,49,,,,,B03,,,1,,2,,,49,,1,12,4,B03,120.740989,24.180104,3
2369,66000,387130000C,(04)23274275,(04)23288582,2023,8,7,10,57,臺中市,西屯區,0,0,0,7,,,50,,,,,,,,,,,,,,,85,,,,,C03,,,1,,1,,,85,,1,12,4,C03,120.620592,24.184025,3
2370,66000,387130000C,(04)23274275,(04)23288582,2023,8,7,10,58,臺中市,大里區,0,2,0,7,1,6,30,4,1,1,5,4,6,6,4,4,10,5,5,2,15,15,2,9,1,1,C03,7,9,3,19,2,12,,15,15,1,12,4,C03,120.7063,24.083418,2
2371,66000,387130000C,(04)23274275,(04)23288582,2023,8,7,11,0,臺中市,豐原區,0,0,0,7,,,40,,,,,,,,,,,,,,17,87,,,,,B03,,,1,,10,,,87,,1,13,4,B03,120.726964,24.254758,3
2372,66000,387130000C,(04)23274275,(04)23288582,2023,8,7,11,6,臺中市,北屯區,0,0,0,7,,,50,,,,,,,,,,,,,,,84,,,,,B03,,,1,,1,,,84,,2,12,4,B03,120.697915,24.160904,3
2373,66000,387130000C,(04)23274275,(04)23288582,2023,8,7,11,11,臺中市,西區,0,1,0,7,2,6,50,4,1,1,5,4,6,6,1,1,10,5,5,2,16,11,3,10,3,1,B03,7,6,1,8,2,2,,11,11,1,12,4,B03,120.676936,24.135079,2
2374,66000,387130000C,(04)23274275,(04)23288582,2023,8,7,11,12,臺中市,梧棲區,0,0,0,7,,,50,,,,,,,,,,,,,,17,50,,,,,B03,,,1,,2,,,50,,1,6,4,B03,120.530384,24.255075,3
2375,66000,387130000C,(04)23274275,(04)23288582,2023,8,7,11,15,臺中市,西屯區,0,0,0,7,,,50,,,,,,,,,,,,,,,84,,,,,B03,,,1,,1,,,84,,1,13,4,B03,120.654923,24.20075,3
2376,66000,387130000C,(04)23274275,(04)23288582,2023,8,7,11,17,臺中市,西屯區,0,0,0,7,,,50,,,,,,,,,,,,,,17,84,,,,,B03,,,1,,1,,,84,,1,13,4,B03,120.660129,24.201321,3