序號,縣市別代碼,機關代碼,市話,傳真,年,月,日,時,分,縣市,區,死亡數量,受傷數量,2-30,天候,光線,道路類別,速限,道路型態,事故位置,路面鋪裝,路面狀態,路面缺陷,障礙物,視距,號誌種類,號誌動作,分向設施,快車道或一般車道間,快慢車道間,路面邊線,事故類型及型態,主要肇因,受傷程度,主要傷處,保護裝備,行動電話,當事者區分(類別),車輛用途,當事者行動狀態,駕駛資格情形,駕駛執照種類,飲酒情形,車輛撞擊部位最初,車輛撞擊部位其他,肇事因素個別,肇事因素主要,肇事逃逸,職業,旅次目的,車種,GPS座標X,GPS座標Y,事故類別
2377,66000,387130000C,(04)23274275,(04)23288582,2023,8,7,11,18,臺中市,北區,0,0,0,7,,,50,,,,,,,,,,,,,,13,84,,,,,B01,,,1,,1,,,84,,1,12,4,B01,120.670854,24.155895,4
2378,66000,387130000C,(04)23274275,(04)23288582,2023,8,7,11,20,臺中市,南區,0,0,0,7,,,50,,,,,,,,,,,,,,,84,,,,,B12,,,1,,2,,,84,,1,13,4,B12,120.677919,24.129395,3
2379,66000,387130000C,(04)23274275,(04)23288582,2023,8,7,11,20,臺中市,北屯區,0,0,0,7,,,50,,,,,,,,,,,,,,,119,,,,,,,,,,,,,119,,1,,,,120.68972,24.183908,3
2380,66000,387130000C,(04)23274275,(04)23288582,2023,8,7,11,20,臺中市,太平區,0,1,0,7,3,6,30,3,1,1,5,4,6,6,4,4,5,5,5,1,8,84,3,10,3,1,B03,7,6,1,8,2,1,,84,84,1,12,4,B03,120.730205,24.110502,2
2381,66000,387130000C,(04)23274275,(04)23288582,2023,8,7,11,21,臺中市,大甲區,0,0,0,7,,,50,,,,,,,,,,,,,,16,11,,,,,B03,,,1,,2,,,11,,1,6,4,B03,120.62522,24.34896,3
2382,66000,387130000C,(04)23274275,(04)23288582,2023,8,7,11,22,臺中市,北屯區,0,1,0,7,2,6,50,13,8,1,5,4,6,6,4,4,1,4,4,2,17,51,3,10,3,1,A11,7,1,1,3,2,7,,51,51,1,12,4,A11,120.71459,24.182589,2
2383,66000,387130000C,(04)23274275,(04)23288582,2023,8,7,11,23,臺中市,龍井區,0,0,0,7,,,40,,,,,,,,,,,,,,,8,,,,,B12,,,1,,2,,,8,,1,13,4,B12,120.575081,24.177929,3
2384,66000,387130000C,(04)23274275,(04)23288582,2023,8,7,11,24,臺中市,北區,0,0,0,7,,,50,,,,,,,,,,,,,,16,47,,,,,B03,,,1,,2,,,47,,1,12,4,B03,120.675845,24.159218,3
2385,66000,387130000C,(04)23274275,(04)23288582,2023,8,7,11,25,臺中市,大雅區,0,0,0,7,,,50,,,,,,,,,,,,,,16,8,,,,,B12,,,1,,2,,,8,,1,13,4,B12,120.646689,24.222439,3
2386,66000,387130000C,(04)23274275,(04)23288582,2023,8,7,11,26,臺中市,沙鹿區,0,1,0,7,2,6,60,4,1,1,5,4,6,6,1,1,10,5,5,2,18,84,2,9,3,1,A31,7,6,1,1,2,2,,84,84,1,6,4,A31,120.58977,24.249962,2
2387,66000,387130000C,(04)23274275,(04)23288582,2023,8,7,11,28,臺中市,西屯區,0,0,0,7,,,50,,,,,,,,,,,,,,,40,,,,,B03,,,1,,1,,,40,,1,12,4,B03,120.623378,24.193125,3
2388,66000,387130000C,(04)23274275,(04)23288582,2023,8,7,11,29,臺中市,后里區,0,0,0,7,1,6,50,4,2,1,5,4,6,6,2,1,1,5,5,1,13,7,,,,,B12,,,1,,1,,,7,,1,12,4,B12,120.722403,24.308828,3
2389,66000,387130000C,(04)23274275,(04)23288582,2023,8,7,11,30,臺中市,西屯區,0,0,0,7,,,40,,,,,,,,,,,,,,9,51,,,,,B12,,,1,,1,,,51,,1,13,4,B12,120.639601,24.158862,3
2390,66000,387130000C,(04)23274275,(04)23288582,2023,8,7,11,33,臺中市,烏日區,0,2,0,7,1,6,30,4,1,1,5,4,6,6,4,4,10,5,5,2,15,15,2,8,3,1,B13,7,9,1,8,2,5,,15,15,1,12,4,B13,120.634862,24.070766,2
2391,66000,387130000C,(04)23274275,(04)23288582,2023,8,7,11,34,臺中市,太平區,0,1,0,7,2,6,50,3,1,1,5,4,6,6,4,4,10,5,5,2,16,47,3,10,3,1,B12,7,5,1,8,2,5,,47,47,1,12,4,B12,120.733661,24.156619,2
2392,66000,387130000C,(04)23274275,(04)23288582,2023,8,7,11,37,臺中市,西屯區,0,2,0,7,2,6,40,4,1,1,5,4,6,6,1,1,10,5,5,2,17,11,3,10,5,4,B03,7,5,1,8,2,2,,11,11,1,13,4,B03,120.630159,24.1622,2
2393,66000,387130000C,(04)23274275,(04)23288582,2023,8,7,11,38,臺中市,東區,0,1,0,7,2,6,50,3,1,1,5,4,6,6,4,4,5,4,5,2,17,84,2,9,5,4,C03,7,15,1,10,2,14,,84,84,1,13,4,C03,120.696172,24.147738,2
2394,66000,387130000C,(04)23274275,(04)23288582,2023,8,7,11,43,臺中市,后里區,0,1,0,7,1,6,50,4,1,1,5,4,6,6,1,1,10,5,4,1,16,22,2,9,1,1,C03,7,5,1,10,2,14,,22,22,1,12,4,C03,120.717755,24.30956,2
2395,66000,387130000C,(04)23274275,(04)23288582,2023,8,7,11,45,臺中市,西屯區,0,0,0,7,,,50,,,,,,,,,,,,,,17,59,,,,,B12,,,1,,4,,,59,59,1,13,4,B12,120.634904,24.19331,3
2396,66000,387130000C,(04)23274275,(04)23288582,2023,8,7,11,54,臺中市,西區,0,1,0,7,2,6,50,4,1,1,5,4,6,6,1,1,10,5,5,2,17,1,3,10,5,4,C03,7,4,1,10,1,12,,1,1,1,13,4,C03,120.66017,24.144334,2
2397,66000,387130000C,(04)23274275,(04)23288582,2023,8,7,11,56,臺中市,北區,0,0,0,7,,,50,,,,,,,,,,,,,,17,50,,,,,B03,,,1,,2,,,50,,1,13,4,B03,120.685119,24.165279,3
2398,66000,387130000C,(04)23274275,(04)23288582,2023,8,7,11,57,臺中市,中區,0,2,0,7,2,6,50,4,1,1,5,4,6,6,1,1,5,5,5,2,15,21,2,9,5,4,C03,7,9,1,10,2,11,,21,21,1,12,4,C03,120.678359,24.146705,2
2399,66000,387130000C,(04)23274275,(04)23288582,2023,8,7,11,57,臺中市,南屯區,0,1,0,7,2,6,50,13,9,1,5,4,6,6,4,4,5,5,5,2,16,34,3,10,3,1,B01,7,11,1,4,1,5,,34,34,1,12,4,B01,120.597687,24.144483,2
2400,66000,387130000C,(04)23274275,(04)23288582,2023,8,7,12,0,臺中市,北區,0,0,0,7,,,30,,,,,,,,,,,,,,,49,,,,,B03,,,1,,2,,,49,49,1,12,4,B03,120.674436,24.155255,3
2401,66000,387130000C,(04)23274275,(04)23288582,2023,8,7,12,0,臺中市,豐原區,0,0,0,7,,,50,,,,,,,,,,,,,,13,59,,,,,B03,,,1,,2,,,59,,1,12,4,B03,120.713866,24.24492,3
2402,66000,387130000C,(04)23274275,(04)23288582,2023,8,7,12,2,臺中市,北屯區,0,0,0,7,,,50,,,,,,,,,,,,,,,51,,,,,C03,,,1,,1,,,51,51,1,12,4,C03,120.702938,24.169902,3
2403,66000,387130000C,(04)23274275,(04)23288582,2023,8,7,12,2,臺中市,豐原區,0,1,0,7,3,6,50,4,1,1,5,4,6,6,4,4,10,5,5,2,16,14,3,10,5,1,B03,7,6,1,8,2,8,,14,14,1,13,4,B03,120.734758,24.247308,2
2404,66000,387130000C,(04)23274275,(04)23288582,2023,8,7,12,3,臺中市,西屯區,0,1,0,7,2,6,50,4,1,1,5,4,6,6,2,1,10,5,5,2,16,11,3,10,3,1,B12,7,5,1,8,2,2,,11,11,1,12,4,B12,120.624956,24.180805,2
2405,66000,387130000C,(04)23274275,(04)23288582,2023,8,7,12,3,臺中市,烏日區,0,1,0,7,2,6,30,4,1,1,5,4,6,6,4,4,5,5,5,2,30,15,2,9,2,1,C03,7,9,1,10,2,11,,15,15,1,12,4,C03,120.646323,24.076161,2
2406,66000,387130000C,(04)23274275,(04)23288582,2023,8,7,12,4,臺中市,太平區,0,2,0,7,3,6,50,5,9,1,5,4,6,6,1,1,5,5,5,1,13,7,2,9,1,1,C03,7,9,1,10,2,11,,7,7,1,12,4,C03,120.718283,24.126033,2
2407,66000,387130000C,(04)23274275,(04)23288582,2023,8,7,12,7,臺中市,西屯區,0,0,0,7,,,50,,,,,,,,,,,,,,,84,,,,,B03,,,1,,1,,,84,,1,13,4,B03,120.606899,24.192627,3
2408,66000,387130000C,(04)23274275,(04)23288582,2023,8,7,12,9,臺中市,西區,0,2,0,7,2,6,50,5,1,1,5,4,6,6,1,1,10,5,5,2,17,21,2,9,1,1,C03,7,9,1,10,2,14,,21,21,1,12,4,C03,120.66846,24.13236,2
2409,66000,387130000C,(04)23274275,(04)23288582,2023,8,7,12,15,臺中市,沙鹿區,0,1,0,7,3,6,40,3,1,1,5,4,6,6,4,4,10,5,5,2,14,49,3,10,3,1,B03,7,2,1,8,2,3,,49,49,1,13,4,B03,120.56105,24.241846,2
2410,66000,387130000C,(04)23274275,(04)23288582,2023,8,7,12,19,臺中市,梧棲區,0,0,0,7,,,50,,,,,,,,,,,,,,16,50,,,,,B12,,,1,,1,,,50,,1,6,4,B12,120.534914,24.253307,4
2411,66000,387130000C,(04)23274275,(04)23288582,2023,8,7,12,21,臺中市,北區,0,0,0,7,,,50,,,,,,,,,,,,,,13,7,,,,,C03,,,1,,2,,,7,,1,12,4,C03,120.672284,24.170095,3
2412,66000,387130000C,(04)23274275,(04)23288582,2023,8,7,12,26,臺中市,梧棲區,0,1,0,7,3,6,30,4,1,1,5,4,6,6,4,4,10,5,5,2,15,12,2,9,1,1,C03,7,9,3,19,2,14,,12,12,1,6,4,C03,120.552552,24.25461,2
2413,66000,387130000C,(04)23274275,(04)23288582,2023,8,7,12,28,臺中市,西屯區,0,0,0,7,,,50,,,,,,,,,,,,,,16,40,,,,,B03,,,1,,2,,,40,,1,13,4,B03,120.659965,24.165032,3
2414,66000,387130000C,(04)23274275,(04)23288582,2023,8,7,12,29,臺中市,西屯區,0,1,0,7,2,6,50,5,2,1,5,4,6,6,1,1,5,4,5,2,13,84,3,10,5,4,B03,7,9,1,8,1,1,,84,84,1,13,4,B03,120.657728,24.163089,2
2415,66000,387130000C,(04)23274275,(04)23288582,2023,8,7,12,29,臺中市,霧峰區,0,0,0,7,,,30,,,,,,,,,,,,,,30,119,,,,,B03,,,1,,10,,,87,119,1,12,4,B03,120.713189,24.077428,3
2416,66000,387130000C,(04)23274275,(04)23288582,2023,8,7,12,36,臺中市,北屯區,0,1,0,7,3,6,50,4,1,1,5,3,6,6,1,1,10,5,5,2,15,21,3,10,5,4,C04,7,9,1,10,2,11,,21,21,1,13,4,C04,120.694473,24.173567,2
2417,66000,387130000C,(04)23274275,(04)23288582,2023,8,7,12,42,臺中市,南區,0,2,0,7,3,6,50,13,9,1,5,4,6,6,4,4,5,5,5,2,16,39,2,8,1,1,C03,7,6,1,10,2,14,,39,39,1,12,4,C03,120.66316,24.122565,2
2418,66000,387130000C,(04)23274275,(04)23288582,2023,8,7,12,42,臺中市,北屯區,0,0,0,7,,,50,,,,,,,,,,,,,,,47,,,,,A11,,,1,,9,,,47,,1,12,4,A11,120.694259,24.16491,3
2419,66000,387130000C,(04)23274275,(04)23288582,2023,8,7,12,52,臺中市,豐原區,0,1,0,7,2,6,50,13,7,1,5,4,6,6,1,1,3,4,4,1,13,7,3,10,3,1,B11,7,9,1,8,2,1,,7,7,1,13,4,B11,120.747789,24.26693,2
2420,66000,387130000C,(04)23274275,(04)23288582,2023,8,7,12,55,臺中市,豐原區,0,1,0,7,2,8,10,13,13,1,5,4,6,6,4,4,9,5,4,2,30,87,2,9,6,1,F01,7,9,7,21,9,16,,87,87,1,2,4,F01,120.69663,24.229515,2
2421,66000,387130000C,(04)23274275,(04)23288582,2023,8,7,12,56,臺中市,西區,0,0,0,7,,,50,,,,,,,,,,,,,,,84,,,,,A11,,,1,,2,,,84,,1,13,4,A11,120.661687,24.139281,3
2422,66000,387130000C,(04)23274275,(04)23288582,2023,8,7,13,5,臺中市,西區,0,0,0,7,,,50,,,,,,,,,,,,,,13,7,,,,,B03,,,1,,1,,,7,,1,12,4,B03,120.657413,24.150783,3
2423,66000,387130000C,(04)23274275,(04)23288582,2023,8,7,13,5,臺中市,北屯區,0,1,0,7,2,6,50,5,1,1,5,4,6,6,2,1,10,5,5,2,16,11,3,10,3,1,B03,7,6,1,8,2,2,,11,11,1,12,4,B03,120.686492,24.18825,2
2424,66000,387130000C,(04)23274275,(04)23288582,2023,8,7,13,9,臺中市,西屯區,0,1,0,7,3,6,50,13,9,1,5,4,6,6,4,4,9,5,5,2,17,85,2,7,1,1,C03,7,21,1,10,1,14,,85,85,1,12,4,C03,120.641224,24.170417,2
2425,66000,387130000C,(04)23274275,(04)23288582,2023,8,7,13,10,臺中市,大里區,0,2,0,7,2,6,30,3,2,1,5,4,6,6,4,4,5,5,5,1,17,14,2,9,1,1,C03,7,6,1,10,2,11,,14,14,1,12,4,C03,120.703773,24.096828,2
2426,66000,387130000C,(04)23274275,(04)23288582,2023,8,7,13,12,臺中市,大里區,0,0,0,7,,,50,,,,,,,,,,,,,,,85,,,,,A41,,,1,,1,,,85,,1,12,4,A41,120.686634,24.071819,3
2427,66000,387130000C,(04)23274275,(04)23288582,2023,8,7,13,15,臺中市,西屯區,0,0,0,7,,,50,,,,,,,,,,,,,,,45,,,,,B03,,,1,,2,,,45,,1,13,4,B03,120.62146,24.186585,3
2428,66000,387130000C,(04)23274275,(04)23288582,2023,8,7,13,16,臺中市,西屯區,0,0,0,7,,,50,,,,,,,,,,,,,,14,49,,,,,B01,,,1,,1,,,49,,1,12,4,B01,120.64231,24.169489,3
2429,66000,387130000C,(04)23274275,(04)23288582,2023,8,7,13,17,臺中市,南屯區,0,0,0,7,,,50,,,,,,,,,,,,,,,49,,,,,B03,,,1,,1,,,49,,1,13,4,B03,120.650755,24.140328,3
2430,66000,387130000C,(04)23274275,(04)23288582,2023,8,7,13,20,臺中市,石岡區,0,1,0,7,3,6,50,13,9,1,5,4,6,6,4,4,10,5,5,2,12,84,2,6,2,1,C03,7,9,1,9,2,12,,84,84,1,12,4,C03,120.775304,24.276729,2
2431,66000,387130000C,(04)23274275,(04)23288582,2023,8,7,13,22,臺中市,南屯區,0,0,0,7,,,50,,,,,,,,,,,,,,,50,,,,,B12,,,1,,2,,,50,50,1,13,4,B12,120.642954,24.140379,3
2432,66000,387130000C,(04)23274275,(04)23288582,2023,8,7,13,22,臺中市,沙鹿區,0,0,0,7,,,50,,,,,,,,,,,,,,,51,,,,,C03,,,1,,2,,,51,,1,12,4,C03,120.579912,24.215449,3
2433,66000,387130000C,(04)23274275,(04)23288582,2023,8,7,13,23,臺中市,太平區,0,0,0,7,2,6,50,3,2,1,5,4,6,6,4,4,5,2,4,2,13,84,3,10,3,1,B03,7,9,1,8,2,1,,84,84,1,12,4,B03,120.712191,24.149952,3
2434,66000,387130000C,(04)23274275,(04)23288582,2023,8,7,13,25,臺中市,東區,0,0,0,7,,,50,,,,,,,,,,,,,,17,84,,,,,C03,,,1,10,2,,,84,84,1,13,4,C03,120.688719,24.143114,3
2435,66000,387130000C,(04)23274275,(04)23288582,2023,8,7,13,32,臺中市,北區,0,1,0,7,3,6,50,5,1,1,5,4,6,6,4,4,10,5,5,2,17,20,3,10,3,1,B03,7,6,1,8,2,2,,6,6,1,13,4,B03,120.677778,24.157232,2
2436,66000,387130000C,(04)23274275,(04)23288582,2023,8,7,13,35,臺中市,大甲區,0,0,0,7,,,40,,,,,,,,,,,,,,,84,,,,,A41,,,1,,1,,,84,84,1,13,4,A41,120.648287,24.408166,3
2437,66000,387130000C,(04)23274275,(04)23288582,2023,8,7,13,38,臺中市,烏日區,0,0,0,7,,,60,,,,,,,,,,,,,,16,40,,,,,B03,,,1,,2,,,40,,1,13,4,B03,120.637312,24.107555,3
2438,66000,387130000C,(04)23274275,(04)23288582,2023,8,7,13,40,臺中市,清水區,0,1,0,7,2,6,50,13,9,1,5,4,6,6,4,4,5,4,4,1,16,32,2,8,2,1,C03,7,11,1,10,2,12,,32,32,1,6,4,C03,120.564702,24.265192,2
2439,66000,387130000C,(04)23274275,(04)23288582,2023,8,7,13,41,臺中市,南屯區,0,1,0,7,2,6,50,13,9,1,5,4,6,6,4,4,9,5,5,2,17,8,3,10,3,1,B12,7,4,1,8,2,6,,8,8,1,13,4,B12,120.631377,24.13815,2
2440,66000,387130000C,(04)23274275,(04)23288582,2023,8,7,13,41,臺中市,南屯區,0,1,0,7,3,6,50,4,2,1,5,4,6,6,1,1,10,5,5,2,12,11,3,10,3,1,B03,7,5,1,8,2,5,,11,11,1,12,4,B03,120.6514,24.150796,2
2441,66000,387130000C,(04)23274275,(04)23288582,2023,8,7,13,46,臺中市,大甲區,0,0,0,7,,,70,,,,,,,,,,,,,,12,40,,,,,A02,,,1,,2,,,40,,1,6,4,A02,120.639227,24.363266,3
2442,66000,387130000C,(04)23274275,(04)23288582,2023,8,7,13,46,臺中市,石岡區,0,0,0,7,,,70,,,,,,,,,,,,,,13,40,,,,,B03,,,1,,2,,,40,,1,12,4,B03,120.774013,24.274842,3
2443,66000,387130000C,(04)23274275,(04)23288582,2023,8,7,13,48,臺中市,太平區,0,1,0,7,3,6,30,3,2,1,5,4,6,6,4,4,10,5,5,2,16,51,3,10,3,1,B03,7,1,1,8,2,1,,51,51,1,6,4,B03,120.728598,24.150132,2
2444,66000,387130000C,(04)23274275,(04)23288582,2023,8,7,13,51,臺中市,南屯區,0,0,0,7,,,50,,,,,,,,,,,,,,,42,,,,,B12,,,1,,1,,,87,87,1,13,4,B12,120.632356,24.145477,3
2445,66000,387130000C,(04)23274275,(04)23288582,2023,8,7,13,52,臺中市,北屯區,0,1,0,7,2,6,50,13,9,1,5,4,6,6,4,4,1,4,5,2,13,7,2,9,1,1,C03,7,9,1,10,2,11,,7,7,1,12,4,C03,120.685023,24.16888,2
2446,66000,387130000C,(04)23274275,(04)23288582,2023,8,7,13,53,臺中市,豐原區,0,0,0,7,,,30,,,,,,,,,,,,,,,8,,,,,B03,,,1,,2,,,8,,1,13,4,B03,120.725083,24.257758,3
2447,66000,387130000C,(04)23274275,(04)23288582,2023,8,7,13,54,臺中市,北屯區,0,0,0,7,,,50,,,,,,,,,,,,,,12,40,,,,,B03,,,1,,1,,,40,,1,13,4,B03,120.685612,24.200829,3
2448,66000,387130000C,(04)23274275,(04)23288582,2023,8,7,13,58,臺中市,北屯區,0,2,0,7,2,6,50,4,2,1,5,4,6,6,2,1,10,5,5,2,15,39,2,9,4,1,F01,7,10,7,21,2,11,,39,39,1,12,4,F01,120.696551,24.176341,2
2449,66000,387130000C,(04)23274275,(04)23288582,2023,8,7,14,3,臺中市,神岡區,0,0,0,7,,,50,,,,,,,,,,,,,,,7,,,,,B12,,,1,,1,,,7,,1,13,4,B12,120.663641,24.258331,3
2450,66000,387130000C,(04)23274275,(04)23288582,2023,8,7,14,7,臺中市,北屯區,0,1,0,7,2,6,50,4,1,1,5,4,6,6,2,1,10,5,5,2,16,11,3,10,3,1,B12,7,5,1,8,2,2,,11,11,1,12,4,B12,120.70253,24.186484,2
2451,66000,387130000C,(04)23274275,(04)23288582,2023,8,7,14,8,臺中市,梧棲區,0,1,0,7,2,6,60,4,8,1,5,4,6,6,1,1,1,4,4,1,12,39,3,10,3,1,B03,7,7,1,8,2,5,,39,39,1,6,4,B03,120.535355,24.248362,2
2452,66000,387130000C,(04)23274275,(04)23288582,2023,8,7,14,16,臺中市,南屯區,0,0,0,7,3,6,50,13,9,1,5,4,6,6,1,1,5,4,5,2,13,7,,,,,C03,,,1,,1,,,7,,1,12,4,C03,120.638358,24.147176,3
2453,66000,387130000C,(04)23274275,(04)23288582,2023,8,7,14,16,臺中市,北屯區,0,0,0,7,,,50,,,,,,,,,,,,,,,7,,,,,B03,,,1,,1,,,7,7,1,12,4,B03,120.721811,24.181854,3
2454,66000,387130000C,(04)23274275,(04)23288582,2023,8,7,14,28,臺中市,西屯區,0,0,0,7,,,50,,,,,,,,,,,,,,12,26,,,,,B03,,,1,,2,,,26,,1,13,4,B03,120.655612,24.19967,3
2455,66000,387130000C,(04)23274275,(04)23288582,2023,8,7,14,35,臺中市,西區,0,1,0,7,2,6,50,4,1,1,5,4,6,6,1,1,10,5,5,2,16,11,3,10,3,1,B03,7,6,1,8,2,2,,11,11,1,12,4,B03,120.669798,24.149599,2
2456,66000,387130000C,(04)23274275,(04)23288582,2023,8,7,14,35,臺中市,北屯區,0,0,0,7,,,40,,,,,,,,,,,,,,13,7,,,,,C03,,,1,,1,,,7,,1,13,4,C03,120.688176,24.175622,3
2457,66000,387130000C,(04)23274275,(04)23288582,2023,8,7,14,35,臺中市,清水區,0,2,0,7,2,6,50,13,14,1,5,4,6,6,4,4,1,4,4,1,13,59,2,7,2,1,C03,7,9,1,10,2,11,,59,59,1,6,4,C03,120.565662,24.319731,2
2458,66000,387130000C,(04)23274275,(04)23288582,2023,8,7,14,35,臺中市,沙鹿區,0,1,0,7,2,6,60,13,7,1,5,4,6,6,4,4,1,3,4,1,12,37,2,9,2,1,C03,7,4,1,10,2,11,,37,37,1,11,4,C03,120.598824,24.250106,2
2459,66000,387130000C,(04)23274275,(04)23288582,2023,8,7,14,38,臺中市,霧峰區,0,1,0,7,1,6,40,13,14,1,5,4,6,6,4,4,1,5,4,1,26,59,2,9,1,1,C03,7,9,1,10,2,11,,59,59,1,6,4,C03,120.68308,24.036553,2
2460,66000,387130000C,(04)23274275,(04)23288582,2023,8,7,14,44,臺中市,西屯區,0,1,0,7,2,6,50,3,2,1,5,4,6,6,4,4,1,4,5,2,17,51,2,9,5,4,C03,7,1,1,10,2,11,,51,51,1,13,4,C03,120.636471,24.156363,2
2461,66000,387130000C,(04)23274275,(04)23288582,2023,8,7,14,48,臺中市,西屯區,0,3,0,7,2,6,50,13,9,1,5,4,6,6,4,4,10,5,5,2,17,7,2,9,3,1,B03,7,9,1,8,2,1,,7,7,1,12,4,B03,120.651514,24.165035,2
2462,66000,387130000C,(04)23274275,(04)23288582,2023,8,7,14,50,臺中市,西屯區,0,1,0,7,2,6,50,3,1,1,5,4,6,6,2,1,10,5,5,2,18,84,2,9,1,1,C03,7,6,1,10,2,14,,84,84,1,12,4,C03,120.65011,24.182009,2
2463,66000,387130000C,(04)23274275,(04)23288582,2023,8,7,14,52,臺中市,南區,0,1,0,7,3,6,50,3,1,1,5,4,6,6,4,4,10,5,5,2,17,84,3,10,2,1,C03,7,6,1,10,5,11,,84,84,1,13,4,C03,120.673785,24.12769,2
2464,66000,387130000C,(04)23274275,(04)23288582,2023,8,7,14,52,臺中市,西屯區,0,2,0,7,3,6,50,3,1,1,5,4,6,6,1,1,8,4,4,1,17,20,2,9,5,4,C03,7,6,1,10,2,13,,20,20,1,13,4,C03,120.619111,24.181355,2
2465,66000,387130000C,(04)23274275,(04)23288582,2023,8,7,14,55,臺中市,南屯區,0,0,0,7,,,50,,,,,,,,,,,,,,,50,,,,,B03,,,1,,1,,,50,,1,13,4,B03,120.649633,24.144368,3
2466,66000,387130000C,(04)23274275,(04)23288582,2023,8,7,14,55,臺中市,北屯區,0,3,0,7,2,6,50,4,1,1,5,4,6,6,2,1,10,5,5,2,16,65,2,9,2,1,C03,7,6,1,10,2,14,,65,65,1,12,4,C03,120.699599,24.1648,2
2467,66000,387130000C,(04)23274275,(04)23288582,2023,8,7,14,57,臺中市,南屯區,0,2,0,7,1,6,50,13,9,1,5,4,6,6,4,4,5,4,5,2,12,40,2,9,5,4,C03,7,7,1,10,2,11,,40,40,1,13,4,C03,120.649688,24.148571,2
2468,66000,387130000C,(04)23274275,(04)23288582,2023,8,7,14,59,臺中市,西屯區,0,0,0,7,,,50,,,,,,,,,,,,,,17,84,,,,,B03,,,1,,1,,,84,,1,13,4,B03,120.644811,24.176813,3
2469,66000,387130000C,(04)23274275,(04)23288582,2023,8,7,15,0,臺中市,東區,0,0,0,7,3,6,50,13,7,1,5,4,6,6,4,4,5,4,5,2,13,84,3,10,3,1,B03,7,15,1,7,1,1,,84,84,1,12,4,B03,120.698471,24.147875,3
2470,66000,387130000C,(04)23274275,(04)23288582,2023,8,7,15,0,臺中市,沙鹿區,0,0,0,7,,,50,,,,,,,,,,,,,,,42,,,,,C03,,,1,,2,,,42,,1,12,4,C03,120.562399,24.240498,3
2471,66000,387130000C,(04)23274275,(04)23288582,2023,8,7,15,1,臺中市,北屯區,0,0,0,7,,,50,,,,,,,,,,,,,,,42,,,,,B12,,,1,,1,,,42,42,1,13,4,B12,120.722682,24.179296,3
2472,66000,387130000C,(04)23274275,(04)23288582,2023,8,7,15,5,臺中市,西屯區,0,2,0,7,3,6,30,4,1,1,5,4,6,6,4,4,9,5,5,2,15,20,2,9,1,1,C03,7,9,3,19,2,11,,20,20,1,12,4,C03,120.616891,24.188607,2
2473,66000,387130000C,(04)23274275,(04)23288582,2023,8,7,15,11,臺中市,東勢區,0,1,0,7,2,6,30,11,9,1,5,4,6,5,4,4,10,5,5,2,11,84,3,10,3,1,B12,7,9,5,19,2,8,,84,84,1,12,4,B12,120.817111,24.276412,2
2474,66000,387130000C,(04)23274275,(04)23288582,2023,8,7,15,15,臺中市,東區,0,1,0,7,3,6,50,4,1,1,5,4,6,6,1,1,10,5,5,2,12,42,2,8,1,1,C03,7,7,1,10,2,12,,42,42,1,12,4,C03,120.710504,24.149626,2
2475,66000,387130000C,(04)23274275,(04)23288582,2023,8,7,15,17,臺中市,豐原區,0,0,0,7,,,50,,,,,,,,,,,,,,13,7,,,,,A12,,,1,,2,,,7,,1,6,4,A12,120.749545,24.268486,3
2476,66000,387130000C,(04)23274275,(04)23288582,2023,8,7,15,18,臺中市,大里區,0,0,0,7,,,30,,,,,,,,,,,,,,9,8,,,,,A41,,,1,,2,,,8,,1,6,4,A41,120.664484,24.095841,3
2477,66000,387130000C,(04)23274275,(04)23288582,2023,8,7,15,20,臺中市,東區,0,2,0,7,2,6,50,13,9,1,5,4,6,6,4,4,5,4,5,2,12,84,3,10,3,1,B12,7,4,1,8,2,6,,84,8,1,13,4,B12,120.705,24.12802,2
2478,66000,387130000C,(04)23274275,(04)23288582,2023,8,7,15,20,臺中市,霧峰區,0,0,0,7,,,40,,,,,,,,,,,,,,17,7,,,,,B03,,,1,,2,,,7,,1,12,4,B03,120.662404,24.068512,3
2479,66000,387130000C,(04)23274275,(04)23288582,2023,8,7,15,22,臺中市,豐原區,0,2,0,7,2,6,50,3,1,1,5,4,6,6,4,4,5,5,4,2,13,7,2,9,1,1,C03,7,9,1,10,2,11,,7,7,1,13,4,C03,120.713917,24.253854,2
2480,66000,387130000C,(04)23274275,(04)23288582,2023,8,7,15,23,臺中市,潭子區,0,1,0,7,3,6,60,3,2,1,5,4,6,6,4,4,3,4,4,1,17,14,3,10,3,1,B03,7,5,3,19,2,4,,14,14,1,13,4,B03,120.704888,24.20589,2
2481,66000,387130000C,(04)23274275,(04)23288582,2023,8,7,15,24,臺中市,西屯區,0,0,0,7,,,50,,,,,,,,,,,,,,14,49,,,,,B03,,,1,,1,,,49,,1,6,4,B03,120.646839,24.175076,3
2482,66000,387130000C,(04)23274275,(04)23288582,2023,8,7,15,32,臺中市,大里區,0,1,0,7,3,6,50,13,7,1,5,4,6,6,4,4,9,4,4,2,13,7,2,9,5,4,C03,7,9,3,19,2,11,,7,7,1,13,4,C03,120.690428,24.111515,2
2483,66000,387130000C,(04)23274275,(04)23288582,2023,8,7,15,35,臺中市,東區,0,0,0,7,3,6,50,4,1,1,5,4,6,6,1,1,10,5,5,2,17,51,3,10,3,1,B03,7,1,1,8,1,5,,51,51,1,12,4,B03,120.690484,24.134815,3