序號,縣市別代碼,機關代碼,市話,傳真,年,月,日,時,分,縣市,區,死亡數量,受傷數量,2-30,天候,光線,道路類別,速限,道路型態,事故位置,路面鋪裝,路面狀態,路面缺陷,障礙物,視距,號誌種類,號誌動作,分向設施,快車道或一般車道間,快慢車道間,路面邊線,事故類型及型態,主要肇因,受傷程度,主要傷處,保護裝備,行動電話,當事者區分(類別),車輛用途,當事者行動狀態,駕駛資格情形,駕駛執照種類,飲酒情形,車輛撞擊部位最初,車輛撞擊部位其他,肇事因素個別,肇事因素主要,肇事逃逸,職業,旅次目的,車種,GPS座標X,GPS座標Y,事故類別
2484,66000,387130000C,(04)23274275,(04)23288582,2023,8,7,15,36,臺中市,西區,0,2,0,7,2,6,50,13,9,1,5,4,6,6,4,4,5,4,5,2,17,51,2,8,1,1,C04,7,1,5,10,2,11,,51,51,1,13,4,C04,120.671495,24.134823,2
2485,66000,387130000C,(04)23274275,(04)23288582,2023,8,7,15,37,臺中市,霧峰區,0,0,0,7,,,50,,,,,,,,,,,,,,,49,,,,,B03,,,1,,2,,,49,,1,12,4,B03,120.696849,24.061713,3
2486,66000,387130000C,(04)23274275,(04)23288582,2023,8,7,15,40,臺中市,龍井區,0,0,0,7,,,50,,,,,,,,,,,,,,,21,,,,,B03,,,1,,2,,,21,,1,6,4,B03,120.585178,24.184435,3
2487,66000,387130000C,(04)23274275,(04)23288582,2023,8,7,15,42,臺中市,大肚區,0,1,0,7,2,6,60,13,7,1,5,4,6,6,4,4,1,4,3,2,13,84,3,10,3,1,B03,7,9,1,8,2,1,,84,84,1,6,4,B03,120.582525,24.17129,2
2488,66000,387130000C,(04)23274275,(04)23288582,2023,8,7,15,47,臺中市,神岡區,0,1,0,7,3,6,50,18,9,1,5,4,6,6,4,4,5,5,5,1,17,53,3,10,3,1,B03,7,6,1,8,5,8,,53,53,1,13,4,B03,120.656549,24.268987,2
2489,66000,387130000C,(04)23274275,(04)23288582,2023,8,7,15,48,臺中市,南屯區,0,0,0,7,,,40,,,,,,,,,,,,,,,59,,,,,B03,,,1,,2,,,59,,1,13,4,B03,120.623489,24.149455,3
2490,66000,387130000C,(04)23274275,(04)23288582,2023,8,7,15,52,臺中市,北區,0,0,0,7,,,40,,,,,,,,,,,,,,9,84,,,,,B03,,,1,,1,,,84,,1,13,4,B03,120.676917,24.155373,3
2491,66000,387130000C,(04)23274275,(04)23288582,2023,8,7,15,55,臺中市,西屯區,0,1,0,7,2,6,80,13,9,1,5,4,6,6,4,4,1,4,4,2,13,7,3,10,5,4,B12,7,9,1,8,2,1,,7,7,1,13,4,B12,120.657627,24.200309,2
2492,66000,387130000C,(04)23274275,(04)23288582,2023,8,7,15,55,臺中市,大里區,0,1,0,7,2,6,30,11,9,1,5,4,6,6,4,4,10,5,5,1,11,43,3,10,3,1,B12,7,9,1,8,2,8,,43,43,1,12,4,B12,120.69765,24.118823,2
2493,66000,387130000C,(04)23274275,(04)23288582,2023,8,7,15,55,臺中市,沙鹿區,0,0,0,7,2,7,30,4,9,1,5,4,6,6,4,4,4,3,4,2,15,12,,,,,B12,,,1,,2,,,12,,1,12,4,B12,120.558152,24.247131,3
2494,66000,387130000C,(04)23274275,(04)23288582,2023,8,7,16,0,臺中市,南區,0,1,0,7,1,6,50,13,7,1,5,4,6,6,4,4,1,5,5,2,13,7,2,8,1,1,C03,7,9,1,10,2,11,,7,7,1,12,4,C03,120.650576,24.120293,2
2495,66000,387130000C,(04)23274275,(04)23288582,2023,8,7,16,1,臺中市,太平區,0,0,0,7,,,50,,,,,,,,,,,,,,,57,,,,,B01,,,1,,2,,,57,,1,12,4,B01,120.712149,24.126158,3
2496,66000,387130000C,(04)23274275,(04)23288582,2023,8,7,16,2,臺中市,北屯區,0,0,0,7,,,40,,,,,,,,,,,,,,,84,,,,,B03,,14,1,8,2,5,,84,84,1,12,4,B03,120.695096,24.184403,3
2497,66000,387130000C,(04)23274275,(04)23288582,2023,8,7,16,4,臺中市,北屯區,0,0,0,7,,,50,,,,,,,,,,,,,,9,84,,,,,B12,,,1,,2,,,84,,1,12,4,B12,120.702863,24.176823,3
2498,66000,387130000C,(04)23274275,(04)23288582,2023,8,7,16,5,臺中市,北區,0,0,0,7,,,50,,,,,,,,,,,,,,13,58,,,,,B03,,,1,,1,,,58,,1,12,4,B03,120.687656,24.155574,3
2499,66000,387130000C,(04)23274275,(04)23288582,2023,8,7,16,6,臺中市,西屯區,0,0,0,7,,,50,,,,,,,,,,,,,,,85,,,,,B03,,,1,,2,,,85,,1,13,4,B03,120.671302,24.167123,3
2500,66000,387130000C,(04)23274275,(04)23288582,2023,8,7,16,10,臺中市,北區,0,2,0,7,2,6,50,4,1,1,5,4,6,6,4,4,5,5,5,2,15,15,2,9,5,1,C03,7,9,1,10,2,11,,15,15,1,13,4,C03,120.677627,24.15819,2
2501,66000,387130000C,(04)23274275,(04)23288582,2023,8,7,16,11,臺中市,西區,0,0,0,7,3,6,50,13,9,1,5,4,6,6,4,4,9,4,5,2,14,49,,,,,C03,,,1,,1,,,49,,1,12,4,C03,120.661369,24.134332,3
2502,66000,387130000C,(04)23274275,(04)23288582,2023,8,7,16,13,臺中市,西屯區,0,0,0,7,,,50,,,,,,,,,,,,,,17,39,,,,,C03,,,3,,1,,,39,,1,12,4,C03,120.654644,24.164574,3
2503,66000,387130000C,(04)23274275,(04)23288582,2023,8,7,16,15,臺中市,神岡區,0,2,0,7,3,6,60,4,1,1,5,4,6,6,1,1,10,5,5,2,13,20,3,10,5,4,B12,7,5,1,7,2,16,,20,20,1,13,4,B12,120.698621,24.235573,2
2504,66000,387130000C,(04)23274275,(04)23288582,2023,8,7,16,18,臺中市,神岡區,0,0,0,7,,,50,,,,,,,,,,,,,,,7,,,,,B03,,,1,,1,,,7,,1,13,4,B03,120.693013,24.248555,3
2505,66000,387130000C,(04)23274275,(04)23288582,2023,8,7,16,19,臺中市,西屯區,0,0,0,7,,,50,,,,,,,,,,,,,,9,84,,,,,A05,,,1,,1,,,84,,1,13,4,A05,120.661043,24.171538,3
2506,66000,387130000C,(04)23274275,(04)23288582,2023,8,7,16,26,臺中市,大里區,0,2,0,7,3,6,30,4,1,1,5,4,6,6,4,4,10,5,5,2,15,15,2,9,2,1,C03,7,9,1,10,2,12,,15,15,1,12,4,C03,120.706328,24.083506,2
2507,66000,387130000C,(04)23274275,(04)23288582,2023,8,7,16,27,臺中市,西屯區,0,2,0,7,3,6,40,4,1,1,5,4,6,6,1,1,10,5,5,2,15,21,2,9,1,1,C03,7,9,1,10,2,11,,21,21,1,13,4,C03,120.639584,24.182228,2
2508,66000,387130000C,(04)23274275,(04)23288582,2023,8,7,16,29,臺中市,北屯區,0,1,0,7,2,6,50,13,7,1,5,4,6,6,4,4,1,4,4,2,17,51,3,10,3,1,B03,7,1,1,8,2,15,,51,51,1,13,4,B03,120.685574,24.170241,2
2509,66000,387130000C,(04)23274275,(04)23288582,2023,8,7,16,30,臺中市,潭子區,0,0,0,7,,,20,,,,,,,,,,,,,,14,49,,,,,A12,,,1,,1,,,49,,1,12,4,A12,120.690502,24.212226,4
2510,66000,387130000C,(04)23274275,(04)23288582,2023,8,7,16,30,臺中市,南區,0,1,0,7,3,6,50,4,1,1,5,4,6,6,2,1,10,5,5,2,16,11,3,10,3,1,B03,7,6,1,8,2,5,,11,11,1,12,4,B03,120.655457,24.115199,2
2511,66000,387130000C,(04)23274275,(04)23288582,2023,8,7,16,40,臺中市,東區,0,1,0,7,2,6,50,4,1,1,5,4,6,6,1,1,10,5,5,2,17,20,3,10,3,1,B03,7,5,1,8,2,5,,20,20,1,13,4,B03,120.701504,24.14022,2
2512,66000,387130000C,(04)23274275,(04)23288582,2023,8,7,16,43,臺中市,沙鹿區,0,1,0,7,2,6,50,3,1,1,5,4,6,6,4,4,10,5,5,2,17,47,3,10,3,1,B03,7,5,1,8,2,5,,47,47,1,12,4,B03,120.560006,24.238967,2
2513,66000,387130000C,(04)23274275,(04)23288582,2023,8,7,16,45,臺中市,大雅區,0,2,0,7,3,6,50,13,9,1,5,4,6,6,4,4,9,5,5,1,16,45,3,10,3,1,B03,7,11,1,8,2,5,,45,45,1,13,4,B03,120.653677,24.232094,2
2514,66000,387130000C,(04)23274275,(04)23288582,2023,8,7,16,46,臺中市,西區,0,0,0,7,,,50,,,,,,,,,,,,,,,84,,,,,B03,,,1,8,1,,,84,84,1,13,4,B03,120.659541,24.144241,3
2515,66000,387130000C,(04)23274275,(04)23288582,2023,8,7,16,46,臺中市,西屯區,0,0,0,7,,,50,,,,,,,,,,,,,,13,84,,,,,B03,,,1,,1,,,84,,1,12,4,B03,120.63064,24.161916,3
2516,66000,387130000C,(04)23274275,(04)23288582,2023,8,7,16,47,臺中市,南屯區,0,0,0,7,,,50,,,,,,,,,,,,,,,51,,,,,B12,,,1,,2,,,51,,1,13,4,B12,120.623196,24.150397,3
2517,66000,387130000C,(04)23274275,(04)23288582,2023,8,7,16,48,臺中市,北屯區,0,0,0,7,,,50,,,,,,,,,,,,,,13,7,,,,,B03,,,1,,1,,,7,7,1,12,4,B03,120.697745,24.170349,3
2518,66000,387130000C,(04)23274275,(04)23288582,2023,8,7,16,48,臺中市,梧棲區,0,1,0,7,3,6,70,4,1,1,5,4,6,6,1,1,10,5,5,2,16,38,3,10,3,1,B03,7,5,1,8,2,6,,38,38,1,6,4,B03,120.528235,24.261768,2
2519,66000,387130000C,(04)23274275,(04)23288582,2023,8,7,16,49,臺中市,北區,0,0,0,7,,,40,,,,,,,,,,,,,,,84,,,,,B03,,,1,,9,,,84,,2,13,4,B03,120.689204,24.147059,3
2520,66000,387130000C,(04)23274275,(04)23288582,2023,8,7,16,49,臺中市,西屯區,0,1,0,7,2,6,1,13,9,1,5,4,6,6,4,4,9,5,5,2,17,51,3,10,5,4,C03,7,1,1,10,2,16,,51,51,1,12,4,C03,120.600616,24.173805,2
2521,66000,387130000C,(04)23274275,(04)23288582,2023,8,7,16,50,臺中市,大雅區,0,1,0,7,3,6,30,3,1,1,5,4,6,6,1,1,5,4,4,2,2,8,3,10,3,1,B03,7,5,1,8,2,6,,8,8,1,13,4,B03,120.649851,24.223972,2
2522,66000,387130000C,(04)23274275,(04)23288582,2023,8,7,16,54,臺中市,東區,0,3,0,7,2,6,50,4,1,1,5,4,6,3,4,4,10,5,5,2,15,13,3,10,3,1,B03,7,9,1,8,2,8,,13,13,1,12,4,B03,120.706003,24.141046,2
2523,66000,387130000C,(04)23274275,(04)23288582,2023,8,7,16,54,臺中市,北屯區,0,1,0,7,3,6,50,4,1,1,5,4,1,6,1,1,10,5,5,2,16,22,2,9,1,1,C03,7,5,3,19,7,14,,22,22,1,12,4,C03,120.664536,24.183574,2
2524,66000,387130000C,(04)23274275,(04)23288582,2023,8,7,16,55,臺中市,北屯區,0,0,0,7,,,80,,,,,,,,,,,,,,12,40,,,,,B03,,,1,,9,,,40,40,1,6,4,B03,120.69495,24.20112,3
2525,66000,387130000C,(04)23274275,(04)23288582,2023,8,7,16,57,臺中市,西屯區,0,0,0,7,,,50,,,,,,,,,,,,,,,87,,,,,B03,,,1,,9,,,87,,1,13,4,B03,120.619643,24.184629,3
2526,66000,387130000C,(04)23274275,(04)23288582,2023,8,7,16,58,臺中市,豐原區,0,0,0,7,,,30,,,,,,,,,,,,,,,84,,,,,C03,,,1,,9,,,84,,1,13,4,C03,120.725111,24.239888,3
2527,66000,387130000C,(04)23274275,(04)23288582,2023,8,7,16,59,臺中市,西區,0,0,0,7,2,6,50,13,9,1,5,4,6,6,4,4,,5,5,2,13,7,,,,,B03,,,1,,1,,,7,,1,12,4,B03,120.669806,24.149626,3
2528,66000,387130000C,(04)23274275,(04)23288582,2023,8,7,17,4,臺中市,西屯區,0,0,0,7,,,30,,,,,,,,,,,,,,9,87,,,,,B03,,,1,,10,,,87,,1,12,4,B03,120.63461,24.162098,3
2529,66000,387130000C,(04)23274275,(04)23288582,2023,8,7,17,4,臺中市,豐原區,0,0,0,7,,,50,,,,,,,,,,,,,,,59,,,,,B03,,,1,,2,,,59,,1,12,4,B03,120.761151,24.277179,3
2530,66000,387130000C,(04)23274275,(04)23288582,2023,8,7,17,5,臺中市,梧棲區,0,0,0,7,,,50,,,,,,,,,,,,,,13,7,,,,,C03,,,1,,2,,,7,,1,6,2,C03,120.538813,24.257892,3
2531,66000,387130000C,(04)23274275,(04)23288582,2023,8,7,17,5,臺中市,大甲區,0,0,0,7,,,50,,,,,,,,,,,,,,,39,,,,,C03,,,1,,2,,,39,39,1,6,4,C03,120.632195,24.355473,3
2532,66000,387130000C,(04)23274275,(04)23288582,2023,8,7,17,10,臺中市,西區,0,1,0,7,1,6,50,4,1,1,5,4,6,6,4,4,10,5,5,2,16,12,2,9,1,1,C03,7,9,1,10,2,12,,6,12,1,12,4,C03,120.670489,24.151591,2
2533,66000,387130000C,(04)23274275,(04)23288582,2023,8,7,17,10,臺中市,南區,0,0,0,7,3,6,50,4,1,1,5,4,6,6,1,1,10,5,5,2,17,84,3,10,3,1,B03,7,9,1,8,2,7,,84,84,1,12,4,B03,120.656325,24.129618,3
2534,66000,387130000C,(04)23274275,(04)23288582,2023,8,7,17,10,臺中市,西屯區,0,2,0,7,2,6,50,13,9,1,5,4,6,6,4,4,5,4,5,2,13,87,2,9,5,4,C03,7,9,1,10,2,11,,87,87,1,13,4,C03,120.623732,24.194055,2
2535,66000,387130000C,(04)23274275,(04)23288582,2023,8,7,17,10,臺中市,太平區,0,1,0,7,3,6,50,4,1,1,5,4,6,6,1,1,10,5,5,2,16,20,3,10,3,1,B03,7,5,1,8,2,5,,20,20,1,12,4,B03,120.711881,24.144475,2
2536,66000,387130000C,(04)23274275,(04)23288582,2023,8,7,17,10,臺中市,大安區,0,2,0,7,2,6,30,3,1,2,5,4,6,6,4,4,10,5,5,2,19,118,,,,,,,,,,,,,118,118,1,,,,120.585598,24.383564,2
2537,66000,387130000C,(04)23274275,(04)23288582,2023,8,7,17,13,臺中市,大里區,0,0,0,7,,,50,,,,,,,,,,,,,,16,51,,,,,C03,,,3,,2,,,51,,1,13,4,C03,120.673845,24.104006,3
2538,66000,387130000C,(04)23274275,(04)23288582,2023,8,7,17,13,臺中市,大里區,0,1,0,7,2,6,50,13,9,1,5,4,6,6,4,4,5,5,5,1,28,118,,,,,,,,,,,,,118,118,1,,,,120.69958,24.101918,2
2539,66000,387130000C,(04)23274275,(04)23288582,2023,8,7,17,13,臺中市,神岡區,0,2,0,7,2,6,30,3,1,1,5,4,6,6,4,4,10,5,5,1,16,14,2,9,1,1,C03,7,6,1,11,2,11,,14,14,1,12,4,C03,120.676517,24.24415,2
2540,66000,387130000C,(04)23274275,(04)23288582,2023,8,7,17,14,臺中市,南屯區,0,0,0,7,3,6,40,13,17,1,5,4,6,6,4,4,10,4,5,2,13,59,,,,,B03,,,1,,1,,,59,59,1,12,4,B03,120.623399,24.135649,3
2541,66000,387130000C,(04)23274275,(04)23288582,2023,8,7,17,15,臺中市,梧棲區,0,0,0,7,,,50,,,,,,,,,,,,,,16,59,,,,,C03,,,1,,1,,,59,,1,6,4,C03,120.53146,24.253294,3
2542,66000,387130000C,(04)23274275,(04)23288582,2023,8,7,17,19,臺中市,西區,0,1,0,7,2,6,50,4,1,1,5,4,6,6,1,1,5,4,4,2,18,59,2,9,1,1,C03,7,9,1,10,2,14,,59,59,1,12,4,C03,120.669414,24.138753,2
2543,66000,387130000C,(04)23274275,(04)23288582,2023,8,7,17,20,臺中市,北區,0,1,0,7,2,6,40,13,8,1,5,4,6,6,4,4,1,4,4,2,17,85,2,9,1,1,C03,7,9,1,10,2,12,,85,85,1,13,4,C03,120.673672,24.166303,2
2544,66000,387130000C,(04)23274275,(04)23288582,2023,8,7,17,23,臺中市,潭子區,0,2,0,7,3,6,50,3,2,1,5,4,6,6,4,4,5,4,4,2,15,20,2,9,2,1,C03,7,1,1,10,2,11,,20,20,1,13,4,C03,120.712895,24.229611,2
2545,66000,387130000C,(04)23274275,(04)23288582,2023,8,7,17,25,臺中市,東區,0,0,0,7,1,6,50,13,7,1,5,4,6,6,1,1,5,4,5,2,30,7,3,10,1,1,C03,7,15,1,10,2,11,,7,7,1,12,4,C03,120.697296,24.147958,3
2546,66000,387130000C,(04)23274275,(04)23288582,2023,8,7,17,27,臺中市,太平區,0,0,0,7,,,30,,,,,,,,,,,,,,9,84,,,,,C03,,,1,,2,,,84,,1,12,4,C03,120.729081,24.141325,3
2547,66000,387130000C,(04)23274275,(04)23288582,2023,8,7,17,29,臺中市,梧棲區,0,0,0,7,,,60,,,,,,,,,,,,,,13,7,,,,,A41,,,1,,1,,,7,,1,6,4,A41,120.518336,24.225359,3
2548,66000,387130000C,(04)23274275,(04)23288582,2023,8,7,17,34,臺中市,大里區,0,1,0,7,2,6,50,13,7,1,5,4,6,6,4,4,5,4,4,2,17,84,2,7,6,4,F01,7,9,7,21,1,12,,84,84,1,3,4,F01,120.703129,24.093379,2
2549,66000,387130000C,(04)23274275,(04)23288582,2023,8,7,17,34,臺中市,烏日區,0,1,0,7,1,6,50,13,9,2,5,4,6,6,4,4,1,4,5,2,12,84,2,9,2,1,C03,7,9,1,10,2,14,,84,84,1,5,4,C03,120.650627,24.097347,2
2550,66000,387130000C,(04)23274275,(04)23288582,2023,8,7,17,36,臺中市,霧峰區,0,0,0,7,,,50,,,,,,,,,,,,,,,50,,,,,C03,,,1,,2,,,50,,1,12,4,C03,120.698906,24.061598,3
2551,66000,387130000C,(04)23274275,(04)23288582,2023,8,7,17,37,臺中市,烏日區,0,0,0,7,,,80,,,,,,,,,,,,,,,84,,,,,B12,,,1,,2,,,84,84,1,12,4,B12,120.608708,24.097216,3
2552,66000,387130000C,(04)23274275,(04)23288582,2023,8,7,17,40,臺中市,北區,0,0,0,7,,,40,,,,,,,,,,,,,,9,85,,,,,C03,,,1,,2,,,85,,1,12,4,C03,120.676489,24.159195,4
2553,66000,387130000C,(04)23274275,(04)23288582,2023,8,7,17,40,臺中市,大里區,0,0,0,7,,,40,,,,,,,,,,,,,,,8,,,,,C03,,,1,,2,,,8,,1,12,4,C03,120.67453,24.097728,3
2554,66000,387130000C,(04)23274275,(04)23288582,2023,8,7,17,42,臺中市,太平區,0,1,0,7,3,6,50,4,2,1,5,4,3,6,1,1,5,5,5,2,18,84,2,9,1,1,C03,7,5,1,10,2,12,,84,84,1,6,4,C03,120.705068,24.148288,2
2555,66000,387130000C,(04)23274275,(04)23288582,2023,8,7,17,42,臺中市,烏日區,0,0,0,7,,,50,,,,,,,,,,,,,,,87,,,,,B03,,,1,,9,,,87,,1,12,4,B03,120.621895,24.104911,4
2556,66000,387130000C,(04)23274275,(04)23288582,2023,8,7,17,44,臺中市,霧峰區,0,3,0,7,3,6,80,13,9,1,5,4,6,6,4,4,1,4,5,1,13,7,2,3,3,1,B03,7,9,1,8,2,1,,7,7,1,12,4,B03,120.684307,24.054721,2
2557,66000,387130000C,(04)23274275,(04)23288582,2023,8,7,17,45,臺中市,西屯區,0,0,0,7,,,50,,,,,,,,,,,,,,,7,,,,,B03,,,1,,1,,,7,,1,13,4,B03,120.654108,24.201915,3
2558,66000,387130000C,(04)23274275,(04)23288582,2023,8,7,17,46,臺中市,西區,0,1,0,7,2,6,50,3,1,1,5,4,6,6,4,4,5,4,5,2,12,8,3,10,5,4,B03,7,9,1,8,2,5,,8,8,1,13,4,B03,120.670828,24.145882,2
2559,66000,387130000C,(04)23274275,(04)23288582,2023,8,7,17,46,臺中市,龍井區,0,0,0,7,,,60,,,,,,,,,,,,,,13,7,,,,,B12,,,1,,2,,,7,,1,13,4,B12,120.573875,24.185674,3
2560,66000,387130000C,(04)23274275,(04)23288582,2023,8,7,17,47,臺中市,北區,0,1,0,7,2,6,50,4,1,1,5,4,6,6,4,4,1,4,5,2,2,10,3,10,5,1,B01,7,6,1,4,2,8,,10,10,1,13,4,B01,120.696929,24.155306,2
2561,66000,387130000C,(04)23274275,(04)23288582,2023,8,7,17,48,臺中市,潭子區,0,0,0,7,,,30,,,,,,,,,,,,,,17,59,,,,,A11,,,1,,2,,,59,59,1,12,4,A11,120.676696,24.218163,3
2562,66000,387130000C,(04)23274275,(04)23288582,2023,8,7,17,49,臺中市,西區,0,0,0,7,,,50,,,,,,,,,,,,,,,15,,,,,B03,,,1,,2,,,15,,1,12,4,B03,120.668195,24.150238,3
2563,66000,387130000C,(04)23274275,(04)23288582,2023,8,7,17,50,臺中市,西屯區,0,0,0,7,,,50,,,,,,,,,,,,,,17,22,,,,,B03,,,1,,1,,,22,,1,12,4,B03,120.614312,24.177208,3
2564,66000,387130000C,(04)23274275,(04)23288582,2023,8,7,17,50,臺中市,豐原區,0,2,0,7,2,6,40,3,1,1,5,4,6,5,4,4,5,5,4,2,17,46,2,9,1,1,C03,7,11,1,10,2,11,,46,46,1,13,4,C03,120.699214,24.24732,2
2565,66000,387130000C,(04)23274275,(04)23288582,2023,8,7,17,51,臺中市,沙鹿區,0,0,0,7,,,60,,,,,,,,,,,,,,,56,,,,,A12,,,1,,2,,,56,,1,12,5,A12,120.597727,24.250125,3
2566,66000,387130000C,(04)23274275,(04)23288582,2023,8,7,17,52,臺中市,西屯區,0,1,0,7,2,6,50,3,1,1,5,4,6,6,4,4,10,5,5,2,14,49,3,10,5,4,B03,7,2,1,8,1,3,,49,49,1,13,4,B03,120.653229,24.159255,2
2567,66000,387130000C,(04)23274275,(04)23288582,2023,8,7,17,53,臺中市,梧棲區,0,0,0,7,,,50,,,,,,,,,,,,,,17,50,,,,,B03,,,1,,9,,,50,,1,13,4,B03,120.529629,24.253742,3
2568,66000,387130000C,(04)23274275,(04)23288582,2023,8,7,17,56,臺中市,西屯區,0,0,0,7,,,30,,,,,,,,,,,,,,,84,,,,,C03,,,1,,1,,,84,,1,12,4,C03,120.656864,24.167892,3
2569,66000,387130000C,(04)23274275,(04)23288582,2023,8,7,17,59,臺中市,西屯區,0,2,0,7,2,6,50,4,1,1,5,4,6,6,2,1,10,5,5,2,17,47,3,10,5,4,B03,7,5,1,8,2,2,,47,47,1,13,4,B03,120.624383,24.178531,2
2570,66000,387130000C,(04)23274275,(04)23288582,2023,8,7,18,0,臺中市,東區,0,1,0,7,2,6,40,13,8,1,5,4,6,6,4,4,5,5,2,2,17,84,2,9,6,1,F01,7,9,7,21,2,12,,84,84,1,4,4,F01,120.687803,24.126201,2
2571,66000,387130000C,(04)23274275,(04)23288582,2023,8,7,18,4,臺中市,神岡區,0,1,0,7,3,6,50,13,9,1,5,4,6,6,4,4,5,5,5,2,17,84,3,10,3,1,B03,7,9,1,8,2,5,,84,84,1,13,4,B03,120.661132,24.25777,2
2572,66000,387130000C,(04)23274275,(04)23288582,2023,8,7,18,7,臺中市,烏日區,0,0,0,7,,,50,,,,,,,,,,,,,,,7,,,,,B01,,,1,,2,,,7,,1,12,4,B01,120.629696,24.109163,3
2573,66000,387130000C,(04)23274275,(04)23288582,2023,8,7,18,11,臺中市,北屯區,0,2,0,7,1,6,40,13,8,1,5,4,6,6,4,4,5,5,4,2,17,51,2,9,1,1,C03,7,1,1,10,2,11,,51,51,1,13,4,C03,120.671954,24.182274,2
2574,66000,387130000C,(04)23274275,(04)23288582,2023,8,7,18,12,臺中市,北區,0,1,0,7,2,6,50,4,1,1,5,4,6,6,1,1,10,5,5,2,12,85,3,10,1,1,C03,7,9,1,10,2,12,,85,85,1,13,4,C03,120.664732,24.161263,2
2575,66000,387130000C,(04)23274275,(04)23288582,2023,8,7,18,16,臺中市,東區,0,2,0,7,1,6,40,4,2,1,5,4,6,6,1,1,5,5,4,2,18,84,2,9,1,1,C03,7,15,1,10,2,14,,84,84,1,12,4,C03,120.686787,24.13158,2
2576,66000,387130000C,(04)23274275,(04)23288582,2023,8,7,18,16,臺中市,西屯區,0,0,0,7,,,50,,,,,,,,,,,,,,2,51,,,,,B02,,,1,,1,,,51,,1,12,4,B02,120.663869,24.17333,3
2577,66000,387130000C,(04)23274275,(04)23288582,2023,8,7,18,18,臺中市,北區,0,0,0,7,,,50,,,,,,,,,,,,,,13,7,,,,,B03,,,1,,1,,,7,,1,13,4,B03,120.66474,24.161292,3
2578,66000,387130000C,(04)23274275,(04)23288582,2023,8,7,18,24,臺中市,大里區,0,3,0,7,1,6,80,13,9,1,5,4,6,6,4,4,1,5,5,1,17,40,3,10,3,1,B02,7,8,1,8,2,8,,40,40,1,6,4,B02,120.690704,24.098029,2
2579,66000,387130000C,(04)23274275,(04)23288582,2023,8,7,18,25,臺中市,神岡區,0,1,0,7,2,6,50,13,9,1,5,4,6,6,4,4,9,5,5,1,17,51,3,10,1,1,C03,7,1,3,19,2,11,,51,51,1,12,4,C03,120.684508,24.268721,2
2580,66000,387130000C,(04)23274275,(04)23288582,2023,8,7,18,27,臺中市,西屯區,0,1,0,7,1,6,50,3,1,1,5,4,6,6,4,4,1,4,4,2,16,14,3,10,5,4,B03,7,5,1,8,2,6,,14,14,1,13,4,B03,120.630673,24.180466,2
2581,66000,387130000C,(04)23274275,(04)23288582,2023,8,7,18,27,臺中市,大肚區,0,0,0,7,,,50,,,,,,,,,,,,,,,51,,,,,B12,,,1,,2,,,51,,1,12,4,B12,120.545035,24.152201,3
2582,66000,387130000C,(04)23274275,(04)23288582,2023,8,7,18,27,臺中市,豐原區,0,3,0,7,2,6,50,3,1,1,5,4,6,6,1,1,1,5,5,2,3,95,2,9,6,5,H01,8,16,7,21,10,17,,95,95,1,6,5,H01,120.722248,24.276815,2
2583,66000,387130000C,(04)23274275,(04)23288582,2023,8,7,18,30,臺中市,大雅區,0,0,0,7,,,50,,,,,,,,,,,,,,,7,,,,,B03,,,1,,2,,,7,,1,12,4,B03,120.646038,24.223592,3
2584,66000,387130000C,(04)23274275,(04)23288582,2023,8,7,18,30,臺中市,西區,0,1,0,7,1,6,50,4,1,1,5,4,6,6,2,1,10,5,5,2,16,38,3,10,3,1,B03,7,6,1,8,2,2,,38,38,1,13,4,B03,120.658999,24.155902,2
2585,66000,387130000C,(04)23274275,(04)23288582,2023,8,7,18,33,臺中市,梧棲區,0,1,0,7,1,6,40,13,8,1,5,4,6,6,4,4,1,4,1,1,17,59,2,8,1,1,C03,7,9,1,10,2,16,,59,59,1,6,4,C03,120.539584,24.249028,2
2586,66000,387130000C,(04)23274275,(04)23288582,2023,8,7,18,34,臺中市,神岡區,0,1,0,7,1,6,30,18,9,1,5,4,6,6,4,4,10,5,5,1,17,8,3,10,3,1,B02,7,15,1,8,2,4,,8,8,1,13,4,B02,120.680016,24.242054,2
2587,66000,387130000C,(04)23274275,(04)23288582,2023,8,7,18,35,臺中市,南區,0,0,0,6,1,6,50,13,9,1,5,4,6,6,4,4,5,4,5,2,17,84,3,10,1,1,C03,7,9,1,10,1,11,,84,84,1,12,4,C03,120.660385,24.11506,3
2588,66000,387130000C,(04)23274275,(04)23288582,2023,8,7,18,40,臺中市,南屯區,0,0,0,7,,,40,,,,,,,,,,,,,,,49,,,,,B03,,,1,,2,,,49,49,1,13,4,B03,120.649236,24.132002,3
2589,66000,387130000C,(04)23274275,(04)23288582,2023,8,7,18,43,臺中市,南區,0,1,0,7,1,6,40,13,8,1,5,4,6,6,4,4,3,4,4,2,17,76,3,10,5,1,B03,7,15,1,8,2,4,,76,76,1,12,4,B03,120.694013,24.133069,2
2590,66000,387130000C,(04)23274275,(04)23288582,2023,8,7,18,43,臺中市,西屯區,0,1,0,7,1,6,40,13,8,1,5,4,6,6,4,4,1,5,1,1,13,7,3,10,1,1,C03,7,9,1,10,2,11,,7,7,1,12,4,C03,120.641076,24.167898,2