序號,縣市別代碼,機關代碼,市話,傳真,年,月,日,時,分,縣市,區,死亡數量,受傷數量,2-30,天候,光線,道路類別,速限,道路型態,事故位置,路面鋪裝,路面狀態,路面缺陷,障礙物,視距,號誌種類,號誌動作,分向設施,快車道或一般車道間,快慢車道間,路面邊線,事故類型及型態,主要肇因,受傷程度,主要傷處,保護裝備,行動電話,當事者區分(類別),車輛用途,當事者行動狀態,駕駛資格情形,駕駛執照種類,飲酒情形,車輛撞擊部位最初,車輛撞擊部位其他,肇事因素個別,肇事因素主要,肇事逃逸,職業,旅次目的,車種,GPS座標X,GPS座標Y,事故類別
2591,66000,387130000C,(04)23274275,(04)23288582,2023,8,7,18,45,臺中市,后里區,0,1,0,7,1,6,50,3,2,1,5,4,6,6,4,4,4,3,5,1,17,14,3,10,3,1,B03,7,5,1,8,2,2,,14,14,1,12,4,B03,120.728557,24.32596,2
2592,66000,387130000C,(04)23274275,(04)23288582,2023,8,7,18,46,臺中市,東區,0,1,0,7,1,6,50,4,1,1,5,4,6,6,2,1,10,5,5,2,3,10,3,10,3,1,B03,7,5,1,8,2,1,,10,10,1,12,4,B03,120.6858,24.141551,2
2593,66000,387130000C,(04)23274275,(04)23288582,2023,8,7,18,49,臺中市,北屯區,0,1,0,7,1,6,50,4,1,1,5,4,6,6,2,1,10,5,5,2,12,53,3,10,3,1,B12,7,9,5,19,8,5,,53,53,1,13,4,B12,120.688493,24.181908,2
2594,66000,387130000C,(04)23274275,(04)23288582,2023,8,7,18,49,臺中市,烏日區,0,0,0,7,,,50,,,,,,,,,,,,,,,40,,,,,B03,,,1,,2,,,40,,1,12,4,B03,120.623989,24.10404,3
2595,66000,387130000C,(04)23274275,(04)23288582,2023,8,7,18,54,臺中市,南區,0,0,0,7,,,50,,,,,,,,,,,,,,,7,,,,,B03,,,1,,2,,,7,,1,6,4,B03,120.670107,24.11981,3
2596,66000,387130000C,(04)23274275,(04)23288582,2023,8,7,18,58,臺中市,北屯區,0,0,0,7,,,50,,,,,,,,,,,,,,12,84,,,,,B03,,,1,,2,,,84,,1,12,4,B03,120.688493,24.181908,3
2597,66000,387130000C,(04)23274275,(04)23288582,2023,8,7,19,1,臺中市,大安區,0,2,0,7,1,6,50,13,9,1,5,4,6,6,4,4,5,5,5,1,1,59,2,8,2,1,C03,7,9,1,10,2,11,,59,59,1,6,4,C03,120.586506,24.362466,2
2598,66000,387130000C,(04)23274275,(04)23288582,2023,8,7,19,3,臺中市,大里區,0,0,0,7,,,50,,,,,,,,,,,,,,,84,,,,,,,,,,,,,84,,1,,,,120.714682,24.099744,3
2599,66000,387130000C,(04)23274275,(04)23288582,2023,8,7,19,4,臺中市,北區,0,0,0,7,,,50,,,,,,,,,,,,,,9,85,,,,,C03,,,1,,1,,,85,,1,13,4,C03,120.679096,24.16993,3
2600,66000,387130000C,(04)23274275,(04)23288582,2023,8,7,19,4,臺中市,南屯區,0,1,0,7,1,6,40,13,8,1,5,4,6,6,4,4,1,5,5,2,20,59,2,9,2,1,C03,7,9,1,10,2,11,,59,59,1,6,4,C03,120.584107,24.167661,2
2601,66000,387130000C,(04)23274275,(04)23288582,2023,8,7,19,4,臺中市,烏日區,0,0,0,6,,,50,,,,,,,,,,,,,,,85,,,,,C01,,,1,,2,,,85,,1,12,4,C01,120.620155,24.11112,3
2602,66000,387130000C,(04)23274275,(04)23288582,2023,8,7,19,5,臺中市,南屯區,0,1,0,7,1,6,50,13,9,1,5,4,6,6,4,4,9,5,5,2,13,59,3,10,3,1,B03,7,9,1,3,2,1,,59,59,1,6,4,B03,120.612524,24.14017,2
2603,66000,387130000C,(04)23274275,(04)23288582,2023,8,7,19,11,臺中市,烏日區,0,0,0,6,,,50,,,,,,,,,,,,,,,49,,,,,B03,,,1,,9,,,49,,1,12,4,B03,120.625625,24.106056,3
2604,66000,387130000C,(04)23274275,(04)23288582,2023,8,7,19,12,臺中市,北屯區,0,1,0,7,3,9,50,4,1,1,5,4,6,6,4,4,10,5,5,2,15,15,2,9,2,1,C03,7,9,1,10,2,12,,15,15,1,12,4,C03,120.740994,24.180023,2
2605,66000,387130000C,(04)23274275,(04)23288582,2023,8,7,19,12,臺中市,太平區,0,0,0,7,,,50,,,,,,,,,,,,,,12,35,,,,,A41,,,1,,2,,,35,,1,12,4,A41,120.711235,24.134029,3
2606,66000,387130000C,(04)23274275,(04)23288582,2023,8,7,19,13,臺中市,西屯區,0,2,0,7,2,6,50,4,1,1,5,4,6,6,2,1,10,5,5,2,13,20,2,9,5,4,C03,7,6,1,10,2,11,,20,20,1,13,4,C03,120.638827,24.180171,2
2607,66000,387130000C,(04)23274275,(04)23288582,2023,8,7,19,15,臺中市,北區,0,1,0,7,1,6,40,4,8,1,5,4,6,6,1,1,5,5,4,2,13,7,2,9,1,1,C03,7,9,1,10,2,11,,7,7,1,12,4,C03,120.679922,24.159125,2
2608,66000,387130000C,(04)23274275,(04)23288582,2023,8,7,19,20,臺中市,西屯區,0,2,0,7,3,6,30,13,9,1,5,4,6,6,4,4,10,5,5,2,2,84,2,5,2,1,C03,7,9,1,10,1,11,,84,84,1,12,4,C03,120.613015,24.167166,2
2609,66000,387130000C,(04)23274275,(04)23288582,2023,8,7,19,20,臺中市,大甲區,0,1,0,7,1,6,70,3,2,1,5,4,6,6,1,1,1,4,4,1,13,45,3,10,3,1,B03,7,11,1,8,2,6,,45,45,1,6,4,B03,120.614971,24.33387,2
2610,66000,387130000C,(04)23274275,(04)23288582,2023,8,7,19,27,臺中市,后里區,0,2,0,7,1,6,50,3,1,1,5,4,6,6,3,1,5,5,5,2,16,48,3,10,2,1,C03,7,6,1,10,2,13,,48,11,1,12,4,C03,120.73095,24.30461,2
2611,66000,387130000C,(04)23274275,(04)23288582,2023,8,7,19,31,臺中市,大雅區,0,1,0,7,1,6,30,5,9,1,5,4,6,6,2,1,10,4,5,1,17,49,3,10,3,1,B03,7,2,1,8,2,3,,49,49,1,12,4,B03,120.630416,24.240597,2
2612,66000,387130000C,(04)23274275,(04)23288582,2023,8,7,19,38,臺中市,西區,0,1,0,7,1,6,50,13,9,1,5,4,6,6,1,1,10,5,4,2,16,47,3,10,3,1,B12,7,5,1,8,1,2,,47,47,1,12,4,B12,120.664975,24.136698,2
2613,66000,387130000C,(04)23274275,(04)23288582,2023,8,7,19,39,臺中市,大里區,0,0,0,7,,,50,,,,,,,,,,,,,,13,7,,,,,B03,,,4,,2,,,7,,1,13,4,B03,120.687834,24.105591,3
2614,66000,387130000C,(04)23274275,(04)23288582,2023,8,7,19,45,臺中市,東區,0,0,0,7,,,50,,,,,,,,,,,,,,,84,,,,,B03,,,1,,2,,,84,,1,13,4,B03,120.693452,24.133073,3
2615,66000,387130000C,(04)23274275,(04)23288582,2023,8,7,19,54,臺中市,北屯區,0,2,0,7,1,6,50,3,9,1,5,4,6,6,4,4,3,4,5,2,16,20,3,10,3,1,B03,7,5,1,8,2,8,,20,20,1,13,4,B03,120.692451,24.16208,2
2616,66000,387130000C,(04)23274275,(04)23288582,2023,8,7,20,4,臺中市,梧棲區,0,2,0,7,1,6,40,4,1,1,5,4,6,3,4,4,10,5,5,2,15,15,2,9,2,1,C03,7,9,1,10,2,12,,15,15,1,12,4,C03,120.529962,24.242556,2
2617,66000,387130000C,(04)23274275,(04)23288582,2023,8,7,20,10,臺中市,西屯區,0,0,0,7,,,50,,,,,,,,,,,,,,14,49,,,,,B03,,,1,,1,,,49,,1,12,4,B03,120.654832,24.16212,3
2618,66000,387130000C,(04)23274275,(04)23288582,2023,8,7,20,15,臺中市,太平區,0,1,0,7,1,6,50,13,9,1,5,4,6,6,4,4,5,4,5,1,17,51,3,10,3,1,B03,7,1,1,8,2,8,,51,51,1,13,4,B03,120.716683,24.128085,2
2619,66000,387130000C,(04)23274275,(04)23288582,2023,8,7,20,17,臺中市,南屯區,0,0,0,7,,,50,,,,,,,,,,,,,,,7,,,,,C03,,,1,,1,,,7,,1,13,4,C03,120.641884,24.146877,3
2620,66000,387130000C,(04)23274275,(04)23288582,2023,8,7,20,17,臺中市,北屯區,0,2,0,7,1,6,50,13,9,1,5,4,6,6,4,4,5,5,5,2,13,84,2,9,2,1,C03,7,5,1,10,2,11,,84,84,1,12,4,C03,120.727365,24.176586,2
2621,66000,387130000C,(04)23274275,(04)23288582,2023,8,7,20,18,臺中市,北屯區,0,0,0,7,,,50,,,,,,,,,,,,,,,84,,,,,B03,,,1,,1,,,84,,1,13,4,B03,120.69929,24.19197,3
2622,66000,387130000C,(04)23274275,(04)23288582,2023,8,7,20,20,臺中市,霧峰區,0,2,0,7,3,6,40,13,8,1,5,4,6,6,4,4,1,4,4,1,13,7,2,9,1,1,C03,7,9,1,10,2,11,,7,7,1,12,4,C03,120.677754,24.039523,2
2623,66000,387130000C,(04)23274275,(04)23288582,2023,8,7,20,21,臺中市,西屯區,0,0,0,7,,,50,,,,,,,,,,,,,,13,84,,,,,B03,,,1,,1,,,84,,1,13,4,B03,120.615268,24.182938,3
2624,66000,387130000C,(04)23274275,(04)23288582,2023,8,7,20,23,臺中市,烏日區,0,0,0,6,,,50,,,,,,,,,,,,,,,84,,,,,B03,,,1,,2,,,84,84,1,12,4,B03,120.593839,24.111069,3
2625,66000,387130000C,(04)23274275,(04)23288582,2023,8,7,20,34,臺中市,西區,0,1,0,7,1,6,50,3,1,1,5,4,6,6,4,4,9,5,5,2,17,45,3,10,5,4,B03,7,11,1,8,2,4,,45,45,1,13,4,B03,120.66429,24.147231,2
2626,66000,387130000C,(04)23274275,(04)23288582,2023,8,7,20,34,臺中市,南屯區,0,1,0,7,1,6,50,13,9,1,5,4,6,6,1,1,3,2,4,2,12,8,3,10,1,1,C03,7,9,1,10,2,12,,8,8,1,12,4,C03,120.62267,24.140394,2
2627,66000,387130000C,(04)23274275,(04)23288582,2023,8,7,20,38,臺中市,西屯區,0,0,0,7,,,50,,,,,,,,,,,,,,,87,,,,,C03,,,1,,1,,,87,,1,13,4,C03,120.64574,24.170086,3
2628,66000,387130000C,(04)23274275,(04)23288582,2023,8,7,20,46,臺中市,東區,0,1,0,7,2,6,50,4,1,1,5,4,6,6,2,1,5,5,5,2,12,11,3,10,3,1,B03,7,6,1,8,2,5,,11,11,1,6,4,B03,120.706344,24.136717,2
2629,66000,387130000C,(04)23274275,(04)23288582,2023,8,7,20,54,臺中市,神岡區,0,3,0,7,1,6,50,4,1,1,5,4,6,6,1,1,5,5,5,1,16,11,2,9,1,1,C03,7,6,2,19,2,11,,11,11,1,12,4,C03,120.696692,24.254204,2
2630,66000,387130000C,(04)23274275,(04)23288582,2023,8,7,20,56,臺中市,北區,0,0,0,7,,,50,,,,,,,,,,,,,,,59,,,,,C03,,,1,,9,,,59,,2,12,4,C03,120.684004,24.142617,3
2631,66000,387130000C,(04)23274275,(04)23288582,2023,8,7,20,58,臺中市,北屯區,0,0,0,7,,,50,,,,,,,,,,,,,,14,49,,,,,B03,,,1,,1,,,49,,1,12,4,B03,120.706346,24.186537,3
2632,66000,387130000C,(04)23274275,(04)23288582,2023,8,7,21,3,臺中市,石岡區,0,1,0,5,1,6,70,3,9,1,4,4,6,6,1,1,1,4,4,1,13,7,3,10,2,1,C01,7,9,1,9,2,11,,7,7,1,13,4,C01,120.81647,24.260138,2
2633,66000,387130000C,(04)23274275,(04)23288582,2023,8,7,21,7,臺中市,潭子區,0,2,0,7,1,6,50,4,9,1,5,4,6,6,1,1,10,5,5,2,17,20,2,9,2,1,C03,7,10,1,10,2,12,,20,20,1,12,4,C03,120.701322,24.208425,2
2634,66000,387130000C,(04)23274275,(04)23288582,2023,8,7,21,8,臺中市,神岡區,0,1,0,7,1,6,30,4,1,1,5,4,6,6,3,1,1,5,5,1,15,20,2,9,1,1,C03,7,9,1,10,2,11,,20,20,1,12,4,C03,120.646323,24.250617,2
2635,66000,387130000C,(04)23274275,(04)23288582,2023,8,7,21,9,臺中市,清水區,0,0,0,7,,,40,,,,,,,,,,,,,,14,49,,,,,B03,,,1,,1,,,49,,1,12,4,B03,120.56916,24.272669,3
2636,66000,387130000C,(04)23274275,(04)23288582,2023,8,7,21,56,臺中市,南屯區,0,1,0,7,1,6,50,4,1,1,5,4,6,6,4,4,5,5,5,2,15,12,2,9,5,4,C03,7,9,1,10,2,12,,12,12,1,13,4,C03,120.65073,24.130764,2
2637,66000,387130000C,(04)23274275,(04)23288582,2023,8,7,21,58,臺中市,后里區,0,2,0,7,1,6,50,3,1,1,5,4,6,6,4,4,10,5,5,2,16,20,3,10,3,1,B03,7,6,1,8,2,2,,20,20,1,12,4,B03,120.701355,24.325081,2
2638,66000,387130000C,(04)23274275,(04)23288582,2023,8,7,21,59,臺中市,大里區,0,0,0,7,,,50,,,,,,,,,,,,,,16,38,,,,,B03,,,1,,2,,,38,,1,6,4,B03,120.687891,24.094591,3
2639,66000,387130000C,(04)23274275,(04)23288582,2023,8,7,22,0,臺中市,東區,0,2,0,7,1,6,50,5,1,1,5,4,6,6,1,1,10,5,5,2,17,11,2,9,1,1,C03,7,6,1,10,2,11,,11,11,1,12,4,C03,120.692502,24.138738,2
2640,66000,387130000C,(04)23274275,(04)23288582,2023,8,7,22,0,臺中市,太平區,0,1,0,7,1,6,40,13,8,1,5,4,6,6,4,4,9,5,4,1,13,59,2,9,1,1,C03,7,9,1,10,2,11,,59,59,1,5,4,C03,120.718891,24.154397,2
2641,66000,387130000C,(04)23274275,(04)23288582,2023,8,7,22,1,臺中市,西屯區,0,0,0,7,,,50,,,,,,,,,,,,,,,43,,,,,C03,,,1,,1,,,43,43,1,13,4,C03,120.639958,24.171404,3
2642,66000,387130000C,(04)23274275,(04)23288582,2023,8,7,22,2,臺中市,豐原區,0,2,0,7,1,6,50,4,1,1,5,4,6,6,3,1,5,5,5,2,17,24,2,9,5,4,C03,7,6,1,10,2,13,,24,24,1,13,4,C03,120.715275,24.24111,2
2643,66000,387130000C,(04)23274275,(04)23288582,2023,8,7,22,9,臺中市,南區,0,1,0,7,1,6,50,3,1,1,5,4,6,6,1,1,10,5,5,2,16,11,2,8,1,1,C03,7,6,1,10,2,11,,11,11,1,5,4,C03,120.675167,24.126774,2
2644,66000,387130000C,(04)23274275,(04)23288582,2023,8,7,22,21,臺中市,西屯區,0,0,0,7,,,50,,,,,,,,,,,,,,,85,,,,,C03,,,1,,2,,,85,,1,13,4,C03,120.638278,24.159295,3
2645,66000,387130000C,(04)23274275,(04)23288582,2023,8,7,22,25,臺中市,北區,0,0,0,7,,,50,,,,,,,,,,,,,,16,40,,,,,B03,,,1,,1,,,87,,1,12,4,B03,120.683015,24.146044,3
2646,66000,387130000C,(04)23274275,(04)23288582,2023,8,7,22,41,臺中市,南屯區,0,1,0,7,1,6,50,4,1,1,5,4,6,6,2,1,10,5,5,2,16,11,3,10,3,1,B03,7,6,1,8,2,2,,11,11,1,12,4,B03,120.623189,24.140547,2
2647,66000,387130000C,(04)23274275,(04)23288582,2023,8,7,22,46,臺中市,南屯區,0,0,0,7,,,50,,,,,,,,,,,,,,,84,,,,,A11,,,1,,2,,,84,,1,13,4,A11,120.641356,24.134848,3
2648,66000,387130000C,(04)23274275,(04)23288582,2023,8,7,22,47,臺中市,神岡區,0,0,0,7,,,50,,,,,,,,,,,,,,,59,,,,,A12,,,1,,1,,,59,,1,12,4,A12,120.68511,24.246621,3
2649,66000,387130000C,(04)23274275,(04)23288582,2023,8,7,22,48,臺中市,北區,0,2,0,7,1,6,50,4,1,1,5,4,6,6,1,1,10,5,5,2,16,11,2,7,1,1,C03,7,6,3,19,2,12,,11,11,1,13,4,C03,120.680821,24.149173,2
2650,66000,387130000C,(04)23274275,(04)23288582,2023,8,7,22,50,臺中市,東區,0,0,0,7,,,50,,,,,,,,,,,,,,,84,,,,,B03,,,1,,2,,,84,,1,13,4,B03,120.696361,24.138867,3
2651,66000,387130000C,(04)23274275,(04)23288582,2023,8,7,22,52,臺中市,北屯區,0,0,0,7,,,50,,,,,,,,,,,,,,9,51,,,,,B03,,,1,,2,,,51,,1,12,4,B03,120.676394,24.176982,3
2652,66000,387130000C,(04)23274275,(04)23288582,2023,8,7,23,1,臺中市,大里區,0,0,0,7,,,40,,,,,,,,,,,,,,,7,,,,,B03,,,1,,2,,,7,,1,6,4,B03,120.696495,24.085959,3
2653,66000,387130000C,(04)23274275,(04)23288582,2023,8,7,23,2,臺中市,北屯區,0,1,0,7,1,6,50,13,9,1,5,4,6,6,4,4,1,4,5,2,13,84,2,9,1,1,C03,7,9,1,10,2,11,,84,84,1,12,2,C03,120.698637,24.174205,2
2654,66000,387130000C,(04)23274275,(04)23288582,2023,8,7,23,3,臺中市,中區,0,2,0,7,1,6,50,4,1,1,5,4,6,6,2,1,10,5,5,2,16,20,2,7,1,1,C03,7,15,1,10,2,12,,20,20,1,13,4,C03,120.68234,24.145843,2
2655,66000,387130000C,(04)23274275,(04)23288582,2023,8,7,23,7,臺中市,太平區,0,1,0,7,1,6,50,4,1,1,5,4,6,6,3,1,10,5,5,2,15,20,3,10,3,1,B01,7,9,1,3,2,2,,20,20,1,13,4,B01,120.722961,24.15572,2
2656,66000,387130000C,(04)23274275,(04)23288582,2023,8,8,0,7,臺中市,中區,0,2,0,7,1,6,50,3,2,1,5,4,6,6,4,4,5,4,4,2,16,32,3,10,3,1,B03,7,11,1,8,2,8,,32,32,1,12,4,B03,120.679556,24.1479,2
2657,66000,387130000C,(04)23274275,(04)23288582,2023,8,8,0,20,臺中市,梧棲區,0,1,0,7,1,6,30,13,9,1,5,4,6,6,4,4,10,5,5,2,27,59,2,9,5,4,C03,7,9,1,10,2,11,,59,59,1,6,4,C03,120.538949,24.234713,2
2658,66000,387130000C,(04)23274275,(04)23288582,2023,8,8,0,25,臺中市,東區,0,0,0,7,,,50,,,,,,,,,,,,,,13,7,,,,,B03,,,1,,2,,,7,,1,12,4,B03,120.696506,24.129598,3
2659,66000,387130000C,(04)23274275,(04)23288582,2023,8,8,1,0,臺中市,南區,0,0,0,6,,,,,,,,,,,,,,,,,17,119,,,,,,,,,,,,,119,,1,,,,120.648515,24.118964,3
2660,66000,387130000C,(04)23274275,(04)23288582,2023,8,8,1,1,臺中市,大雅區,1,0,0,7,1,6,30,3,1,1,5,4,6,6,4,4,10,5,5,1,9,6,3,10,3,1,B03,7,5,1,8,2,5,,6,59,2,13,4,B03,120.657049,24.223656,1
2661,66000,387130000C,(04)23274275,(04)23288582,2023,8,8,2,57,臺中市,南屯區,0,0,0,7,,,50,,,,,,,,,,,,,,12,2,,,,,B03,,,1,,2,,,2,,1,6,4,B03,120.619122,24.145279,3
2662,66000,387130000C,(04)23274275,(04)23288582,2023,8,8,4,5,臺中市,西屯區,0,1,0,7,1,6,50,3,1,1,5,4,6,6,2,1,10,5,5,2,17,39,3,10,5,4,B03,7,5,1,8,2,2,,39,39,1,13,4,B03,120.587684,24.185468,2
2663,66000,387130000C,(04)23274275,(04)23288582,2023,8,8,5,2,臺中市,西區,0,1,0,7,1,6,50,13,9,1,5,4,6,6,4,4,5,5,5,2,18,43,2,9,1,1,C03,7,9,1,10,2,12,,43,43,1,13,4,C03,120.663062,24.14889,2
2664,66000,387130000C,(04)23274275,(04)23288582,2023,8,8,6,13,臺中市,大里區,0,1,0,7,3,6,50,3,1,1,5,4,6,6,4,4,5,4,5,1,16,14,3,10,3,1,B03,7,6,3,19,2,1,,14,14,1,12,4,B03,120.690884,24.109943,2
2665,66000,387130000C,(04)23274275,(04)23288582,2023,8,8,6,30,臺中市,潭子區,0,0,0,7,,,30,,,,,,,,,,,,,,14,49,,,,,B03,,,1,,2,,,49,,1,12,4,B03,120.710971,24.214984,3
2666,66000,387130000C,(04)23274275,(04)23288582,2023,8,8,7,3,臺中市,西屯區,0,0,0,7,,,40,,,,,,,,,,,,,,,8,,,,,B03,,,1,,1,,,8,,1,12,4,B03,120.65777,24.15806,3
2667,66000,387130000C,(04)23274275,(04)23288582,2023,8,8,7,11,臺中市,西屯區,0,0,0,7,,,50,,,,,,,,,,,,,,,40,,,,,B03,,,1,,2,,,40,,1,12,4,B03,120.644605,24.201525,3
2668,66000,387130000C,(04)23274275,(04)23288582,2023,8,8,7,16,臺中市,龍井區,0,0,0,7,,,60,,,,,,,,,,,,,,12,40,,,,,B03,,,1,,2,,,40,40,1,12,4,B03,120.573345,24.18702,3
2669,66000,387130000C,(04)23274275,(04)23288582,2023,8,8,7,18,臺中市,西屯區,0,0,0,7,,,40,,,,,,,,,,,,,,,84,,,,,B03,,,1,,2,,,84,,1,13,4,B03,120.641018,24.167806,3
2670,66000,387130000C,(04)23274275,(04)23288582,2023,8,8,7,20,臺中市,南屯區,0,1,0,7,2,6,50,3,2,1,5,4,6,6,1,1,5,5,4,2,13,84,3,10,2,1,C03,7,9,1,10,2,11,,84,84,1,12,4,C03,120.61338,24.141363,2
2671,66000,387130000C,(04)23274275,(04)23288582,2023,8,8,7,23,臺中市,太平區,0,1,0,6,2,6,40,4,2,1,5,4,6,6,1,1,5,5,5,2,13,7,2,9,1,1,C03,7,6,1,10,2,11,,7,7,1,6,4,C03,120.715355,24.119684,2
2672,66000,387130000C,(04)23274275,(04)23288582,2023,8,8,7,25,臺中市,霧峰區,0,1,0,7,2,6,50,4,2,1,5,4,6,6,4,4,10,4,4,1,17,40,2,9,2,1,C03,7,8,1,10,2,11,,40,40,1,5,4,C03,120.699168,24.071127,2
2673,66000,387130000C,(04)23274275,(04)23288582,2023,8,8,7,28,臺中市,西屯區,0,0,0,7,,,50,,,,,,,,,,,,,,13,7,,,,,B03,,,1,,2,,,7,,1,13,4,B03,120.644164,24.201417,3
2674,66000,387130000C,(04)23274275,(04)23288582,2023,8,8,7,30,臺中市,烏日區,0,0,0,7,,,40,,,,,,,,,,,,,,2,35,,,,,B12,,,1,,2,,,35,,1,12,4,B12,120.618724,24.115942,3
2675,66000,387130000C,(04)23274275,(04)23288582,2023,8,8,7,30,臺中市,烏日區,0,0,0,7,,,50,,,,,,,,,,,,,,,115,,,,,,,,,,,,,115,,1,,5,,120.621987,24.10673,3
2676,66000,387130000C,(04)23274275,(04)23288582,2023,8,8,7,33,臺中市,大雅區,0,1,0,7,2,6,50,5,1,1,5,4,6,6,1,1,10,5,5,2,10,21,2,9,1,1,C03,7,9,1,10,2,11,,21,21,1,12,4,C03,120.673072,24.21103,2
2677,66000,387130000C,(04)23274275,(04)23288582,2023,8,8,7,34,臺中市,西屯區,0,1,0,7,2,6,50,13,9,1,5,4,6,6,4,4,10,4,5,2,13,59,2,3,3,1,B03,7,9,1,10,1,1,,59,59,1,13,4,B03,120.647705,24.200539,2
2678,66000,387130000C,(04)23274275,(04)23288582,2023,8,8,7,35,臺中市,西屯區,0,1,0,6,2,6,50,4,1,1,5,4,6,6,2,1,10,5,5,2,12,84,2,9,2,1,C03,7,9,1,10,2,14,,84,84,1,13,4,C03,120.646454,24.164454,2
2679,66000,387130000C,(04)23274275,(04)23288582,2023,8,8,7,35,臺中市,霧峰區,0,1,0,7,3,6,40,3,1,1,5,4,6,6,4,4,1,5,4,1,16,47,3,10,3,1,B03,7,5,1,8,2,6,,47,47,1,12,4,B03,120.661659,24.055446,2
2680,66000,387130000C,(04)23274275,(04)23288582,2023,8,8,7,42,臺中市,西屯區,0,1,0,7,2,6,50,13,8,1,5,4,6,6,4,4,10,5,4,2,13,7,3,10,5,4,C03,7,9,6,20,1,11,,7,7,1,13,4,C03,120.635718,24.169486,2
2681,66000,387130000C,(04)23274275,(04)23288582,2023,8,8,7,42,臺中市,石岡區,0,0,0,7,,,70,,,,,,,,,,,,,,,7,,,,,B11,,,1,,2,,,7,,1,6,4,B11,120.781278,24.274237,3
2682,66000,387130000C,(04)23274275,(04)23288582,2023,8,8,7,44,臺中市,西屯區,0,2,0,6,2,6,50,3,1,1,5,4,6,6,4,4,10,5,5,2,17,14,2,9,5,4,C03,7,6,1,10,2,12,,14,14,1,12,4,C03,120.620693,24.18673,2
2683,66000,387130000C,(04)23274275,(04)23288582,2023,8,8,7,45,臺中市,大里區,0,1,0,7,2,6,50,11,14,1,5,4,6,6,4,4,10,4,5,1,12,1,2,9,2,1,C03,7,4,1,10,2,14,,1,1,1,12,4,C03,120.701262,24.083763,2
2684,66000,387130000C,(04)23274275,(04)23288582,2023,8,8,7,46,臺中市,北區,0,2,0,7,3,6,50,4,1,1,5,4,6,6,4,4,5,5,4,2,16,53,3,10,3,1,B03,7,6,1,8,5,1,,53,53,1,12,4,B03,120.675707,24.169975,2
2685,66000,387130000C,(04)23274275,(04)23288582,2023,8,8,7,46,臺中市,南區,0,1,0,7,2,6,50,13,8,1,5,4,6,6,4,4,3,4,4,2,12,20,3,10,3,1,B12,7,7,1,8,2,6,,20,20,1,12,4,B12,120.669821,24.11254,2
2686,66000,387130000C,(04)23274275,(04)23288582,2023,8,8,7,47,臺中市,大里區,0,0,0,7,3,6,30,4,2,1,5,4,6,6,1,1,10,5,5,2,16,84,3,10,2,1,C03,7,6,1,10,1,14,,84,84,1,12,4,C03,120.703993,24.09773,3
2687,66000,387130000C,(04)23274275,(04)23288582,2023,8,8,7,47,臺中市,太平區,0,1,0,7,3,6,30,13,9,1,5,4,6,6,4,4,10,5,5,1,12,84,3,10,3,1,B03,7,4,1,8,2,5,,84,84,1,12,4,B03,120.727811,24.141403,2
2688,66000,387130000C,(04)23274275,(04)23288582,2023,8,8,7,48,臺中市,大里區,0,1,0,7,3,6,50,4,1,1,5,4,6,6,1,1,10,5,5,2,12,20,3,10,1,1,C03,7,5,1,10,2,12,,20,20,1,6,4,C03,120.687433,24.086936,2
2689,66000,387130000C,(04)23274275,(04)23288582,2023,8,8,7,50,臺中市,大里區,0,2,0,7,3,6,50,13,9,1,5,4,6,6,4,4,5,2,5,1,11,58,2,7,1,1,C03,7,9,5,18,2,11,,58,58,1,6,4,C03,120.704136,24.111156,2
2690,66000,387130000C,(04)23274275,(04)23288582,2023,8,8,7,50,臺中市,太平區,0,0,0,7,,,50,,,,,,,,,,,,,,,84,,,,,C03,,,1,,2,,,84,,1,13,4,C03,120.711376,24.14113,3
2691,66000,387130000C,(04)23274275,(04)23288582,2023,8,8,7,50,臺中市,沙鹿區,0,2,0,7,2,6,50,13,9,1,5,4,6,6,4,4,8,4,5,2,12,51,3,10,3,1,B02,7,1,1,8,2,4,,51,51,1,12,4,B02,120.569615,24.226465,2
2692,66000,387130000C,(04)23274275,(04)23288582,2023,8,8,7,51,臺中市,大肚區,0,1,0,7,2,6,30,13,9,1,5,4,6,6,4,4,10,5,5,2,2,58,3,10,3,1,B03,7,9,1,8,2,2,,58,58,1,13,4,B03,120.57484,24.159492,2
2693,66000,387130000C,(04)23274275,(04)23288582,2023,8,8,7,52,臺中市,大雅區,0,0,0,6,,,50,,,,,,,,,,,,,,13,7,,,,,B03,,,1,,2,,,7,,1,13,4,B03,120.653557,24.223424,3
2694,66000,387130000C,(04)23274275,(04)23288582,2023,8,8,7,52,臺中市,西屯區,0,0,0,7,,,50,,,,,,,,,,,,,,,84,,,,,B03,,,1,,1,,,84,,1,12,4,B03,120.611165,24.18448,3
2695,66000,387130000C,(04)23274275,(04)23288582,2023,8,8,7,53,臺中市,烏日區,0,1,0,7,2,6,50,3,1,1,5,4,6,6,2,1,5,5,4,2,16,20,3,10,3,1,B03,7,5,1,7,2,5,,20,20,1,12,4,B03,120.636827,24.104306,2
2696,66000,387130000C,(04)23274275,(04)23288582,2023,8,8,7,54,臺中市,南屯區,0,0,0,7,,,40,,,,,,,,,,,,,,,7,,,,,B12,,,1,,1,,,7,7,1,13,4,B12,120.620061,24.121468,3
2697,66000,387130000C,(04)23274275,(04)23288582,2023,8,8,7,54,臺中市,南屯區,0,0,0,7,,,50,,,,,,,,,,,,,,,59,,,,,A41,,,1,,2,,,59,59,1,12,4,A41,120.623521,24.135754,3
2698,66000,387130000C,(04)23274275,(04)23288582,2023,8,8,7,54,臺中市,龍井區,0,1,0,7,3,9,50,4,1,1,5,4,6,6,1,1,10,5,5,2,17,11,3,10,3,1,B03,7,6,1,8,2,16,,11,11,1,12,4,B03,120.543133,24.175876,2