序號,縣市別代碼,機關代碼,市話,傳真,年,月,日,時,分,縣市,區,死亡數量,受傷數量,2-30,天候,光線,道路類別,速限,道路型態,事故位置,路面鋪裝,路面狀態,路面缺陷,障礙物,視距,號誌種類,號誌動作,分向設施,快車道或一般車道間,快慢車道間,路面邊線,事故類型及型態,主要肇因,受傷程度,主要傷處,保護裝備,行動電話,當事者區分(類別),車輛用途,當事者行動狀態,駕駛資格情形,駕駛執照種類,飲酒情形,車輛撞擊部位最初,車輛撞擊部位其他,肇事因素個別,肇事因素主要,肇事逃逸,職業,旅次目的,車種,GPS座標X,GPS座標Y,事故類別
2699,66000,387130000C,(04)23274275,(04)23288582,2023,8,8,7,55,臺中市,南區,0,0,0,7,,,50,,,,,,,,,,,,,,,84,,,,,B03,,,1,,2,,,84,,1,13,4,B03,120.651726,24.112786,3
2700,66000,387130000C,(04)23274275,(04)23288582,2023,8,8,7,55,臺中市,北屯區,0,0,0,7,,,50,,,,,,,,,,,,,,,84,,,,,A12,,,1,,1,,,84,84,1,12,4,A12,120.684064,24.170974,3
2701,66000,387130000C,(04)23274275,(04)23288582,2023,8,8,7,55,臺中市,后里區,0,1,0,7,1,6,50,3,1,1,5,4,6,6,4,4,9,5,5,2,12,48,3,10,1,1,C03,7,6,1,10,2,14,,48,48,1,12,4,C03,120.709482,24.313699,2
2702,66000,387130000C,(04)23274275,(04)23288582,2023,8,8,7,58,臺中市,北屯區,0,0,0,7,,,30,,,,,,,,,,,,,,,8,,,,,B03,,,1,,1,,,8,,1,12,4,B03,120.741743,24.169014,3
2703,66000,387130000C,(04)23274275,(04)23288582,2023,8,8,8,0,臺中市,西屯區,0,1,0,6,2,6,50,5,1,1,5,4,6,6,2,1,10,5,5,2,13,7,3,10,2,1,C03,7,9,1,10,2,11,,7,7,1,13,4,C03,120.618345,24.177436,2
2704,66000,387130000C,(04)23274275,(04)23288582,2023,8,8,8,0,臺中市,大里區,0,1,0,7,3,6,50,4,1,1,5,4,6,6,4,4,10,5,5,2,15,12,3,10,3,1,B03,7,9,1,8,2,1,,12,12,1,6,4,B03,120.697121,24.10132,2
2705,66000,387130000C,(04)23274275,(04)23288582,2023,8,8,8,0,臺中市,神岡區,0,0,0,7,,,50,,,,,,,,,,,,,,17,7,,,,,C03,,,3,,3,,,7,,1,6,4,C03,120.693316,24.237561,3
2706,66000,387130000C,(04)23274275,(04)23288582,2023,8,8,8,3,臺中市,北屯區,0,2,0,7,2,6,50,13,13,2,5,4,6,6,4,4,10,5,5,2,17,84,2,9,1,1,C03,7,5,1,10,2,12,,84,84,1,12,4,C03,120.672648,24.174234,2
2707,66000,387130000C,(04)23274275,(04)23288582,2023,8,8,8,3,臺中市,清水區,0,0,0,7,,,60,,,,,,,,,,,,,,,7,,,,,B12,,,5,,2,,,7,,1,12,4,B12,120.59071,24.304296,3
2708,66000,387130000C,(04)23274275,(04)23288582,2023,8,8,8,4,臺中市,南區,0,2,0,7,3,6,40,4,1,1,5,4,6,6,4,4,10,5,5,2,16,48,2,9,1,1,C03,7,6,1,10,2,14,,48,48,1,12,4,C03,120.664811,24.113723,2
2709,66000,387130000C,(04)23274275,(04)23288582,2023,8,8,8,5,臺中市,南屯區,0,1,0,7,3,6,50,3,1,1,5,4,6,6,4,4,10,5,5,2,16,14,3,10,5,4,B03,7,6,1,8,2,1,,14,14,1,12,4,B03,120.612643,24.150721,2
2710,66000,387130000C,(04)23274275,(04)23288582,2023,8,8,8,5,臺中市,后里區,0,0,0,7,,,50,,,,,,,,,,,,,,25,84,,,,,G06,,,7,,2,,,84,,1,6,4,G06,120.71749,24.307433,3
2711,66000,387130000C,(04)23274275,(04)23288582,2023,8,8,8,6,臺中市,北區,0,0,0,7,,,50,,,,,,,,,,,,,,,84,,,,,C03,,,1,,1,,,84,,1,12,4,C03,120.690076,24.155888,4
2712,66000,387130000C,(04)23274275,(04)23288582,2023,8,8,8,7,臺中市,南屯區,0,1,0,7,2,6,50,3,1,1,5,4,6,6,1,1,10,5,5,2,16,11,3,10,3,1,B03,7,6,1,7,2,5,,11,11,1,12,4,B03,120.610591,24.131987,2
2713,66000,387130000C,(04)23274275,(04)23288582,2023,8,8,8,7,臺中市,西屯區,0,2,0,7,3,9,50,4,1,1,5,4,6,6,1,1,8,4,5,1,17,84,2,9,5,4,C03,7,5,1,10,2,12,,84,84,1,13,4,C03,120.604441,24.160883,2
2714,66000,387130000C,(04)23274275,(04)23288582,2023,8,8,8,7,臺中市,大里區,0,1,0,7,3,6,50,13,8,1,5,4,6,6,4,4,9,5,4,2,17,51,2,9,2,1,C03,7,1,1,10,2,14,,51,51,1,12,4,C03,120.694202,24.082483,2
2715,66000,387130000C,(04)23274275,(04)23288582,2023,8,8,8,8,臺中市,東區,0,2,0,7,2,6,50,3,1,1,5,4,6,6,4,4,10,5,5,2,17,45,3,10,3,1,B03,7,11,1,8,2,7,,45,45,1,12,4,B03,120.710487,24.148984,2
2716,66000,387130000C,(04)23274275,(04)23288582,2023,8,8,8,10,臺中市,西區,0,1,0,7,2,6,50,4,2,1,5,4,6,6,2,1,5,4,4,2,17,7,2,7,1,1,C03,7,9,1,10,2,11,,7,7,1,12,4,C03,120.672876,24.155718,2
2717,66000,387130000C,(04)23274275,(04)23288582,2023,8,8,8,13,臺中市,南屯區,0,0,0,7,,,60,,,,,,,,,,,,,,13,7,,,,,B03,,,1,,1,,,7,,1,6,4,B03,120.583616,24.167946,3
2718,66000,387130000C,(04)23274275,(04)23288582,2023,8,8,8,14,臺中市,西屯區,0,0,0,7,,,40,,,,,,,,,,,,,,,20,,,,,B03,,,1,,1,,,20,,1,12,4,B03,120.619738,24.196269,3
2719,66000,387130000C,(04)23274275,(04)23288582,2023,8,8,8,14,臺中市,沙鹿區,0,1,0,6,3,6,50,3,1,1,5,4,6,6,4,4,2,5,4,2,12,7,2,5,2,1,C03,7,6,1,10,2,12,,7,7,1,12,4,C03,120.560164,24.238528,2
2720,66000,387130000C,(04)23274275,(04)23288582,2023,8,8,8,15,臺中市,西區,0,1,0,7,2,6,50,4,1,1,5,4,6,6,1,1,5,5,5,2,18,84,2,9,5,4,C03,7,9,1,10,2,12,,84,84,1,12,4,C03,120.66431,24.15086,2
2721,66000,387130000C,(04)23274275,(04)23288582,2023,8,8,8,15,臺中市,霧峰區,0,1,0,7,2,6,40,3,1,1,5,4,6,6,1,1,10,5,5,2,17,11,3,10,3,1,B12,7,6,1,8,2,6,,11,11,1,12,4,B12,120.691142,24.071148,2
2722,66000,387130000C,(04)23274275,(04)23288582,2023,8,8,8,15,臺中市,沙鹿區,0,1,0,6,2,6,50,4,1,1,5,4,6,6,4,4,10,5,5,2,15,6,3,10,3,1,B03,7,9,1,8,2,5,,6,6,1,6,4,B03,120.568539,24.253066,2
2723,66000,387130000C,(04)23274275,(04)23288582,2023,8,8,8,16,臺中市,豐原區,0,1,0,7,2,6,50,4,9,1,5,4,6,6,1,1,1,5,5,1,12,8,3,10,5,4,B03,7,9,1,8,2,2,,8,8,1,12,4,B03,120.711324,24.246263,2
2724,66000,387130000C,(04)23274275,(04)23288582,2023,8,8,8,17,臺中市,梧棲區,0,1,0,7,2,6,50,13,9,1,5,4,6,6,4,4,5,2,5,1,18,78,2,9,1,1,C03,7,14,1,10,2,14,,78,78,1,6,4,C03,120.531485,24.254346,2
2725,66000,387130000C,(04)23274275,(04)23288582,2023,8,8,8,19,臺中市,南區,0,0,0,7,,,50,,,,,,,,,,,,,,,7,,,,,C03,,,1,,2,,,7,,1,12,4,C03,120.670095,24.119043,3
2726,66000,387130000C,(04)23274275,(04)23288582,2023,8,8,8,20,臺中市,清水區,0,0,0,7,,,30,,,,,,,,,,,,,,17,49,,,,,G02,,,1,,2,,,49,,1,12,4,G02,120.603493,24.267525,3
2727,66000,387130000C,(04)23274275,(04)23288582,2023,8,8,8,22,臺中市,大雅區,0,0,0,6,,,50,,,,,,,,,,,,,,,51,,,,,A12,,,1,,2,,,51,,1,12,4,A12,120.613588,24.231878,3
2728,66000,387130000C,(04)23274275,(04)23288582,2023,8,8,8,22,臺中市,北屯區,0,1,0,6,3,6,40,3,9,1,5,4,6,6,4,4,1,4,5,2,12,14,3,10,5,4,C03,7,5,1,10,2,13,,14,14,1,13,4,C03,120.681179,24.191706,2
2729,66000,387130000C,(04)23274275,(04)23288582,2023,8,8,8,22,臺中市,龍井區,0,0,0,7,,,30,,,,,,,,,,,,,,16,20,,,,,C03,,,1,,2,,,20,20,1,12,4,C03,120.593826,24.189602,3
2730,66000,387130000C,(04)23274275,(04)23288582,2023,8,8,8,23,臺中市,南屯區,0,1,0,6,2,6,50,4,2,1,5,4,6,6,2,1,3,4,5,2,16,47,3,10,3,1,B03,7,5,1,8,2,6,,47,47,1,13,4,B03,120.640884,24.148847,2
2731,66000,387130000C,(04)23274275,(04)23288582,2023,8,8,8,25,臺中市,潭子區,0,1,0,7,2,6,30,11,9,1,5,4,6,2,4,4,10,5,5,1,11,41,3,10,3,1,B12,7,9,1,5,2,4,,41,41,1,13,4,B12,120.716645,24.192875,2
2732,66000,387130000C,(04)23274275,(04)23288582,2023,8,8,8,25,臺中市,沙鹿區,0,0,0,7,,,50,,,,,,,,,,,,,,14,49,,,,,B03,,,1,,2,,,49,,1,12,4,B03,120.56594,24.225419,3
2733,66000,387130000C,(04)23274275,(04)23288582,2023,8,8,8,25,臺中市,豐原區,0,2,0,7,2,6,50,4,2,1,5,4,6,6,1,1,5,5,4,2,12,8,2,9,1,1,C03,7,5,1,10,2,12,,8,8,1,13,4,C03,120.715068,24.247165,2
2734,66000,387130000C,(04)23274275,(04)23288582,2023,8,8,8,28,臺中市,西屯區,0,0,0,7,,,50,,,,,,,,,,,,,,,58,,,,,B03,,,1,,1,,,58,,1,12,4,B03,120.654425,24.162956,3
2735,66000,387130000C,(04)23274275,(04)23288582,2023,8,8,8,29,臺中市,北區,0,0,0,7,,,30,,,,,,,,,,,,,,13,7,,,,,B12,,,1,,1,,,7,,1,12,4,B12,120.668708,24.155886,3
2736,66000,387130000C,(04)23274275,(04)23288582,2023,8,8,8,30,臺中市,北區,0,3,0,7,3,6,50,3,2,1,5,4,6,6,1,1,1,4,4,2,13,21,2,9,2,1,C03,7,9,5,19,2,11,,21,21,1,12,4,C03,120.694541,24.160282,2
2737,66000,387130000C,(04)23274275,(04)23288582,2023,8,8,8,30,臺中市,南屯區,0,0,0,7,,,50,,,,,,,,,,,,,,13,59,,,,,B03,,,1,8,1,,,59,59,1,12,4,B03,120.634204,24.143912,3
2738,66000,387130000C,(04)23274275,(04)23288582,2023,8,8,8,30,臺中市,大里區,0,2,0,7,3,6,50,4,2,1,5,4,6,6,1,1,10,5,5,2,12,11,2,9,1,1,C03,7,5,1,10,2,13,,11,11,1,6,4,C03,120.674183,24.097545,2
2739,66000,387130000C,(04)23274275,(04)23288582,2023,8,8,8,37,臺中市,東區,0,0,0,7,,,50,,,,,,,,,,,,,,,84,,,,,B03,,,1,,2,,,87,84,1,13,4,B03,120.685822,24.129763,3
2740,66000,387130000C,(04)23274275,(04)23288582,2023,8,8,8,37,臺中市,北屯區,0,1,0,7,2,6,50,5,1,1,5,4,6,6,2,1,10,5,5,2,15,21,3,10,3,1,B03,7,9,1,8,2,1,,21,21,1,12,4,B03,120.699553,24.183221,2
2741,66000,387130000C,(04)23274275,(04)23288582,2023,8,8,8,40,臺中市,沙鹿區,0,1,0,7,3,6,50,3,1,1,5,4,6,6,1,1,10,5,5,2,13,7,2,9,2,1,C03,7,9,1,10,2,11,,7,7,1,13,4,C03,120.570689,24.241001,2
2742,66000,387130000C,(04)23274275,(04)23288582,2023,8,8,8,41,臺中市,烏日區,0,2,0,6,2,6,40,8,8,1,5,4,5,6,4,4,1,4,1,2,13,7,2,9,2,1,C03,7,12,1,10,2,11,,7,7,1,12,4,C03,120.627418,24.096809,2
2743,66000,387130000C,(04)23274275,(04)23288582,2023,8,8,8,43,臺中市,西區,0,0,0,7,,,50,,,,,,,,,,,,,,,84,,,,,C03,,,1,,2,,,84,,1,12,4,C03,120.663128,24.14306,3
2744,66000,387130000C,(04)23274275,(04)23288582,2023,8,8,8,50,臺中市,大雅區,0,0,0,6,,,50,,,,,,,,,,,,,,16,6,,,,,B03,,,1,,2,,,6,,1,13,4,B03,120.654216,24.233562,3
2745,66000,387130000C,(04)23274275,(04)23288582,2023,8,8,8,55,臺中市,大里區,0,2,0,7,3,6,30,5,1,1,5,4,6,6,3,1,10,5,5,2,16,24,2,9,1,1,C03,7,6,1,10,2,14,,24,24,1,13,4,C03,120.680213,24.115035,2
2746,66000,387130000C,(04)23274275,(04)23288582,2023,8,8,8,56,臺中市,北區,0,1,0,7,2,6,50,13,9,1,5,4,6,6,4,4,5,5,5,2,17,51,2,6,5,4,C03,7,1,1,10,2,14,,51,51,1,12,4,C03,120.680633,24.150532,2
2747,66000,387130000C,(04)23274275,(04)23288582,2023,8,8,8,57,臺中市,西屯區,0,2,0,7,3,6,50,13,9,1,5,4,6,6,4,4,8,5,5,2,17,51,2,9,5,4,F03,7,1,7,21,2,13,,51,51,1,13,4,F03,120.658503,24.171588,2
2748,66000,387130000C,(04)23274275,(04)23288582,2023,8,8,9,8,臺中市,東區,0,1,0,7,3,6,50,4,1,1,5,4,6,6,2,1,10,5,5,2,16,11,2,9,1,1,C03,7,6,3,19,2,14,,11,11,1,12,4,C03,120.700817,24.135152,2
2749,66000,387130000C,(04)23274275,(04)23288582,2023,8,8,9,8,臺中市,太平區,0,1,0,6,2,6,30,4,1,1,5,4,6,6,4,4,10,5,5,2,16,20,3,10,3,1,B12,7,6,1,8,2,1,,20,20,1,6,4,B12,120.707483,24.126735,2
2750,66000,387130000C,(04)23274275,(04)23288582,2023,8,8,9,20,臺中市,烏日區,0,1,0,7,2,6,30,4,1,1,5,4,6,6,4,4,10,5,5,2,16,14,3,10,4,1,B03,7,5,1,8,2,4,,14,14,1,12,4,B03,120.629496,24.10108,2
2751,66000,387130000C,(04)23274275,(04)23288582,2023,8,8,9,22,臺中市,沙鹿區,0,0,0,7,,,60,,,,,,,,,,,,,,,88,,,,,A12,,,1,,2,,,88,,1,6,4,A12,120.579046,24.250166,3
2752,66000,387130000C,(04)23274275,(04)23288582,2023,8,8,9,28,臺中市,西區,0,2,0,7,2,6,50,3,1,1,5,4,6,6,4,4,10,5,4,2,16,4,2,9,1,1,C03,7,6,1,10,9,11,,4,4,1,12,4,C03,120.669139,24.131582,2
2753,66000,387130000C,(04)23274275,(04)23288582,2023,8,8,9,30,臺中市,北區,0,0,0,7,,,50,,,,,,,,,,,,,,14,49,,,,,B12,,,1,,1,,,49,,1,12,4,B12,120.684733,24.167146,3
2754,66000,387130000C,(04)23274275,(04)23288582,2023,8,8,9,32,臺中市,東區,0,2,0,7,2,6,50,5,1,1,5,4,6,6,1,1,10,5,5,2,17,84,2,9,1,1,C03,7,9,1,10,2,14,,84,84,1,12,4,C03,120.694423,24.14277,2
2755,66000,387130000C,(04)23274275,(04)23288582,2023,8,8,9,34,臺中市,大肚區,0,2,0,7,2,6,50,3,1,1,5,4,6,6,4,4,10,5,5,2,16,47,2,9,2,1,C03,7,5,1,10,2,12,,47,47,1,6,4,C03,120.548503,24.1484,2
2756,66000,387130000C,(04)23274275,(04)23288582,2023,8,8,9,36,臺中市,北屯區,0,0,0,7,,,30,,,,,,,,,,,,,,,84,,,,,B03,,,1,,1,,,84,,1,12,4,B03,120.670903,24.181085,3
2757,66000,387130000C,(04)23274275,(04)23288582,2023,8,8,9,37,臺中市,烏日區,0,0,0,7,,,40,,,,,,,,,,,,,,,84,,,,,B12,,,1,,2,,,84,,1,12,4,B12,120.646595,24.092681,3
2758,66000,387130000C,(04)23274275,(04)23288582,2023,8,8,9,50,臺中市,北屯區,0,1,0,7,2,6,50,3,1,1,5,4,6,6,4,4,10,5,5,2,17,7,3,10,1,1,C03,7,9,1,10,2,12,,7,7,1,5,4,C03,120.696861,24.175169,2
2759,66000,387130000C,(04)23274275,(04)23288582,2023,8,8,9,51,臺中市,霧峰區,0,0,0,7,,,50,,,,,,,,,,,,,,35,50,,,,,B03,,,1,,2,,,50,,1,12,4,B03,120.698344,24.062862,3
2760,66000,387130000C,(04)23274275,(04)23288582,2023,8,8,9,55,臺中市,西屯區,0,1,0,6,2,6,40,3,1,1,5,4,6,6,4,4,10,5,5,2,16,47,3,10,3,1,B02,7,5,1,8,2,5,,47,47,1,13,4,B02,120.615355,24.184002,2
2761,66000,387130000C,(04)23274275,(04)23288582,2023,8,8,9,56,臺中市,西屯區,0,0,0,7,,,60,,,,,,,,,,,,,,13,7,,,,,B12,,,1,,2,,,7,,1,13,4,B12,120.649796,24.162755,3
2762,66000,387130000C,(04)23274275,(04)23288582,2023,8,8,10,0,臺中市,烏日區,0,0,0,7,,,70,,,,,,,,,,,,,,12,40,,,,,G03,,,1,,2,,,40,,1,12,4,G03,120.602853,24.110256,3
2763,66000,387130000C,(04)23274275,(04)23288582,2023,8,8,10,4,臺中市,北屯區,0,2,0,6,3,6,50,13,9,1,5,4,6,6,4,4,9,5,5,2,17,45,2,9,5,4,C03,7,11,1,10,2,11,,45,45,1,13,4,C03,120.6848,24.179139,2
2764,66000,387130000C,(04)23274275,(04)23288582,2023,8,8,10,5,臺中市,南屯區,0,0,0,7,,,50,,,,,,,,,,,,,,,84,,,,,B03,,,1,,1,,,84,,1,13,4,B03,120.640592,24.141361,3
2765,66000,387130000C,(04)23274275,(04)23288582,2023,8,8,10,7,臺中市,西屯區,0,0,0,7,,,50,,,,,,,,,,,,,,,49,,,,,B01,,,1,,2,,,49,,1,13,4,B01,120.623581,24.176904,3
2766,66000,387130000C,(04)23274275,(04)23288582,2023,8,8,10,10,臺中市,南區,0,0,0,7,,,50,,,,,,,,,,,,,,,49,,,,,B03,,,1,,2,,,49,,1,12,4,B03,120.669051,24.128577,3
2767,66000,387130000C,(04)23274275,(04)23288582,2023,8,8,10,19,臺中市,西屯區,0,1,0,7,2,6,50,13,8,1,5,4,6,6,4,4,5,4,4,2,12,40,3,10,3,1,B03,7,7,1,8,2,2,,40,40,1,12,4,B03,120.637567,24.173778,2
2768,66000,387130000C,(04)23274275,(04)23288582,2023,8,8,10,20,臺中市,梧棲區,0,0,0,7,,,30,,,,,,,,,,,,,,13,59,,,,,B03,,,1,,1,,,59,59,1,6,4,B03,120.544103,24.246656,3
2769,66000,387130000C,(04)23274275,(04)23288582,2023,8,8,10,26,臺中市,豐原區,0,1,0,7,2,6,50,3,1,1,5,4,6,6,4,4,5,5,5,2,13,58,3,10,1,1,F03,7,9,7,21,2,15,,58,58,1,12,4,F03,120.715887,24.250673,2
2770,66000,387130000C,(04)23274275,(04)23288582,2023,8,8,10,30,臺中市,北屯區,0,1,0,7,2,6,50,13,9,1,5,4,6,6,4,4,9,5,5,2,16,51,3,10,3,1,B03,7,1,1,8,2,8,,51,51,1,13,4,B03,120.705975,24.185084,2
2771,66000,387130000C,(04)23274275,(04)23288582,2023,8,8,10,35,臺中市,北屯區,0,2,0,7,2,6,50,4,1,1,5,4,6,6,4,4,10,5,5,2,15,20,2,9,1,1,C03,7,9,1,10,2,11,,20,20,1,12,4,C03,120.680364,24.179335,2
2772,66000,387130000C,(04)23274275,(04)23288582,2023,8,8,10,38,臺中市,大甲區,0,1,0,7,3,6,60,13,8,1,5,4,6,6,4,4,1,4,4,1,14,49,3,10,3,1,B03,7,2,1,8,2,3,,49,49,1,12,4,B03,120.618056,24.351862,2
2773,66000,387130000C,(04)23274275,(04)23288582,2023,8,8,10,39,臺中市,神岡區,0,0,0,7,,,50,,,,,,,,,,,,,,,7,,,,,A11,,,1,,2,,,7,,1,13,4,A11,120.698914,24.248668,3
2774,66000,387130000C,(04)23274275,(04)23288582,2023,8,8,10,52,臺中市,霧峰區,0,0,0,7,,,40,,,,,,,,,,,,,,,7,,,,,B03,,,1,,2,,,7,,1,12,4,B03,120.662763,24.073541,3
2775,66000,387130000C,(04)23274275,(04)23288582,2023,8,8,10,54,臺中市,潭子區,0,1,0,7,3,6,50,4,2,1,5,4,6,6,3,1,5,4,5,2,13,59,3,10,3,1,B03,7,9,1,8,2,5,,59,59,1,13,4,B03,120.686143,24.211035,2
2776,66000,387130000C,(04)23274275,(04)23288582,2023,8,8,10,54,臺中市,神岡區,0,0,0,7,,,50,,,,,,,,,,,,,,17,7,,,,,B12,,,1,,9,,,7,7,2,6,4,B12,120.657871,24.277916,3
2777,66000,387130000C,(04)23274275,(04)23288582,2023,8,8,10,55,臺中市,潭子區,0,1,0,7,2,6,30,13,9,1,5,4,6,6,4,4,10,5,5,2,16,20,3,10,3,1,B12,7,6,1,7,2,8,,20,20,1,13,4,B12,120.708732,24.233269,2
2778,66000,387130000C,(04)23274275,(04)23288582,2023,8,8,10,57,臺中市,北區,0,0,0,7,,,50,,,,,,,,,,,,,,13,84,,,,,B03,,,1,,1,,,84,,1,13,4,B03,120.680948,24.159108,3
2779,66000,387130000C,(04)23274275,(04)23288582,2023,8,8,10,58,臺中市,豐原區,0,1,0,7,2,6,50,5,1,1,5,4,6,6,1,1,1,5,5,2,17,84,2,9,1,1,C03,7,9,1,10,2,14,,84,84,1,12,4,C03,120.729623,24.243774,2
2780,66000,387130000C,(04)23274275,(04)23288582,2023,8,8,10,59,臺中市,梧棲區,0,0,0,7,,,50,,,,,,,,,,,,,,,84,,,,,B03,,,1,,1,,,84,,1,12,4,B03,120.546577,24.246142,3
2781,66000,387130000C,(04)23274275,(04)23288582,2023,8,8,11,0,臺中市,西區,0,0,0,7,,,30,,,,,,,,,,,,,,9,84,,,,,C03,,,1,,2,,,84,,1,12,4,C03,120.660881,24.150793,3
2782,66000,387130000C,(04)23274275,(04)23288582,2023,8,8,11,0,臺中市,西屯區,0,0,0,7,,,50,,,,,,,,,,,,,,35,50,,,,,C03,,,1,,1,,,50,,1,13,4,C03,120.668656,24.177771,3
2783,66000,387130000C,(04)23274275,(04)23288582,2023,8,8,11,0,臺中市,西屯區,0,0,0,7,,,50,,,,,,,,,,,,,,,84,,,,,B03,,,1,,1,,,84,,1,13,4,B03,120.604929,24.187426,3
2784,66000,387130000C,(04)23274275,(04)23288582,2023,8,8,11,1,臺中市,南區,0,0,0,7,,,50,,,,,,,,,,,,,,,84,,,,,B03,,,1,,2,,,84,,1,13,4,B03,120.65265,24.113129,3
2785,66000,387130000C,(04)23274275,(04)23288582,2023,8,8,11,2,臺中市,西區,0,1,0,7,2,6,50,4,1,1,5,4,6,6,1,1,10,5,5,2,16,11,3,10,3,1,B03,7,5,1,8,2,2,,11,11,1,12,4,B03,120.674925,24.149157,2
2786,66000,387130000C,(04)23274275,(04)23288582,2023,8,8,11,5,臺中市,南區,0,0,0,7,,,50,,,,,,,,,,,,,,13,84,,,,,B03,,,1,8,2,,,84,84,1,12,4,B03,120.670178,24.116579,3
2787,66000,387130000C,(04)23274275,(04)23288582,2023,8,8,11,7,臺中市,新社區,0,1,0,7,2,6,15,4,2,1,5,4,6,6,4,4,5,5,5,1,16,5,3,10,1,1,C03,7,9,1,10,2,11,,5,5,1,13,4,C03,120.807649,24.197524,2
2788,66000,387130000C,(04)23274275,(04)23288582,2023,8,8,11,8,臺中市,梧棲區,0,2,0,7,2,6,30,4,1,1,5,4,6,6,4,4,10,5,5,2,15,15,2,9,1,1,C03,7,9,1,10,2,12,,15,15,1,6,4,C03,120.54464,24.233075,2
2789,66000,387130000C,(04)23274275,(04)23288582,2023,8,8,11,9,臺中市,南區,0,0,0,7,,,50,,,,,,,,,,,,,,,14,,,,,B03,,,1,,2,,,14,,1,12,4,B03,120.679067,24.119025,3
2790,66000,387130000C,(04)23274275,(04)23288582,2023,8,8,11,10,臺中市,東區,0,1,0,7,2,6,50,13,8,1,5,4,6,6,4,4,1,4,4,2,17,84,3,10,1,1,C03,7,9,1,8,2,12,,84,84,1,12,2,C03,120.689576,24.131245,2
2791,66000,387130000C,(04)23274275,(04)23288582,2023,8,8,11,10,臺中市,北屯區,0,1,0,7,2,6,50,4,2,1,5,4,6,6,2,1,10,5,5,2,12,1,3,10,3,1,B03,7,9,1,8,2,2,,1,1,1,12,4,B03,120.721811,24.181854,2
2792,66000,387130000C,(04)23274275,(04)23288582,2023,8,8,11,10,臺中市,沙鹿區,0,1,0,7,2,6,50,4,9,1,5,4,6,6,4,4,1,3,4,1,13,59,3,10,2,1,C03,7,9,1,10,2,11,,59,59,1,12,4,C03,120.559193,24.235547,2
2793,66000,387130000C,(04)23274275,(04)23288582,2023,8,8,11,20,臺中市,南屯區,0,0,0,7,,,50,,,,,,,,,,,,,,13,50,,,,,B12,,,1,8,2,,,50,50,1,12,4,B12,120.647111,24.139369,3
2794,66000,387130000C,(04)23274275,(04)23288582,2023,8,8,11,20,臺中市,西屯區,0,1,0,7,2,6,50,13,9,1,5,4,6,6,4,4,5,4,5,2,17,85,3,10,3,1,B03,7,9,1,8,2,16,,85,85,1,13,4,B03,120.614945,24.181819,2
2795,66000,387130000C,(04)23274275,(04)23288582,2023,8,8,11,22,臺中市,西區,0,1,0,7,1,6,50,4,1,1,5,4,6,6,1,1,10,5,5,2,16,47,3,10,3,1,B03,7,5,1,8,2,2,,47,47,1,12,4,B03,120.671247,24.145505,2
2796,66000,387130000C,(04)23274275,(04)23288582,2023,8,8,11,30,臺中市,中區,0,0,0,7,,,50,,,,,,,,,,,,,,9,7,,,,,B02,,,1,,10,,,87,7,1,12,4,B02,120.679543,24.142077,3
2797,66000,387130000C,(04)23274275,(04)23288582,2023,8,8,11,30,臺中市,南區,0,2,0,7,2,6,50,13,9,1,5,4,6,6,4,4,2,4,5,2,13,59,2,9,2,1,C03,7,9,1,10,2,11,,59,59,1,12,4,C03,120.679374,24.12156,2
2798,66000,387130000C,(04)23274275,(04)23288582,2023,8,8,11,31,臺中市,北屯區,0,1,0,7,2,6,50,13,9,1,5,4,6,6,4,4,1,4,5,2,13,59,2,8,1,1,C03,7,9,1,10,2,11,,59,59,1,13,4,C03,120.697144,24.169343,2
2799,66000,387130000C,(04)23274275,(04)23288582,2023,8,8,11,34,臺中市,豐原區,0,0,0,7,,,60,,,,,,,,,,,,,,13,59,,,,,B03,,,1,,2,,,59,,1,12,4,B03,120.722885,24.236589,3
2800,66000,387130000C,(04)23274275,(04)23288582,2023,8,8,11,36,臺中市,北屯區,0,0,0,7,,,50,,,,,,,,,,,,,,,7,,,,,B03,,,1,,1,,,7,,1,12,4,B03,120.66065,24.191436,3
2801,66000,387130000C,(04)23274275,(04)23288582,2023,8,8,11,40,臺中市,大里區,0,1,0,7,2,6,50,13,7,1,5,4,6,6,4,4,9,4,4,2,9,8,3,10,3,1,B03,7,9,1,8,2,2,,8,8,1,5,4,B03,120.69764,24.095084,2
2802,66000,387130000C,(04)23274275,(04)23288582,2023,8,8,11,42,臺中市,西屯區,0,2,0,7,2,6,50,4,1,1,5,4,6,6,1,1,10,5,5,2,17,48,2,9,5,4,B03,7,6,1,8,1,1,,48,8,1,12,4,B03,120.631965,24.1705,2
2803,66000,387130000C,(04)23274275,(04)23288582,2023,8,8,11,44,臺中市,太平區,0,0,0,7,,,40,,,,,,,,,,,,,,,49,,,,,A12,,,1,,2,,,49,,1,12,4,A12,120.7339,24.15289,3
2804,66000,387130000C,(04)23274275,(04)23288582,2023,8,8,11,45,臺中市,龍井區,0,1,0,7,3,6,30,4,1,1,5,4,6,6,4,4,10,5,5,2,15,20,2,9,2,1,C03,7,9,1,10,2,12,,20,20,1,6,4,C03,120.516927,24.197736,2
2805,66000,387130000C,(04)23274275,(04)23288582,2023,8,8,11,50,臺中市,大雅區,0,2,0,7,3,6,30,4,1,1,5,4,6,6,3,1,10,5,5,1,15,20,3,10,1,1,C03,7,9,1,10,2,14,,20,20,1,13,4,C03,120.662893,24.221585,2