序號,縣市別代碼,機關代碼,市話,傳真,年,月,日,時,分,縣市,區,死亡數量,受傷數量,2-30,天候,光線,道路類別,速限,道路型態,事故位置,路面鋪裝,路面狀態,路面缺陷,障礙物,視距,號誌種類,號誌動作,分向設施,快車道或一般車道間,快慢車道間,路面邊線,事故類型及型態,主要肇因,受傷程度,主要傷處,保護裝備,行動電話,當事者區分(類別),車輛用途,當事者行動狀態,駕駛資格情形,駕駛執照種類,飲酒情形,車輛撞擊部位最初,車輛撞擊部位其他,肇事因素個別,肇事因素主要,肇事逃逸,職業,旅次目的,車種,GPS座標X,GPS座標Y,事故類別
2806,66000,387130000C,(04)23274275,(04)23288582,2023,8,8,11,51,臺中市,北屯區,0,1,0,7,2,6,50,4,1,1,5,4,6,6,1,1,10,5,5,2,17,11,3,10,3,1,B03,7,5,1,8,2,6,,11,11,1,12,4,B03,120.671017,24.199443,2
2807,66000,387130000C,(04)23274275,(04)23288582,2023,8,8,11,52,臺中市,霧峰區,0,1,0,7,3,6,60,4,2,1,5,4,6,6,1,1,10,5,5,2,14,49,3,10,3,1,B03,7,2,1,8,2,7,,49,49,1,12,4,B03,120.696217,24.065894,2
2808,66000,387130000C,(04)23274275,(04)23288582,2023,8,8,11,53,臺中市,大雅區,0,1,0,7,2,6,50,13,9,1,5,4,6,6,4,4,9,5,5,1,17,59,2,7,1,1,C03,7,9,1,10,2,11,,59,59,1,12,4,C03,120.627916,24.240211,2
2809,66000,387130000C,(04)23274275,(04)23288582,2023,8,8,11,56,臺中市,西屯區,0,1,0,7,3,6,40,4,1,1,5,4,6,6,1,1,10,5,5,2,3,21,3,10,1,1,C03,7,9,1,10,1,11,,21,21,1,12,4,C03,120.660451,24.164449,2
2810,66000,387130000C,(04)23274275,(04)23288582,2023,8,8,12,1,臺中市,西區,0,0,0,7,2,6,50,13,9,1,5,4,6,6,4,4,1,5,5,2,13,7,,,,,C03,,,1,,1,,,7,,1,12,4,C03,120.654106,24.150911,3
2811,66000,387130000C,(04)23274275,(04)23288582,2023,8,8,12,1,臺中市,豐原區,0,1,0,7,2,6,30,4,1,1,5,4,3,3,4,4,5,5,5,1,17,14,3,10,1,1,C03,7,6,1,10,2,11,,14,14,1,6,4,C03,120.715892,24.252486,2
2812,66000,387130000C,(04)23274275,(04)23288582,2023,8,8,12,6,臺中市,西屯區,0,0,0,7,,,50,,,,,,,,,,,,,,17,59,,,,,C03,,,1,,1,,,59,,1,13,4,C03,120.653475,24.156102,3
2813,66000,387130000C,(04)23274275,(04)23288582,2023,8,8,12,8,臺中市,西區,0,0,0,7,2,6,50,4,2,1,5,4,6,6,1,1,7,2,5,2,17,8,,,,,C03,,,1,,1,,,8,,1,12,4,C03,120.680511,24.14369,3
2814,66000,387130000C,(04)23274275,(04)23288582,2023,8,8,12,11,臺中市,西區,0,0,0,7,,,50,,,,,,,,,,,,,,9,76,,,,,B03,,,1,,1,,,76,,1,12,4,B03,120.651733,24.146624,3
2815,66000,387130000C,(04)23274275,(04)23288582,2023,8,8,12,21,臺中市,北屯區,0,0,0,5,,,50,,,,,,,,,,,,,,14,49,,,,,C03,,,1,,1,,,49,,1,13,4,C03,120.715614,24.17454,3
2816,66000,387130000C,(04)23274275,(04)23288582,2023,8,8,12,28,臺中市,南區,0,1,0,7,1,6,50,4,1,1,5,4,6,6,4,4,10,5,5,2,15,84,2,9,2,1,C03,7,9,1,10,2,11,,84,84,1,13,4,C03,120.682539,24.12566,2
2817,66000,387130000C,(04)23274275,(04)23288582,2023,8,8,12,30,臺中市,大里區,0,0,0,7,,,50,,,,,,,,,,,,,,17,58,,,,,A12,,,1,,2,,,58,,1,6,4,A12,120.690407,24.121879,3
2818,66000,387130000C,(04)23274275,(04)23288582,2023,8,8,12,31,臺中市,西屯區,0,0,0,7,,,50,,,,,,,,,,,,,,,7,,,,,B03,,,1,,2,,,7,7,1,13,4,B03,120.643038,24.166335,3
2819,66000,387130000C,(04)23274275,(04)23288582,2023,8,8,12,32,臺中市,南區,0,1,0,7,3,6,50,3,1,1,5,4,6,6,2,1,10,5,5,2,18,84,2,8,1,1,C03,7,6,1,10,2,14,,84,84,1,12,4,C03,120.657425,24.113175,2
2820,66000,387130000C,(04)23274275,(04)23288582,2023,8,8,12,50,臺中市,西屯區,0,0,0,7,,,50,,,,,,,,,,,,,,30,59,,,,,B01,,,1,,1,,,59,,1,13,4,B01,120.647192,24.168388,3
2821,66000,387130000C,(04)23274275,(04)23288582,2023,8,8,12,54,臺中市,南屯區,0,0,0,7,,,40,,,,,,,,,,,,,,,84,,,,,B03,,,1,,2,,,84,,1,13,4,B03,120.649468,24.139919,3
2822,66000,387130000C,(04)23274275,(04)23288582,2023,8,8,12,55,臺中市,大里區,0,2,0,7,3,6,30,4,1,1,5,4,6,6,3,1,10,5,5,2,15,20,2,8,1,1,C03,7,9,1,10,2,14,,20,20,1,13,4,C03,120.690291,24.106246,2
2823,66000,387130000C,(04)23274275,(04)23288582,2023,8,8,12,58,臺中市,中區,0,0,0,7,,,50,,,,,,,,,,,,,,16,8,,,,,B03,,,1,,2,,,8,,1,12,4,B03,120.678556,24.141294,3
2824,66000,387130000C,(04)23274275,(04)23288582,2023,8,8,12,59,臺中市,神岡區,0,0,0,7,,,50,,,,,,,,,,,,,,,7,,,,,B03,,,1,,2,,,7,,1,13,4,B03,120.680372,24.244634,3
2825,66000,387130000C,(04)23274275,(04)23288582,2023,8,8,13,7,臺中市,北屯區,0,1,0,7,2,6,50,4,1,1,5,4,6,6,2,1,10,5,5,2,17,11,3,10,3,1,B03,7,5,1,8,2,6,,11,11,1,12,4,B03,120.669954,24.176559,2
2826,66000,387130000C,(04)23274275,(04)23288582,2023,8,8,13,9,臺中市,烏日區,0,2,0,7,1,6,60,3,1,1,5,4,6,6,2,1,10,5,5,2,16,11,3,10,3,1,B03,7,5,1,8,9,6,,11,11,1,12,4,B03,120.611249,24.107587,2
2827,66000,387130000C,(04)23274275,(04)23288582,2023,8,8,13,12,臺中市,北區,0,0,0,7,,,50,,,,,,,,,,,,,,14,49,,,,,B03,,,1,,9,,,49,,2,13,4,B03,120.666326,24.15935,3
2828,66000,387130000C,(04)23274275,(04)23288582,2023,8,8,13,14,臺中市,太平區,0,0,0,7,2,6,50,13,9,1,5,4,6,6,4,4,5,2,5,2,11,51,3,10,3,1,B13,7,1,1,8,2,5,,51,51,1,12,4,B13,120.733319,24.142296,3
2829,66000,387130000C,(04)23274275,(04)23288582,2023,8,8,13,17,臺中市,南屯區,0,1,0,6,2,6,40,13,8,1,5,4,6,6,4,4,3,4,4,2,18,84,2,9,5,1,F07,7,9,7,21,2,14,,84,84,1,13,4,F07,120.628907,24.15127,2
2830,66000,387130000C,(04)23274275,(04)23288582,2023,8,8,13,19,臺中市,北屯區,0,2,0,6,3,6,50,13,9,1,5,4,6,6,4,4,5,5,5,2,13,7,2,9,5,4,C03,7,9,1,10,2,11,,7,7,1,13,4,C03,120.69653,24.179665,2
2831,66000,387130000C,(04)23274275,(04)23288582,2023,8,8,13,20,臺中市,南屯區,0,0,0,7,,,40,,,,,,,,,,,,,,,59,,,,,B03,,,1,,1,,,59,59,1,13,4,B03,120.619857,24.134163,3
2832,66000,387130000C,(04)23274275,(04)23288582,2023,8,8,13,21,臺中市,西區,0,0,0,7,,,50,,,,,,,,,,,,,,1,8,,,,,B03,,,1,,2,,,8,,1,12,4,B03,120.660951,24.159175,3
2833,66000,387130000C,(04)23274275,(04)23288582,2023,8,8,13,29,臺中市,南屯區,0,1,0,7,2,6,50,4,1,1,5,4,6,6,1,1,10,5,5,2,12,51,2,9,3,1,B03,7,1,1,8,2,8,,51,51,1,6,4,B03,120.649885,24.137864,2
2834,66000,387130000C,(04)23274275,(04)23288582,2023,8,8,13,29,臺中市,沙鹿區,0,1,0,7,2,6,40,13,8,1,5,4,6,6,4,4,1,5,3,1,17,20,3,10,3,1,B12,7,5,1,8,2,5,,20,20,1,12,4,B12,120.571307,24.233849,2
2835,66000,387130000C,(04)23274275,(04)23288582,2023,8,8,13,33,臺中市,北區,0,0,0,7,,,30,,,,,,,,,,,,,,,85,,,,,B03,,,1,,9,,,85,,1,13,4,B03,120.685504,24.162355,3
2836,66000,387130000C,(04)23274275,(04)23288582,2023,8,8,13,44,臺中市,南區,0,0,0,7,,,50,,,,,,,,,,,,,,,21,,,,,B03,,,1,,2,,,21,,1,12,4,B03,120.657782,24.12901,3
2837,66000,387130000C,(04)23274275,(04)23288582,2023,8,8,13,44,臺中市,北屯區,0,1,0,7,2,6,50,3,1,1,5,4,6,6,4,4,10,5,5,2,17,51,3,10,3,1,A12,7,1,1,7,2,8,,51,51,1,12,4,A12,120.708559,24.168708,2
2838,66000,387130000C,(04)23274275,(04)23288582,2023,8,8,13,44,臺中市,北屯區,0,1,0,7,1,6,50,5,1,1,5,4,6,6,2,1,10,5,5,2,17,11,3,10,5,4,B03,7,5,1,8,2,5,,11,11,1,6,4,B03,120.686236,24.188702,2
2839,66000,387130000C,(04)23274275,(04)23288582,2023,8,8,13,57,臺中市,大甲區,0,1,0,6,2,6,30,4,1,1,5,4,6,6,4,4,10,5,5,2,15,15,2,8,1,1,C03,7,9,1,10,2,12,,15,15,1,7,4,C03,120.6289,24.411889,2
2840,66000,387130000C,(04)23274275,(04)23288582,2023,8,8,14,1,臺中市,太平區,0,0,0,7,,,80,,,,,,,,,,,,,,,7,,,,,B03,,,1,,1,,,7,,1,13,4,B03,120.714755,24.151045,3
2841,66000,387130000C,(04)23274275,(04)23288582,2023,8,8,14,3,臺中市,北屯區,0,0,0,7,,,50,,,,,,,,,,,,,,,49,,,,,B12,,,1,,1,,,49,,1,13,4,B12,120.704859,24.173194,3
2842,66000,387130000C,(04)23274275,(04)23288582,2023,8,8,14,5,臺中市,沙鹿區,0,0,0,7,,,40,,,,,,,,,,,,,,,84,,,,,B02,,,1,,2,,,84,,1,5,5,B02,120.574885,24.228397,3
2843,66000,387130000C,(04)23274275,(04)23288582,2023,8,8,14,9,臺中市,龍井區,0,1,0,7,3,6,60,5,1,1,5,4,6,6,1,1,10,5,5,2,17,27,3,10,3,1,B03,7,15,1,8,2,6,,27,20,1,6,4,B03,120.536835,24.19352,2
2844,66000,387130000C,(04)23274275,(04)23288582,2023,8,8,14,11,臺中市,南屯區,0,0,0,6,,,50,,,,,,,,,,,,,,,82,,,,,B03,,,1,,1,,,82,,1,13,4,B03,120.633638,24.123801,3
2845,66000,387130000C,(04)23274275,(04)23288582,2023,8,8,14,12,臺中市,北屯區,0,0,0,7,,,30,,,,,,,,,,,,,,,49,,,,,B03,,,1,,2,,,49,,1,12,4,B03,120.662624,24.199911,3
2846,66000,387130000C,(04)23274275,(04)23288582,2023,8,8,14,17,臺中市,沙鹿區,0,1,0,7,2,6,50,4,1,1,5,4,6,6,1,1,10,5,5,2,17,45,3,10,3,1,B03,7,11,1,8,2,4,,45,45,1,12,4,B03,120.57671,24.224373,2
2847,66000,387130000C,(04)23274275,(04)23288582,2023,8,8,14,20,臺中市,南區,0,0,0,7,,,50,,,,,,,,,,,,,,,56,,,,,B03,,,1,,2,,,56,,1,12,4,B03,120.662664,24.120694,3
2848,66000,387130000C,(04)23274275,(04)23288582,2023,8,8,14,36,臺中市,西屯區,0,1,0,7,2,6,50,13,9,1,5,4,6,6,4,4,9,4,5,2,16,20,3,10,3,1,B03,7,10,1,8,2,8,,20,20,1,13,4,B03,120.61185,24.191636,2
2849,66000,387130000C,(04)23274275,(04)23288582,2023,8,8,14,39,臺中市,西屯區,0,0,0,7,,,50,,,,,,,,,,,,,,,84,,,,,B03,,,1,,1,,,84,,1,12,4,B03,120.627706,24.161421,3
2850,66000,387130000C,(04)23274275,(04)23288582,2023,8,8,14,42,臺中市,北屯區,0,1,0,7,2,6,50,4,2,1,5,4,6,6,1,1,10,5,5,2,17,11,3,10,3,1,B03,7,5,1,8,2,1,,11,11,1,12,4,B03,120.690994,24.171429,2
2851,66000,387130000C,(04)23274275,(04)23288582,2023,8,8,14,45,臺中市,神岡區,0,0,0,7,,,50,,,,,,,,,,,,,,,59,,,,,,,,,,,,,59,59,2,,,,120.662137,24.256708,3
2852,66000,387130000C,(04)23274275,(04)23288582,2023,8,8,14,48,臺中市,外埔區,0,0,0,7,2,6,50,4,2,1,5,4,6,6,1,1,4,2,5,1,17,48,3,10,3,1,B03,7,6,1,8,2,8,,48,48,1,12,4,B03,120.640768,24.341116,3
2853,66000,387130000C,(04)23274275,(04)23288582,2023,8,8,14,50,臺中市,梧棲區,0,1,0,7,2,6,70,4,1,1,5,4,6,6,1,1,1,4,1,1,13,38,3,10,3,1,B03,7,5,1,8,1,16,,38,38,2,6,4,B03,120.551691,24.244151,2
2854,66000,387130000C,(04)23274275,(04)23288582,2023,8,8,14,54,臺中市,西屯區,0,1,0,7,3,6,50,3,1,1,5,4,6,6,1,1,8,4,4,1,17,84,3,10,5,4,B02,7,9,1,8,1,1,,84,84,1,13,4,B02,120.657214,24.162633,2
2855,66000,387130000C,(04)23274275,(04)23288582,2023,8,8,14,55,臺中市,大雅區,0,0,0,7,,,50,,,,,,,,,,,,,,12,8,,,,,B12,,,1,,2,,,8,,1,13,4,B12,120.630836,24.228346,3
2856,66000,387130000C,(04)23274275,(04)23288582,2023,8,8,15,0,臺中市,東區,0,2,0,6,3,6,50,13,7,1,5,4,6,6,4,4,5,5,4,2,13,5,2,7,2,1,C03,7,9,1,10,2,11,,5,5,1,13,4,C03,120.705906,24.142597,2
2857,66000,387130000C,(04)23274275,(04)23288582,2023,8,8,15,3,臺中市,南屯區,0,1,0,7,2,6,50,3,1,1,5,4,6,6,4,4,10,5,5,2,13,7,2,9,2,1,C03,7,9,1,10,2,11,,7,7,1,6,4,C03,120.634706,24.154184,2
2858,66000,387130000C,(04)23274275,(04)23288582,2023,8,8,15,10,臺中市,南區,0,0,0,7,3,6,50,4,1,1,5,4,6,6,1,1,10,5,5,2,12,40,3,10,3,1,B03,7,7,2,8,2,5,,40,40,1,12,4,B03,120.652498,24.122127,3
2859,66000,387130000C,(04)23274275,(04)23288582,2023,8,8,15,10,臺中市,西屯區,0,0,0,7,,,50,,,,,,,,,,,,,,,59,,,,,B03,,,1,,1,,,59,59,1,12,4,B03,120.658794,24.1761,3
2860,66000,387130000C,(04)23274275,(04)23288582,2023,8,8,15,12,臺中市,后里區,0,1,0,7,2,6,50,4,1,1,5,4,6,6,4,4,10,5,5,2,15,20,2,9,2,1,C03,7,9,1,10,2,11,,20,20,1,12,4,C03,120.712002,24.305646,2
2861,66000,387130000C,(04)23274275,(04)23288582,2023,8,8,15,15,臺中市,東區,0,0,0,7,,,30,,,,,,,,,,,,,,16,84,,,,,B03,,,1,,9,,,84,,2,12,4,B03,120.699156,24.141266,3
2862,66000,387130000C,(04)23274275,(04)23288582,2023,8,8,15,18,臺中市,龍井區,0,0,0,6,,,60,,,,,,,,,,,,,,17,78,,,,,B12,,,1,,1,,,78,,1,13,4,B12,120.573759,24.185292,3
2863,66000,387130000C,(04)23274275,(04)23288582,2023,8,8,15,29,臺中市,南屯區,0,1,0,6,2,6,50,13,9,1,5,4,6,6,4,4,5,4,5,2,17,51,3,10,3,1,B03,7,1,1,8,1,4,,51,51,1,13,4,B03,120.630196,24.142886,2
2864,66000,387130000C,(04)23274275,(04)23288582,2023,8,8,15,40,臺中市,豐原區,0,1,0,7,2,6,50,5,1,1,5,4,6,6,1,1,10,5,5,2,16,11,2,9,1,1,C03,7,9,1,10,2,12,,6,11,1,13,4,C03,120.717598,24.251878,2
2865,66000,387130000C,(04)23274275,(04)23288582,2023,8,8,15,42,臺中市,豐原區,0,1,0,7,2,6,50,13,9,1,5,4,6,6,1,1,1,4,5,1,13,7,2,8,1,1,C03,7,9,3,19,2,11,,7,7,1,13,4,C03,120.718301,24.243591,2
2866,66000,387130000C,(04)23274275,(04)23288582,2023,8,8,15,45,臺中市,潭子區,0,2,0,7,3,6,30,11,9,1,5,4,6,6,4,4,10,5,5,2,11,41,2,9,2,1,C03,7,9,1,10,2,14,,41,41,1,12,4,C03,120.704569,24.196712,2
2867,66000,387130000C,(04)23274275,(04)23288582,2023,8,8,15,48,臺中市,龍井區,0,0,0,7,,,50,,,,,,,,,,,,,,16,48,,,,,C03,,,1,,2,,,48,,1,13,4,C03,120.58409,24.182019,3
2868,66000,387130000C,(04)23274275,(04)23288582,2023,8,8,15,50,臺中市,西區,0,1,0,7,3,6,60,4,1,1,5,4,6,6,1,1,1,2,1,2,13,7,3,10,3,1,B03,7,9,1,8,1,1,,7,7,1,6,4,B03,120.662609,24.155678,2
2869,66000,387130000C,(04)23274275,(04)23288582,2023,8,8,15,55,臺中市,東區,0,0,0,7,,,50,,,,,,,,,,,,,,,7,,,,,B03,,,1,,2,,,7,,1,12,4,B03,120.686596,24.136117,3
2870,66000,387130000C,(04)23274275,(04)23288582,2023,8,8,15,56,臺中市,東勢區,0,1,0,7,2,6,50,4,1,1,5,4,6,6,1,1,10,5,5,2,17,51,2,9,1,1,C03,7,1,1,10,2,14,,51,51,1,12,4,C03,120.830843,24.251518,2
2871,66000,387130000C,(04)23274275,(04)23288582,2023,8,8,16,0,臺中市,西區,0,0,0,7,,,30,,,,,,,,,,,,,,14,49,,,,,B03,,,1,,1,,,49,,1,12,4,B03,120.653967,24.145847,3
2872,66000,387130000C,(04)23274275,(04)23288582,2023,8,8,16,2,臺中市,大里區,0,2,0,7,2,6,50,13,9,1,5,4,6,6,4,4,5,5,5,1,3,98,2,9,6,5,H01,8,16,7,21,10,17,,98,98,1,13,5,H01,120.689801,24.11168,2
2873,66000,387130000C,(04)23274275,(04)23288582,2023,8,8,16,5,臺中市,北區,0,0,0,7,,,50,,,,,,,,,,,,,,17,84,,,,,B03,,,1,,1,,,84,,1,13,4,B03,120.673442,24.156704,3
2874,66000,387130000C,(04)23274275,(04)23288582,2023,8,8,16,8,臺中市,西屯區,0,0,0,7,,,60,,,,,,,,,,,,,,,59,,,,,B03,,,1,,1,,,59,59,1,13,4,B03,120.652818,24.160817,3
2875,66000,387130000C,(04)23274275,(04)23288582,2023,8,8,16,10,臺中市,北屯區,0,0,0,7,,,50,,,,,,,,,,,,,,12,59,,,,,B03,,,1,,1,,,59,59,1,12,4,B03,120.730418,24.176895,3
2876,66000,387130000C,(04)23274275,(04)23288582,2023,8,8,16,18,臺中市,北區,0,1,0,7,2,6,50,13,7,1,5,4,6,6,4,4,1,4,4,2,12,7,3,10,1,1,C03,7,9,1,10,2,11,,7,7,1,12,4,C03,120.687694,24.146686,2
2877,66000,387130000C,(04)23274275,(04)23288582,2023,8,8,16,19,臺中市,中區,0,1,0,7,2,6,50,3,1,1,5,4,6,6,4,4,5,5,5,2,17,84,2,9,1,1,C03,7,9,3,19,2,11,,84,84,1,13,4,C03,120.680739,24.143432,2
2878,66000,387130000C,(04)23274275,(04)23288582,2023,8,8,16,20,臺中市,石岡區,0,1,0,7,3,6,70,3,1,1,5,4,6,6,4,4,10,5,5,2,16,13,3,10,3,1,B12,7,5,1,8,2,7,,13,13,1,12,4,B12,120.785365,24.274528,2
2879,66000,387130000C,(04)23274275,(04)23288582,2023,8,8,16,25,臺中市,北屯區,0,2,0,7,2,6,40,4,1,1,5,4,6,6,1,1,10,5,5,2,13,7,2,9,1,1,C03,7,9,1,10,2,12,,7,7,1,13,4,C03,120.66065,24.191436,2
2880,66000,387130000C,(04)23274275,(04)23288582,2023,8,8,16,26,臺中市,北屯區,0,0,0,7,,,50,,,,,,,,,,,,,,,84,,,,,B02,,,1,,2,,,84,,1,12,4,B02,120.666096,24.186245,3
2881,66000,387130000C,(04)23274275,(04)23288582,2023,8,8,16,30,臺中市,烏日區,0,0,0,7,,,40,,,,,,,,,,,,,,14,49,,,,,A12,,,1,,1,,,49,,1,6,4,A12,120.645711,24.065647,3
2882,66000,387130000C,(04)23274275,(04)23288582,2023,8,8,16,33,臺中市,大甲區,0,1,0,7,2,6,30,3,1,1,5,4,6,6,3,1,10,5,5,2,17,24,2,8,2,1,C03,7,6,1,10,2,12,,24,24,1,6,4,C03,120.61323,24.404931,2
2883,66000,387130000C,(04)23274275,(04)23288582,2023,8,8,16,34,臺中市,西屯區,0,1,0,7,1,6,60,5,1,1,5,4,6,6,1,1,9,4,1,2,13,7,3,10,3,1,B12,7,9,1,8,2,1,,7,7,1,12,4,B12,120.643643,24.165818,2
2884,66000,387130000C,(04)23274275,(04)23288582,2023,8,8,16,35,臺中市,清水區,0,0,0,7,,,50,,,,,,,,,,,,,,,119,,,,,,,,,,,,,119,,1,,,,120.567691,24.269786,3
2885,66000,387130000C,(04)23274275,(04)23288582,2023,8,8,16,38,臺中市,北屯區,0,0,0,7,,,70,,,,,,,,,,,,,,,59,,,,,B11,,,1,,2,,,59,59,1,6,4,B11,120.720735,24.1677,3
2886,66000,387130000C,(04)23274275,(04)23288582,2023,8,8,16,39,臺中市,南屯區,0,0,0,7,,,40,,,,,,,,,,,,,,,45,,,,,B03,,,1,,1,,,45,,1,13,4,B03,120.642434,24.149339,3
2887,66000,387130000C,(04)23274275,(04)23288582,2023,8,8,16,40,臺中市,大雅區,0,0,0,7,2,6,50,3,2,1,5,4,6,6,1,1,10,4,5,1,17,7,3,10,3,1,B03,7,9,3,19,6,1,,7,7,1,12,4,B03,120.613962,24.215243,3
2888,66000,387130000C,(04)23274275,(04)23288582,2023,8,8,16,42,臺中市,北區,0,0,0,7,,,40,,,,,,,,,,,,,,14,49,,,,,B12,,,1,,2,,,49,,1,12,4,B12,120.694616,24.15851,3
2889,66000,387130000C,(04)23274275,(04)23288582,2023,8,8,16,42,臺中市,西屯區,0,0,0,7,,,40,,,,,,,,,,,,,,,59,,,,,A12,,,1,,2,,,59,,1,12,4,A12,120.644852,24.201502,3
2890,66000,387130000C,(04)23274275,(04)23288582,2023,8,8,16,43,臺中市,太平區,0,0,0,7,2,6,30,13,9,1,5,4,6,6,4,4,10,5,5,2,14,49,3,10,3,4,B12,7,2,1,8,2,6,,49,49,1,12,4,B12,120.716984,24.142524,3
2891,66000,387130000C,(04)23274275,(04)23288582,2023,8,8,16,44,臺中市,南屯區,0,0,0,7,,,50,,,,,,,,,,,,,,12,8,,,,,B03,,,1,,2,,,8,,1,5,4,B03,120.64982,24.15081,3
2892,66000,387130000C,(04)23274275,(04)23288582,2023,8,8,16,44,臺中市,沙鹿區,0,1,0,7,3,6,40,13,8,1,5,4,6,6,4,4,1,5,3,2,13,59,2,9,2,1,C03,7,9,1,10,2,11,,59,59,1,12,4,C03,120.580417,24.215501,2
2893,66000,387130000C,(04)23274275,(04)23288582,2023,8,8,16,46,臺中市,大肚區,0,0,0,7,,,50,,,,,,,,,,,,,,13,7,,,,,C03,,,1,,1,,,7,,1,13,4,C03,120.575308,24.161812,3
2894,66000,387130000C,(04)23274275,(04)23288582,2023,8,8,16,46,臺中市,后里區,0,1,0,7,2,6,50,3,2,1,5,4,6,6,4,4,4,3,5,1,17,14,3,10,3,1,B12,7,6,1,8,2,6,,14,14,1,12,4,B12,120.667903,24.319862,2
2895,66000,387130000C,(04)23274275,(04)23288582,2023,8,8,16,50,臺中市,西屯區,0,0,0,7,,,50,,,,,,,,,,,,,,,84,,,,,B03,,,1,,1,,,84,84,1,13,4,B03,120.639069,24.168932,3
2896,66000,387130000C,(04)23274275,(04)23288582,2023,8,8,16,52,臺中市,西屯區,0,0,0,7,,,50,,,,,,,,,,,,,,,84,,,,,B03,,,1,,1,,,84,,1,12,4,B03,120.650961,24.165325,3
2897,66000,387130000C,(04)23274275,(04)23288582,2023,8,8,16,53,臺中市,豐原區,0,1,0,7,2,6,50,3,2,1,5,4,6,6,4,4,1,3,5,1,17,8,3,10,3,1,B03,7,5,1,8,2,2,,8,8,1,6,4,B03,120.721844,24.274506,2
2898,66000,387130000C,(04)23274275,(04)23288582,2023,8,8,16,56,臺中市,大里區,0,1,0,7,3,6,50,13,9,1,5,4,1,4,4,4,3,4,5,2,24,59,2,9,5,4,C03,7,9,1,10,2,11,,59,59,1,13,4,C03,120.694366,24.107775,2
2899,66000,387130000C,(04)23274275,(04)23288582,2023,8,8,16,58,臺中市,霧峰區,0,2,0,7,1,6,40,3,1,1,5,4,6,6,1,1,10,5,5,2,16,11,2,9,1,1,C03,7,6,1,10,2,12,,11,11,1,5,4,C03,120.678829,24.0648,2
2900,66000,387130000C,(04)23274275,(04)23288582,2023,8,8,16,59,臺中市,大里區,0,1,0,7,2,6,50,4,3,1,5,4,6,6,2,1,5,4,4,2,17,51,3,10,1,1,C03,7,1,1,10,2,14,,51,51,1,6,4,C03,120.674849,24.109371,2
2901,66000,387130000C,(04)23274275,(04)23288582,2023,8,8,17,1,臺中市,大里區,0,1,0,7,2,6,50,3,9,1,5,4,6,6,4,4,10,5,5,1,17,43,2,9,1,1,C03,7,9,1,10,2,14,,43,43,1,12,4,C03,120.700043,24.10235,2
2902,66000,387130000C,(04)23274275,(04)23288582,2023,8,8,17,3,臺中市,北屯區,0,0,0,7,,,50,,,,,,,,,,,,,,14,49,,,,,B03,,,1,,1,,,49,49,1,12,4,B03,120.722747,24.174992,3
2903,66000,387130000C,(04)23274275,(04)23288582,2023,8,8,17,10,臺中市,南區,0,1,0,7,2,6,50,4,2,1,5,4,6,6,1,1,5,2,5,2,13,7,2,8,1,1,C04,7,9,1,10,2,11,,7,7,1,13,4,C04,120.676805,24.131856,2
2904,66000,387130000C,(04)23274275,(04)23288582,2023,8,8,17,10,臺中市,南區,0,1,0,7,2,6,50,4,9,1,5,4,6,6,1,1,5,2,5,2,13,7,2,9,1,1,C03,7,9,1,10,2,11,,7,7,1,13,4,C03,120.676799,24.131908,2
2905,66000,387130000C,(04)23274275,(04)23288582,2023,8,8,17,10,臺中市,霧峰區,0,1,0,7,3,6,60,3,1,1,5,4,6,6,4,4,10,5,5,2,14,49,3,10,3,1,A02,7,2,1,2,6,3,,49,49,1,12,4,A02,120.695625,24.058344,2
2906,66000,387130000C,(04)23274275,(04)23288582,2023,8,8,17,10,臺中市,豐原區,0,1,0,7,2,6,50,13,9,1,5,4,6,6,4,4,9,4,5,2,16,48,3,10,3,1,B12,7,6,1,8,2,4,,48,48,1,13,4,B12,120.701232,24.250094,2
2907,66000,387130000C,(04)23274275,(04)23288582,2023,8,8,17,11,臺中市,潭子區,0,0,0,7,,,40,,,,,,,,,,,,,,2,51,,,,,B12,,,1,,2,,,51,,1,12,4,B12,120.704349,24.219703,3
2908,66000,387130000C,(04)23274275,(04)23288582,2023,8,8,17,12,臺中市,西屯區,0,0,0,7,,,60,,,,,,,,,,,,,,,7,,,,,B03,,,1,,1,,,7,,1,13,4,B03,120.64819,24.163442,3
2909,66000,387130000C,(04)23274275,(04)23288582,2023,8,8,17,12,臺中市,大肚區,0,1,0,7,2,6,50,3,1,1,5,4,6,6,1,1,10,5,5,2,17,40,3,10,3,1,B03,7,7,1,8,2,16,,40,40,1,12,4,B03,120.565288,24.122956,2
2910,66000,387130000C,(04)23274275,(04)23288582,2023,8,8,17,15,臺中市,西屯區,0,1,0,7,1,6,50,4,1,1,5,4,6,6,1,1,9,4,5,2,17,76,3,10,3,1,B03,7,15,1,8,2,4,,76,76,1,12,4,B03,120.644346,24.174768,2
2911,66000,387130000C,(04)23274275,(04)23288582,2023,8,8,17,16,臺中市,北區,0,0,0,7,,,30,,,,,,,,,,,,,,,76,,,,,A12,,,1,,1,,,76,,1,13,4,A12,120.66416,24.163624,3
2912,66000,387130000C,(04)23274275,(04)23288582,2023,8,8,17,16,臺中市,西屯區,0,0,0,7,,,50,,,,,,,,,,,,,,,84,,,,,B03,,,1,,2,,,84,,1,13,4,B03,120.614593,24.183081,3
2913,66000,387130000C,(04)23274275,(04)23288582,2023,8,8,17,18,臺中市,梧棲區,0,1,0,7,1,6,50,3,1,1,5,4,6,6,4,4,10,5,5,1,17,59,3,10,5,4,B03,7,6,1,8,2,1,,59,59,1,12,4,B03,120.53076,24.253411,2