序號,縣市別代碼,機關代碼,市話,傳真,年,月,日,時,分,縣市,區,死亡數量,受傷數量,2-30,天候,光線,道路類別,速限,道路型態,事故位置,路面鋪裝,路面狀態,路面缺陷,障礙物,視距,號誌種類,號誌動作,分向設施,快車道或一般車道間,快慢車道間,路面邊線,事故類型及型態,主要肇因,受傷程度,主要傷處,保護裝備,行動電話,當事者區分(類別),車輛用途,當事者行動狀態,駕駛資格情形,駕駛執照種類,飲酒情形,車輛撞擊部位最初,車輛撞擊部位其他,肇事因素個別,肇事因素主要,肇事逃逸,職業,旅次目的,車種,GPS座標X,GPS座標Y,事故類別
2914,66000,387130000C,(04)23274275,(04)23288582,2023,8,8,17,21,臺中市,北區,0,1,0,7,2,6,50,3,1,1,5,4,6,6,1,1,5,4,5,2,16,39,3,10,5,1,B03,7,11,1,8,2,7,,39,39,1,13,4,B03,120.689278,24.153931,2
2915,66000,387130000C,(04)23274275,(04)23288582,2023,8,8,17,21,臺中市,北屯區,0,0,0,7,,,50,,,,,,,,,,,,,,16,20,,,,,C03,,,1,,2,,,20,20,1,12,4,C03,120.711869,24.182278,3
2916,66000,387130000C,(04)23274275,(04)23288582,2023,8,8,17,25,臺中市,西屯區,0,0,0,7,,,50,,,,,,,,,,,,,,,7,,,,,B12,,,3,,2,,,7,,1,13,4,B12,120.615957,24.191129,3
2917,66000,387130000C,(04)23274275,(04)23288582,2023,8,8,17,26,臺中市,西屯區,0,1,0,7,3,9,50,3,1,1,5,4,6,6,1,1,10,5,5,2,17,11,3,10,3,1,B03,7,5,1,8,2,2,,11,11,1,12,4,B03,120.629098,24.204322,2
2918,66000,387130000C,(04)23274275,(04)23288582,2023,8,8,17,27,臺中市,大雅區,0,0,0,7,,,40,,,,,,,,,,,,,,,8,,,,,B03,,,1,,2,,,8,,1,13,4,B03,120.644379,24.204973,3
2919,66000,387130000C,(04)23274275,(04)23288582,2023,8,8,17,27,臺中市,南屯區,0,0,0,7,,,40,,,,,,,,,,,,,,,7,,,,,C03,,,1,,2,,,7,,1,13,4,C03,120.633998,24.158854,3
2920,66000,387130000C,(04)23274275,(04)23288582,2023,8,8,17,29,臺中市,大里區,0,2,0,7,3,6,50,13,9,1,5,4,6,6,4,4,5,4,5,1,16,39,3,10,5,4,C03,7,11,1,10,2,11,,39,39,1,13,4,C03,120.671992,24.105211,2
2921,66000,387130000C,(04)23274275,(04)23288582,2023,8,8,17,32,臺中市,南區,0,0,0,7,,,50,,,,,,,,,,,,,,,8,,,,,B03,,,1,,2,,,8,,1,12,4,B03,120.653645,24.113721,3
2922,66000,387130000C,(04)23274275,(04)23288582,2023,8,8,17,33,臺中市,南區,0,1,0,7,3,6,50,4,19,1,5,4,6,6,1,1,10,5,5,2,3,10,3,10,1,1,C03,7,9,1,10,2,12,,10,10,1,12,4,C03,120.666731,24.114148,2
2923,66000,387130000C,(04)23274275,(04)23288582,2023,8,8,17,34,臺中市,烏日區,0,0,0,6,,,50,,,,,,,,,,,,,,,7,,,,,B03,,,1,,2,,,7,,1,12,4,B03,120.62036,24.102093,3
2924,66000,387130000C,(04)23274275,(04)23288582,2023,8,8,17,37,臺中市,東區,0,2,0,7,3,6,50,3,1,1,5,4,6,6,4,4,10,5,5,2,16,14,2,8,1,1,C03,7,6,1,10,2,12,,14,14,1,12,4,C03,120.706115,24.138147,2
2925,66000,387130000C,(04)23274275,(04)23288582,2023,8,8,17,37,臺中市,西屯區,0,0,0,7,,,50,,,,,,,,,,,,,,,85,,,,,B03,,,1,,2,,,85,,1,12,4,B03,120.653258,24.160817,3
2926,66000,387130000C,(04)23274275,(04)23288582,2023,8,8,17,38,臺中市,西屯區,0,0,0,7,,,50,,,,,,,,,,,,,,,40,,,,,B13,,,1,,2,,,40,,1,12,4,B13,120.588569,24.170949,3
2927,66000,387130000C,(04)23274275,(04)23288582,2023,8,8,17,38,臺中市,西屯區,0,1,0,7,3,6,40,4,1,1,5,4,6,6,1,1,10,5,5,2,17,84,3,10,3,1,B03,7,9,1,8,2,8,,84,84,1,13,4,B03,120.595237,24.170216,2
2928,66000,387130000C,(04)23274275,(04)23288582,2023,8,8,17,39,臺中市,南屯區,0,1,0,7,1,6,50,3,1,1,5,4,6,6,4,4,5,5,5,2,12,48,3,10,5,4,C03,7,6,1,10,2,14,,48,48,1,13,4,C03,120.614016,24.151844,2
2929,66000,387130000C,(04)23274275,(04)23288582,2023,8,8,17,39,臺中市,太平區,0,2,0,7,2,6,50,3,1,1,5,4,6,6,1,1,5,5,5,2,3,96,2,9,6,5,H01,8,18,7,21,10,17,,96,96,1,12,5,H01,120.711876,24.148212,2
2930,66000,387130000C,(04)23274275,(04)23288582,2023,8,8,17,39,臺中市,烏日區,0,1,0,7,2,6,30,4,1,1,5,4,6,6,4,4,10,5,5,1,15,15,2,9,1,1,C03,7,9,1,10,2,11,,15,15,1,12,4,C03,120.637202,24.078724,2
2931,66000,387130000C,(04)23274275,(04)23288582,2023,8,8,17,40,臺中市,南區,0,0,0,7,,,50,,,,,,,,,,,,,,,7,,,,,B03,,,1,,2,,,7,,1,12,4,B03,120.668668,24.129109,3
2932,66000,387130000C,(04)23274275,(04)23288582,2023,8,8,17,40,臺中市,北屯區,0,1,0,7,2,6,40,3,1,1,5,4,6,6,4,4,1,5,5,2,16,84,3,10,1,1,C03,7,9,1,10,2,11,,84,84,1,12,4,C03,120.71336,24.182238,2
2933,66000,387130000C,(04)23274275,(04)23288582,2023,8,8,17,43,臺中市,東區,0,2,0,7,1,6,50,13,9,1,5,4,6,6,4,4,1,4,5,2,18,84,2,9,1,1,C03,7,9,1,10,2,14,,84,84,1,12,4,C03,120.690354,24.138549,2
2934,66000,387130000C,(04)23274275,(04)23288582,2023,8,8,17,49,臺中市,西屯區,0,1,0,7,1,6,50,4,1,1,5,4,6,6,1,1,9,4,4,2,11,11,3,10,3,1,B03,7,6,1,8,2,1,,11,11,1,12,4,B03,120.660705,24.165323,2
2935,66000,387130000C,(04)23274275,(04)23288582,2023,8,8,17,51,臺中市,南屯區,0,1,0,7,2,6,50,4,1,1,5,4,6,6,4,4,10,5,5,2,14,49,3,10,3,1,B12,7,2,1,8,2,3,,49,49,1,6,4,B12,120.624661,24.113972,2
2936,66000,387130000C,(04)23274275,(04)23288582,2023,8,8,17,53,臺中市,西屯區,0,0,0,7,,,50,,,,,,,,,,,,,,,7,,,,,C03,,,1,,1,,,7,,1,13,4,C03,120.649796,24.162755,3
2937,66000,387130000C,(04)23274275,(04)23288582,2023,8,8,17,54,臺中市,西屯區,0,2,0,7,2,6,40,4,1,1,5,4,6,6,4,4,10,5,5,2,17,15,2,9,1,1,C03,7,9,1,10,2,11,,15,15,1,13,4,C03,120.654219,24.160939,2
2938,66000,387130000C,(04)23274275,(04)23288582,2023,8,8,17,56,臺中市,新社區,0,1,0,7,2,6,50,3,1,1,5,4,6,6,4,4,10,5,5,2,17,51,2,9,1,1,C03,7,1,1,10,2,12,,51,51,1,12,4,C03,120.794582,24.207102,2
2939,66000,387130000C,(04)23274275,(04)23288582,2023,8,8,17,57,臺中市,南屯區,0,1,0,7,1,6,40,13,8,1,5,4,6,6,4,4,3,5,3,2,17,59,2,9,1,1,C03,7,9,1,10,2,11,,59,59,1,13,4,C03,120.624132,24.154255,2
2940,66000,387130000C,(04)23274275,(04)23288582,2023,8,8,17,58,臺中市,南屯區,0,0,0,7,,,40,,,,,,,,,,,,,,,40,,,,,B03,,,1,,1,,,40,,1,13,4,B03,120.637489,24.146904,3
2941,66000,387130000C,(04)23274275,(04)23288582,2023,8,8,17,58,臺中市,北屯區,0,0,0,7,,,40,,,,,,,,,,,,,,,42,,,,,B03,,,1,,1,,,42,42,1,13,4,B03,120.690783,24.164959,3
2942,66000,387130000C,(04)23274275,(04)23288582,2023,8,8,17,58,臺中市,神岡區,0,1,0,7,1,6,60,13,9,1,5,4,6,6,4,4,1,4,5,1,23,59,2,9,2,4,C03,7,9,1,10,2,14,,59,59,1,12,4,C03,120.678274,24.243063,2
2943,66000,387130000C,(04)23274275,(04)23288582,2023,8,8,17,59,臺中市,北屯區,0,0,0,7,,,40,,,,,,,,,,,,,,7,51,,,,,B03,,,1,,1,,,51,51,1,12,4,B03,120.690746,24.163,3
2944,66000,387130000C,(04)23274275,(04)23288582,2023,8,8,18,0,臺中市,南屯區,0,1,0,7,2,6,50,13,9,1,5,4,6,6,1,1,9,5,5,2,17,7,3,10,3,1,B03,7,7,1,8,2,1,,7,7,1,13,4,B03,120.638358,24.147176,2
2945,66000,387130000C,(04)23274275,(04)23288582,2023,8,8,18,0,臺中市,沙鹿區,0,0,0,7,,,50,,,,,,,,,,,,,,,59,,,,,B03,,,1,,2,,,59,,1,6,4,B03,120.570891,24.229387,4
2946,66000,387130000C,(04)23274275,(04)23288582,2023,8,8,18,2,臺中市,豐原區,0,1,0,7,2,6,50,13,8,1,5,4,6,5,4,4,5,5,4,2,17,20,3,10,1,1,C03,7,6,1,10,2,11,,20,14,1,13,4,C03,120.699214,24.24732,2
2947,66000,387130000C,(04)23274275,(04)23288582,2023,8,8,18,3,臺中市,南屯區,0,0,0,7,,,50,,,,,,,,,,,,,,12,8,,,,,B03,,,1,,1,,,8,,1,6,4,B03,120.650408,24.153347,3
2948,66000,387130000C,(04)23274275,(04)23288582,2023,8,8,18,4,臺中市,北屯區,0,2,0,7,3,6,50,4,1,1,5,4,6,6,2,1,10,5,5,2,13,7,2,8,2,1,C03,7,9,1,10,2,11,,7,7,1,12,4,C03,120.726814,24.171759,2
2949,66000,387130000C,(04)23274275,(04)23288582,2023,8,8,18,4,臺中市,沙鹿區,0,0,0,7,,,50,,,,,,,,,,,,,,11,8,,,,,B03,,,1,,9,,,8,,1,12,4,B03,120.557645,24.234813,3
2950,66000,387130000C,(04)23274275,(04)23288582,2023,8,8,18,5,臺中市,南屯區,0,0,0,7,,,50,,,,,,,,,,,,,,,40,,,,,B03,,,1,,2,,,40,,1,13,4,B03,120.648306,24.146768,3
2951,66000,387130000C,(04)23274275,(04)23288582,2023,8,8,18,8,臺中市,西區,0,0,0,7,,,50,,,,,,,,,,,,,,,7,,,,,C03,,,1,,1,,,7,,1,6,4,C03,120.661706,24.149876,3
2952,66000,387130000C,(04)23274275,(04)23288582,2023,8,8,18,9,臺中市,北區,0,1,0,7,2,6,40,4,1,1,5,4,6,6,1,1,1,3,4,2,18,84,2,9,1,1,C01,7,5,1,9,2,12,,84,84,1,12,4,C01,120.685568,24.156019,2
2953,66000,387130000C,(04)23274275,(04)23288582,2023,8,8,18,10,臺中市,大里區,0,0,0,7,,,50,,,,,,,,,,,,,,12,51,,,,,B03,,,1,,2,,,51,,1,6,4,B03,120.689355,24.10515,3
2954,66000,387130000C,(04)23274275,(04)23288582,2023,8,8,18,12,臺中市,西區,0,2,0,7,3,6,50,13,9,1,5,4,6,6,4,4,9,5,5,2,12,34,3,10,3,1,B03,7,4,1,8,2,5,,34,34,1,6,4,B03,120.663528,24.144454,2
2955,66000,387130000C,(04)23274275,(04)23288582,2023,8,8,18,12,臺中市,神岡區,0,0,0,7,,,30,,,,,,,,,,,,,,,14,,,,,B03,,,1,,9,,,14,14,2,12,4,B03,120.688526,24.280042,3
2956,66000,387130000C,(04)23274275,(04)23288582,2023,8,8,18,15,臺中市,石岡區,0,0,0,7,,,50,,,,,,,,,,,,,,13,7,,,,,C03,,,1,,2,,,7,,1,12,4,C03,120.762539,24.277022,3
2957,66000,387130000C,(04)23274275,(04)23288582,2023,8,8,18,18,臺中市,西屯區,0,1,0,7,3,6,40,3,1,1,5,4,6,6,3,1,9,4,4,2,13,84,2,9,1,1,C03,7,9,1,10,2,11,,84,84,1,12,4,C03,120.653849,24.176154,2
2958,66000,387130000C,(04)23274275,(04)23288582,2023,8,8,18,20,臺中市,東勢區,0,0,0,7,,,50,,,,,,,,,,,,,,12,84,,,,,A41,,,1,,2,,,84,,1,12,4,A41,120.823443,24.26169,3
2959,66000,387130000C,(04)23274275,(04)23288582,2023,8,8,18,21,臺中市,西屯區,0,1,0,7,3,6,50,13,9,1,5,4,6,6,4,4,9,4,5,2,17,51,2,8,1,1,C03,7,1,1,10,1,12,,51,51,1,13,4,C03,120.643918,24.175998,2
2960,66000,387130000C,(04)23274275,(04)23288582,2023,8,8,18,23,臺中市,大里區,0,1,0,7,3,6,50,13,9,1,5,4,6,6,4,4,5,5,5,2,12,8,2,9,5,4,C03,7,9,1,10,2,14,,8,8,1,13,4,C03,120.696329,24.11111,2
2961,66000,387130000C,(04)23274275,(04)23288582,2023,8,8,18,25,臺中市,東區,0,2,0,7,1,6,50,13,9,1,5,4,6,6,4,4,10,4,4,2,17,87,2,9,1,1,C03,7,9,1,10,2,11,,87,87,1,12,4,C03,120.692958,24.134723,2
2962,66000,387130000C,(04)23274275,(04)23288582,2023,8,8,18,25,臺中市,南屯區,0,0,0,7,,,80,,,,,,,,,,,,,,,84,,,,,B03,,,1,,1,,,84,,1,13,4,B03,120.624331,24.153962,3
2963,66000,387130000C,(04)23274275,(04)23288582,2023,8,8,18,25,臺中市,西屯區,0,0,0,7,,,10,,,,,,,,,,,,,,17,119,,,,,,,,,,,,,119,,1,,,,120.649213,24.1581,3
2964,66000,387130000C,(04)23274275,(04)23288582,2023,8,8,18,25,臺中市,西屯區,0,0,0,7,,,40,,,,,,,,,,,,,,,7,,,,,B03,,,1,,1,,,87,7,1,13,4,B03,120.629044,24.206074,3
2965,66000,387130000C,(04)23274275,(04)23288582,2023,8,8,18,27,臺中市,東勢區,0,0,0,7,,,50,,,,,,,,,,,,,,9,39,,,,,B12,,,1,,2,,,39,,1,12,4,B12,120.831084,24.25727,3
2966,66000,387130000C,(04)23274275,(04)23288582,2023,8,8,18,28,臺中市,西屯區,0,0,0,7,,,50,,,,,,,,,,,,,,,40,,,,,B02,,,1,,1,,,40,40,1,13,4,B02,120.635554,24.171311,3
2967,66000,387130000C,(04)23274275,(04)23288582,2023,8,8,18,30,臺中市,東區,0,0,0,7,,,50,,,,,,,,,,,,,,12,40,,,,,B03,,,1,,2,,,40,,1,12,4,B03,120.701039,24.14461,3
2968,66000,387130000C,(04)23274275,(04)23288582,2023,8,8,18,32,臺中市,西屯區,0,1,0,7,1,6,40,13,8,1,5,4,6,6,4,4,1,5,5,2,13,7,3,10,5,4,C03,7,9,1,10,2,13,,87,7,1,13,4,C03,120.642833,24.156391,2
2969,66000,387130000C,(04)23274275,(04)23288582,2023,8,8,18,40,臺中市,大雅區,0,1,0,7,3,6,50,4,1,1,5,4,6,6,4,4,5,5,5,1,12,7,2,9,1,1,C03,7,9,1,10,2,11,,7,7,1,13,4,C03,120.652956,24.226164,2
2970,66000,387130000C,(04)23274275,(04)23288582,2023,8,8,18,40,臺中市,梧棲區,0,1,0,7,1,6,30,4,1,1,5,4,6,6,4,4,5,4,5,2,15,15,3,10,3,1,B03,7,9,1,8,2,4,,6,15,1,6,4,B03,120.550258,24.257788,2
2971,66000,387130000C,(04)23274275,(04)23288582,2023,8,8,18,43,臺中市,大里區,0,2,0,7,2,6,50,3,7,1,5,4,6,6,4,4,5,4,4,2,11,14,2,9,1,1,F03,7,6,7,21,2,11,,14,14,1,12,4,F03,120.698752,24.094366,2
2972,66000,387130000C,(04)23274275,(04)23288582,2023,8,8,18,52,臺中市,后里區,0,0,0,7,,,60,,,,,,,,,,,,,,13,7,,,,,B03,,,1,,1,,,7,,1,12,4,B03,120.722348,24.309501,3
2973,66000,387130000C,(04)23274275,(04)23288582,2023,8,8,18,54,臺中市,大肚區,0,0,0,7,,,50,,,,,,,,,,,,,,12,40,,,,,C03,,,1,,2,,,40,,1,6,2,C03,120.545618,24.150114,3
2974,66000,387130000C,(04)23274275,(04)23288582,2023,8,8,18,59,臺中市,西屯區,0,1,0,7,1,6,40,13,7,1,5,4,6,6,4,4,5,4,4,2,17,40,3,10,3,1,B03,7,9,1,8,2,2,,87,40,1,12,4,B03,120.645928,24.172535,2
2975,66000,387130000C,(04)23274275,(04)23288582,2023,8,8,19,0,臺中市,西區,0,1,0,7,1,6,50,4,1,1,5,4,6,6,1,1,10,5,5,2,17,59,3,10,3,1,B03,7,11,1,8,2,1,,59,59,1,12,4,B03,120.670857,24.137521,2
2976,66000,387130000C,(04)23274275,(04)23288582,2023,8,8,19,0,臺中市,豐原區,0,1,0,7,1,6,60,13,8,1,5,4,6,6,4,4,1,4,4,1,17,20,3,10,3,1,B12,7,15,1,8,2,2,,20,20,1,13,4,B12,120.706145,24.256374,2
2977,66000,387130000C,(04)23274275,(04)23288582,2023,8,8,19,1,臺中市,潭子區,0,1,0,7,1,6,60,3,2,1,5,4,6,6,1,1,3,4,4,1,13,7,2,9,2,1,C03,7,9,1,10,2,11,,7,7,1,12,4,C03,120.706903,24.223972,2
2978,66000,387130000C,(04)23274275,(04)23288582,2023,8,8,19,4,臺中市,北屯區,0,0,0,7,,,50,,,,,,,,,,,,,,14,49,,,,,B03,,,1,,1,,,49,,1,12,4,B03,120.692021,24.171605,4
2979,66000,387130000C,(04)23274275,(04)23288582,2023,8,8,19,5,臺中市,西屯區,0,0,0,7,,,50,,,,,,,,,,,,,,,84,,,,,B12,,,1,,1,,,84,,1,13,4,B12,120.663564,24.173153,3
2980,66000,387130000C,(04)23274275,(04)23288582,2023,8,8,19,9,臺中市,梧棲區,0,0,0,7,,,40,,,,,,,,,,,,,,17,58,,,,,B03,,,1,,2,,,58,58,1,6,4,B03,120.53084,24.253327,3
2981,66000,387130000C,(04)23274275,(04)23288582,2023,8,8,19,10,臺中市,豐原區,0,0,0,7,,,50,,,,,,,,,,,,,,14,49,,,,,B03,,,1,,2,,,49,49,1,13,4,B03,120.721576,24.252929,3
2982,66000,387130000C,(04)23274275,(04)23288582,2023,8,8,19,11,臺中市,南屯區,0,0,0,7,,,50,,,,,,,,,,,,,,,7,,,,,B03,,,1,,1,,,7,,1,13,4,B03,120.609883,24.140483,3
2983,66000,387130000C,(04)23274275,(04)23288582,2023,8,8,19,16,臺中市,西屯區,0,0,0,7,,,30,,,,,,,,,,,,,,,84,,,,,B03,,,1,,1,,,84,,1,13,4,B03,120.647056,24.184346,3
2984,66000,387130000C,(04)23274275,(04)23288582,2023,8,8,19,18,臺中市,西屯區,0,0,0,7,,,50,,,,,,,,,,,,,,13,8,,,,,C03,,,5,,9,,,8,8,2,12,4,C03,120.643643,24.165818,3
2985,66000,387130000C,(04)23274275,(04)23288582,2023,8,8,19,20,臺中市,南屯區,0,1,0,7,1,6,50,4,1,1,5,4,6,6,1,1,10,5,5,2,16,11,3,10,3,1,B03,7,6,1,8,2,5,,11,11,1,6,4,B03,120.651321,24.151908,2
2986,66000,387130000C,(04)23274275,(04)23288582,2023,8,8,19,22,臺中市,潭子區,0,2,0,7,1,6,50,11,7,1,5,4,6,6,4,4,5,4,4,2,18,58,2,9,2,1,C03,7,5,1,10,2,12,,58,58,1,5,4,C03,120.723437,24.19401,2
2987,66000,387130000C,(04)23274275,(04)23288582,2023,8,8,19,28,臺中市,北屯區,0,0,0,7,,,50,,,,,,,,,,,,,,,42,,,,,B03,,,1,,2,,,42,42,1,6,4,B03,120.669443,24.177252,3
2988,66000,387130000C,(04)23274275,(04)23288582,2023,8,8,19,29,臺中市,潭子區,0,0,0,7,,,30,,,,,,,,,,,,,,,49,,,,,B12,,,1,,2,,,49,,1,12,4,B12,120.707837,24.201442,3
2989,66000,387130000C,(04)23274275,(04)23288582,2023,8,8,19,37,臺中市,南屯區,0,1,0,7,1,6,50,4,1,1,5,4,6,6,2,1,1,2,5,2,12,36,2,8,5,4,C03,7,6,3,19,2,14,,36,36,1,13,4,C03,120.601103,24.14319,2
2990,66000,387130000C,(04)23274275,(04)23288582,2023,8,8,19,45,臺中市,北區,0,0,0,7,,,40,,,,,,,,,,,,,,14,50,,,,,B03,,,1,,1,,,50,,1,12,4,B03,120.672339,24.170855,3
2991,66000,387130000C,(04)23274275,(04)23288582,2023,8,8,19,45,臺中市,大里區,0,0,0,7,1,6,50,13,14,1,5,4,6,6,4,4,5,5,4,1,17,58,,,,,B03,,,1,,1,,,58,,1,12,4,B03,120.703238,24.090351,3
2992,66000,387130000C,(04)23274275,(04)23288582,2023,8,8,19,50,臺中市,沙鹿區,0,0,0,7,,,30,,,,,,,,,,,,,,,59,,,,,B03,,,1,,2,,,59,,1,6,4,B03,120.568453,24.197099,3
2993,66000,387130000C,(04)23274275,(04)23288582,2023,8,8,19,51,臺中市,大里區,0,3,0,7,1,6,50,3,1,1,5,4,6,6,1,1,10,5,5,2,17,48,3,10,3,1,B03,7,6,1,8,2,1,,48,48,1,12,4,B03,120.694593,24.089306,2
2994,66000,387130000C,(04)23274275,(04)23288582,2023,8,8,19,54,臺中市,后里區,0,0,0,7,,,50,,,,,,,,,,,,,,14,49,,,,,B03,,,1,,1,,,49,,1,12,4,B03,120.715478,24.306656,3
2995,66000,387130000C,(04)23274275,(04)23288582,2023,8,8,19,57,臺中市,南屯區,0,1,0,7,1,6,50,13,9,1,5,4,6,6,4,4,5,4,5,2,18,43,2,9,1,1,C03,7,9,3,19,1,14,,43,43,1,13,4,C03,120.615187,24.147214,2
2996,66000,387130000C,(04)23274275,(04)23288582,2023,8,8,20,2,臺中市,太平區,0,2,0,7,1,6,50,13,7,1,5,4,6,6,4,4,10,5,5,2,3,95,2,1,6,5,H01,8,16,7,21,10,17,,95,95,1,12,5,H01,120.721083,24.130766,2
2997,66000,387130000C,(04)23274275,(04)23288582,2023,8,8,20,8,臺中市,大安區,0,0,0,7,,,50,,,,,,,,,,,,,,17,48,,,,,B03,,,1,,2,,,48,,1,13,4,B03,120.600144,24.356575,3
2998,66000,387130000C,(04)23274275,(04)23288582,2023,8,8,20,10,臺中市,西屯區,0,1,0,7,3,6,50,4,1,1,5,4,6,6,1,1,10,5,5,2,17,11,3,10,3,1,B03,7,5,1,8,2,2,,11,11,1,12,4,B03,120.606243,24.187327,2
2999,66000,387130000C,(04)23274275,(04)23288582,2023,8,8,20,14,臺中市,北區,0,1,0,7,1,6,50,4,1,1,5,4,6,6,4,4,10,5,5,2,15,15,2,9,1,1,C03,7,9,1,10,2,12,,15,15,1,13,4,C03,120.669449,24.171635,2
3000,66000,387130000C,(04)23274275,(04)23288582,2023,8,8,20,15,臺中市,北區,0,1,0,7,1,6,50,4,1,1,5,4,6,6,4,4,5,4,5,2,16,84,3,10,5,1,B03,7,5,1,8,2,8,,84,84,1,13,4,B03,120.681968,24.167058,2
3001,66000,387130000C,(04)23274275,(04)23288582,2023,8,8,20,16,臺中市,南區,0,1,0,7,1,6,30,13,9,1,5,4,6,6,4,4,10,5,5,2,18,84,2,9,1,1,C03,7,9,1,10,2,12,,84,84,1,12,4,C03,120.676608,24.125421,2
3002,66000,387130000C,(04)23274275,(04)23288582,2023,8,8,20,18,臺中市,后里區,0,1,0,7,1,6,30,13,9,1,5,4,6,6,1,1,10,5,5,2,3,59,3,10,2,1,C03,7,9,1,10,2,11,,59,59,1,12,4,C03,120.72179,24.307963,2
3003,66000,387130000C,(04)23274275,(04)23288582,2023,8,8,20,19,臺中市,南屯區,0,1,0,7,1,6,50,4,1,1,5,4,6,6,1,1,9,3,5,2,17,40,2,8,1,1,C03,7,8,1,10,2,11,,40,40,1,13,4,C03,120.640731,24.146859,2
3004,66000,387130000C,(04)23274275,(04)23288582,2023,8,8,20,19,臺中市,大里區,0,2,0,7,1,6,60,13,7,1,5,4,6,6,4,4,1,4,4,2,13,7,2,8,1,1,C03,7,9,1,10,2,11,,7,7,1,5,4,C03,120.689092,24.078292,2
3005,66000,387130000C,(04)23274275,(04)23288582,2023,8,8,20,25,臺中市,東區,0,2,0,7,1,6,40,13,7,1,5,4,6,6,4,4,5,5,4,2,16,4,2,9,2,1,C03,7,7,1,10,2,11,,4,4,1,13,4,C03,120.704399,24.13816,2
3006,66000,387130000C,(04)23274275,(04)23288582,2023,8,8,20,30,臺中市,東勢區,0,3,0,7,1,6,50,4,1,1,5,4,6,6,4,4,5,5,5,1,16,12,2,9,1,1,C03,7,6,1,10,2,12,,12,12,1,12,4,C03,120.82762,24.258841,2
3007,66000,387130000C,(04)23274275,(04)23288582,2023,8,8,20,35,臺中市,大雅區,0,1,0,7,1,6,50,11,9,1,5,4,6,6,4,4,5,5,5,1,16,45,3,10,3,1,B11,7,11,1,4,1,7,,45,45,1,13,4,B11,120.646788,24.212836,2
3008,66000,387130000C,(04)23274275,(04)23288582,2023,8,8,20,40,臺中市,東區,0,0,0,7,1,6,50,4,1,1,5,4,6,6,1,1,10,5,5,2,12,87,3,10,3,1,A05,7,9,1,2,2,4,,87,87,1,12,4,A05,120.698033,24.147964,3
3009,66000,387130000C,(04)23274275,(04)23288582,2023,8,8,20,44,臺中市,西屯區,0,1,0,7,1,6,50,13,9,1,5,4,6,6,4,4,5,5,5,2,14,39,3,10,3,1,B03,7,2,1,8,2,3,,87,87,1,12,4,B03,120.617674,24.17624,2
3010,66000,387130000C,(04)23274275,(04)23288582,2023,8,8,20,45,臺中市,東區,0,0,0,7,1,6,50,13,7,1,5,4,6,6,4,4,5,2,5,2,12,84,3,10,3,1,A04,7,15,1,2,2,4,,84,84,1,12,4,A04,120.699357,24.14797,3
3011,66000,387130000C,(04)23274275,(04)23288582,2023,8,8,20,53,臺中市,沙鹿區,0,0,0,7,,,60,,,,,,,,,,,,,,,59,,,,,B03,,,1,,2,,,59,,1,6,4,B03,120.570054,24.23641,3
3012,66000,387130000C,(04)23274275,(04)23288582,2023,8,8,20,57,臺中市,北區,0,1,0,7,1,6,50,4,1,1,5,4,6,6,1,1,1,4,5,2,15,19,2,8,1,1,C03,7,9,1,10,2,12,,19,19,1,12,4,C03,120.691652,24.160229,2
3013,66000,387130000C,(04)23274275,(04)23288582,2023,8,8,21,0,臺中市,大里區,0,2,0,7,1,6,30,3,1,1,5,4,6,6,4,4,10,5,5,2,16,85,2,9,2,1,C03,7,5,1,10,2,13,,85,85,1,12,4,C03,120.696557,24.088261,2
3014,66000,387130000C,(04)23274275,(04)23288582,2023,8,8,21,2,臺中市,清水區,0,2,0,7,1,6,50,13,7,1,5,4,6,6,4,4,5,5,4,2,12,42,2,9,4,1,F01,7,15,7,21,2,14,,42,42,1,12,4,F01,120.566048,24.274028,2
3015,66000,387130000C,(04)23274275,(04)23288582,2023,8,8,21,3,臺中市,北區,0,3,0,7,1,6,50,4,1,1,5,4,6,6,4,4,10,5,5,2,15,15,2,9,1,1,C03,7,9,1,10,2,12,,15,15,1,12,2,C03,120.666755,24.160421,2
3016,66000,387130000C,(04)23274275,(04)23288582,2023,8,8,21,3,臺中市,大里區,0,1,0,7,1,6,50,4,2,1,5,4,6,6,1,1,5,4,4,1,16,20,2,9,5,4,C03,7,5,1,10,2,14,,20,20,1,13,4,C03,120.687684,24.110231,2
3017,66000,387130000C,(04)23274275,(04)23288582,2023,8,8,21,5,臺中市,霧峰區,0,0,0,7,1,6,30,13,9,1,5,4,6,6,4,4,10,5,5,1,11,8,,,,,B03,,,1,,2,,,8,,1,8,4,B03,120.686916,24.050876,3
3018,66000,387130000C,(04)23274275,(04)23288582,2023,8,8,21,6,臺中市,西屯區,0,2,0,7,1,6,30,4,1,1,5,4,6,6,4,4,10,5,5,2,15,6,2,9,1,1,C03,7,9,1,10,2,14,,6,6,1,13,4,C03,120.648045,24.176138,2
3019,66000,387130000C,(04)23274275,(04)23288582,2023,8,8,21,9,臺中市,北區,0,0,0,7,,,50,,,,,,,,,,,,,,14,49,,,,,B03,,,1,,2,,,49,,1,13,4,B03,120.683738,24.164959,3