序號,縣市別代碼,機關代碼,市話,傳真,年,月,日,時,分,縣市,區,死亡數量,受傷數量,2-30,天候,光線,道路類別,速限,道路型態,事故位置,路面鋪裝,路面狀態,路面缺陷,障礙物,視距,號誌種類,號誌動作,分向設施,快車道或一般車道間,快慢車道間,路面邊線,事故類型及型態,主要肇因,受傷程度,主要傷處,保護裝備,行動電話,當事者區分(類別),車輛用途,當事者行動狀態,駕駛資格情形,駕駛執照種類,飲酒情形,車輛撞擊部位最初,車輛撞擊部位其他,肇事因素個別,肇事因素主要,肇事逃逸,職業,旅次目的,車種,GPS座標X,GPS座標Y,事故類別
3020,66000,387130000C,(04)23274275,(04)23288582,2023,8,8,21,12,臺中市,神岡區,0,1,0,7,1,6,50,13,12,1,5,4,6,6,4,4,9,4,4,1,13,7,3,10,1,4,C03,7,9,3,19,2,11,,7,7,1,12,4,C03,120.665613,24.257669,2
3021,66000,387130000C,(04)23274275,(04)23288582,2023,8,8,21,13,臺中市,西區,0,1,0,7,1,6,30,3,1,1,5,4,6,6,4,4,10,5,5,2,17,49,3,10,5,4,B03,7,2,1,8,2,3,,49,49,1,12,4,B03,120.661405,24.155589,2
3022,66000,387130000C,(04)23274275,(04)23288582,2023,8,8,21,17,臺中市,神岡區,0,2,0,7,1,6,30,4,1,1,5,4,6,6,4,4,10,5,5,2,15,15,2,9,1,4,C03,7,9,1,10,2,11,,15,15,1,12,4,C03,120.657866,24.268738,2
3023,66000,387130000C,(04)23274275,(04)23288582,2023,8,8,21,19,臺中市,南屯區,0,0,0,7,,,1,,,,,,,,,,,,,,17,51,,,,,C03,,,1,,2,,,51,,1,6,4,C03,120.637724,24.142453,3
3024,66000,387130000C,(04)23274275,(04)23288582,2023,8,8,21,20,臺中市,沙鹿區,0,1,0,6,3,6,50,4,2,1,5,4,6,6,2,1,5,4,5,1,16,8,3,10,3,1,B03,7,5,1,8,2,8,,8,8,1,13,4,B03,120.564972,24.241809,2
3025,66000,387130000C,(04)23274275,(04)23288582,2023,8,8,21,20,臺中市,清水區,0,1,0,7,1,6,30,11,9,1,5,4,6,6,4,4,10,5,5,1,18,5,2,9,2,1,C03,7,9,1,10,2,12,,5,5,1,6,4,C03,120.592598,24.280776,2
3026,66000,387130000C,(04)23274275,(04)23288582,2023,8,8,21,23,臺中市,豐原區,0,0,0,7,,,50,,,,,,,,,,,,,,14,49,,,,,B03,,,1,,9,,,49,,2,12,4,B03,120.733915,24.253973,3
3027,66000,387130000C,(04)23274275,(04)23288582,2023,8,8,21,29,臺中市,清水區,0,2,0,7,1,6,40,4,1,1,5,4,6,6,1,1,1,2,4,2,13,59,2,9,1,1,C03,7,9,1,10,2,11,,59,59,1,12,4,C03,120.572572,24.261972,2
3028,66000,387130000C,(04)23274275,(04)23288582,2023,8,8,21,31,臺中市,南屯區,0,0,0,7,,,50,,,,,,,,,,,,,,,84,,,,,C03,,,1,,2,,,84,,1,13,2,C03,120.64612,24.142472,3
3029,66000,387130000C,(04)23274275,(04)23288582,2023,8,8,21,32,臺中市,大里區,0,1,0,7,2,6,50,13,7,1,5,4,6,6,2,1,1,3,4,1,23,54,2,9,1,1,C03,7,9,1,10,2,12,,54,54,1,13,4,C03,120.689869,24.101059,2
3030,66000,387130000C,(04)23274275,(04)23288582,2023,8,8,21,34,臺中市,北屯區,0,1,0,6,1,6,50,4,19,1,5,4,6,6,2,1,10,5,5,2,3,10,3,10,3,1,B03,7,6,1,8,2,1,,10,10,1,13,4,B03,120.702133,24.169885,2
3031,66000,387130000C,(04)23274275,(04)23288582,2023,8,8,21,38,臺中市,西屯區,0,1,0,7,1,6,30,4,1,1,5,4,6,6,1,1,9,4,4,2,11,6,3,10,3,1,B03,7,6,1,8,2,1,,6,6,1,12,4,B03,120.655344,24.178096,2
3032,66000,387130000C,(04)23274275,(04)23288582,2023,8,8,21,41,臺中市,太平區,0,0,0,7,,,50,,,,,,,,,,,,,,15,21,,,,,C03,,,1,,2,,,21,,1,6,4,C03,120.722033,24.149278,3
3033,66000,387130000C,(04)23274275,(04)23288582,2023,8,8,21,41,臺中市,烏日區,0,2,0,7,1,9,50,8,14,1,5,4,6,6,4,4,1,4,5,1,13,7,2,9,1,1,C03,7,9,1,10,2,11,,7,7,1,12,4,C03,120.6428,24.093356,2
3034,66000,387130000C,(04)23274275,(04)23288582,2023,8,8,21,42,臺中市,太平區,0,0,0,7,,,30,,,,,,,,,,,,,,27,59,,,,,B03,,,1,,2,,,59,,1,6,4,B03,120.722057,24.149568,3
3035,66000,387130000C,(04)23274275,(04)23288582,2023,8,8,21,45,臺中市,北屯區,0,0,0,7,,,50,,,,,,,,,,,,,,13,7,,,,,B03,,,1,,2,,,7,,1,12,4,B03,120.675018,24.202377,3
3036,66000,387130000C,(04)23274275,(04)23288582,2023,8,8,21,53,臺中市,北區,0,1,0,7,1,6,50,13,9,1,5,4,6,6,4,4,5,5,5,2,13,7,2,9,5,1,C03,7,9,1,10,2,11,,7,7,1,13,4,C03,120.680067,24.157449,2
3037,66000,387130000C,(04)23274275,(04)23288582,2023,8,8,21,53,臺中市,東區,0,2,0,7,1,6,50,4,1,1,5,4,6,6,1,1,10,5,5,2,15,21,3,10,3,1,B03,7,9,1,8,2,5,,21,21,1,12,4,B03,120.708692,24.142722,2
3038,66000,387130000C,(04)23274275,(04)23288582,2023,8,8,21,55,臺中市,后里區,0,1,0,7,3,6,30,4,1,1,5,4,6,1,4,4,10,5,5,2,15,15,3,10,3,1,B03,7,9,1,8,2,1,,15,15,1,12,4,B03,120.738358,24.316962,2
3039,66000,387130000C,(04)23274275,(04)23288582,2023,8,8,22,2,臺中市,西屯區,0,1,0,7,1,6,40,13,8,1,5,4,6,6,4,4,9,4,4,2,17,84,2,7,1,1,C03,7,9,1,10,2,11,,84,84,2,13,4,C03,120.647503,24.170068,2
3040,66000,387130000C,(04)23274275,(04)23288582,2023,8,8,22,10,臺中市,西屯區,0,1,0,7,1,6,50,13,7,1,5,4,6,6,4,4,5,5,4,2,17,40,3,10,5,4,B03,7,8,1,8,2,4,,40,40,1,13,4,B03,120.616842,24.179425,2
3041,66000,387130000C,(04)23274275,(04)23288582,2023,8,8,22,29,臺中市,北屯區,0,0,0,7,,,50,,,,,,,,,,,,,,9,84,,,,,B03,,,1,,9,,,84,,1,12,4,B03,120.694258,24.171813,3
3042,66000,387130000C,(04)23274275,(04)23288582,2023,8,8,22,36,臺中市,西屯區,0,0,0,7,,,50,,,,,,,,,,,,,,,84,,,,,B03,,,1,,1,,,84,,1,13,4,B03,120.639069,24.168932,3
3043,66000,387130000C,(04)23274275,(04)23288582,2023,8,8,22,41,臺中市,南屯區,0,1,0,7,1,6,40,3,2,1,5,4,6,6,4,4,5,5,4,2,13,59,2,9,1,1,C03,7,9,1,10,2,11,,59,59,1,6,4,C03,120.625888,24.114263,2
3044,66000,387130000C,(04)23274275,(04)23288582,2023,8,8,22,42,臺中市,大里區,0,0,0,7,,,50,,,,,,,,,,,,,,14,49,,,,,B03,,,1,,9,,,49,,1,13,4,B03,120.703145,24.089824,3
3045,66000,387130000C,(04)23274275,(04)23288582,2023,8,8,22,50,臺中市,霧峰區,0,2,0,7,1,6,50,4,1,1,5,4,6,6,1,1,10,5,5,2,15,21,2,9,2,1,C03,7,9,1,10,2,13,,21,85,1,12,4,C03,120.714563,24.075993,2
3046,66000,387130000C,(04)23274275,(04)23288582,2023,8,8,23,19,臺中市,西屯區,0,1,0,7,1,6,50,4,1,1,5,4,6,6,2,1,10,5,5,2,16,21,3,10,3,1,B03,7,9,1,8,2,8,,21,21,1,12,4,B03,120.63504,24.181835,2
3047,66000,387130000C,(04)23274275,(04)23288582,2023,8,8,23,29,臺中市,西屯區,0,2,0,7,1,6,50,13,9,1,5,4,6,6,4,4,8,3,4,1,17,84,2,9,1,1,C03,7,7,1,10,2,12,,84,84,1,13,4,C03,120.638127,24.164082,2
3048,66000,387130000C,(04)23274275,(04)23288582,2023,8,9,0,10,臺中市,豐原區,0,0,0,7,,,50,,,,,,,,,,,,,,,50,,,,,B02,,,1,,10,,,87,50,1,13,4,B02,120.741452,24.263216,3
3049,66000,387130000C,(04)23274275,(04)23288582,2023,8,9,0,11,臺中市,北屯區,0,2,0,7,1,6,50,3,1,1,5,4,6,6,1,1,10,5,5,2,16,26,2,9,2,1,C03,7,6,1,10,2,14,,26,26,1,12,4,C03,120.697531,24.164954,2
3050,66000,387130000C,(04)23274275,(04)23288582,2023,8,9,0,14,臺中市,北區,0,1,0,6,1,6,50,4,1,1,5,4,6,6,1,1,10,5,5,2,16,23,3,10,3,1,B03,7,11,1,8,2,1,,23,23,1,12,4,B03,120.680853,24.149177,2
3051,66000,387130000C,(04)23274275,(04)23288582,2023,8,9,0,29,臺中市,西屯區,0,1,0,7,1,6,50,3,1,1,5,4,6,6,4,4,10,5,5,2,11,51,3,10,3,1,B03,7,1,1,8,2,8,,51,51,1,12,4,B03,120.645167,24.169779,2
3052,66000,387130000C,(04)23274275,(04)23288582,2023,8,9,0,41,臺中市,北區,0,2,0,7,1,6,40,4,4,1,5,4,6,6,1,1,10,5,5,2,17,84,2,9,1,1,C03,7,9,1,10,2,11,,84,84,1,13,4,C03,120.694299,24.156851,2
3053,66000,387130000C,(04)23274275,(04)23288582,2023,8,9,0,42,臺中市,南屯區,0,0,0,7,,,50,,,,,,,,,,,,,,,49,,,,,B03,,,1,,2,,,49,,1,13,4,B03,120.622879,24.148211,3
3054,66000,387130000C,(04)23274275,(04)23288582,2023,8,9,1,8,臺中市,潭子區,0,1,0,7,1,6,50,13,9,1,5,4,6,6,4,4,9,5,5,1,17,41,2,7,1,1,C03,7,9,1,10,2,11,,41,41,1,12,4,C03,120.707628,24.220089,2
3055,66000,387130000C,(04)23274275,(04)23288582,2023,8,9,1,13,臺中市,大里區,0,0,0,7,,,50,,,,,,,,,,,,,,17,51,,,,,B03,,,1,,2,,,51,,1,13,4,B03,120.700343,24.11024,3
3056,66000,387130000C,(04)23274275,(04)23288582,2023,8,9,2,54,臺中市,太平區,0,0,0,7,,,50,,,,,,,,,,,,,,28,59,,,,,C03,,,1,,2,,,59,,1,6,4,C03,120.724255,24.13993,3
3057,66000,387130000C,(04)23274275,(04)23288582,2023,8,9,3,0,臺中市,南屯區,0,1,0,7,1,6,50,13,9,1,5,4,6,6,4,4,9,5,5,2,30,84,,,,,,,,,,,,,119,84,1,,,,120.649741,24.129679,2
3058,66000,387130000C,(04)23274275,(04)23288582,2023,8,9,3,7,臺中市,東區,0,1,0,7,1,6,100,4,1,1,5,4,6,6,3,1,10,5,5,2,16,87,2,9,1,1,C03,7,5,1,10,2,12,,87,87,1,12,4,C03,120.698047,24.138876,2
3059,66000,387130000C,(04)23274275,(04)23288582,2023,8,9,3,40,臺中市,潭子區,0,2,0,7,1,6,80,3,2,1,5,4,6,6,4,4,3,4,5,1,13,59,2,9,3,1,B03,7,9,1,8,2,5,,59,59,1,13,4,B03,120.71771,24.198012,2
3060,66000,387130000C,(04)23274275,(04)23288582,2023,8,9,4,13,臺中市,南屯區,0,0,0,7,,,50,,,,,,,,,,,,,,,55,,,,,B03,,,1,,2,,,55,,1,12,4,B03,120.583686,24.168297,3
3061,66000,387130000C,(04)23274275,(04)23288582,2023,8,9,5,58,臺中市,豐原區,0,2,0,7,2,6,50,13,7,1,5,4,6,6,4,4,4,5,4,2,17,45,2,9,1,1,C03,7,11,1,10,2,11,,45,45,1,6,4,C03,120.725465,24.246471,2
3062,66000,387130000C,(04)23274275,(04)23288582,2023,8,9,6,36,臺中市,大里區,0,1,0,7,3,6,50,13,9,1,5,4,6,6,4,4,9,4,5,1,18,87,2,9,1,1,C03,7,9,1,9,2,14,,87,87,1,13,4,C03,120.675823,24.095709,2
3063,66000,387130000C,(04)23274275,(04)23288582,2023,8,9,6,49,臺中市,清水區,0,2,0,7,3,6,50,5,1,1,5,4,6,6,2,1,1,4,5,1,12,20,2,9,1,1,C03,7,15,1,10,2,12,,20,20,1,12,4,C03,120.567607,24.27016,2
3064,66000,387130000C,(04)23274275,(04)23288582,2023,8,9,6,56,臺中市,大里區,0,1,0,7,3,6,50,3,1,1,5,4,6,6,4,4,10,5,5,2,12,51,3,10,3,1,B03,7,1,1,8,2,8,,51,51,1,6,4,B03,120.679083,24.107961,2
3065,66000,387130000C,(04)23274275,(04)23288582,2023,8,9,6,58,臺中市,南區,0,1,0,6,2,6,50,3,1,1,5,4,6,6,4,4,10,5,5,2,18,84,2,9,2,1,C03,7,9,1,10,2,14,,84,84,1,6,4,C03,120.671417,24.130733,2
3066,66000,387130000C,(04)23274275,(04)23288582,2023,8,9,7,0,臺中市,沙鹿區,0,0,0,7,,,40,,,,,,,,,,,,,,,84,,,,,C03,,,1,,2,,,84,,1,6,4,C03,120.586322,24.250119,3
3067,66000,387130000C,(04)23274275,(04)23288582,2023,8,9,7,5,臺中市,西屯區,0,4,0,7,2,6,30,4,1,1,5,4,6,6,4,4,10,5,5,2,15,20,2,5,3,1,B01,7,9,1,4,2,5,,20,20,1,12,4,B01,120.614324,24.179801,2
3068,66000,387130000C,(04)23274275,(04)23288582,2023,8,9,7,5,臺中市,太平區,0,2,0,7,2,6,50,3,1,1,5,4,6,6,4,4,10,5,5,2,16,14,2,9,2,1,C03,7,9,1,10,2,11,,84,14,1,12,4,C03,120.733354,24.15306,2
3069,66000,387130000C,(04)23274275,(04)23288582,2023,8,9,7,10,臺中市,龍井區,0,0,0,7,,,60,,,,,,,,,,,,,,2,8,,,,,A04,,,1,,2,,,8,8,1,12,4,A04,120.58326,24.187035,3
3070,66000,387130000C,(04)23274275,(04)23288582,2023,8,9,7,10,臺中市,神岡區,0,1,0,7,1,6,50,3,1,1,5,4,6,6,1,1,5,4,4,1,12,84,2,9,2,1,C03,7,9,1,10,2,11,,84,84,1,13,4,C03,120.683051,24.246644,2
3071,66000,387130000C,(04)23274275,(04)23288582,2023,8,9,7,12,臺中市,南區,0,2,0,7,2,6,50,4,1,1,5,4,6,6,1,1,10,5,5,2,13,55,2,8,2,1,C03,7,9,1,10,2,11,,55,55,1,12,4,C03,120.662473,24.127442,2
3072,66000,387130000C,(04)23274275,(04)23288582,2023,8,9,7,14,臺中市,大雅區,0,0,0,6,2,6,30,11,9,1,5,4,6,6,4,4,10,5,5,1,11,8,,,,,B03,,,1,,1,,,8,,1,12,4,B03,120.653286,24.231505,3
3073,66000,387130000C,(04)23274275,(04)23288582,2023,8,9,7,15,臺中市,外埔區,0,0,0,6,2,6,50,11,14,1,5,4,6,6,4,4,5,5,5,1,27,59,,,,,B03,,,1,,2,,,59,,1,13,4,B03,120.632453,24.323693,3
3074,66000,387130000C,(04)23274275,(04)23288582,2023,8,9,7,16,臺中市,太平區,0,0,0,7,,,50,,,,,,,,,,,,,,,8,,,,,C03,,,1,,2,,,8,,1,13,4,C03,120.717167,24.130726,3
3075,66000,387130000C,(04)23274275,(04)23288582,2023,8,9,7,18,臺中市,霧峰區,0,0,0,7,,,30,,,,,,,,,,,,,,11,41,,,,,B03,,,1,,2,,,41,,1,13,4,B03,120.654507,24.072113,3
3076,66000,387130000C,(04)23274275,(04)23288582,2023,8,9,7,20,臺中市,沙鹿區,0,1,0,6,2,6,50,13,7,1,5,4,6,6,1,1,1,3,4,2,17,40,2,9,2,1,C03,7,8,1,10,2,11,,40,40,1,6,4,C03,120.565999,24.231943,2
3077,66000,387130000C,(04)23274275,(04)23288582,2023,8,9,7,20,臺中市,沙鹿區,0,0,0,7,,,50,,,,,,,,,,,,,,17,2,,,,,B03,,,1,,2,,,2,,1,12,4,B03,120.580544,24.209606,3
3078,66000,387130000C,(04)23274275,(04)23288582,2023,8,9,7,24,臺中市,西屯區,0,0,0,7,,,40,,,,,,,,,,,,,,,8,,,,,B03,,,1,,1,,,8,,1,12,4,B03,120.615268,24.182938,3
3079,66000,387130000C,(04)23274275,(04)23288582,2023,8,9,7,25,臺中市,太平區,0,1,0,7,3,6,50,4,1,1,5,4,6,6,3,1,5,5,4,1,12,42,2,9,2,1,C03,7,9,1,10,2,13,,42,42,1,13,4,C03,120.72763,24.150005,2
3080,66000,387130000C,(04)23274275,(04)23288582,2023,8,9,7,27,臺中市,龍井區,0,0,0,7,,,30,,,,,,,,,,,,,,16,48,,,,,B03,,,1,,2,,,48,,1,13,4,B03,120.581958,24.185803,3
3081,66000,387130000C,(04)23274275,(04)23288582,2023,8,9,7,28,臺中市,西屯區,0,1,0,7,2,6,50,13,9,1,5,4,6,6,4,4,1,4,5,2,18,84,2,9,1,1,C03,7,9,1,10,2,14,,84,84,1,12,4,C03,120.596812,24.200755,2
3082,66000,387130000C,(04)23274275,(04)23288582,2023,8,9,7,30,臺中市,南屯區,0,0,0,7,,,50,,,,,,,,,,,,,,,87,,,,,B03,,,1,,9,,,87,,1,13,4,B03,120.624997,24.115272,3
3083,66000,387130000C,(04)23274275,(04)23288582,2023,8,9,7,30,臺中市,北屯區,0,0,0,7,,,30,,,,,,,,,,,,,,13,84,,,,,B03,,,1,,1,,,84,84,1,12,4,B03,120.679088,24.201422,3
3084,66000,387130000C,(04)23274275,(04)23288582,2023,8,9,7,30,臺中市,太平區,0,1,0,7,2,6,50,4,1,1,5,4,6,6,1,1,10,5,5,1,16,51,2,9,2,1,C03,7,1,1,10,2,11,,51,51,1,12,4,C03,120.724105,24.130638,2
3085,66000,387130000C,(04)23274275,(04)23288582,2023,8,9,7,30,臺中市,沙鹿區,0,0,0,7,,,40,,,,,,,,,,,,,,,7,,,,,C03,,,1,,2,,,7,,1,6,4,C03,120.56183,24.208285,4
3086,66000,387130000C,(04)23274275,(04)23288582,2023,8,9,7,34,臺中市,太平區,0,1,0,6,2,6,50,4,1,1,5,4,6,6,2,1,10,5,5,2,16,51,2,9,1,1,C03,7,1,1,10,2,12,,51,51,1,12,4,C03,120.719432,24.13146,2
3087,66000,387130000C,(04)23274275,(04)23288582,2023,8,9,7,40,臺中市,豐原區,0,0,0,7,,,50,,,,,,,,,,,,,,13,7,,,,,C03,,,1,,2,,,7,,1,13,4,C03,120.735912,24.260557,3
3088,66000,387130000C,(04)23274275,(04)23288582,2023,8,9,7,41,臺中市,太平區,0,2,0,7,3,6,50,13,9,1,5,4,6,6,4,4,5,5,5,1,16,39,2,9,2,1,C03,7,9,1,10,2,11,,39,39,1,12,4,C03,120.714431,24.125106,2
3089,66000,387130000C,(04)23274275,(04)23288582,2023,8,9,7,45,臺中市,潭子區,0,0,0,7,,,50,,,,,,,,,,,,,,,62,,,,,C03,,,1,,2,,,62,,1,13,4,C03,120.704986,24.219191,3
3090,66000,387130000C,(04)23274275,(04)23288582,2023,8,9,7,48,臺中市,南屯區,0,0,0,6,,,60,,,,,,,,,,,,,,13,7,,,,,B03,,,1,,1,,,7,,1,13,4,B03,120.623334,24.147215,3
3091,66000,387130000C,(04)23274275,(04)23288582,2023,8,9,7,49,臺中市,太平區,0,2,0,7,2,6,40,3,1,1,5,4,6,6,1,1,10,5,5,2,17,7,2,9,2,1,C03,7,9,1,10,2,11,,7,7,1,12,4,C03,120.715228,24.111136,2
3092,66000,387130000C,(04)23274275,(04)23288582,2023,8,9,7,51,臺中市,后里區,0,1,0,7,2,6,30,13,9,1,5,4,6,6,4,4,10,5,5,2,16,87,3,10,3,1,B03,7,9,1,8,2,5,,87,87,1,12,4,B03,120.657523,24.327739,2
3093,66000,387130000C,(04)23274275,(04)23288582,2023,8,9,7,55,臺中市,神岡區,0,1,0,7,1,6,50,18,9,1,5,4,6,6,4,4,5,4,5,2,13,7,3,10,3,1,B03,7,9,1,8,2,1,,7,7,1,6,4,B03,120.685671,24.280352,2
3094,66000,387130000C,(04)23274275,(04)23288582,2023,8,9,8,0,臺中市,沙鹿區,0,1,0,7,3,6,50,13,7,1,5,4,6,6,4,4,5,5,4,2,2,58,3,10,3,1,B03,7,9,1,8,2,5,,58,58,1,6,4,B03,120.558698,24.236998,2
3095,66000,387130000C,(04)23274275,(04)23288582,2023,8,9,8,2,臺中市,北屯區,0,1,0,7,2,6,50,3,1,1,5,4,6,6,4,4,10,5,5,2,15,20,3,10,3,1,B03,7,11,1,8,2,6,,20,20,1,13,4,B03,120.713362,24.171973,2
3096,66000,387130000C,(04)23274275,(04)23288582,2023,8,9,8,4,臺中市,北屯區,0,1,0,7,2,6,40,4,1,1,5,4,6,6,2,1,10,5,5,2,13,7,2,9,1,1,C03,7,9,1,10,2,12,,7,7,1,12,4,C03,120.70258,24.186473,2
3097,66000,387130000C,(04)23274275,(04)23288582,2023,8,9,8,6,臺中市,大雅區,0,1,0,7,3,6,30,13,9,1,5,4,6,6,4,4,10,5,5,2,11,41,2,9,1,1,C03,7,9,1,10,2,11,,41,41,1,13,4,C03,120.631539,24.216681,2
3098,66000,387130000C,(04)23274275,(04)23288582,2023,8,9,8,10,臺中市,北區,0,1,0,7,3,6,50,4,1,1,5,4,6,6,2,1,5,5,5,2,13,8,3,10,2,1,C03,7,12,1,11,2,13,,8,8,1,12,4,C03,120.680948,24.159108,2
3099,66000,387130000C,(04)23274275,(04)23288582,2023,8,9,8,10,臺中市,南屯區,0,0,0,7,,,50,,,,,,,,,,,,,,,49,,,,,B03,,,1,,2,,,49,,1,12,4,B03,120.642159,24.140679,3
3100,66000,387130000C,(04)23274275,(04)23288582,2023,8,9,8,12,臺中市,大雅區,0,0,0,7,2,6,30,4,1,1,5,4,6,6,4,4,9,5,5,1,15,12,,,,,C03,,,1,,1,,,12,12,1,12,2,C03,120.645689,24.237099,3
3101,66000,387130000C,(04)23274275,(04)23288582,2023,8,9,8,15,臺中市,西屯區,0,0,0,7,,,40,,,,,,,,,,,,,,16,84,,,,,C03,,,1,,9,,,84,,1,12,4,C03,120.664025,24.164427,3
3102,66000,387130000C,(04)23274275,(04)23288582,2023,8,9,8,20,臺中市,潭子區,0,2,0,6,2,6,50,5,2,1,5,4,6,6,2,1,1,2,5,2,13,7,2,9,1,1,C03,7,9,1,10,2,11,,7,7,1,13,4,C03,120.702514,24.193999,2
3103,66000,387130000C,(04)23274275,(04)23288582,2023,8,9,8,20,臺中市,南屯區,0,0,0,7,,,50,,,,,,,,,,,,,,,8,,,,,B03,,,1,,2,,,87,8,1,13,4,B03,120.648695,24.147411,3
3104,66000,387130000C,(04)23274275,(04)23288582,2023,8,9,8,20,臺中市,西屯區,0,0,0,7,,,50,,,,,,,,,,,,,,35,86,,,,,C03,,,1,,1,,,87,86,1,13,4,C03,120.63583,24.173971,3
3105,66000,387130000C,(04)23274275,(04)23288582,2023,8,9,8,21,臺中市,北區,0,0,0,7,,,30,,,,,,,,,,,,,,,84,,,,,B03,,,6,,9,,,84,,2,13,4,B03,120.671896,24.166244,3
3106,66000,387130000C,(04)23274275,(04)23288582,2023,8,9,8,21,臺中市,龍井區,0,1,0,6,1,6,40,13,9,1,5,4,6,6,1,1,9,4,4,2,17,6,2,9,1,1,C03,7,9,1,10,2,11,,6,6,1,12,4,C03,120.577639,24.186774,2
3107,66000,387130000C,(04)23274275,(04)23288582,2023,8,9,8,23,臺中市,西屯區,0,0,0,7,,,50,,,,,,,,,,,,,,13,59,,,,,C03,,,1,,1,,,59,,1,13,4,C03,120.625821,24.181932,3
3108,66000,387130000C,(04)23274275,(04)23288582,2023,8,9,8,23,臺中市,大肚區,0,0,0,7,,,30,,,,,,,,,,,,,,14,49,,,,,B03,,,1,,2,,,49,,1,13,4,B03,120.575401,24.162612,3
3109,66000,387130000C,(04)23274275,(04)23288582,2023,8,9,8,25,臺中市,大雅區,0,0,0,7,,,50,,,,,,,,,,,,,,12,7,,,,,B03,,,1,,2,,,7,,1,13,4,B03,120.65209,24.228263,3
3110,66000,387130000C,(04)23274275,(04)23288582,2023,8,9,8,27,臺中市,潭子區,0,1,0,6,3,6,50,4,1,1,5,4,6,6,4,4,5,5,5,2,30,84,2,9,2,1,C03,7,9,1,10,1,14,,84,87,1,13,4,C03,120.701752,24.188282,2
3111,66000,387130000C,(04)23274275,(04)23288582,2023,8,9,8,27,臺中市,太平區,0,1,0,6,2,6,50,3,1,1,5,4,6,6,4,4,10,5,5,2,16,7,2,9,1,1,C03,7,9,1,9,2,14,,7,7,1,6,4,C03,120.718728,24.125395,2
3112,66000,387130000C,(04)23274275,(04)23288582,2023,8,9,8,28,臺中市,北屯區,0,0,0,7,,,50,,,,,,,,,,,,,,12,40,,,,,B03,,,1,,2,,,40,40,1,12,4,B03,120.686118,24.172322,3
3113,66000,387130000C,(04)23274275,(04)23288582,2023,8,9,8,29,臺中市,太平區,0,1,0,7,3,9,30,3,1,1,5,4,6,6,1,1,10,5,5,2,16,84,3,10,2,1,C03,7,9,1,10,2,11,,84,84,1,12,4,C03,120.735892,24.147468,2
3114,66000,387130000C,(04)23274275,(04)23288582,2023,8,9,8,30,臺中市,大里區,0,2,0,7,3,6,50,4,1,1,5,4,6,6,4,4,10,5,5,2,12,58,2,9,1,1,C03,7,9,1,10,2,11,,58,58,1,6,4,C03,120.681369,24.111661,2
3115,66000,387130000C,(04)23274275,(04)23288582,2023,8,9,8,32,臺中市,西屯區,0,1,0,7,2,6,50,4,1,1,5,4,6,6,1,1,10,5,5,2,17,6,3,10,5,4,B03,7,6,1,8,2,2,,6,6,1,12,4,B03,120.628485,24.18402,2
3116,66000,387130000C,(04)23274275,(04)23288582,2023,8,9,8,33,臺中市,大里區,0,1,0,6,3,6,50,4,2,1,5,4,6,6,1,1,5,5,4,1,13,59,2,7,1,1,C03,7,9,1,10,2,11,,59,59,1,6,4,C03,120.686373,24.115335,2
3117,66000,387130000C,(04)23274275,(04)23288582,2023,8,9,8,38,臺中市,南屯區,0,0,0,6,,,50,,,,,,,,,,,,,,12,50,,,,,B01,,,1,,1,,,50,,1,13,4,B01,120.646846,24.149487,3
3118,66000,387130000C,(04)23274275,(04)23288582,2023,8,9,8,38,臺中市,神岡區,0,1,0,7,2,6,50,3,2,1,5,4,6,6,4,4,5,5,4,2,11,48,3,10,2,1,F03,7,6,7,21,2,14,,48,48,1,13,4,F03,120.657041,24.258949,2
3119,66000,387130000C,(04)23274275,(04)23288582,2023,8,9,8,43,臺中市,北屯區,0,0,0,6,,,50,,,,,,,,,,,,,,12,8,,,,,B03,,,1,,2,,,8,,1,13,4,B03,120.701936,24.164954,3
3120,66000,387130000C,(04)23274275,(04)23288582,2023,8,9,8,43,臺中市,西屯區,0,0,0,7,,,50,,,,,,,,,,,,,,13,7,,,,,C03,,,1,,1,,,7,,1,12,4,C03,120.640705,24.17619,3
3121,66000,387130000C,(04)23274275,(04)23288582,2023,8,9,8,44,臺中市,北屯區,0,1,0,7,2,6,40,13,7,1,5,4,6,6,4,4,9,5,4,2,17,51,3,10,5,4,B03,7,1,1,8,2,8,,51,51,1,12,4,B03,120.697198,24.171337,2
3122,66000,387130000C,(04)23274275,(04)23288582,2023,8,9,8,44,臺中市,西屯區,0,3,0,7,2,6,50,13,7,1,5,4,6,6,4,4,5,4,4,2,13,84,2,7,3,1,B03,7,9,1,8,2,5,,84,84,1,12,4,B03,120.620585,24.171783,2
3123,66000,387130000C,(04)23274275,(04)23288582,2023,8,9,8,45,臺中市,西屯區,0,2,0,6,2,6,50,13,8,1,5,4,6,6,2,1,5,4,4,2,12,7,2,9,2,1,C03,7,9,1,10,2,12,,87,7,1,13,4,C03,120.619174,24.164692,2
3124,66000,387130000C,(04)23274275,(04)23288582,2023,8,9,8,46,臺中市,南區,0,1,0,7,2,6,50,13,24,1,4,4,6,6,4,4,5,5,4,2,9,84,3,10,3,1,A02,7,15,1,2,2,15,,84,84,1,13,4,A02,120.658328,24.113134,2
3125,66000,387130000C,(04)23274275,(04)23288582,2023,8,9,8,50,臺中市,西區,0,1,0,7,3,6,50,4,1,1,5,4,6,6,1,1,10,5,5,2,17,20,2,9,1,1,C03,7,6,1,10,2,14,,20,20,1,12,4,C03,120.678,24.134074,2
3126,66000,387130000C,(04)23274275,(04)23288582,2023,8,9,8,53,臺中市,北區,0,3,0,7,2,6,50,13,7,1,5,4,6,6,4,4,1,4,5,2,13,7,3,10,3,4,B01,7,9,1,3,2,1,,7,7,1,12,4,B01,120.672026,24.173792,2