序號,縣市別代碼,機關代碼,市話,傳真,年,月,日,時,分,縣市,區,死亡數量,受傷數量,2-30,天候,光線,道路類別,速限,道路型態,事故位置,路面鋪裝,路面狀態,路面缺陷,障礙物,視距,號誌種類,號誌動作,分向設施,快車道或一般車道間,快慢車道間,路面邊線,事故類型及型態,主要肇因,受傷程度,主要傷處,保護裝備,行動電話,當事者區分(類別),車輛用途,當事者行動狀態,駕駛資格情形,駕駛執照種類,飲酒情形,車輛撞擊部位最初,車輛撞擊部位其他,肇事因素個別,肇事因素主要,肇事逃逸,職業,旅次目的,車種,GPS座標X,GPS座標Y,事故類別
3127,66000,387130000C,(04)23274275,(04)23288582,2023,8,9,8,53,臺中市,南區,0,1,0,7,3,6,50,4,1,1,5,4,6,6,1,1,10,5,5,2,16,39,2,9,1,1,C04,7,6,1,11,2,14,,39,39,1,12,4,C04,120.677918,24.129093,2
3128,66000,387130000C,(04)23274275,(04)23288582,2023,8,9,8,53,臺中市,西屯區,0,1,0,7,2,6,30,4,1,1,5,4,6,6,4,4,10,5,5,2,15,15,3,10,1,1,C03,7,9,1,10,2,12,,15,15,1,13,4,C03,120.644425,24.179678,2
3129,66000,387130000C,(04)23274275,(04)23288582,2023,8,9,8,54,臺中市,豐原區,0,0,0,7,,,50,,,,,,,,,,,,,,13,56,,,,,B03,,,1,,1,,,56,,1,13,4,B03,120.748254,24.267289,3
3130,66000,387130000C,(04)23274275,(04)23288582,2023,8,9,8,59,臺中市,北屯區,0,1,0,6,2,6,50,13,9,1,5,4,6,6,4,4,1,4,5,2,12,39,3,10,3,1,B03,7,9,1,8,2,2,,39,39,1,6,4,B03,120.695205,24.18343,2
3131,66000,387130000C,(04)23274275,(04)23288582,2023,8,9,9,0,臺中市,沙鹿區,0,2,0,7,2,6,40,4,1,1,5,4,6,6,2,1,10,5,5,2,16,87,2,9,1,1,C03,7,9,1,10,2,14,,87,87,1,12,4,C03,120.566909,24.229288,2
3132,66000,387130000C,(04)23274275,(04)23288582,2023,8,9,9,5,臺中市,大雅區,0,2,0,5,3,6,70,3,1,1,4,4,6,6,1,1,3,4,4,1,12,7,3,10,3,1,B12,7,9,1,8,2,1,,7,7,1,13,4,B12,120.628107,24.242356,2
3133,66000,387130000C,(04)23274275,(04)23288582,2023,8,9,9,5,臺中市,東區,0,1,0,6,2,6,50,3,1,1,5,4,6,6,1,1,10,5,5,2,16,21,2,8,1,1,C03,7,9,3,19,9,11,,21,21,2,12,4,C03,120.685137,24.121858,2
3134,66000,387130000C,(04)23274275,(04)23288582,2023,8,9,9,6,臺中市,西屯區,0,3,0,7,2,6,50,4,1,1,5,4,6,6,1,1,1,4,5,2,16,8,2,9,1,1,C03,7,9,1,10,2,12,,8,8,1,12,4,C03,120.65263,24.166498,2
3135,66000,387130000C,(04)23274275,(04)23288582,2023,8,9,9,7,臺中市,大里區,0,0,0,7,,,50,,,,,,,,,,,,,,,40,,,,,B03,,,1,,2,,,40,,1,12,4,B03,120.691963,24.101509,3
3136,66000,387130000C,(04)23274275,(04)23288582,2023,8,9,9,8,臺中市,北區,0,2,0,7,3,6,50,4,1,1,5,4,6,6,1,1,5,5,5,2,16,8,2,9,2,1,C04,7,9,1,10,2,12,,8,8,1,12,4,C04,120.670545,24.165155,2
3137,66000,387130000C,(04)23274275,(04)23288582,2023,8,9,9,8,臺中市,烏日區,0,1,0,7,1,6,50,3,7,1,5,4,6,6,4,4,1,4,1,1,17,37,2,9,1,1,C03,7,9,1,10,2,15,,37,37,1,12,4,C03,120.587287,24.113192,2
3138,66000,387130000C,(04)23274275,(04)23288582,2023,8,9,9,8,臺中市,豐原區,0,0,0,7,,,30,,,,,,,,,,,,,,17,17,,,,,B03,,,1,,2,,,17,,1,13,4,B03,120.712988,24.253022,3
3139,66000,387130000C,(04)23274275,(04)23288582,2023,8,9,9,9,臺中市,北屯區,0,1,0,7,2,6,40,13,12,1,5,4,6,6,4,4,5,4,4,2,17,76,3,10,3,1,B03,7,13,1,8,2,4,,76,76,1,13,4,B03,120.690378,24.175506,2
3140,66000,387130000C,(04)23274275,(04)23288582,2023,8,9,9,10,臺中市,南屯區,0,1,0,7,3,6,50,4,1,1,5,4,6,6,2,1,10,5,5,2,16,47,3,10,5,4,B03,7,5,1,8,2,5,,47,47,1,12,4,B03,120.640705,24.146846,2
3141,66000,387130000C,(04)23274275,(04)23288582,2023,8,9,9,10,臺中市,西屯區,0,1,0,7,2,6,50,3,1,1,5,4,6,6,4,4,10,5,5,2,16,14,3,10,3,1,B03,7,5,1,8,2,2,,14,14,1,11,4,B03,120.636815,24.179053,2
3142,66000,387130000C,(04)23274275,(04)23288582,2023,8,9,9,12,臺中市,西區,0,1,0,7,3,6,50,3,1,1,5,4,6,6,4,4,10,5,5,2,17,51,2,9,5,4,C03,7,9,1,10,2,11,,6,51,1,12,4,C03,120.653851,24.151591,2
3143,66000,387130000C,(04)23274275,(04)23288582,2023,8,9,9,12,臺中市,西屯區,0,3,0,6,2,6,50,3,8,1,5,4,6,6,4,4,5,4,4,2,16,47,2,8,5,4,C03,7,5,1,10,2,12,,47,47,1,12,4,C03,120.656812,24.156631,2
3144,66000,387130000C,(04)23274275,(04)23288582,2023,8,9,9,14,臺中市,西區,0,0,0,7,,,50,,,,,,,,,,,,,,,49,,,,,B03,,,1,8,1,,,49,49,1,13,4,B03,120.661965,24.151673,3
3145,66000,387130000C,(04)23274275,(04)23288582,2023,8,9,9,15,臺中市,龍井區,0,0,0,5,,,40,,,,,,,,,,,,,,,51,,,,,B03,,,1,,2,,,51,,1,12,4,B03,120.592699,24.182874,3
3146,66000,387130000C,(04)23274275,(04)23288582,2023,8,9,9,16,臺中市,大雅區,0,2,0,6,2,9,30,4,2,1,5,4,6,6,1,1,10,5,5,1,13,7,3,10,3,1,B03,7,9,1,8,2,1,,7,7,1,12,4,B03,120.664429,24.225944,2
3147,66000,387130000C,(04)23274275,(04)23288582,2023,8,9,9,17,臺中市,南屯區,0,0,0,6,,,50,,,,,,,,,,,,,,,50,,,,,B03,,,1,,2,,,50,,1,13,4,B03,120.648925,24.123983,3
3148,66000,387130000C,(04)23274275,(04)23288582,2023,8,9,9,20,臺中市,西屯區,0,0,0,7,,,80,,,,,,,,,,,,,,13,7,,,,,B03,,,1,,1,,,7,,1,13,4,B03,120.634948,24.179291,3
3149,66000,387130000C,(04)23274275,(04)23288582,2023,8,9,9,29,臺中市,太平區,0,0,0,5,,,50,,,,,,,,,,,,,,9,84,,,,,B03,,,1,,2,,,84,,1,12,4,B03,120.706675,24.159352,3
3150,66000,387130000C,(04)23274275,(04)23288582,2023,8,9,9,30,臺中市,西區,0,2,0,6,2,6,30,4,1,1,5,4,6,6,4,4,10,5,5,2,15,15,2,9,1,1,C04,7,9,1,10,2,11,,15,15,1,12,4,C04,120.655695,24.135928,2
3151,66000,387130000C,(04)23274275,(04)23288582,2023,8,9,9,30,臺中市,中區,0,0,0,7,,,30,,,,,,,,,,,,,,9,51,,,,,C03,,,1,,1,,,51,,1,12,4,C03,120.677975,24.13984,3
3152,66000,387130000C,(04)23274275,(04)23288582,2023,8,9,9,30,臺中市,北區,0,2,0,6,3,6,50,4,2,1,4,4,6,6,1,1,5,5,4,2,17,51,2,9,2,1,C03,7,1,1,10,2,14,,51,51,1,12,4,C03,120.6827,24.167082,2
3153,66000,387130000C,(04)23274275,(04)23288582,2023,8,9,9,30,臺中市,北屯區,0,0,0,7,,,50,,,,,,,,,,,,,,,84,,,,,A41,,,1,,2,,,84,,1,12,4,A41,120.72147,24.162428,3
3154,66000,387130000C,(04)23274275,(04)23288582,2023,8,9,9,30,臺中市,西屯區,0,1,0,6,2,6,50,13,9,1,5,4,6,6,4,4,5,5,5,2,17,20,3,10,5,4,B03,7,6,1,8,2,1,,20,20,1,12,4,B03,120.619573,24.180322,2
3155,66000,387130000C,(04)23274275,(04)23288582,2023,8,9,9,32,臺中市,北屯區,0,1,0,7,2,6,50,4,7,1,5,4,6,6,1,1,1,4,4,2,12,84,3,10,3,1,B03,7,9,1,8,2,2,,84,84,1,12,4,B03,120.688352,24.162962,2
3156,66000,387130000C,(04)23274275,(04)23288582,2023,8,9,9,33,臺中市,沙鹿區,0,0,0,7,,,50,,,,,,,,,,,,,,,43,,,,,B03,,,1,,2,,,43,,1,6,4,B03,120.581338,24.222079,3
3157,66000,387130000C,(04)23274275,(04)23288582,2023,8,9,9,36,臺中市,北區,0,0,0,7,,,50,,,,,,,,,,,,,,,14,,,,,B03,,,1,,2,,,14,,1,12,4,B03,120.677206,24.15221,3
3158,66000,387130000C,(04)23274275,(04)23288582,2023,8,9,9,37,臺中市,南屯區,0,0,0,6,,,50,,,,,,,,,,,,,,13,61,,,,,B03,,,1,,2,,,61,,1,13,4,B03,120.646746,24.139327,3
3159,66000,387130000C,(04)23274275,(04)23288582,2023,8,9,9,40,臺中市,烏日區,0,1,0,5,2,6,50,13,9,1,4,4,6,6,4,4,5,4,5,1,17,51,3,10,3,1,B03,7,1,1,8,2,16,,51,51,1,12,4,B03,120.639275,24.096321,2
3160,66000,387130000C,(04)23274275,(04)23288582,2023,8,9,9,49,臺中市,北屯區,0,0,0,7,,,50,,,,,,,,,,,,,,12,59,,,,,B03,,,1,,2,,,59,59,1,13,4,B03,120.747053,24.192673,3
3161,66000,387130000C,(04)23274275,(04)23288582,2023,8,9,9,50,臺中市,北區,0,0,0,5,,,50,,,,,,,,,,,,,,,40,,,,,B03,,,1,,1,,,40,,1,12,4,B03,120.674507,24.162862,3
3162,66000,387130000C,(04)23274275,(04)23288582,2023,8,9,9,52,臺中市,潭子區,0,1,0,6,3,6,60,3,1,1,5,4,6,6,3,1,1,4,4,1,17,45,3,10,3,1,B03,7,11,1,8,2,4,,45,45,1,13,4,B03,120.689043,24.219779,2
3163,66000,387130000C,(04)23274275,(04)23288582,2023,8,9,9,52,臺中市,南屯區,0,2,0,5,3,6,50,13,9,1,4,4,6,6,4,4,3,4,5,2,11,85,2,8,5,1,C03,7,9,1,10,2,14,12,85,85,1,6,4,C03,120.64587,24.140189,2
3164,66000,387130000C,(04)23274275,(04)23288582,2023,8,9,9,54,臺中市,西屯區,0,1,0,5,2,6,50,4,1,1,4,4,6,6,1,1,10,5,5,2,17,11,3,10,3,1,B03,7,15,1,8,2,15,,11,11,1,13,4,B03,120.615735,24.184641,2
3165,66000,387130000C,(04)23274275,(04)23288582,2023,8,9,9,55,臺中市,大里區,0,0,0,5,,,50,,,,,,,,,,,,,,,20,,,,,B03,,,1,,2,,,59,20,1,12,4,B03,120.695773,24.096526,3
3166,66000,387130000C,(04)23274275,(04)23288582,2023,8,9,9,56,臺中市,南屯區,0,0,0,6,,,50,,,,,,,,,,,,,,,40,,,,,B03,,,1,,1,,,40,40,1,13,4,B03,120.622456,24.150063,3
3167,66000,387130000C,(04)23274275,(04)23288582,2023,8,9,9,56,臺中市,西屯區,0,0,0,5,,,50,,,,,,,,,,,,,,13,84,,,,,B03,,,1,,1,,,84,,1,12,4,B03,120.647194,24.16621,3
3168,66000,387130000C,(04)23274275,(04)23288582,2023,8,9,9,57,臺中市,西屯區,0,2,0,5,2,6,40,13,8,1,4,4,6,6,4,4,5,4,4,2,13,84,2,9,5,4,C03,7,9,1,10,1,11,,84,84,1,12,4,C03,120.648843,24.174845,2
3169,66000,387130000C,(04)23274275,(04)23288582,2023,8,9,9,58,臺中市,西屯區,0,0,0,5,,,30,,,,,,,,,,,,,,35,84,,,,,B01,,,1,,9,,,84,,1,13,4,B01,120.640911,24.176144,3
3170,66000,387130000C,(04)23274275,(04)23288582,2023,8,9,9,58,臺中市,梧棲區,0,2,0,6,2,6,50,3,9,1,5,4,6,6,4,4,5,5,5,2,16,14,2,9,2,1,C03,7,5,3,19,2,14,,14,14,1,6,4,C03,120.540307,24.253893,2
3171,66000,387130000C,(04)23274275,(04)23288582,2023,8,9,10,1,臺中市,北屯區,0,1,0,5,2,6,50,13,9,1,4,4,6,6,4,4,5,4,5,2,12,8,3,10,3,1,B03,7,9,1,8,2,6,,8,8,1,13,4,B03,120.700172,24.170156,2
3172,66000,387130000C,(04)23274275,(04)23288582,2023,8,9,10,6,臺中市,北屯區,0,0,0,5,,,30,,,,,,,,,,,,,,,84,,,,,B03,,,1,,2,,,84,,1,12,4,B03,120.662624,24.199911,3
3173,66000,387130000C,(04)23274275,(04)23288582,2023,8,9,10,8,臺中市,潭子區,0,2,0,5,3,6,60,4,2,1,4,4,6,6,1,1,10,5,5,2,9,58,2,9,3,1,B03,7,9,1,8,2,5,,58,58,1,12,4,B03,120.705359,24.211544,2
3174,66000,387130000C,(04)23274275,(04)23288582,2023,8,9,10,12,臺中市,西區,0,1,0,7,2,6,50,3,1,1,4,4,6,6,2,1,10,5,5,2,3,10,3,10,3,1,B03,7,6,1,8,2,1,,10,84,1,12,4,B03,120.657376,24.149022,2
3175,66000,387130000C,(04)23274275,(04)23288582,2023,8,9,10,16,臺中市,南區,0,0,0,5,,,50,,,,,,,,,,,,,,,84,,,,,B12,,,1,,2,,,84,,1,13,4,B12,120.657269,24.116791,3
3176,66000,387130000C,(04)23274275,(04)23288582,2023,8,9,10,19,臺中市,西屯區,0,0,0,5,,,70,,,,,,,,,,,,,,,40,,,,,B03,,,1,,1,,,40,,1,12,4,B03,120.616508,24.182689,3
3177,66000,387130000C,(04)23274275,(04)23288582,2023,8,9,10,20,臺中市,南屯區,0,1,0,5,3,6,50,4,1,1,4,4,6,6,2,1,10,5,5,2,12,20,3,10,5,4,B03,7,5,1,8,2,2,,20,20,1,13,4,B03,120.648124,24.123176,2
3178,66000,387130000C,(04)23274275,(04)23288582,2023,8,9,10,20,臺中市,沙鹿區,0,2,0,5,2,6,50,13,8,1,4,4,6,6,4,4,1,4,4,2,17,50,3,10,3,1,B03,7,3,1,8,2,2,,50,50,1,12,4,B03,120.56242,24.245604,2
3179,66000,387130000C,(04)23274275,(04)23288582,2023,8,9,10,23,臺中市,大雅區,0,0,0,5,2,6,60,3,9,1,4,4,6,6,4,4,9,4,5,1,13,7,,,,,B13,,,1,,2,,,7,,1,12,4,B13,120.650439,24.211227,3
3180,66000,387130000C,(04)23274275,(04)23288582,2023,8,9,10,27,臺中市,東區,0,1,0,5,3,6,50,4,1,1,4,4,6,6,1,1,10,5,5,2,13,7,2,7,2,1,C02,7,9,1,9,2,11,,7,7,1,12,4,C02,120.707907,24.148969,2
3181,66000,387130000C,(04)23274275,(04)23288582,2023,8,9,10,29,臺中市,南屯區,0,0,0,5,,,50,,,,,,,,,,,,,,,76,,,,,B12,,,1,,2,,,76,,1,12,4,B12,120.649904,24.154062,3
3182,66000,387130000C,(04)23274275,(04)23288582,2023,8,9,10,29,臺中市,北屯區,0,0,0,5,,,50,,,,,,,,,,,,,,13,84,,,,,B03,,,1,,1,,,84,84,1,12,4,B03,120.69499,24.165126,3
3183,66000,387130000C,(04)23274275,(04)23288582,2023,8,9,10,30,臺中市,西屯區,0,2,0,5,2,6,50,13,9,1,4,4,6,6,4,4,5,4,5,2,18,84,2,9,5,4,C03,7,9,1,10,2,14,,84,84,1,12,4,C03,120.633138,24.169956,2
3184,66000,387130000C,(04)23274275,(04)23288582,2023,8,9,10,34,臺中市,北屯區,0,0,0,5,,,50,,,,,,,,,,,,,,17,84,,,,,B03,,,1,,9,,,84,,1,12,4,B03,120.755035,24.199816,3
3185,66000,387130000C,(04)23274275,(04)23288582,2023,8,9,10,35,臺中市,沙鹿區,0,0,0,5,,,50,,,,,,,,,,,,,,,49,,,,,B12,,,1,,2,,,49,,1,6,4,B12,120.582699,24.244437,3
3186,66000,387130000C,(04)23274275,(04)23288582,2023,8,9,10,35,臺中市,神岡區,0,1,0,5,1,6,50,5,1,1,4,4,6,6,1,1,5,4,5,1,17,27,3,10,3,1,B03,7,9,1,8,2,1,,27,27,1,6,4,B03,120.664207,24.258269,2
3187,66000,387130000C,(04)23274275,(04)23288582,2023,8,9,10,39,臺中市,大里區,0,0,0,5,,,50,,,,,,,,,,,,,,9,50,,,,,B12,,,1,,2,,,50,50,1,13,4,B12,120.698188,24.098633,3
3188,66000,387130000C,(04)23274275,(04)23288582,2023,8,9,10,39,臺中市,烏日區,0,1,0,5,1,6,50,3,1,1,4,4,6,6,4,4,10,5,5,1,17,41,2,9,1,1,C03,7,9,1,10,2,11,,41,41,1,12,4,C03,120.594596,24.115002,2
3189,66000,387130000C,(04)23274275,(04)23288582,2023,8,9,10,42,臺中市,北屯區,0,0,0,5,,,50,,,,,,,,,,,,,,14,49,,,,,B03,,,1,,2,,,49,,1,13,4,B03,120.680704,24.172808,3
3190,66000,387130000C,(04)23274275,(04)23288582,2023,8,9,10,45,臺中市,北屯區,0,0,0,5,,,50,,,,,,,,,,,,,,,84,,,,,C03,,,1,,1,,,84,,1,13,4,C03,120.705748,24.164861,4
3191,66000,387130000C,(04)23274275,(04)23288582,2023,8,9,10,48,臺中市,太平區,0,0,0,5,,,30,,,,,,,,,,,,,,,8,,,,,B12,,,1,,2,,,8,,1,13,4,B12,120.706965,24.12399,3
3192,66000,387130000C,(04)23274275,(04)23288582,2023,8,9,10,52,臺中市,太平區,0,0,0,5,,,50,,,,,,,,,,,,,,14,49,,,,,B03,,,1,,2,,,49,,1,12,4,B03,120.702594,24.152582,3
3193,66000,387130000C,(04)23274275,(04)23288582,2023,8,9,10,56,臺中市,西區,0,2,0,5,2,6,50,4,1,1,4,4,6,6,1,1,5,5,5,2,15,21,2,9,5,4,C04,7,9,1,10,2,12,,21,21,1,12,4,C04,120.657246,24.150834,2
3194,66000,387130000C,(04)23274275,(04)23288582,2023,8,9,11,0,臺中市,北區,0,0,0,5,,,50,,,,,,,,,,,,,,17,84,,,,,B03,,,1,,1,,,84,,1,12,4,B03,120.692058,24.160326,3
3195,66000,387130000C,(04)23274275,(04)23288582,2023,8,9,11,0,臺中市,東區,0,0,0,5,2,3,80,13,7,1,4,4,6,6,4,4,1,4,5,2,17,7,3,10,3,1,B12,7,8,1,8,2,5,,7,7,1,6,4,B12,120.707647,24.132594,3
3196,66000,387130000C,(04)23274275,(04)23288582,2023,8,9,11,0,臺中市,西屯區,0,0,0,5,,,60,,,,,,,,,,,,,,13,7,,,,,B03,,,1,,1,,,7,,1,13,4,B03,120.6488,24.162995,3
3197,66000,387130000C,(04)23274275,(04)23288582,2023,8,9,11,0,臺中市,西屯區,0,0,0,5,,,50,,,,,,,,,,,,,,14,49,,,,,A21,,,1,,2,,,49,,1,13,4,A21,120.612837,24.169851,3
3198,66000,387130000C,(04)23274275,(04)23288582,2023,8,9,11,1,臺中市,西屯區,0,0,0,5,,,50,,,,,,,,,,,,,,13,84,,,,,B03,,,1,,1,,,84,,1,12,4,B03,120.657127,24.200899,3
3199,66000,387130000C,(04)23274275,(04)23288582,2023,8,9,11,4,臺中市,烏日區,0,1,0,5,1,6,50,3,1,1,4,4,6,6,4,4,9,5,5,1,17,4,2,9,1,1,C03,7,9,3,19,2,13,,4,4,1,12,4,C03,120.621259,24.106321,2
3200,66000,387130000C,(04)23274275,(04)23288582,2023,8,9,11,7,臺中市,西屯區,0,0,0,7,,,30,,,,,,,,,,,,,,,49,,,,,B12,,,1,,1,,,49,,1,12,4,B12,120.645817,24.176311,3
3201,66000,387130000C,(04)23274275,(04)23288582,2023,8,9,11,8,臺中市,西屯區,0,0,0,5,,,50,,,,,,,,,,,,,,,87,,,,,B03,,,1,,1,,,87,,1,12,4,B03,120.655101,24.199756,3
3202,66000,387130000C,(04)23274275,(04)23288582,2023,8,9,11,8,臺中市,清水區,0,0,0,7,,,50,,,,,,,,,,,,,,,7,,,,,B03,,,1,,1,,,7,7,1,12,4,B03,120.568321,24.276844,3
3203,66000,387130000C,(04)23274275,(04)23288582,2023,8,9,11,12,臺中市,北屯區,0,0,0,5,,,50,,,,,,,,,,,,,,12,40,,,,,B03,,,1,,1,,,40,,1,13,4,B03,120.686937,24.200873,3
3204,66000,387130000C,(04)23274275,(04)23288582,2023,8,9,11,12,臺中市,太平區,0,0,0,5,,,30,,,,,,,,,,,,,,,49,,,,,B12,,,1,,2,,,49,,1,13,4,B12,120.708833,24.131554,3
3205,66000,387130000C,(04)23274275,(04)23288582,2023,8,9,11,22,臺中市,西區,0,0,0,5,,,50,,,,,,,,,,,,,,,43,,,,,B03,,,1,,1,,,43,,1,6,4,B03,120.666633,24.146728,3
3206,66000,387130000C,(04)23274275,(04)23288582,2023,8,9,11,22,臺中市,北屯區,0,0,0,7,,,40,,,,,,,,,,,,,,,84,,,,,B03,,9,1,8,1,1,,84,84,1,12,4,B03,120.688467,24.200949,3
3207,66000,387130000C,(04)23274275,(04)23288582,2023,8,9,11,22,臺中市,西屯區,0,0,0,5,,,50,,,,,,,,,,,,,,,58,,,,,A02,,,1,,1,,,58,,1,12,4,A02,120.623183,24.18273,3
3208,66000,387130000C,(04)23274275,(04)23288582,2023,8,9,11,22,臺中市,大肚區,0,1,0,5,2,6,50,4,1,1,4,4,6,6,2,1,10,5,5,2,16,23,3,10,3,1,B03,7,11,1,6,2,2,,23,23,1,6,4,B03,120.563056,24.124224,2
3209,66000,387130000C,(04)23274275,(04)23288582,2023,8,9,11,22,臺中市,神岡區,0,0,0,7,,,50,,,,,,,,,,,,,,,51,,,,,B03,,,1,,2,,,51,,1,13,4,B03,120.695685,24.239701,4
3210,66000,387130000C,(04)23274275,(04)23288582,2023,8,9,11,30,臺中市,烏日區,0,0,0,7,,,30,,,,,,,,,,,,,,13,84,,,,,B03,,,1,,2,,,84,84,1,12,4,B03,120.616684,24.113986,3
3211,66000,387130000C,(04)23274275,(04)23288582,2023,8,9,11,30,臺中市,外埔區,0,0,0,5,2,6,50,11,14,1,4,4,6,6,4,4,5,5,5,1,14,49,,,,,B12,,,1,,2,,,49,,1,6,4,B12,120.632308,24.333127,3
3212,66000,387130000C,(04)23274275,(04)23288582,2023,8,9,11,35,臺中市,大里區,0,0,0,5,,,80,,,,,,,,,,,,,,13,7,,,,,B12,,,1,,2,,,7,,1,6,4,B12,120.690704,24.098029,3
3213,66000,387130000C,(04)23274275,(04)23288582,2023,8,9,11,35,臺中市,神岡區,0,2,0,5,1,6,30,3,1,1,4,4,6,6,4,4,10,5,5,2,17,14,2,9,1,1,C03,7,5,1,10,2,11,,14,14,1,6,4,C03,120.697974,24.247873,2
3214,66000,387130000C,(04)23274275,(04)23288582,2023,8,9,11,39,臺中市,北屯區,0,1,0,5,2,6,50,4,1,1,4,4,6,6,1,1,10,5,5,2,13,1,2,9,1,1,C03,7,4,1,10,2,11,,1,1,1,13,4,C03,120.697944,24.164823,2
3215,66000,387130000C,(04)23274275,(04)23288582,2023,8,9,11,41,臺中市,龍井區,0,0,0,5,,,30,,,,,,,,,,,,,,14,49,,,,,B12,,,1,,2,,,49,,1,12,4,B12,120.585714,24.177911,3
3216,66000,387130000C,(04)23274275,(04)23288582,2023,8,9,11,42,臺中市,西屯區,0,0,0,6,,,50,,,,,,,,,,,,,,13,7,,,,,B03,,,1,,1,,,7,,1,12,4,B03,120.650658,24.164719,3
3217,66000,387130000C,(04)23274275,(04)23288582,2023,8,9,11,47,臺中市,南屯區,0,0,0,5,,,50,,,,,,,,,,,,,,,59,,,,,B03,,,1,,1,,,59,59,1,13,4,B03,120.630018,24.147212,3
3218,66000,387130000C,(04)23274275,(04)23288582,2023,8,9,11,48,臺中市,西屯區,0,1,0,5,2,6,30,13,9,1,4,4,6,6,4,4,10,5,5,2,30,85,2,9,1,1,F03,7,21,7,21,2,15,,85,85,1,13,4,F03,120.636032,24.194889,2
3219,66000,387130000C,(04)23274275,(04)23288582,2023,8,9,11,50,臺中市,沙鹿區,0,0,0,7,,,40,,,,,,,,,,,,,,,50,,,,,B03,,,1,,2,,,50,,1,12,4,B03,120.561286,24.241915,3
3220,66000,387130000C,(04)23274275,(04)23288582,2023,8,9,11,51,臺中市,南屯區,0,0,0,5,,,40,,,,,,,,,,,,,,13,7,,,,,A12,,,1,,1,,,7,,1,13,4,A12,120.62362,24.150066,3
3221,66000,387130000C,(04)23274275,(04)23288582,2023,8,9,11,51,臺中市,梧棲區,0,0,0,7,,,30,,,,,,,,,,,,,,,8,,,,,B03,,,1,,2,,,8,,1,12,4,B03,120.558145,24.258393,3
3222,66000,387130000C,(04)23274275,(04)23288582,2023,8,9,11,51,臺中市,豐原區,0,1,0,5,3,6,50,4,1,1,4,4,6,6,1,1,10,5,5,2,11,41,3,10,3,1,A12,7,6,1,7,2,4,,41,41,1,13,4,A12,120.724427,24.229043,2
3223,66000,387130000C,(04)23274275,(04)23288582,2023,8,9,11,52,臺中市,西區,0,0,0,5,,,50,,,,,,,,,,,,,,,84,,,,,B03,,,1,,2,,,84,,1,12,4,B03,120.660097,24.155885,3
3224,66000,387130000C,(04)23274275,(04)23288582,2023,8,9,11,53,臺中市,豐原區,0,1,0,5,2,6,50,4,2,1,4,4,6,6,1,1,5,5,4,2,17,51,3,10,5,4,B03,7,1,1,8,2,4,,51,51,1,12,4,B03,120.722426,24.247339,2
3225,66000,387130000C,(04)23274275,(04)23288582,2023,8,9,11,54,臺中市,南屯區,0,0,0,5,,,50,,,,,,,,,,,,,,,51,,,,,B03,,,1,,2,,,51,,1,12,4,B03,120.649827,24.148829,3
3226,66000,387130000C,(04)23274275,(04)23288582,2023,8,9,11,59,臺中市,西屯區,0,0,0,5,,,50,,,,,,,,,,,,,,10,84,,,,,B03,,,1,,1,,,84,,1,12,4,B03,120.623331,24.182821,3
3227,66000,387130000C,(04)23274275,(04)23288582,2023,8,9,12,0,臺中市,南屯區,0,1,0,5,2,6,50,4,1,1,4,4,6,6,2,1,1,4,5,2,16,47,3,10,5,4,B03,7,5,1,8,2,3,,47,47,1,13,4,B03,120.646874,24.140125,2
3228,66000,387130000C,(04)23274275,(04)23288582,2023,8,9,12,0,臺中市,大甲區,0,1,0,5,3,6,50,13,9,1,4,4,6,6,4,4,10,5,5,2,17,48,3,10,3,1,B03,7,6,1,8,2,6,,48,48,1,6,4,B03,120.627398,24.348459,2
3229,66000,387130000C,(04)23274275,(04)23288582,2023,8,9,12,3,臺中市,西區,0,0,0,5,,,50,,,,,,,,,,,,,,14,49,,,,,B03,,,1,,1,,,49,,1,12,4,B03,120.66544,24.135693,3
3230,66000,387130000C,(04)23274275,(04)23288582,2023,8,9,12,3,臺中市,西屯區,0,0,0,5,,,70,,,,,,,,,,,,,,,7,,,,,B03,,,1,,1,,,7,,1,12,4,B03,120.618345,24.177436,3
3231,66000,387130000C,(04)23274275,(04)23288582,2023,8,9,12,4,臺中市,大里區,0,0,0,5,,,50,,,,,,,,,,,,,,,7,,,,,B03,,,1,,2,,,7,,1,12,4,B03,120.689349,24.077838,3
3232,66000,387130000C,(04)23274275,(04)23288582,2023,8,9,12,4,臺中市,大里區,0,0,0,5,,,80,,,,,,,,,,,,,,13,84,,,,,B12,,,1,,2,,,84,,1,6,4,B12,120.69545,24.109197,3
3233,66000,387130000C,(04)23274275,(04)23288582,2023,8,9,12,4,臺中市,太平區,0,0,0,5,,,50,,,,,,,,,,,,,,16,51,,,,,B03,,,1,,1,,,51,,1,12,4,B03,120.709329,24.158083,3
3234,66000,387130000C,(04)23274275,(04)23288582,2023,8,9,12,8,臺中市,太平區,0,0,0,5,,,50,,,,,,,,,,,,,,17,84,,,,,C03,,,1,,2,,,84,,1,12,4,C03,120.713583,24.144445,3
3235,66000,387130000C,(04)23274275,(04)23288582,2023,8,9,12,11,臺中市,北屯區,0,0,0,5,,,50,,,,,,,,,,,,,,,49,,,,,B03,,,1,,1,,,49,,1,12,4,B03,120.71197,24.167238,3