序號,縣市別代碼,機關代碼,市話,傳真,年,月,日,時,分,縣市,區,死亡數量,受傷數量,2-30,天候,光線,道路類別,速限,道路型態,事故位置,路面鋪裝,路面狀態,路面缺陷,障礙物,視距,號誌種類,號誌動作,分向設施,快車道或一般車道間,快慢車道間,路面邊線,事故類型及型態,主要肇因,受傷程度,主要傷處,保護裝備,行動電話,當事者區分(類別),車輛用途,當事者行動狀態,駕駛資格情形,駕駛執照種類,飲酒情形,車輛撞擊部位最初,車輛撞擊部位其他,肇事因素個別,肇事因素主要,肇事逃逸,職業,旅次目的,車種,GPS座標X,GPS座標Y,事故類別
3236,66000,387130000C,(04)23274275,(04)23288582,2023,8,9,12,11,臺中市,烏日區,0,0,0,5,1,6,50,13,24,1,5,4,6,6,1,1,1,4,4,2,12,87,,,,,E05,,,1,,2,,,87,,1,12,4,E05,120.589978,24.124278,3
3237,66000,387130000C,(04)23274275,(04)23288582,2023,8,9,12,14,臺中市,西屯區,0,1,0,5,2,6,50,5,1,1,4,4,6,6,2,1,10,5,5,2,12,87,3,10,3,1,B03,7,9,1,8,2,4,,87,87,1,12,4,B03,120.664025,24.164427,2
3238,66000,387130000C,(04)23274275,(04)23288582,2023,8,9,12,15,臺中市,南屯區,0,1,0,5,3,6,50,13,9,1,4,4,6,6,2,1,1,4,5,2,13,7,2,9,2,4,C03,7,9,1,10,2,11,,7,7,1,13,4,C03,120.646827,24.143669,2
3239,66000,387130000C,(04)23274275,(04)23288582,2023,8,9,12,20,臺中市,西屯區,0,1,0,5,2,6,30,3,1,1,4,4,6,6,4,4,10,5,5,2,10,84,3,10,5,4,B01,7,9,1,8,2,8,,84,84,1,12,4,B01,120.646601,24.176669,2
3240,66000,387130000C,(04)23274275,(04)23288582,2023,8,9,12,20,臺中市,龍井區,0,0,0,7,,,30,,,,,,,,,,,,,,25,50,,,,,B12,,,1,,2,,,50,,1,6,4,B12,120.592858,24.182163,3
3241,66000,387130000C,(04)23274275,(04)23288582,2023,8,9,12,20,臺中市,豐原區,0,0,0,7,,,50,,,,,,,,,,,,,,14,49,,,,,B03,,,1,,2,,,49,,1,12,4,B03,120.726203,24.251758,3
3242,66000,387130000C,(04)23274275,(04)23288582,2023,8,9,12,21,臺中市,北屯區,0,1,0,7,2,9,80,13,7,1,5,4,6,6,4,4,1,4,5,1,13,7,3,10,3,1,B12,7,9,1,8,2,1,,7,7,1,12,4,B12,120.720795,24.170265,2
3243,66000,387130000C,(04)23274275,(04)23288582,2023,8,9,12,24,臺中市,北屯區,0,1,0,5,3,6,50,13,9,1,4,4,6,6,4,4,10,5,5,2,12,1,2,7,5,4,C03,7,4,1,10,2,12,,1,1,1,13,4,C03,120.698876,24.172727,2
3244,66000,387130000C,(04)23274275,(04)23288582,2023,8,9,12,26,臺中市,北區,0,1,0,5,2,6,50,4,1,1,4,4,6,6,1,1,10,5,5,2,12,11,3,10,5,4,B03,7,5,5,19,2,2,,11,11,1,12,4,B03,120.678279,24.14853,2
3245,66000,387130000C,(04)23274275,(04)23288582,2023,8,9,12,26,臺中市,神岡區,0,1,0,7,1,6,40,4,1,1,5,4,6,1,4,4,10,5,5,2,15,15,3,10,3,1,B01,7,9,1,4,2,2,,15,15,1,13,4,B01,120.659632,24.258986,2
3246,66000,387130000C,(04)23274275,(04)23288582,2023,8,9,12,34,臺中市,南區,0,1,0,5,1,6,50,3,1,1,4,4,6,6,4,4,10,5,5,2,17,84,2,9,2,1,C03,7,9,1,8,2,11,,84,84,1,12,4,C03,120.656929,24.124819,2
3247,66000,387130000C,(04)23274275,(04)23288582,2023,8,9,12,35,臺中市,霧峰區,0,0,0,5,,,60,,,,,,,,,,,,,,17,39,,,,,C03,,,1,,2,,,39,,1,13,4,C03,120.695553,24.058241,3
3248,66000,387130000C,(04)23274275,(04)23288582,2023,8,9,12,39,臺中市,北屯區,0,1,0,5,2,6,40,5,1,1,4,4,6,6,2,1,10,5,5,2,16,25,3,10,3,1,B03,7,5,1,8,2,5,,25,25,1,6,4,B03,120.686753,24.201328,2
3249,66000,387130000C,(04)23274275,(04)23288582,2023,8,9,12,40,臺中市,豐原區,0,1,0,5,2,6,50,3,1,1,4,4,6,6,1,1,10,5,5,2,18,84,2,9,1,1,C03,7,9,1,10,2,14,,84,84,1,13,4,C03,120.700868,24.249244,2
3250,66000,387130000C,(04)23274275,(04)23288582,2023,8,9,12,44,臺中市,北區,0,1,0,5,2,6,40,13,8,1,4,4,6,6,4,4,3,4,4,2,13,40,3,10,3,1,B03,7,7,1,8,2,3,,40,40,1,12,4,B03,120.677543,24.162966,2
3251,66000,387130000C,(04)23274275,(04)23288582,2023,8,9,12,58,臺中市,神岡區,0,1,0,7,1,6,50,3,1,1,5,4,6,6,1,1,1,4,4,2,18,84,2,7,1,1,C03,7,11,1,10,2,11,,84,84,1,6,4,C03,120.704988,24.279175,2
3252,66000,387130000C,(04)23274275,(04)23288582,2023,8,9,13,0,臺中市,北區,0,1,0,5,2,6,30,13,9,1,4,4,6,6,1,1,1,4,4,2,17,84,2,9,2,1,C03,7,12,1,10,2,16,,84,84,1,12,4,C03,120.666325,24.15921,2
3253,66000,387130000C,(04)23274275,(04)23288582,2023,8,9,13,0,臺中市,太平區,0,0,0,7,,,50,,,,,,,,,,,,,,,76,,,,,B11,,,1,,2,,,76,,1,13,4,B11,120.725496,24.145344,3
3254,66000,387130000C,(04)23274275,(04)23288582,2023,8,9,13,7,臺中市,南屯區,0,0,0,5,,,40,,,,,,,,,,,,,,17,50,,,,,B03,,,1,,1,,,50,,1,13,4,B03,120.65222,24.154266,3
3255,66000,387130000C,(04)23274275,(04)23288582,2023,8,9,13,16,臺中市,東區,0,1,0,6,3,6,1,13,9,1,4,4,6,3,4,4,9,5,5,2,16,51,2,8,2,1,C03,7,1,1,10,2,14,,51,51,1,12,4,C03,120.699841,24.126672,2
3256,66000,387130000C,(04)23274275,(04)23288582,2023,8,9,13,19,臺中市,潭子區,0,2,0,7,3,6,50,3,1,1,5,4,6,6,4,4,10,5,5,2,3,4,2,9,2,1,C03,7,9,1,10,2,11,,4,4,1,12,4,C03,120.713995,24.229551,2
3257,66000,387130000C,(04)23274275,(04)23288582,2023,8,9,13,21,臺中市,南屯區,0,0,0,7,,,40,,,,,,,,,,,,,,,51,,,,,B03,,,1,,1,,,51,,1,13,4,B03,120.627228,24.141127,3
3258,66000,387130000C,(04)23274275,(04)23288582,2023,8,9,13,27,臺中市,西屯區,0,2,0,7,2,6,30,4,1,1,5,4,6,6,4,4,10,5,5,2,15,15,2,9,1,1,C03,7,9,1,10,2,11,,15,15,1,5,2,C03,120.642157,24.179971,2
3259,66000,387130000C,(04)23274275,(04)23288582,2023,8,9,13,29,臺中市,南屯區,0,0,0,7,,,40,,,,,,,,,,,,,,,51,,,,,B12,,,1,,9,,,51,,2,13,4,B12,120.637078,24.137506,3
3260,66000,387130000C,(04)23274275,(04)23288582,2023,8,9,13,29,臺中市,西屯區,0,0,0,7,,,50,,,,,,,,,,,,,,14,49,,,,,B03,,,1,,1,,,49,,1,12,4,B03,120.623581,24.176904,3
3261,66000,387130000C,(04)23274275,(04)23288582,2023,8,9,13,34,臺中市,北屯區,0,2,0,6,2,6,50,13,9,1,5,4,6,6,4,4,5,5,5,1,13,7,2,8,1,1,C03,7,9,1,10,2,11,,7,7,1,5,4,C03,120.674981,24.202253,2
3262,66000,387130000C,(04)23274275,(04)23288582,2023,8,9,13,39,臺中市,北屯區,0,0,0,6,,,40,,,,,,,,,,,,,,,7,,,,,B02,,,1,,1,,,7,,1,12,4,B02,120.720377,24.16577,3
3263,66000,387130000C,(04)23274275,(04)23288582,2023,8,9,13,40,臺中市,烏日區,0,1,0,7,1,6,70,4,1,1,5,4,6,6,2,1,1,4,4,1,13,7,2,9,1,1,C04,7,9,1,10,2,13,,87,7,1,12,4,C04,120.607048,24.108443,2
3264,66000,387130000C,(04)23274275,(04)23288582,2023,8,9,13,41,臺中市,大里區,0,0,0,7,1,6,50,13,14,1,5,4,6,6,4,4,5,5,5,2,9,87,,,,,B03,,,1,,1,,,87,,1,6,4,B03,120.694911,24.087623,3
3265,66000,387130000C,(04)23274275,(04)23288582,2023,8,9,13,45,臺中市,南屯區,0,0,0,7,,,40,,,,,,,,,,,,,,13,7,,,,,B12,,,1,,1,,,7,,1,12,4,B12,120.62267,24.140394,3
3266,66000,387130000C,(04)23274275,(04)23288582,2023,8,9,13,49,臺中市,南屯區,0,0,0,5,,,50,,,,,,,,,,,,,,,14,,,,,B03,,,1,,2,,,14,,1,13,4,B03,120.595193,24.138377,3
3267,66000,387130000C,(04)23274275,(04)23288582,2023,8,9,13,51,臺中市,北區,0,0,0,7,,,50,,,,,,,,,,,,,,15,4,,,,,C03,,,1,,1,,,4,,1,12,4,C03,120.697329,24.160362,3
3268,66000,387130000C,(04)23274275,(04)23288582,2023,8,9,13,52,臺中市,西區,0,2,0,7,3,6,50,13,9,1,5,4,6,6,1,1,1,4,5,2,13,84,2,9,1,1,C03,7,9,1,10,2,14,,84,84,1,6,4,C03,120.660951,24.159175,2
3269,66000,387130000C,(04)23274275,(04)23288582,2023,8,9,13,54,臺中市,南區,0,2,0,7,2,6,30,13,9,1,5,4,6,6,4,4,10,5,5,2,17,51,2,9,2,1,C03,7,1,1,10,2,11,,51,51,1,6,4,C03,120.680867,24.129982,2
3270,66000,387130000C,(04)23274275,(04)23288582,2023,8,9,13,54,臺中市,南屯區,0,0,0,7,,,50,,,,,,,,,,,,,,,49,,,,,B03,,,1,,1,,,49,,1,13,4,B03,120.622643,24.150214,3
3271,66000,387130000C,(04)23274275,(04)23288582,2023,8,9,13,55,臺中市,南區,0,0,0,7,,,50,,,,,,,,,,,,,,,87,,,,,B03,,,1,,2,,,87,,1,12,4,B03,120.670203,24.121916,3
3272,66000,387130000C,(04)23274275,(04)23288582,2023,8,9,14,1,臺中市,西屯區,0,1,0,7,2,6,50,4,1,1,5,4,6,6,1,1,10,5,5,2,17,11,3,10,5,4,B03,7,5,1,8,2,2,,11,11,1,12,4,B03,120.635318,24.16749,2
3273,66000,387130000C,(04)23274275,(04)23288582,2023,8,9,14,5,臺中市,龍井區,0,0,0,7,,,40,,,,,,,,,,,,,,,12,,,,,B03,,,1,,2,,,12,,1,9,4,B03,120.543661,24.212883,3
3274,66000,387130000C,(04)23274275,(04)23288582,2023,8,9,14,18,臺中市,西區,0,0,0,7,,,40,,,,,,,,,,,,,,15,21,,,,,C03,,,1,,1,,,21,,1,12,4,C03,120.657376,24.147777,3
3275,66000,387130000C,(04)23274275,(04)23288582,2023,8,9,14,18,臺中市,豐原區,0,0,0,7,,,50,,,,,,,,,,,,,,9,51,,,,,B03,,,1,,2,,,51,,1,12,4,B03,120.70942,24.249797,3
3276,66000,387130000C,(04)23274275,(04)23288582,2023,8,9,14,19,臺中市,北屯區,0,2,0,7,2,6,50,3,1,1,5,4,6,6,4,4,10,5,5,2,16,14,3,10,3,1,B03,7,5,1,8,2,2,,14,14,1,12,4,B03,120.696567,24.170772,2
3277,66000,387130000C,(04)23274275,(04)23288582,2023,8,9,14,19,臺中市,西屯區,0,1,0,7,2,6,50,13,9,1,5,4,6,6,4,4,1,4,5,2,13,7,2,9,1,1,C03,7,9,1,10,2,11,12,7,7,1,5,4,C03,120.663313,24.172541,2
3278,66000,387130000C,(04)23274275,(04)23288582,2023,8,9,14,21,臺中市,西屯區,0,0,0,7,,,50,,,,,,,,,,,,,,13,7,,,,,B03,,,1,,1,,,7,,1,13,4,B03,120.649933,24.163668,3
3279,66000,387130000C,(04)23274275,(04)23288582,2023,8,9,14,22,臺中市,北區,0,1,0,7,2,6,50,13,9,1,5,4,6,6,4,4,2,4,5,2,13,59,2,9,2,1,C03,7,9,1,10,2,11,,59,59,1,12,4,C03,120.686941,24.155581,2
3280,66000,387130000C,(04)23274275,(04)23288582,2023,8,9,14,28,臺中市,豐原區,0,2,0,7,2,6,50,13,8,1,5,4,6,6,4,4,5,5,4,2,17,77,3,10,5,1,B01,7,14,1,4,2,2,,77,77,1,6,4,B01,120.709459,24.250184,2
3281,66000,387130000C,(04)23274275,(04)23288582,2023,8,9,14,29,臺中市,西屯區,0,1,0,6,2,6,40,13,8,1,5,4,6,6,4,4,1,4,1,2,12,40,3,10,5,4,A12,7,8,1,8,2,4,,40,40,1,12,4,A12,120.640475,24.202828,2
3282,66000,387130000C,(04)23274275,(04)23288582,2023,8,9,14,30,臺中市,大里區,0,1,0,7,2,6,50,11,9,1,5,4,6,6,4,4,9,4,5,1,17,46,3,10,3,1,B01,7,11,1,8,2,1,,46,46,1,12,4,B01,120.687261,24.088337,2
3283,66000,387130000C,(04)23274275,(04)23288582,2023,8,9,14,44,臺中市,北屯區,0,0,0,7,,,50,,,,,,,,,,,,,,,71,,,,,C03,,,1,,1,,,71,,1,13,4,C03,120.696736,24.176215,3
3284,66000,387130000C,(04)23274275,(04)23288582,2023,8,9,14,45,臺中市,大雅區,0,1,0,7,3,6,50,13,9,1,5,4,6,6,4,4,5,4,4,1,12,51,3,10,3,1,B12,7,1,1,8,2,4,,51,51,1,13,4,B12,120.653346,24.228706,2
3285,66000,387130000C,(04)23274275,(04)23288582,2023,8,9,14,47,臺中市,西屯區,0,0,0,7,,,40,,,,,,,,,,,,,,12,40,,,,,C03,,,1,,1,,,40,,1,5,4,C03,120.625879,24.181786,3
3286,66000,387130000C,(04)23274275,(04)23288582,2023,8,9,15,0,臺中市,北屯區,0,0,0,7,,,40,,,,,,,,,,,,,,17,113,,,,,,,,,,,,,113,,1,,4,,120.698653,24.173121,4
3287,66000,387130000C,(04)23274275,(04)23288582,2023,8,9,15,1,臺中市,北區,0,0,0,7,,,50,,,,,,,,,,,,,,10,41,,,,,C03,,,1,,1,,,41,,1,13,4,C03,120.691001,24.149911,3
3288,66000,387130000C,(04)23274275,(04)23288582,2023,8,9,15,4,臺中市,南屯區,0,1,0,7,1,6,50,4,1,1,5,4,6,6,4,4,10,5,5,2,15,15,2,9,5,4,C03,7,9,1,10,2,12,,15,15,1,13,4,C03,120.636744,24.139589,2
3289,66000,387130000C,(04)23274275,(04)23288582,2023,8,9,15,10,臺中市,霧峰區,0,1,0,7,3,6,40,13,8,1,5,4,6,6,1,1,1,5,4,1,13,59,2,7,2,1,C03,7,9,1,10,2,11,,59,59,1,12,4,C03,120.662599,24.059641,2
3290,66000,387130000C,(04)23274275,(04)23288582,2023,8,9,15,10,臺中市,沙鹿區,0,1,0,7,2,6,50,13,24,1,5,4,6,6,3,1,1,5,5,2,17,6,3,10,2,1,C03,7,9,1,10,2,12,,6,6,1,6,4,C03,120.568779,24.22197,2
3291,66000,387130000C,(04)23274275,(04)23288582,2023,8,9,15,14,臺中市,大甲區,0,1,0,7,3,6,50,13,9,1,5,4,6,6,4,4,5,5,5,1,17,39,2,9,1,1,C03,7,11,1,10,2,11,,39,39,1,6,4,C03,120.624679,24.344943,2
3292,66000,387130000C,(04)23274275,(04)23288582,2023,8,9,15,15,臺中市,北屯區,0,1,0,7,2,6,30,4,1,1,5,4,1,6,2,1,10,5,5,2,16,23,3,10,3,1,B03,7,6,1,8,2,1,,23,23,1,12,4,B03,120.676176,24.201228,2
3293,66000,387130000C,(04)23274275,(04)23288582,2023,8,9,15,18,臺中市,西區,0,0,0,7,,,50,,,,,,,,,,,,,,,7,,,,,B03,,,1,,1,,,7,,1,12,4,B03,120.667303,24.13209,3
3294,66000,387130000C,(04)23274275,(04)23288582,2023,8,9,15,19,臺中市,西屯區,0,0,0,7,,,50,,,,,,,,,,,,,,,49,,,,,B12,,,1,,9,,,49,,2,13,4,B12,120.616629,24.181948,3
3295,66000,387130000C,(04)23274275,(04)23288582,2023,8,9,15,20,臺中市,西屯區,0,1,0,7,3,6,40,3,1,1,5,4,6,6,2,1,10,5,5,2,17,20,3,10,3,1,B02,7,5,1,8,2,2,,20,20,1,12,4,B02,120.639069,24.168932,2
3296,66000,387130000C,(04)23274275,(04)23288582,2023,8,9,15,20,臺中市,西屯區,0,2,0,6,3,6,50,4,2,1,5,4,6,6,1,1,10,5,5,2,17,84,3,10,3,3,B03,7,9,1,8,2,4,8,84,84,1,12,4,B03,120.64036,24.16427,2
3297,66000,387130000C,(04)23274275,(04)23288582,2023,8,9,15,22,臺中市,南屯區,0,0,0,7,,,40,,,,,,,,,,,,,,,1,,,,,B03,,,1,,9,,,1,,1,13,4,B03,120.623033,24.140267,3
3298,66000,387130000C,(04)23274275,(04)23288582,2023,8,9,15,23,臺中市,北區,0,0,0,7,,,50,,,,,,,,,,,,,,,84,,,,,B03,,,1,,1,,,84,,1,12,4,B03,120.683054,24.154577,3
3299,66000,387130000C,(04)23274275,(04)23288582,2023,8,9,15,23,臺中市,霧峰區,0,0,0,7,1,6,60,5,1,1,5,4,6,6,1,1,10,5,5,2,16,11,,,,,B03,,,1,,2,,,11,,1,12,4,B03,120.696068,24.053967,3
3300,66000,387130000C,(04)23274275,(04)23288582,2023,8,9,15,33,臺中市,新社區,0,1,0,7,3,6,50,13,9,1,5,4,6,6,4,4,5,4,4,1,12,45,3,10,3,1,A11,7,9,1,2,2,5,,8,45,1,13,4,A11,120.81281,24.239982,2
3301,66000,387130000C,(04)23274275,(04)23288582,2023,8,9,15,42,臺中市,南區,0,2,0,7,1,6,50,3,1,1,5,4,6,5,4,4,10,5,5,2,17,51,2,9,1,1,C03,7,1,1,10,2,11,,51,51,1,12,4,C03,120.661154,24.121345,2
3302,66000,387130000C,(04)23274275,(04)23288582,2023,8,9,15,47,臺中市,西屯區,0,0,0,7,,,30,,,,,,,,,,,,,,,49,,,,,B03,,,1,,1,,,49,,1,13,4,B03,120.647015,24.170841,3
3303,66000,387130000C,(04)23274275,(04)23288582,2023,8,9,15,48,臺中市,大雅區,0,2,0,7,1,6,50,3,1,1,5,4,6,6,4,4,1,4,4,1,17,45,2,7,1,1,C03,7,11,1,10,2,13,,45,45,1,13,4,C03,120.649362,24.214602,2
3304,66000,387130000C,(04)23274275,(04)23288582,2023,8,9,15,48,臺中市,梧棲區,0,1,0,7,3,6,50,13,8,1,5,4,6,6,4,4,5,4,4,2,13,59,2,7,1,1,C03,7,9,1,10,2,12,,59,59,1,6,4,C03,120.531234,24.257122,2
3305,66000,387130000C,(04)23274275,(04)23288582,2023,8,9,15,53,臺中市,霧峰區,0,1,0,7,3,6,60,3,1,1,5,4,6,6,1,1,10,5,5,2,17,51,3,10,2,1,C03,7,1,1,10,2,14,,51,51,1,12,4,C03,120.695953,24.065768,2
3306,66000,387130000C,(04)23274275,(04)23288582,2023,8,9,15,55,臺中市,太平區,0,0,0,7,,,40,,,,,,,,,,,,,,16,84,,,,,C03,,,1,,2,,,84,,1,12,4,C03,120.718143,24.1597,3
3307,66000,387130000C,(04)23274275,(04)23288582,2023,8,9,15,59,臺中市,東區,0,0,0,7,,,50,,,,,,,,,,,,,,,84,,,,,C03,,,1,,2,,,84,,1,13,4,C03,120.694453,24.151108,3
3308,66000,387130000C,(04)23274275,(04)23288582,2023,8,9,16,0,臺中市,大里區,0,1,0,7,2,6,40,13,9,1,5,4,6,6,4,4,10,5,5,2,2,8,3,10,3,1,B03,7,9,1,8,2,5,,8,8,1,13,4,B03,120.687366,24.113171,2
3309,66000,387130000C,(04)23274275,(04)23288582,2023,8,9,16,0,臺中市,烏日區,0,1,0,7,1,6,50,13,9,1,5,4,6,6,4,4,9,5,5,1,17,51,2,9,1,1,C03,7,1,2,19,2,14,,51,51,1,12,4,C03,120.626932,24.106527,2
3310,66000,387130000C,(04)23274275,(04)23288582,2023,8,9,16,4,臺中市,潭子區,0,0,0,7,,,40,,,,,,,,,,,,,,,59,,,,,B03,,,1,,2,,,59,,1,12,4,B03,120.702115,24.201058,3
3311,66000,387130000C,(04)23274275,(04)23288582,2023,8,9,16,9,臺中市,南區,0,0,0,7,3,6,50,13,7,1,5,4,6,6,4,4,1,4,5,2,14,49,3,10,3,1,B03,7,2,1,8,1,6,,49,49,1,12,4,B03,120.654167,24.116536,3
3312,66000,387130000C,(04)23274275,(04)23288582,2023,8,9,16,12,臺中市,北屯區,0,1,0,7,2,6,50,4,1,1,5,4,6,6,2,1,1,4,5,2,12,26,3,10,2,1,C03,7,9,1,10,2,11,,26,26,1,12,4,C03,120.671487,24.173971,2
3313,66000,387130000C,(04)23274275,(04)23288582,2023,8,9,16,15,臺中市,東區,0,1,0,7,3,6,30,13,9,1,5,4,6,6,4,4,10,5,5,2,17,51,3,10,3,1,B12,7,1,1,8,2,8,,51,51,1,13,4,B12,120.704143,24.145316,2
3314,66000,387130000C,(04)23274275,(04)23288582,2023,8,9,16,17,臺中市,西屯區,0,0,0,7,,,50,,,,,,,,,,,,,,13,84,,,,,B01,,,1,,1,,,84,,1,12,4,B01,120.656262,24.169921,3
3315,66000,387130000C,(04)23274275,(04)23288582,2023,8,9,16,20,臺中市,太平區,0,0,0,7,,,50,,,,,,,,,,,,,,17,84,,,,,B12,,,1,,2,,,84,,1,12,4,B12,120.714148,24.157922,3
3316,66000,387130000C,(04)23274275,(04)23288582,2023,8,9,16,20,臺中市,烏日區,0,1,0,7,2,6,30,4,1,1,5,4,6,6,4,4,10,5,5,2,15,6,3,10,3,1,B03,7,9,1,8,2,2,,6,6,1,12,4,B03,120.625948,24.107665,2
3317,66000,387130000C,(04)23274275,(04)23288582,2023,8,9,16,22,臺中市,西屯區,0,0,0,7,,,80,,,,,,,,,,,,,,,7,,,,,B12,,,,,1,,,7,,1,13,4,B12,120.634948,24.179291,3
3318,66000,387130000C,(04)23274275,(04)23288582,2023,8,9,16,22,臺中市,豐原區,0,0,0,7,,,50,,,,,,,,,,,,,,13,59,,,,,B03,,,1,,2,,,59,,1,12,4,B03,120.718763,24.253419,3
3319,66000,387130000C,(04)23274275,(04)23288582,2023,8,9,16,23,臺中市,北屯區,0,1,0,7,2,6,50,13,9,1,5,4,6,6,4,4,5,5,5,2,17,84,2,9,1,1,C03,7,9,1,10,2,11,,84,84,1,12,4,C03,120.68806,24.177308,2
3320,66000,387130000C,(04)23274275,(04)23288582,2023,8,9,16,28,臺中市,北區,0,0,0,7,,,50,,,,,,,,,,,,,,9,84,,,,,B01,,,1,,2,,,84,,1,13,4,B01,120.673676,24.165312,3
3321,66000,387130000C,(04)23274275,(04)23288582,2023,8,9,16,29,臺中市,南區,0,0,0,7,,,40,,,,,,,,,,,,,,13,7,,,,,B03,,,1,,2,,,7,,1,12,4,B03,120.679286,24.119037,3
3322,66000,387130000C,(04)23274275,(04)23288582,2023,8,9,16,30,臺中市,西區,0,1,0,7,1,6,50,13,8,1,5,4,6,6,4,4,1,4,4,2,17,40,3,10,1,1,C03,7,7,1,10,2,13,,40,40,1,12,4,C03,120.663029,24.15492,2
3323,66000,387130000C,(04)23274275,(04)23288582,2023,8,9,16,34,臺中市,東勢區,0,1,0,7,2,6,50,13,9,1,5,4,6,6,4,4,5,4,5,1,17,84,2,9,1,4,C03,7,9,1,10,2,11,14,84,84,1,13,4,C03,120.842774,24.244763,2
3324,66000,387130000C,(04)23274275,(04)23288582,2023,8,9,16,36,臺中市,南區,0,0,0,7,2,6,50,3,2,1,5,4,6,6,1,1,3,2,5,2,25,59,3,10,3,1,B13,7,5,1,8,2,2,,59,59,1,12,4,B13,120.648237,24.114052,3
3325,66000,387130000C,(04)23274275,(04)23288582,2023,8,9,16,36,臺中市,北屯區,0,3,0,7,3,6,50,4,1,1,5,4,6,6,4,4,10,5,5,2,15,15,2,9,2,1,C03,7,9,1,10,2,11,,15,15,1,12,4,C03,120.717407,24.172775,2
3326,66000,387130000C,(04)23274275,(04)23288582,2023,8,9,16,37,臺中市,南屯區,0,1,0,7,2,6,50,3,1,1,5,4,6,6,4,4,5,4,5,2,17,48,2,9,1,1,C03,7,6,1,10,2,14,,48,48,1,13,4,C03,120.63555,24.136066,2
3327,66000,387130000C,(04)23274275,(04)23288582,2023,8,9,16,39,臺中市,西屯區,0,0,0,7,,,40,,,,,,,,,,,,,,35,51,,,,,B02,,,1,,9,,,51,,1,12,4,B02,120.658322,24.163619,3
3328,66000,387130000C,(04)23274275,(04)23288582,2023,8,9,16,40,臺中市,大里區,0,1,0,7,3,6,50,4,2,1,5,4,6,6,3,1,5,4,5,1,10,4,3,10,1,1,C03,7,9,1,10,2,12,,4,4,1,6,4,C03,120.674539,24.100539,2
3329,66000,387130000C,(04)23274275,(04)23288582,2023,8,9,16,43,臺中市,大雅區,0,2,0,7,2,6,50,13,9,1,5,4,6,6,4,4,5,4,5,1,17,1,2,9,1,1,C03,7,4,1,10,2,14,,1,1,1,12,4,C03,120.636961,24.217376,2
3330,66000,387130000C,(04)23274275,(04)23288582,2023,8,9,16,43,臺中市,南屯區,0,0,0,7,,,50,,,,,,,,,,,,,,,8,,,,,B03,,,1,,1,,,8,,1,13,4,B03,120.62358,24.14922,3
3331,66000,387130000C,(04)23274275,(04)23288582,2023,8,9,16,44,臺中市,北屯區,0,2,0,7,2,6,50,13,7,1,5,4,6,6,4,4,4,3,4,2,13,7,2,9,1,1,C03,7,9,1,10,2,11,,7,7,1,12,4,C03,120.675343,24.177049,2
3332,66000,387130000C,(04)23274275,(04)23288582,2023,8,9,16,47,臺中市,北區,0,0,0,7,,,50,,,,,,,,,,,,,,,49,,,,,C03,,,1,,2,,,49,,1,13,4,C03,120.677812,24.172247,3
3333,66000,387130000C,(04)23274275,(04)23288582,2023,8,9,16,52,臺中市,豐原區,0,0,0,7,,,50,,,,,,,,,,,,,,12,8,,,,,B03,,,1,,1,,,8,,1,12,4,B03,120.701209,24.249299,3
3334,66000,387130000C,(04)23274275,(04)23288582,2023,8,9,16,54,臺中市,霧峰區,0,0,0,7,,,50,,,,,,,,,,,,,,13,59,,,,,B03,,,1,,2,,,59,59,1,12,4,B03,120.697562,24.057521,3
3335,66000,387130000C,(04)23274275,(04)23288582,2023,8,9,16,56,臺中市,烏日區,0,1,0,7,1,6,50,13,7,1,5,4,6,6,4,4,1,4,1,1,13,7,3,10,3,1,B03,7,9,1,8,8,1,,7,7,1,12,4,B03,120.615896,24.103101,2
3336,66000,387130000C,(04)23274275,(04)23288582,2023,8,9,16,57,臺中市,西屯區,0,0,0,7,,,40,,,,,,,,,,,,,,,85,,,,,B03,,,1,,2,,,85,,1,12,4,B03,120.638732,24.15779,3
3337,66000,387130000C,(04)23274275,(04)23288582,2023,8,9,16,58,臺中市,北屯區,0,1,0,7,2,6,80,13,9,1,5,4,6,6,4,4,1,4,5,2,13,7,3,10,3,1,B12,7,9,1,8,2,1,,7,7,1,12,4,B12,120.720707,24.169606,2
3338,66000,387130000C,(04)23274275,(04)23288582,2023,8,9,17,0,臺中市,南屯區,0,2,0,6,3,6,50,4,1,1,5,4,6,6,1,1,10,5,5,2,16,42,2,9,2,1,C03,7,5,3,19,2,12,,42,42,1,13,4,C03,120.643947,24.132044,2
3339,66000,387130000C,(04)23274275,(04)23288582,2023,8,9,17,2,臺中市,大甲區,0,0,0,7,,,60,,,,,,,,,,,,,,13,7,,,,,B03,,,1,,2,,,7,,1,13,4,B03,120.648718,24.376493,3
3340,66000,387130000C,(04)23274275,(04)23288582,2023,8,9,17,4,臺中市,西區,0,1,0,7,2,6,50,4,1,1,5,4,6,6,1,1,10,5,5,2,17,11,3,10,3,1,B12,7,5,1,8,2,2,,11,11,1,12,4,B12,120.670213,24.146296,2
3341,66000,387130000C,(04)23274275,(04)23288582,2023,8,9,17,5,臺中市,西區,0,2,0,7,3,6,50,4,1,1,5,4,6,6,1,1,10,5,5,2,16,87,3,10,3,1,B03,7,6,1,8,2,6,,87,87,1,12,4,B03,120.674994,24.138036,2
3342,66000,387130000C,(04)23274275,(04)23288582,2023,8,9,17,6,臺中市,西屯區,0,0,0,7,2,6,60,4,1,1,5,4,6,6,2,1,10,5,5,,23,59,3,10,3,1,B02,7,11,1,8,2,4,,59,59,1,13,4,B02,120.624894,24.178447,3