序號,縣市別代碼,機關代碼,市話,傳真,年,月,日,時,分,縣市,區,死亡數量,受傷數量,2-30,天候,光線,道路類別,速限,道路型態,事故位置,路面鋪裝,路面狀態,路面缺陷,障礙物,視距,號誌種類,號誌動作,分向設施,快車道或一般車道間,快慢車道間,路面邊線,事故類型及型態,主要肇因,受傷程度,主要傷處,保護裝備,行動電話,當事者區分(類別),車輛用途,當事者行動狀態,駕駛資格情形,駕駛執照種類,飲酒情形,車輛撞擊部位最初,車輛撞擊部位其他,肇事因素個別,肇事因素主要,肇事逃逸,職業,旅次目的,車種,GPS座標X,GPS座標Y,事故類別
3343,66000,387130000C,(04)23274275,(04)23288582,2023,8,9,17,7,臺中市,大雅區,0,0,0,7,,,50,,,,,,,,,,,,,,,40,,,,,B03,,,1,,2,,,40,,1,12,4,B03,120.629575,24.241426,4
3344,66000,387130000C,(04)23274275,(04)23288582,2023,8,9,17,8,臺中市,西區,0,0,0,7,,,50,,,,,,,,,,,,,,,7,,,,,C03,,,1,,2,,,7,,1,6,4,C03,120.671258,24.152649,3
3345,66000,387130000C,(04)23274275,(04)23288582,2023,8,9,17,8,臺中市,東區,0,0,0,7,,,50,,,,,,,,,,,,,,,7,,,,,C03,,,1,,2,,,7,,1,12,4,C03,120.691882,24.14288,3
3346,66000,387130000C,(04)23274275,(04)23288582,2023,8,9,17,10,臺中市,大雅區,0,0,0,7,,,40,,,,,,,,,,,,,,,59,,,,,C03,,,1,,2,,,59,59,1,13,4,C03,120.64821,24.220812,3
3347,66000,387130000C,(04)23274275,(04)23288582,2023,8,9,17,11,臺中市,梧棲區,0,1,0,7,1,6,70,13,7,1,5,4,6,6,1,1,10,5,5,1,17,40,3,10,5,4,B03,7,8,1,1,2,7,,40,40,1,12,4,B03,120.557031,24.253572,2
3348,66000,387130000C,(04)23274275,(04)23288582,2023,8,9,17,12,臺中市,北區,0,0,0,7,,,50,,,,,,,,,,,,,,12,43,,,,,B02,,,1,,1,,,43,,1,12,4,B02,120.684959,24.159118,3
3349,66000,387130000C,(04)23274275,(04)23288582,2023,8,9,17,12,臺中市,石岡區,0,0,0,7,,,70,,,,,,,,,,,,,,17,51,,,,,A12,,,1,,2,,,51,,1,12,4,A12,120.77205,24.275175,3
3350,66000,387130000C,(04)23274275,(04)23288582,2023,8,9,17,13,臺中市,南屯區,0,0,0,7,,,50,,,,,,,,,,,,,,,7,,,,,B12,,,1,,1,,,7,,1,13,4,B12,120.647414,24.137202,3
3351,66000,387130000C,(04)23274275,(04)23288582,2023,8,9,17,14,臺中市,梧棲區,0,0,0,7,,,40,,,,,,,,,,,,,,14,49,,,,,B03,,,1,,1,,,49,,1,6,4,B03,120.52242,24.224328,3
3352,66000,387130000C,(04)23274275,(04)23288582,2023,8,9,17,15,臺中市,沙鹿區,0,0,0,7,,,50,,,,,,,,,,,,,,,50,,,,,B03,,,1,,2,,,50,,1,13,4,B03,120.56658,24.243385,3
3353,66000,387130000C,(04)23274275,(04)23288582,2023,8,9,17,16,臺中市,梧棲區,0,1,0,7,1,6,50,4,1,1,5,4,6,6,1,1,10,5,5,2,17,58,2,9,5,4,C03,7,9,1,10,2,11,,58,58,1,12,4,C03,120.541069,24.256391,2
3354,66000,387130000C,(04)23274275,(04)23288582,2023,8,9,17,17,臺中市,南區,0,0,0,7,,,40,,,,,,,,,,,,,,17,50,,,,,B03,,,1,,2,,,50,,1,13,4,B03,120.664795,24.113601,3
3355,66000,387130000C,(04)23274275,(04)23288582,2023,8,9,17,20,臺中市,大里區,0,0,0,7,,,50,,,,,,,,,,,,,,,7,,,,,C03,,,1,,2,,,7,,1,12,4,C03,120.696329,24.11111,3
3356,66000,387130000C,(04)23274275,(04)23288582,2023,8,9,17,20,臺中市,龍井區,0,0,0,7,,,50,,,,,,,,,,,,,,13,7,,,,,B03,,,1,,1,,,7,,1,13,4,B03,120.58828,24.191938,3
3357,66000,387130000C,(04)23274275,(04)23288582,2023,8,9,17,21,臺中市,北屯區,0,1,0,7,2,6,50,4,1,1,5,4,6,6,2,1,10,5,5,2,17,26,3,10,1,1,C03,7,7,2,19,2,12,,26,26,1,12,4,C03,120.690994,24.171429,2
3358,66000,387130000C,(04)23274275,(04)23288582,2023,8,9,17,22,臺中市,南屯區,0,0,0,7,,,40,,,,,,,,,,,,,,,7,,,,,B03,,,1,,1,,,7,,1,13,4,B03,120.599499,24.145821,3
3359,66000,387130000C,(04)23274275,(04)23288582,2023,8,9,17,24,臺中市,北屯區,0,1,0,7,2,6,50,4,1,1,5,4,6,6,1,1,10,5,5,2,3,10,3,10,1,1,C03,7,9,1,10,2,14,,10,10,1,12,2,C03,120.682864,24.193852,2
3360,66000,387130000C,(04)23274275,(04)23288582,2023,8,9,17,28,臺中市,南屯區,0,0,0,7,,,50,,,,,,,,,,,,,,,51,,,,,B03,,,1,,1,,,51,,1,13,4,B03,120.622643,24.150214,3
3361,66000,387130000C,(04)23274275,(04)23288582,2023,8,9,17,30,臺中市,北區,0,0,0,7,,,40,,,,,,,,,,,,,,16,40,,,,,B03,,,1,,1,,,40,,1,12,4,B03,120.688162,24.159038,3
3362,66000,387130000C,(04)23274275,(04)23288582,2023,8,9,17,30,臺中市,東區,0,0,0,7,3,6,50,4,1,1,5,4,6,6,1,1,10,5,5,2,13,7,3,10,3,1,B03,7,9,1,8,2,1,,7,7,1,12,4,B03,120.700116,24.140067,3
3363,66000,387130000C,(04)23274275,(04)23288582,2023,8,9,17,30,臺中市,烏日區,0,0,0,7,,,50,,,,,,,,,,,,,,13,7,,,,,C03,,,1,,2,,,7,,1,12,4,C03,120.646453,24.093237,4
3364,66000,387130000C,(04)23274275,(04)23288582,2023,8,9,17,30,臺中市,沙鹿區,0,1,0,7,2,6,50,11,9,1,5,4,6,6,4,4,9,5,5,1,18,59,2,9,2,1,C03,7,9,1,10,2,14,,59,59,1,12,4,C03,120.588724,24.25206,2
3365,66000,387130000C,(04)23274275,(04)23288582,2023,8,9,17,32,臺中市,北屯區,0,1,0,7,3,6,50,3,2,1,5,4,6,6,4,4,1,4,5,2,12,85,3,10,3,1,B12,7,9,1,8,2,5,,85,85,1,12,4,B12,120.666803,24.180192,2
3366,66000,387130000C,(04)23274275,(04)23288582,2023,8,9,17,33,臺中市,龍井區,0,1,0,7,2,6,40,4,1,1,5,4,6,6,4,4,10,5,5,2,15,6,3,10,2,1,C03,7,9,1,10,2,14,,6,20,1,12,2,C03,120.526414,24.212911,2
3367,66000,387130000C,(04)23274275,(04)23288582,2023,8,9,17,34,臺中市,西區,0,0,0,7,,,50,,,,,,,,,,,,,,9,51,,,,,B03,,,1,,1,,,51,,1,12,4,B03,120.66774,24.13095,3
3368,66000,387130000C,(04)23274275,(04)23288582,2023,8,9,17,34,臺中市,南屯區,0,0,0,7,,,50,,,,,,,,,,,,,,13,7,,,,,C03,,,2,,1,,,7,,1,13,4,C03,120.646415,24.148178,3
3369,66000,387130000C,(04)23274275,(04)23288582,2023,8,9,17,35,臺中市,東區,0,2,0,7,3,6,50,4,1,1,5,4,6,6,4,4,10,5,5,2,16,14,3,10,1,1,C03,7,6,3,19,2,12,,14,14,1,12,4,C03,120.70443,24.14217,2
3370,66000,387130000C,(04)23274275,(04)23288582,2023,8,9,17,36,臺中市,南屯區,0,0,0,7,,,50,,,,,,,,,,,,,,,78,,,,,C03,,,1,,9,,,78,,1,12,4,C03,120.611939,24.136716,3
3371,66000,387130000C,(04)23274275,(04)23288582,2023,8,9,17,37,臺中市,南屯區,0,1,0,7,2,6,30,13,9,1,5,4,6,6,4,4,10,5,5,2,17,84,3,10,3,1,B03,7,9,1,8,2,1,,84,84,1,13,4,B03,120.645368,24.137192,2
3372,66000,387130000C,(04)23274275,(04)23288582,2023,8,9,17,38,臺中市,大雅區,0,2,0,7,1,6,50,4,1,1,5,4,6,6,1,1,1,5,5,1,17,7,2,9,1,1,C03,7,9,1,10,2,12,,7,7,1,13,4,C03,120.645263,24.225553,2
3373,66000,387130000C,(04)23274275,(04)23288582,2023,8,9,17,38,臺中市,沙鹿區,0,1,0,7,2,6,50,13,7,1,5,4,6,6,4,4,4,5,4,2,17,7,3,10,2,1,C03,7,15,1,10,2,14,,7,7,1,6,4,C03,120.567404,24.236869,2
3374,66000,387130000C,(04)23274275,(04)23288582,2023,8,9,17,39,臺中市,大肚區,0,0,0,7,,,50,,,,,,,,,,,,,,,59,,,,,B03,,,1,,2,,,59,,1,6,4,B03,120.574028,24.119679,3
3375,66000,387130000C,(04)23274275,(04)23288582,2023,8,9,17,45,臺中市,南屯區,0,1,0,7,3,6,50,3,1,1,5,4,6,6,3,1,10,5,5,2,13,59,2,9,2,1,C03,7,9,1,10,2,11,,59,59,1,13,4,C03,120.621135,24.132435,2
3376,66000,387130000C,(04)23274275,(04)23288582,2023,8,9,17,45,臺中市,大里區,0,1,0,7,1,6,50,4,1,1,5,4,6,6,1,1,10,5,5,2,16,11,3,10,3,1,B03,7,5,1,8,2,5,,11,11,1,6,4,B03,120.699976,24.093992,2
3377,66000,387130000C,(04)23274275,(04)23288582,2023,8,9,17,47,臺中市,北區,0,2,0,7,3,6,50,11,9,1,5,4,6,6,4,4,4,1,5,2,12,45,2,8,1,1,C03,7,11,1,10,2,14,,45,45,1,12,4,C03,120.676435,24.164449,2
3378,66000,387130000C,(04)23274275,(04)23288582,2023,8,9,17,47,臺中市,南屯區,0,1,0,7,1,6,50,4,1,1,5,4,6,6,2,1,1,2,5,2,12,48,2,9,5,4,C03,7,6,1,10,2,14,,48,48,1,13,4,C03,120.646456,24.146732,2
3379,66000,387130000C,(04)23274275,(04)23288582,2023,8,9,17,48,臺中市,大里區,0,0,0,7,,,80,,,,,,,,,,,,,,,58,,,,,B03,,,1,,2,,,58,,1,13,4,B03,120.690704,24.098029,3
3380,66000,387130000C,(04)23274275,(04)23288582,2023,8,9,17,49,臺中市,西屯區,0,0,0,7,,,50,,,,,,,,,,,,,,,7,,,,,C03,,,1,,1,,,87,7,1,13,4,C03,120.647644,24.159406,4
3381,66000,387130000C,(04)23274275,(04)23288582,2023,8,9,17,51,臺中市,大里區,0,1,0,7,3,6,50,4,4,1,5,4,6,6,1,1,5,5,5,1,13,51,3,10,3,1,B12,7,1,1,8,2,5,,51,51,1,6,4,B12,120.699186,24.110107,2
3382,66000,387130000C,(04)23274275,(04)23288582,2023,8,9,17,53,臺中市,北區,0,0,0,7,,,50,,,,,,,,,,,,,,13,84,,,,,B03,,,1,,1,,,84,,1,13,4,B03,120.679461,24.153583,3
3383,66000,387130000C,(04)23274275,(04)23288582,2023,8,9,17,54,臺中市,西屯區,0,1,0,7,3,6,50,13,9,1,5,4,6,6,4,4,5,5,5,2,13,7,2,3,2,1,C03,7,9,1,10,1,11,,7,7,1,12,4,C03,120.638473,24.180603,2
3384,66000,387130000C,(04)23274275,(04)23288582,2023,8,9,17,54,臺中市,大里區,0,0,0,7,,,50,,,,,,,,,,,,,,,14,,,,,B03,,,1,,2,,,14,,1,12,4,B03,120.688117,24.10813,3
3385,66000,387130000C,(04)23274275,(04)23288582,2023,8,9,17,55,臺中市,南屯區,0,0,0,7,,,50,,,,,,,,,,,,,,,20,,,,,B03,,,1,,1,,,87,20,1,12,4,B03,120.637919,24.148643,3
3386,66000,387130000C,(04)23274275,(04)23288582,2023,8,9,17,55,臺中市,太平區,0,2,0,7,3,6,30,3,1,1,5,4,6,6,4,4,10,5,5,1,16,59,2,7,1,1,C03,7,9,1,10,2,12,,59,59,1,12,4,C03,120.723161,24.142093,2
3387,66000,387130000C,(04)23274275,(04)23288582,2023,8,9,17,55,臺中市,大甲區,0,0,0,7,,,50,,,,,,,,,,,,,,,51,,,,,C03,,,1,,1,,,51,51,1,13,4,C03,120.623096,24.344119,3
3388,66000,387130000C,(04)23274275,(04)23288582,2023,8,9,17,57,臺中市,南屯區,0,1,0,7,1,6,40,13,8,1,5,4,6,6,4,4,5,4,4,2,18,84,2,9,1,1,C03,7,9,1,10,2,12,,84,84,1,13,4,C03,120.640107,24.14862,2
3389,66000,387130000C,(04)23274275,(04)23288582,2023,8,9,17,57,臺中市,北屯區,0,1,0,7,2,6,50,13,9,1,5,4,6,6,2,1,5,4,5,2,12,35,2,7,2,1,C03,7,10,1,10,2,11,,35,35,1,12,4,C03,120.691088,24.171274,2
3390,66000,387130000C,(04)23274275,(04)23288582,2023,8,9,17,58,臺中市,北屯區,0,0,0,7,,,50,,,,,,,,,,,,,,17,84,,,,,B03,,,1,,2,,,84,,1,12,4,B03,120.690566,24.169698,4
3391,66000,387130000C,(04)23274275,(04)23288582,2023,8,9,17,59,臺中市,南屯區,0,0,0,7,,,50,,,,,,,,,,,,,,,7,,,,,B03,,,3,,1,,,7,,1,13,4,B03,120.638185,24.139825,3
3392,66000,387130000C,(04)23274275,(04)23288582,2023,8,9,18,2,臺中市,西區,0,0,0,7,,,50,,,,,,,,,,,,,,14,49,,,,,B03,,,1,,9,,,49,,1,12,4,B03,120.665553,24.132774,3
3393,66000,387130000C,(04)23274275,(04)23288582,2023,8,9,18,3,臺中市,西區,0,1,0,7,2,6,50,13,9,1,5,4,6,6,4,4,5,5,5,2,13,7,2,9,1,1,C03,7,9,1,8,2,11,,7,7,1,12,4,C03,120.653035,24.148822,2
3394,66000,387130000C,(04)23274275,(04)23288582,2023,8,9,18,4,臺中市,北區,0,0,0,7,,,50,,,,,,,,,,,,,,,59,,,,,B03,,,1,,1,,,59,,1,13,4,B03,120.677811,24.149814,3
3395,66000,387130000C,(04)23274275,(04)23288582,2023,8,9,18,6,臺中市,西屯區,0,0,0,7,,,50,,,,,,,,,,,,,,13,84,,,,,B03,,,1,,1,,,84,,1,12,4,B03,120.621137,24.183676,3
3396,66000,387130000C,(04)23274275,(04)23288582,2023,8,9,18,7,臺中市,西區,0,1,0,7,2,6,50,4,1,1,5,4,6,6,4,4,10,5,5,2,16,1,2,9,1,1,C03,7,4,1,10,2,12,,1,1,1,13,4,C03,120.65947,24.146708,2
3397,66000,387130000C,(04)23274275,(04)23288582,2023,8,9,18,10,臺中市,大甲區,0,1,0,7,3,6,50,3,1,1,5,4,6,6,4,4,10,5,5,2,17,7,3,10,1,1,C03,7,9,1,10,1,14,,7,7,1,6,4,C03,120.62113,24.344613,2
3398,66000,387130000C,(04)23274275,(04)23288582,2023,8,9,18,11,臺中市,西屯區,0,2,0,7,1,6,50,3,1,1,5,4,6,6,1,1,10,5,5,2,17,44,3,10,3,4,B03,7,11,1,8,1,4,,44,44,1,13,4,B03,120.647056,24.165648,2
3399,66000,387130000C,(04)23274275,(04)23288582,2023,8,9,18,12,臺中市,西區,0,1,0,7,1,6,50,13,8,1,5,4,6,6,4,4,1,4,4,2,17,8,2,9,1,1,C03,7,9,1,10,2,11,,8,8,1,12,4,C03,120.66086,24.158557,2
3400,66000,387130000C,(04)23274275,(04)23288582,2023,8,9,18,15,臺中市,大雅區,0,1,0,7,1,6,70,4,1,1,5,4,6,6,1,1,1,5,4,1,17,11,3,10,3,1,B03,7,6,1,8,2,6,,11,11,1,13,4,B03,120.644362,24.22723,2
3401,66000,387130000C,(04)23274275,(04)23288582,2023,8,9,18,15,臺中市,霧峰區,0,0,0,7,,,30,,,,,,,,,,,,,,15,15,,,,,B12,,,1,,3,,,15,,1,12,4,B12,120.722482,24.03754,3
3402,66000,387130000C,(04)23274275,(04)23288582,2023,8,9,18,16,臺中市,北屯區,0,2,0,7,2,6,30,3,1,1,5,4,6,6,3,3,10,5,5,2,16,12,2,9,1,1,C03,7,6,1,10,2,14,,12,12,1,12,4,C03,120.703961,24.169492,2
3403,66000,387130000C,(04)23274275,(04)23288582,2023,8,9,18,18,臺中市,北屯區,0,0,0,7,,,50,,,,,,,,,,,,,,,7,,,,,B03,,,1,,1,,,7,,1,13,4,B03,120.683559,24.183642,3
3404,66000,387130000C,(04)23274275,(04)23288582,2023,8,9,18,19,臺中市,龍井區,0,1,0,7,2,6,50,13,9,1,5,4,6,6,4,4,9,5,5,1,12,84,3,10,3,1,B03,7,9,1,8,2,2,,84,84,1,13,4,B03,120.584107,24.18171,2
3405,66000,387130000C,(04)23274275,(04)23288582,2023,8,9,18,20,臺中市,烏日區,0,1,0,7,2,6,30,4,1,1,5,4,6,6,3,1,10,4,5,1,15,24,3,10,3,1,B03,7,9,1,8,2,1,,24,24,1,12,4,B03,120.640349,24.098318,2
3406,66000,387130000C,(04)23274275,(04)23288582,2023,8,9,18,23,臺中市,西屯區,0,0,0,7,,,80,,,,,,,,,,,,,,,7,,,,,B02,,,1,,1,,,7,,1,12,4,B02,120.630333,24.162945,3
3407,66000,387130000C,(04)23274275,(04)23288582,2023,8,9,18,28,臺中市,西屯區,0,0,0,7,2,6,60,3,1,1,5,4,6,6,2,1,10,5,5,,13,7,3,10,3,1,B03,7,7,1,8,1,5,,7,7,1,5,4,B03,120.647847,24.196114,4
3408,66000,387130000C,(04)23274275,(04)23288582,2023,8,9,18,32,臺中市,東區,0,0,0,7,1,6,50,13,9,1,5,4,6,6,4,4,9,5,5,2,17,51,3,10,3,1,B03,7,1,1,8,2,2,,51,51,2,6,4,B03,120.687187,24.135284,3
3409,66000,387130000C,(04)23274275,(04)23288582,2023,8,9,18,35,臺中市,大甲區,0,2,0,7,3,6,50,4,1,1,5,4,6,6,1,1,10,5,5,2,17,21,2,9,1,1,F01,7,9,7,21,2,12,,21,21,1,6,4,F01,120.646852,24.399941,2
3410,66000,387130000C,(04)23274275,(04)23288582,2023,8,9,18,40,臺中市,后里區,0,0,0,7,1,6,30,13,9,1,5,4,3,3,4,4,10,5,5,2,14,49,,,,,B03,,,1,,2,,,49,,1,12,4,B03,120.679526,24.312556,3
3411,66000,387130000C,(04)23274275,(04)23288582,2023,8,9,18,43,臺中市,龍井區,0,1,0,7,1,6,40,3,1,1,5,4,6,6,4,4,10,5,5,2,17,84,3,10,3,1,B03,7,9,1,8,2,8,,84,6,1,12,4,B03,120.534763,24.177277,2
3412,66000,387130000C,(04)23274275,(04)23288582,2023,8,9,18,46,臺中市,霧峰區,0,0,0,7,,,30,,,,,,,,,,,,,,17,50,,,,,B13,,,1,,2,,,50,,1,12,4,B13,120.650957,24.073264,3
3413,66000,387130000C,(04)23274275,(04)23288582,2023,8,9,18,55,臺中市,東區,0,2,0,7,1,6,50,4,1,1,5,4,6,6,2,1,5,4,4,2,13,7,2,9,1,1,C03,7,9,1,10,2,11,,7,7,1,12,4,C03,120.687609,24.143017,2
3414,66000,387130000C,(04)23274275,(04)23288582,2023,8,9,18,55,臺中市,大甲區,0,0,0,7,,,50,,,,,,,,,,,,,,,7,,,,,C03,,,1,,1,,,7,7,1,12,4,C03,120.623522,24.350781,3
3415,66000,387130000C,(04)23274275,(04)23288582,2023,8,9,18,59,臺中市,北屯區,0,0,0,7,,,50,,,,,,,,,,,,,,12,85,,,,,B03,,,1,,1,,,85,85,1,12,4,B03,120.698155,24.165516,3
3416,66000,387130000C,(04)23274275,(04)23288582,2023,8,9,19,0,臺中市,西區,0,0,0,7,,,50,,,,,,,,,,,,,,,8,,,,,B03,,,1,,1,,,8,,1,6,4,B03,120.673338,24.147737,3
3417,66000,387130000C,(04)23274275,(04)23288582,2023,8,9,19,8,臺中市,西屯區,0,1,0,7,1,6,40,4,1,1,5,4,6,6,1,1,10,5,5,2,16,47,3,10,3,1,B03,7,5,1,8,2,6,,47,87,1,12,4,B03,120.643913,24.156379,2
3418,66000,387130000C,(04)23274275,(04)23288582,2023,8,9,19,8,臺中市,西屯區,0,0,0,7,,,50,,,,,,,,,,,,,,,40,,,,,B03,,,1,,1,,,40,,1,12,4,B03,120.639512,24.174659,3
3419,66000,387130000C,(04)23274275,(04)23288582,2023,8,9,19,10,臺中市,西屯區,0,0,0,7,,,50,,,,,,,,,,,,,,,20,,,,,B01,,,1,,2,,,20,,1,13,4,B01,120.653924,24.158589,3
3420,66000,387130000C,(04)23274275,(04)23288582,2023,8,9,19,15,臺中市,大雅區,0,0,0,7,,,60,,,,,,,,,,,,,,,7,,,,,B03,,,1,,1,,,7,,1,13,4,B03,120.647454,24.221458,3
3421,66000,387130000C,(04)23274275,(04)23288582,2023,8,9,19,17,臺中市,北區,0,0,0,7,,,50,,,,,,,,,,,,,,13,7,,,,,C03,,,1,,2,,,7,,1,12,4,C03,120.68616,24.146227,4
3422,66000,387130000C,(04)23274275,(04)23288582,2023,8,9,19,18,臺中市,北屯區,0,0,0,7,,,50,,,,,,,,,,,,,,,40,,,,,B01,,,1,,2,,,40,,1,12,4,B01,120.701786,24.181335,3
3423,66000,387130000C,(04)23274275,(04)23288582,2023,8,9,19,25,臺中市,西屯區,0,2,0,7,1,6,40,13,8,1,5,4,6,6,4,4,9,4,4,2,3,95,2,9,6,5,H01,8,16,7,21,10,17,,95,95,1,12,5,H01,120.664237,24.178317,2
3424,66000,387130000C,(04)23274275,(04)23288582,2023,8,9,19,34,臺中市,烏日區,0,0,0,7,,,30,,,,,,,,,,,,,,,51,,,,,B01,,,1,,2,,,51,51,1,12,4,B01,120.616396,24.112042,3
3425,66000,387130000C,(04)23274275,(04)23288582,2023,8,9,19,36,臺中市,中區,0,0,0,7,,,50,,,,,,,,,,,,,,,51,,,,,B03,,,1,,2,,,51,,1,12,4,B03,120.678156,24.140667,3
3426,66000,387130000C,(04)23274275,(04)23288582,2023,8,9,19,41,臺中市,豐原區,0,1,0,7,1,6,50,3,2,1,5,4,6,6,2,1,4,4,5,1,13,7,2,9,1,1,C03,7,9,1,10,2,11,,7,7,1,6,4,C03,120.730008,24.247877,2
3427,66000,387130000C,(04)23274275,(04)23288582,2023,8,9,19,42,臺中市,沙鹿區,0,0,0,7,,,50,,,,,,,,,,,,,,,50,,,,,B12,,,1,,2,,,50,,1,12,4,B12,120.56222,24.244325,3
3428,66000,387130000C,(04)23274275,(04)23288582,2023,8,9,19,47,臺中市,沙鹿區,0,1,0,6,1,6,50,3,1,1,5,4,6,6,4,4,10,5,5,2,17,7,3,10,1,1,C03,7,5,1,10,2,16,,47,7,1,13,4,C03,120.579721,24.216728,2
3429,66000,387130000C,(04)23274275,(04)23288582,2023,8,9,19,48,臺中市,東區,0,3,0,7,1,6,50,4,1,1,5,4,6,6,1,1,10,5,5,2,16,84,2,9,2,1,C03,7,9,1,10,2,11,,84,84,1,13,4,C03,120.699443,24.135157,2
3430,66000,387130000C,(04)23274275,(04)23288582,2023,8,9,19,49,臺中市,中區,0,0,0,7,,,50,,,,,,,,,,,,,,17,50,,,,,B01,,,1,,2,,,50,,1,13,4,B01,120.678538,24.145783,3
3431,66000,387130000C,(04)23274275,(04)23288582,2023,8,9,19,51,臺中市,大雅區,0,0,0,7,,,50,,,,,,,,,,,,,,,7,,,,,B03,,,1,,2,,,7,,1,13,4,B03,120.637058,24.234631,3
3432,66000,387130000C,(04)23274275,(04)23288582,2023,8,9,19,56,臺中市,北屯區,0,0,0,7,,,50,,,,,,,,,,,,,,13,84,,,,,C03,,,1,,1,,,84,,1,12,4,C03,120.694013,24.183084,3
3433,66000,387130000C,(04)23274275,(04)23288582,2023,8,9,19,58,臺中市,北區,0,0,0,7,,,50,,,,,,,,,,,,,,,84,,,,,C03,,,1,,1,,,84,,1,12,4,C03,120.682336,24.162033,3
3434,66000,387130000C,(04)23274275,(04)23288582,2023,8,9,20,1,臺中市,西屯區,0,1,0,7,1,6,50,4,1,1,5,4,6,6,1,1,10,5,5,2,17,7,3,10,1,4,C03,7,9,1,10,2,11,,7,7,1,13,4,C03,120.617001,24.184058,2
3435,66000,387130000C,(04)23274275,(04)23288582,2023,8,9,20,3,臺中市,北屯區,0,0,0,7,,,50,,,,,,,,,,,,,,,84,,,,,C03,,,1,,9,,,84,,1,12,4,C03,120.718709,24.175929,3
3436,66000,387130000C,(04)23274275,(04)23288582,2023,8,9,20,10,臺中市,西區,0,0,0,7,1,6,50,13,9,1,5,4,6,6,4,4,5,5,5,2,17,51,,,,,B03,,,1,,1,,,51,,1,13,4,B03,120.667755,24.15374,3
3437,66000,387130000C,(04)23274275,(04)23288582,2023,8,9,20,12,臺中市,南屯區,0,0,0,7,,,50,,,,,,,,,,,,,,17,40,,,,,B11,,,1,,1,,,40,,1,13,4,B11,120.636205,24.146723,3
3438,66000,387130000C,(04)23274275,(04)23288582,2023,8,9,20,14,臺中市,西區,0,0,0,7,,,50,,,,,,,,,,,,,,,86,,,,,,,,,,,,,86,,1,,,,120.664446,24.149915,3
3439,66000,387130000C,(04)23274275,(04)23288582,2023,8,9,20,19,臺中市,大里區,0,1,0,7,1,6,50,13,7,1,5,4,6,6,4,4,5,5,4,1,17,6,2,9,2,1,C03,7,9,1,10,2,12,,6,6,1,12,4,C03,120.687056,24.115206,2
3440,66000,387130000C,(04)23274275,(04)23288582,2023,8,9,20,19,臺中市,豐原區,0,0,0,7,,,50,,,,,,,,,,,,,,,7,,,,,B12,,,1,,1,,,7,,1,13,4,B12,120.705961,24.249891,3
3441,66000,387130000C,(04)23274275,(04)23288582,2023,8,9,20,20,臺中市,西區,0,1,0,7,1,6,50,4,1,1,5,4,6,6,4,4,10,5,5,2,15,15,3,10,3,1,B03,7,9,1,8,2,6,,15,15,1,13,4,B03,120.65878,24.147868,2
3442,66000,387130000C,(04)23274275,(04)23288582,2023,8,9,20,20,臺中市,西屯區,0,0,0,7,,,50,,,,,,,,,,,,,,,59,,,,,B03,,,1,,1,,,59,,1,12,4,B03,120.635286,24.166546,3
3443,66000,387130000C,(04)23274275,(04)23288582,2023,8,9,20,23,臺中市,西屯區,0,0,0,7,1,6,50,13,8,1,5,4,6,6,4,4,1,4,1,2,12,40,3,10,3,1,B03,7,7,1,8,1,2,,40,40,1,12,4,B03,120.628865,24.163658,3
3444,66000,387130000C,(04)23274275,(04)23288582,2023,8,9,20,26,臺中市,南屯區,0,0,0,7,,,50,,,,,,,,,,,,,,,7,,,,,B03,,,1,,1,,,7,,1,13,4,B03,120.646808,24.148836,3
3445,66000,387130000C,(04)23274275,(04)23288582,2023,8,9,20,46,臺中市,東區,0,1,0,7,1,6,50,3,1,1,4,4,6,6,4,4,5,5,5,2,30,84,2,9,1,1,C01,7,9,1,9,2,14,,84,84,1,12,4,C01,120.687331,24.128923,2
3446,66000,387130000C,(04)23274275,(04)23288582,2023,8,9,20,47,臺中市,西屯區,0,1,0,7,1,6,50,3,1,1,5,4,6,6,4,4,10,5,5,2,16,14,3,10,3,1,B03,7,5,1,8,2,2,,14,14,1,12,4,B03,120.61555,24.186722,2
3447,66000,387130000C,(04)23274275,(04)23288582,2023,8,9,21,11,臺中市,豐原區,0,1,0,7,1,6,50,3,2,1,5,4,6,6,4,4,4,5,5,2,30,116,,,,,,,,,,,,,116,116,1,,,,120.748586,24.254442,2
3448,66000,387130000C,(04)23274275,(04)23288582,2023,8,9,21,12,臺中市,北屯區,0,0,0,7,,,50,,,,,,,,,,,,,,14,49,,,,,B03,,,1,,2,,,49,49,1,12,4,B03,120.666331,24.192947,3
3449,66000,387130000C,(04)23274275,(04)23288582,2023,8,9,21,14,臺中市,烏日區,0,1,0,7,1,6,50,3,1,1,5,4,6,6,4,4,10,5,5,2,18,84,2,8,1,1,C03,7,9,1,10,2,11,12,84,84,1,5,4,C03,120.601013,24.109382,2
3450,66000,387130000C,(04)23274275,(04)23288582,2023,8,9,21,19,臺中市,北屯區,0,2,0,7,1,6,50,4,1,1,5,4,6,6,2,1,10,5,5,2,16,26,2,9,1,1,C03,7,9,2,19,2,14,,84,26,1,13,4,C03,120.694259,24.16491,2
3451,66000,387130000C,(04)23274275,(04)23288582,2023,8,9,21,21,臺中市,西屯區,0,1,0,7,3,6,40,13,7,1,5,4,6,6,4,4,5,4,4,2,18,84,2,9,1,1,C04,7,9,3,19,2,12,,84,84,1,12,4,C04,120.649703,24.175574,2