序號,縣市別代碼,機關代碼,市話,傳真,年,月,日,時,分,縣市,區,死亡數量,受傷數量,2-30,天候,光線,道路類別,速限,道路型態,事故位置,路面鋪裝,路面狀態,路面缺陷,障礙物,視距,號誌種類,號誌動作,分向設施,快車道或一般車道間,快慢車道間,路面邊線,事故類型及型態,主要肇因,受傷程度,主要傷處,保護裝備,行動電話,當事者區分(類別),車輛用途,當事者行動狀態,駕駛資格情形,駕駛執照種類,飲酒情形,車輛撞擊部位最初,車輛撞擊部位其他,肇事因素個別,肇事因素主要,肇事逃逸,職業,旅次目的,車種,GPS座標X,GPS座標Y,事故類別
3452,66000,387130000C,(04)23274275,(04)23288582,2023,8,9,21,25,臺中市,西屯區,0,0,0,7,,,50,,,,,,,,,,,,,,,84,,,,,B03,,,1,,2,,,84,,1,13,4,B03,120.656118,24.167922,3
3453,66000,387130000C,(04)23274275,(04)23288582,2023,8,9,21,28,臺中市,北屯區,0,0,0,7,,,50,,,,,,,,,,,,,,16,11,,,,,B03,,,1,,1,,,11,,1,12,4,B03,120.685498,24.172177,3
3454,66000,387130000C,(04)23274275,(04)23288582,2023,8,9,21,30,臺中市,北屯區,0,0,0,7,,,50,,,,,,,,,,,,,,,49,,,,,B12,,,1,,2,,,49,,1,12,4,B12,120.687223,24.173567,3
3455,66000,387130000C,(04)23274275,(04)23288582,2023,8,9,21,35,臺中市,北屯區,0,0,0,7,,,50,,,,,,,,,,,,,,,49,,,,,B03,,,1,,1,,,49,,1,12,4,B03,120.684198,24.188579,3
3456,66000,387130000C,(04)23274275,(04)23288582,2023,8,9,21,56,臺中市,北區,0,2,0,7,3,6,50,5,2,1,5,4,6,6,1,1,3,4,5,1,12,45,2,9,5,4,C03,7,11,3,19,2,14,,45,45,1,13,4,C03,120.675757,24.157227,2
3457,66000,387130000C,(04)23274275,(04)23288582,2023,8,9,22,0,臺中市,大里區,0,0,0,7,,,40,,,,,,,,,,,,,,17,84,,,,,C03,,,1,,2,,,84,,1,6,4,C03,120.696653,24.111231,3
3458,66000,387130000C,(04)23274275,(04)23288582,2023,8,9,22,4,臺中市,潭子區,0,0,0,7,,,50,,,,,,,,,,,,,,15,21,,,,,C03,,,1,,2,,,21,,1,12,4,C03,120.684792,24.216293,3
3459,66000,387130000C,(04)23274275,(04)23288582,2023,8,9,22,10,臺中市,西屯區,0,0,0,7,,,50,,,,,,,,,,,,,,,59,,,,,B03,,,1,,1,,,59,,1,13,4,B03,120.641018,24.167806,3
3460,66000,387130000C,(04)23274275,(04)23288582,2023,8,9,22,25,臺中市,西屯區,0,3,0,7,1,6,50,3,1,1,5,4,6,6,2,1,10,5,5,2,17,84,3,10,3,1,B03,7,15,5,19,8,8,,84,84,1,12,4,B03,120.657214,24.162633,2
3461,66000,387130000C,(04)23274275,(04)23288582,2023,8,9,22,25,臺中市,沙鹿區,0,1,0,6,1,6,50,3,2,1,5,4,6,6,4,4,8,3,4,1,17,7,3,10,5,4,B03,7,6,1,8,2,1,,7,7,1,13,4,B03,120.565406,24.20169,2
3462,66000,387130000C,(04)23274275,(04)23288582,2023,8,9,22,36,臺中市,南區,0,0,0,7,,,50,,,,,,,,,,,,,,17,51,,,,,B03,,,1,,2,,,51,,1,12,4,B03,120.661173,24.122498,3
3463,66000,387130000C,(04)23274275,(04)23288582,2023,8,9,23,10,臺中市,西屯區,0,1,0,7,1,6,50,13,9,1,5,4,6,6,4,4,5,4,5,2,13,7,3,10,5,4,B03,7,9,1,8,2,6,,87,7,1,13,4,B03,120.64532,24.17683,2
3464,66000,387130000C,(04)23274275,(04)23288582,2023,8,9,23,44,臺中市,南區,0,2,0,7,1,6,50,4,1,1,5,4,6,6,1,1,10,5,5,2,15,21,2,1,3,1,B03,7,9,1,8,2,5,,21,21,1,12,4,B03,120.68065,24.122355,2
3465,66000,387130000C,(04)23274275,(04)23288582,2023,8,9,23,47,臺中市,西區,0,2,0,7,1,6,50,4,4,1,5,4,6,6,3,1,5,5,5,2,13,84,2,8,2,1,C03,7,9,1,10,2,11,,84,84,1,13,4,C03,120.673668,24.147719,2
3466,66000,387130000C,(04)23274275,(04)23288582,2023,8,9,23,47,臺中市,龍井區,0,1,0,7,3,6,50,13,9,1,5,4,6,6,4,4,9,4,5,2,16,51,2,9,1,1,C03,7,1,1,10,2,14,,51,51,1,12,4,C03,120.585444,24.181858,2
3467,66000,387130000C,(04)23274275,(04)23288582,2023,8,10,0,2,臺中市,東區,0,2,0,7,1,6,50,4,1,1,5,4,6,6,2,1,5,5,5,2,12,11,2,9,2,1,C03,7,6,1,10,2,14,,11,11,1,5,4,C03,120.689263,24.140063,2
3468,66000,387130000C,(04)23274275,(04)23288582,2023,8,10,0,16,臺中市,烏日區,0,0,0,7,,,30,,,,,,,,,,,,,,,7,,,,,C02,,,1,,2,,,7,,1,12,4,C02,120.612818,24.121799,3
3469,66000,387130000C,(04)23274275,(04)23288582,2023,8,10,1,4,臺中市,西屯區,0,2,0,7,1,6,1,13,7,1,5,4,6,6,4,4,10,5,5,2,14,49,2,7,3,1,B01,7,2,1,4,2,6,,49,49,1,12,4,B01,120.647785,24.165421,2
3470,66000,387130000C,(04)23274275,(04)23288582,2023,8,10,1,9,臺中市,西區,0,0,0,7,,,50,,,,,,,,,,,,,,14,49,,,,,B13,,,5,,1,,,49,,1,12,4,B13,120.663063,24.147868,3
3471,66000,387130000C,(04)23274275,(04)23288582,2023,8,10,1,49,臺中市,北屯區,0,1,0,7,1,6,50,4,1,1,5,4,6,6,1,1,10,5,5,2,15,21,2,9,1,1,C03,7,9,5,10,7,12,,21,21,1,12,4,C03,120.68579,24.177418,2
3472,66000,387130000C,(04)23274275,(04)23288582,2023,8,10,2,13,臺中市,北屯區,0,1,0,7,2,6,40,4,1,1,5,4,6,6,4,4,10,5,5,2,16,48,3,10,3,1,B03,7,6,1,8,2,5,,48,48,1,12,4,B03,120.680494,24.180499,2
3473,66000,387130000C,(04)23274275,(04)23288582,2023,8,10,2,21,臺中市,豐原區,0,0,0,7,,,30,,,,,,,,,,,,,,2,8,,,,,B03,,,1,,2,,,8,,1,12,4,B03,120.707158,24.241656,3
3474,66000,387130000C,(04)23274275,(04)23288582,2023,8,10,3,8,臺中市,南屯區,0,0,0,7,,,50,,,,,,,,,,,,,,13,59,,,,,A12,,,1,,1,,,59,,1,12,4,A12,120.651978,24.13504,3
3475,66000,387130000C,(04)23274275,(04)23288582,2023,8,10,6,5,臺中市,西區,0,0,0,7,,,50,,,,,,,,,,,,,,17,84,,,,,C03,,,1,,9,,,84,,1,12,4,C03,120.677791,24.134118,3
3476,66000,387130000C,(04)23274275,(04)23288582,2023,8,10,6,15,臺中市,潭子區,0,0,0,7,,,50,,,,,,,,,,,,,,10,4,,,,,C03,,,1,,2,,,4,,1,13,4,C03,120.673918,24.20885,3
3477,66000,387130000C,(04)23274275,(04)23288582,2023,8,10,6,37,臺中市,石岡區,0,1,0,7,3,6,50,3,9,1,5,4,6,6,4,4,5,4,5,1,17,11,3,10,3,1,B03,7,6,1,8,2,1,,11,11,1,12,4,B03,120.774003,24.275276,2
3478,66000,387130000C,(04)23274275,(04)23288582,2023,8,10,6,40,臺中市,東區,0,1,0,7,1,6,50,13,9,1,5,4,6,6,4,4,5,5,5,2,14,49,3,10,3,1,B03,7,2,1,8,2,3,,49,49,1,12,4,B03,120.69461,24.139536,2
3479,66000,387130000C,(04)23274275,(04)23288582,2023,8,10,6,40,臺中市,清水區,0,0,0,7,,,60,,,,,,,,,,,,,,,84,,,,,B03,,,1,,2,,,84,,1,12,4,B03,120.547804,24.276907,3
3480,66000,387130000C,(04)23274275,(04)23288582,2023,8,10,6,52,臺中市,南屯區,0,1,0,6,2,6,50,4,1,1,5,4,6,6,2,1,5,5,5,2,16,11,3,10,3,1,B03,7,6,5,19,3,6,,11,11,1,12,4,B03,120.627553,24.117907,2
3481,66000,387130000C,(04)23274275,(04)23288582,2023,8,10,6,54,臺中市,西屯區,0,1,0,7,3,6,50,4,1,1,5,4,6,6,2,1,10,5,5,2,15,21,3,10,3,1,B03,7,9,1,8,2,6,,21,21,1,12,4,B03,120.663962,24.164524,2
3482,66000,387130000C,(04)23274275,(04)23288582,2023,8,10,6,55,臺中市,南屯區,0,1,0,7,2,6,50,13,9,1,5,4,6,6,2,1,3,4,5,2,12,82,3,10,3,1,B12,7,9,1,8,2,5,,82,82,1,12,4,B12,120.644912,24.140091,2
3483,66000,387130000C,(04)23274275,(04)23288582,2023,8,10,6,55,臺中市,西屯區,0,1,0,7,2,6,40,13,8,1,5,4,6,6,4,4,10,5,4,2,13,7,2,9,5,4,C03,7,9,1,10,2,11,,7,7,1,13,4,C03,120.658965,24.194613,2
3484,66000,387130000C,(04)23274275,(04)23288582,2023,8,10,6,55,臺中市,神岡區,0,1,0,7,2,6,50,4,1,1,5,4,6,6,1,1,10,5,5,2,16,11,3,10,3,1,B12,7,6,1,8,2,6,,11,11,1,13,4,B12,120.661146,24.258925,2
3485,66000,387130000C,(04)23274275,(04)23288582,2023,8,10,7,3,臺中市,北屯區,0,1,0,7,2,6,50,4,4,1,5,4,1,6,1,1,10,5,5,2,13,7,3,10,3,1,B03,7,9,1,8,2,1,,7,7,1,12,4,B03,120.700571,24.16511,2
3486,66000,387130000C,(04)23274275,(04)23288582,2023,8,10,7,5,臺中市,大里區,0,0,0,7,,,40,,,,,,,,,,,,,,13,7,,,,,C03,,,1,,2,,,7,,1,6,4,C03,120.69203,24.100448,3
3487,66000,387130000C,(04)23274275,(04)23288582,2023,8,10,7,6,臺中市,東區,0,2,0,7,2,6,50,4,1,1,5,4,6,6,4,4,10,5,5,2,15,15,2,8,2,1,C03,7,9,1,10,2,11,,15,15,1,6,4,C03,120.689209,24.143254,2
3488,66000,387130000C,(04)23274275,(04)23288582,2023,8,10,7,9,臺中市,沙鹿區,0,0,0,7,,,40,,,,,,,,,,,,,,13,7,,,,,B03,,,1,,2,,,7,,1,6,4,B03,120.594199,24.24988,3
3489,66000,387130000C,(04)23274275,(04)23288582,2023,8,10,7,11,臺中市,大里區,0,0,0,7,,,50,,,,,,,,,,,,,,12,7,,,,,B03,,,1,,2,,,7,,1,6,4,B03,120.694108,24.099801,3
3490,66000,387130000C,(04)23274275,(04)23288582,2023,8,10,7,12,臺中市,西屯區,0,0,0,7,,,30,,,,,,,,,,,,,,,20,,,,,B03,,,1,,1,,,20,,1,13,4,B03,120.637045,24.181999,3
3491,66000,387130000C,(04)23274275,(04)23288582,2023,8,10,7,13,臺中市,西屯區,0,1,0,7,2,6,40,3,1,1,5,4,6,6,1,1,1,5,5,2,16,20,3,10,3,1,B03,7,5,1,8,2,6,,20,20,1,13,4,B03,120.602633,24.182917,2
3492,66000,387130000C,(04)23274275,(04)23288582,2023,8,10,7,17,臺中市,西屯區,0,2,0,7,2,6,50,13,6,1,5,4,6,6,4,4,1,2,5,2,17,35,2,7,1,1,C03,7,8,1,10,2,14,,35,35,1,12,4,C03,120.657127,24.200899,2
3493,66000,387130000C,(04)23274275,(04)23288582,2023,8,10,7,19,臺中市,西屯區,0,1,0,7,2,6,70,4,1,1,5,4,6,6,1,1,10,5,5,2,15,21,3,10,5,4,B02,7,9,1,8,2,5,,21,21,1,12,4,B02,120.624402,24.178625,2
3494,66000,387130000C,(04)23274275,(04)23288582,2023,8,10,7,20,臺中市,沙鹿區,0,1,0,7,1,6,40,3,2,1,5,4,6,6,4,4,1,4,4,1,12,8,2,9,1,1,C03,7,9,1,10,2,14,,8,8,1,5,4,C03,120.556701,24.24265,2
3495,66000,387130000C,(04)23274275,(04)23288582,2023,8,10,7,22,臺中市,烏日區,0,1,0,7,1,6,50,4,1,1,5,4,6,6,3,1,9,5,5,1,17,24,2,9,1,1,C03,7,9,1,10,2,12,,24,24,1,12,4,C03,120.61865,24.103128,2
3496,66000,387130000C,(04)23274275,(04)23288582,2023,8,10,7,23,臺中市,大里區,0,1,0,7,3,6,50,13,9,1,5,4,6,6,4,4,9,4,5,2,12,8,2,9,1,1,C03,7,4,1,10,2,12,,8,8,1,13,4,C03,120.688115,24.08668,2
3497,66000,387130000C,(04)23274275,(04)23288582,2023,8,10,7,23,臺中市,后里區,0,1,0,7,1,6,50,3,1,1,5,4,6,6,4,4,10,5,5,2,16,20,3,10,3,1,B12,7,6,1,8,2,2,,20,20,1,6,4,B12,120.722407,24.32419,2
3498,66000,387130000C,(04)23274275,(04)23288582,2023,8,10,7,25,臺中市,西屯區,0,4,0,7,2,6,50,4,9,1,5,4,6,6,4,4,10,5,5,2,15,15,2,9,5,4,C03,7,9,1,10,2,12,,15,15,1,12,4,C03,120.587508,24.176712,2
3499,66000,387130000C,(04)23274275,(04)23288582,2023,8,10,7,25,臺中市,大里區,0,1,0,7,3,6,30,13,9,1,5,4,6,6,4,4,10,5,5,2,11,58,3,10,3,1,B03,7,9,1,8,2,8,,58,58,1,6,4,B03,120.682114,24.107574,2
3500,66000,387130000C,(04)23274275,(04)23288582,2023,8,10,7,25,臺中市,豐原區,0,0,0,7,2,,50,,9,1,5,4,6,6,1,3,5,5,5,2,17,49,3,10,1,1,C03,7,2,1,10,9,13,,49,49,2,12,4,C03,120.719977,24.25176,3
3501,66000,387130000C,(04)23274275,(04)23288582,2023,8,10,7,26,臺中市,西區,0,0,0,7,,,50,,,,,,,,,,,,,,,84,,,,,B03,,,1,,2,,,84,,1,13,4,B03,120.663775,24.154648,3
3502,66000,387130000C,(04)23274275,(04)23288582,2023,8,10,7,28,臺中市,北屯區,0,0,0,7,,,50,,,,,,,,,,,,,,13,7,,,,,C03,,,1,,2,,,7,,1,13,4,C03,120.686775,24.200789,3
3503,66000,387130000C,(04)23274275,(04)23288582,2023,8,10,7,30,臺中市,南屯區,0,0,0,7,3,3,80,13,9,1,5,4,6,6,4,4,1,4,5,1,13,7,,,,,B03,,,1,,2,,,7,,1,12,4,B03,120.620759,24.132266,3
3504,66000,387130000C,(04)23274275,(04)23288582,2023,8,10,7,30,臺中市,豐原區,0,1,0,7,2,6,50,4,1,1,5,4,6,6,1,1,10,5,5,2,13,20,3,10,5,4,B03,7,5,1,5,2,2,,20,20,1,12,4,B03,120.721755,24.272976,2
3505,66000,387130000C,(04)23274275,(04)23288582,2023,8,10,7,32,臺中市,東區,0,0,0,7,2,6,50,4,1,1,5,4,6,6,4,4,10,5,5,2,15,12,3,10,2,1,C03,7,9,1,10,2,11,,12,12,1,6,4,C03,120.706016,24.142145,3
3506,66000,387130000C,(04)23274275,(04)23288582,2023,8,10,7,33,臺中市,梧棲區,0,1,0,7,2,6,70,4,2,1,5,4,6,6,1,1,1,4,4,1,12,37,2,9,2,1,C03,7,6,1,10,2,12,,37,37,1,6,4,C03,120.545059,24.226991,2
3507,66000,387130000C,(04)23274275,(04)23288582,2023,8,10,7,36,臺中市,大里區,0,1,0,7,2,6,30,13,9,1,5,4,6,6,4,4,10,5,5,2,12,42,3,10,1,1,C03,7,4,3,19,2,13,,87,42,1,13,4,C03,120.709046,24.087631,2
3508,66000,387130000C,(04)23274275,(04)23288582,2023,8,10,7,38,臺中市,大雅區,0,0,0,7,,,50,,,,,,,,,,,,,,,7,,,,,C03,,,1,,2,,,7,,1,12,4,C03,120.654984,24.227197,3
3509,66000,387130000C,(04)23274275,(04)23288582,2023,8,10,7,38,臺中市,霧峰區,0,0,0,7,,,50,,,,,,,,,,,,,,,7,,,,,B03,,,1,,2,,,7,,1,13,4,B03,120.695987,24.064329,3
3510,66000,387130000C,(04)23274275,(04)23288582,2023,8,10,7,39,臺中市,北屯區,0,0,0,7,,,50,,,,,,,,,,,,,,,7,,,,,C03,,,1,,1,,,7,,1,12,4,C03,120.671261,24.18916,3
3511,66000,387130000C,(04)23274275,(04)23288582,2023,8,10,7,40,臺中市,太平區,0,0,0,7,,,50,,,,,,,,,,,,,,17,85,,,,,C03,,,1,,2,,,85,,1,12,4,C03,120.714306,24.13377,3
3512,66000,387130000C,(04)23274275,(04)23288582,2023,8,10,7,40,臺中市,后里區,0,0,0,7,2,6,30,5,24,5,5,4,6,1,4,4,10,5,5,1,25,49,,,,,B12,,,1,,1,,,49,,1,7,4,B12,120.721059,24.308178,3
3513,66000,387130000C,(04)23274275,(04)23288582,2023,8,10,7,42,臺中市,北屯區,0,1,0,7,2,6,50,4,1,1,5,4,6,6,4,4,10,5,5,2,17,36,2,9,1,1,C03,7,6,1,10,2,14,,36,36,1,5,4,C03,120.657907,24.184642,2
3514,66000,387130000C,(04)23274275,(04)23288582,2023,8,10,7,43,臺中市,大甲區,0,0,0,7,,,50,,,,,,,,,,,,,,,51,,,,,B03,,,1,,1,,,51,,1,12,4,B03,120.626108,24.344132,3
3515,66000,387130000C,(04)23274275,(04)23288582,2023,8,10,7,46,臺中市,潭子區,0,1,0,7,3,6,60,3,1,1,5,4,6,6,1,1,1,4,4,1,17,21,3,10,2,1,C03,7,9,1,10,2,12,,21,21,1,13,4,C03,120.705749,24.218166,2
3516,66000,387130000C,(04)23274275,(04)23288582,2023,8,10,7,46,臺中市,南屯區,0,0,0,7,,,50,,,,,,,,,,,,,,,8,,,,,C03,,,1,,2,,,8,,1,13,4,C03,120.598043,24.162994,3
3517,66000,387130000C,(04)23274275,(04)23288582,2023,8,10,7,48,臺中市,東區,0,1,0,7,2,6,50,4,1,5,5,4,6,6,1,1,10,5,5,2,16,20,3,10,3,1,B12,7,5,1,8,2,5,,20,20,1,12,4,B12,120.708148,24.140637,2
3518,66000,387130000C,(04)23274275,(04)23288582,2023,8,10,7,50,臺中市,大雅區,0,1,0,7,3,6,30,11,9,1,5,4,6,6,4,4,10,5,5,2,11,59,2,7,1,1,C03,7,9,1,10,2,11,,59,59,1,12,4,C03,120.643733,24.205814,2
3519,66000,387130000C,(04)23274275,(04)23288582,2023,8,10,7,50,臺中市,北屯區,0,0,0,7,,,50,,,,,,,,,,,,,,,20,,,,,B02,,,1,,1,,,20,,1,12,4,B02,120.669893,24.201399,3
3520,66000,387130000C,(04)23274275,(04)23288582,2023,8,10,7,50,臺中市,清水區,0,1,0,7,3,6,50,13,9,1,5,4,5,6,4,4,5,5,5,1,24,57,2,9,1,1,C03,7,15,1,10,2,11,,57,57,1,12,4,C03,120.553035,24.274799,2
3521,66000,387130000C,(04)23274275,(04)23288582,2023,8,10,7,50,臺中市,神岡區,0,0,0,7,,,50,,,,,,,,,,,,,,13,59,,,,,B03,,,1,,2,,,59,,1,13,4,B03,120.695976,24.279471,3
3522,66000,387130000C,(04)23274275,(04)23288582,2023,8,10,7,52,臺中市,西屯區,0,0,0,7,,,50,,,,,,,,,,,,,,,7,,,,,C03,,,1,,1,,,7,,1,12,4,C03,120.61705,24.188556,3
3523,66000,387130000C,(04)23274275,(04)23288582,2023,8,10,7,52,臺中市,大甲區,0,0,0,7,,,50,,,,,,,,,,,,,,14,50,,,,,B03,,,1,,1,,,50,50,1,13,4,B03,120.625118,24.348028,3
3524,66000,387130000C,(04)23274275,(04)23288582,2023,8,10,7,53,臺中市,北區,0,2,0,7,2,6,30,3,1,1,5,4,6,6,4,4,3,5,5,2,16,14,2,9,2,1,C03,7,5,1,10,2,14,,14,14,1,13,4,C03,120.676511,24.156423,2
3525,66000,387130000C,(04)23274275,(04)23288582,2023,8,10,7,53,臺中市,太平區,0,1,0,7,3,6,50,4,1,1,5,4,6,6,4,4,5,5,5,1,12,42,3,10,2,1,C03,7,15,1,10,1,12,,42,42,1,12,4,C03,120.703644,24.112422,2
3526,66000,387130000C,(04)23274275,(04)23288582,2023,8,10,7,54,臺中市,西屯區,0,0,0,7,,,50,,,,,,,,,,,,,,16,47,,,,,B03,,,1,,2,,,47,,1,12,4,B03,120.614377,24.177236,3
3527,66000,387130000C,(04)23274275,(04)23288582,2023,8,10,7,57,臺中市,潭子區,0,1,0,7,2,9,50,13,9,1,5,4,6,6,4,4,5,4,5,1,13,7,2,8,1,1,C03,7,9,1,10,2,11,,7,7,1,13,4,C03,120.709274,24.233082,2
3528,66000,387130000C,(04)23274275,(04)23288582,2023,8,10,7,57,臺中市,烏日區,0,0,0,7,,,30,,,,,,,,,,,,,,,8,,,,,C03,,,1,,2,,,8,,1,12,4,C03,120.634406,24.087924,3
3529,66000,387130000C,(04)23274275,(04)23288582,2023,8,10,7,58,臺中市,太平區,0,3,0,7,3,6,50,3,1,1,5,4,6,6,4,4,5,5,5,1,16,7,2,9,2,1,C03,7,9,1,10,2,11,,7,7,1,12,4,C03,120.728556,24.114068,2
3530,66000,387130000C,(04)23274275,(04)23288582,2023,8,10,8,0,臺中市,潭子區,0,2,0,7,2,6,50,13,12,1,5,4,6,6,4,4,1,4,4,1,13,7,2,9,1,1,C03,7,9,1,10,2,11,,7,7,1,13,4,C03,120.686827,24.208835,2
3531,66000,387130000C,(04)23274275,(04)23288582,2023,8,10,8,0,臺中市,大雅區,0,0,0,7,,,50,,,,,,,,,,,,,,,50,,,,,B03,,,1,,2,,,50,,1,12,4,B03,120.650447,24.221381,3
3532,66000,387130000C,(04)23274275,(04)23288582,2023,8,10,8,1,臺中市,北區,0,1,0,7,1,6,50,5,1,1,5,4,6,6,1,1,5,5,5,2,11,11,3,10,3,1,B03,7,6,1,8,2,8,,11,11,1,12,4,B03,120.675694,24.151026,2
3533,66000,387130000C,(04)23274275,(04)23288582,2023,8,10,8,3,臺中市,北區,0,0,0,7,,,50,,,,,,,,,,,,,,13,7,,,,,B02,,,1,,2,,,7,,1,12,4,B02,120.664089,24.162142,3
3534,66000,387130000C,(04)23274275,(04)23288582,2023,8,10,8,4,臺中市,潭子區,0,2,0,7,2,6,50,3,1,1,5,4,6,6,1,1,5,4,5,1,16,11,2,8,2,1,C03,7,6,1,10,2,12,,11,11,1,13,4,C03,120.710362,24.210438,2
3535,66000,387130000C,(04)23274275,(04)23288582,2023,8,10,8,5,臺中市,西區,0,0,0,7,,,50,,,,,,,,,,,,,,,40,,,,,B12,,,1,,1,,,40,,1,12,4,B12,120.661688,24.140163,3
3536,66000,387130000C,(04)23274275,(04)23288582,2023,8,10,8,7,臺中市,梧棲區,0,1,0,7,3,6,50,4,1,1,5,4,6,6,4,4,10,5,5,2,15,15,2,1,3,1,B03,7,9,1,8,2,1,,15,15,1,6,4,B03,120.548916,24.252846,2
3537,66000,387130000C,(04)23274275,(04)23288582,2023,8,10,8,10,臺中市,西屯區,0,1,0,7,2,6,50,4,1,1,5,4,6,6,4,4,10,5,5,2,18,84,2,9,2,1,C03,7,5,1,10,2,15,,84,84,1,12,4,C03,120.631833,24.158269,2
3538,66000,387130000C,(04)23274275,(04)23288582,2023,8,10,8,13,臺中市,南屯區,0,2,0,7,3,6,50,13,9,1,5,4,6,6,4,4,5,3,5,2,13,59,2,9,2,4,C03,7,5,1,10,2,13,,87,59,1,13,4,C03,120.643392,24.134801,2
3539,66000,387130000C,(04)23274275,(04)23288582,2023,8,10,8,14,臺中市,南屯區,0,0,0,7,3,6,50,13,9,1,5,4,6,6,1,1,1,4,5,2,13,7,,,,,B03,,,1,,2,,,7,,1,12,4,B03,120.648124,24.123176,3
3540,66000,387130000C,(04)23274275,(04)23288582,2023,8,10,8,17,臺中市,潭子區,0,0,0,7,,,60,,,,,,,,,,,,,,,59,,,,,B03,,,1,,2,,,59,,1,13,4,B03,120.703284,24.199039,3
3541,66000,387130000C,(04)23274275,(04)23288582,2023,8,10,8,19,臺中市,北屯區,0,1,0,7,2,6,15,13,9,1,5,4,6,6,4,4,5,4,5,2,13,58,2,9,2,1,C03,7,9,1,10,2,11,,58,58,1,12,4,C03,120.680502,24.180681,2
3542,66000,387130000C,(04)23274275,(04)23288582,2023,8,10,8,21,臺中市,霧峰區,0,1,0,7,2,6,50,3,9,1,5,4,6,6,4,4,9,4,5,1,13,7,2,9,2,1,C03,7,9,1,10,2,11,,7,7,1,13,4,C03,120.70317,24.076224,2
3543,66000,387130000C,(04)23274275,(04)23288582,2023,8,10,8,22,臺中市,東勢區,0,0,0,7,,,70,,,,,,,,,,,,,,,7,,,,,B03,,,1,,1,,,7,,1,13,4,B03,120.822899,24.261296,3
3544,66000,387130000C,(04)23274275,(04)23288582,2023,8,10,8,23,臺中市,霧峰區,0,1,0,7,3,6,40,4,1,1,5,4,6,6,4,4,1,4,5,1,30,119,,,,,,,,,,,,,119,119,1,,,,120.664116,24.077505,2
3545,66000,387130000C,(04)23274275,(04)23288582,2023,8,10,8,23,臺中市,神岡區,0,0,0,7,,,50,,,,,,,,,,,,,,,7,,,,,C03,,,2,,1,,,7,,1,13,4,C03,120.656002,24.260312,3
3546,66000,387130000C,(04)23274275,(04)23288582,2023,8,10,8,25,臺中市,大雅區,0,2,0,7,2,6,30,4,1,1,5,4,6,6,1,1,10,5,5,2,17,1,2,9,1,1,C03,7,4,1,10,2,11,,1,1,1,12,4,C03,120.642887,24.210217,2
3547,66000,387130000C,(04)23274275,(04)23288582,2023,8,10,8,26,臺中市,龍井區,0,1,0,7,1,6,50,11,9,1,5,4,6,6,4,4,9,4,5,1,12,8,2,9,1,1,C03,7,4,1,10,2,12,,8,8,1,12,4,C03,120.580291,24.184248,2
3548,66000,387130000C,(04)23274275,(04)23288582,2023,8,10,8,28,臺中市,西屯區,0,0,0,7,,,50,,,,,,,,,,,,,,,51,,,,,C03,,,1,,2,,,51,,1,13,4,C03,120.645499,24.1849,3
3549,66000,387130000C,(04)23274275,(04)23288582,2023,8,10,8,30,臺中市,西屯區,0,0,0,7,,,50,,,,,,,,,,,,,,16,40,,,,,B03,,,1,,2,,,40,,1,12,4,B03,120.62843,24.161515,3
3550,66000,387130000C,(04)23274275,(04)23288582,2023,8,10,8,32,臺中市,潭子區,0,2,0,7,3,6,30,4,1,1,5,4,6,6,4,4,5,5,5,1,17,14,2,9,2,1,C03,7,6,1,10,2,11,,14,14,1,13,4,C03,120.688513,24.22537,2
3551,66000,387130000C,(04)23274275,(04)23288582,2023,8,10,8,34,臺中市,南屯區,0,2,0,7,2,6,50,3,3,1,5,4,6,6,1,1,1,4,4,2,12,8,2,9,5,4,C03,7,9,1,10,2,12,,8,8,1,13,4,C03,120.587488,24.166791,2
3552,66000,387130000C,(04)23274275,(04)23288582,2023,8,10,8,35,臺中市,清水區,0,1,0,7,3,6,50,3,9,1,5,4,6,6,4,4,5,5,5,2,9,109,3,10,6,5,H04,8,20,7,21,10,17,,109,109,1,12,5,H04,120.55538,24.265934,2
3553,66000,387130000C,(04)23274275,(04)23288582,2023,8,10,8,36,臺中市,南屯區,0,2,0,7,3,6,50,3,1,1,5,4,6,6,4,4,10,5,5,2,15,20,2,8,5,4,C04,7,1,1,10,2,11,12,20,20,1,12,4,C04,120.654917,24.142253,2
3554,66000,387130000C,(04)23274275,(04)23288582,2023,8,10,8,36,臺中市,大甲區,0,0,0,7,,,50,,,,,,,,,,,,,,,49,,,,,B03,,,1,,1,,,49,,1,12,4,B03,120.627083,24.347913,3
3555,66000,387130000C,(04)23274275,(04)23288582,2023,8,10,8,37,臺中市,大雅區,0,0,0,7,3,6,30,11,9,1,5,4,6,6,4,4,10,5,5,1,14,49,,,,,B12,,,1,,2,,,49,,1,12,4,B12,120.677336,24.235326,3
3556,66000,387130000C,(04)23274275,(04)23288582,2023,8,10,8,38,臺中市,南屯區,0,0,0,7,,,50,,,,,,,,,,,,,,13,7,,,,,B03,,,1,,1,,,7,,1,13,4,B03,120.633696,24.145099,3
3557,66000,387130000C,(04)23274275,(04)23288582,2023,8,10,8,40,臺中市,北區,0,1,0,7,2,6,50,13,9,1,5,4,6,6,4,4,3,4,5,2,17,84,2,9,2,1,C03,7,9,1,10,2,15,,84,84,1,13,4,C03,120.673434,24.165784,2
3558,66000,387130000C,(04)23274275,(04)23288582,2023,8,10,8,44,臺中市,西屯區,0,0,0,7,,,40,,,,,,,,,,,,,,,7,,,,,C03,,,1,,1,,,7,,1,12,4,C03,120.649796,24.162755,3