序號,縣市別代碼,機關代碼,市話,傳真,年,月,日,時,分,縣市,區,死亡數量,受傷數量,2-30,天候,光線,道路類別,速限,道路型態,事故位置,路面鋪裝,路面狀態,路面缺陷,障礙物,視距,號誌種類,號誌動作,分向設施,快車道或一般車道間,快慢車道間,路面邊線,事故類型及型態,主要肇因,受傷程度,主要傷處,保護裝備,行動電話,當事者區分(類別),車輛用途,當事者行動狀態,駕駛資格情形,駕駛執照種類,飲酒情形,車輛撞擊部位最初,車輛撞擊部位其他,肇事因素個別,肇事因素主要,肇事逃逸,職業,旅次目的,車種,GPS座標X,GPS座標Y,事故類別
3559,66000,387130000C,(04)23274275,(04)23288582,2023,8,10,8,45,臺中市,大雅區,0,1,0,7,2,6,50,11,9,1,5,4,6,6,4,4,5,4,5,1,17,84,2,9,4,1,F01,7,9,7,21,1,12,,84,84,1,12,4,F01,120.653812,24.230191,2
3560,66000,387130000C,(04)23274275,(04)23288582,2023,8,10,8,45,臺中市,西屯區,0,0,0,7,,,40,,,,,,,,,,,,,,,84,,,,,B12,,,1,,2,,,84,,1,12,4,B12,120.655684,24.199951,3
3561,66000,387130000C,(04)23274275,(04)23288582,2023,8,10,8,47,臺中市,烏日區,0,0,0,7,1,6,50,13,7,1,5,4,6,6,1,1,1,3,4,1,17,40,,,,,B03,,,1,,2,,,40,,1,12,4,B03,120.608744,24.108089,3
3562,66000,387130000C,(04)23274275,(04)23288582,2023,8,10,8,52,臺中市,中區,0,2,0,7,2,6,50,4,1,1,5,4,6,6,2,1,10,5,5,2,17,4,2,9,1,1,C03,7,9,1,10,2,11,,4,4,1,12,4,C03,120.681818,24.14026,2
3563,66000,387130000C,(04)23274275,(04)23288582,2023,8,10,8,54,臺中市,北屯區,0,1,0,7,2,6,30,3,2,1,5,4,6,6,4,4,10,5,5,2,13,14,3,10,1,1,C03,7,5,1,10,2,13,,14,14,1,13,4,C03,120.669399,24.178607,2
3564,66000,387130000C,(04)23274275,(04)23288582,2023,8,10,8,57,臺中市,西屯區,0,0,0,7,,,30,,,,,,,,,,,,,,17,51,,,,,B12,,,1,,9,,,51,,1,12,4,B12,120.647152,24.176183,3
3565,66000,387130000C,(04)23274275,(04)23288582,2023,8,10,8,58,臺中市,北屯區,0,1,0,7,2,6,50,5,1,1,5,4,6,6,2,1,10,5,5,2,17,51,2,9,2,1,C03,7,1,1,10,2,11,12,51,51,1,12,4,C03,120.697684,24.170221,2
3566,66000,387130000C,(04)23274275,(04)23288582,2023,8,10,9,2,臺中市,南屯區,0,0,0,7,3,6,50,13,9,1,5,4,6,6,4,4,5,5,5,1,11,20,,,,,B02,,,1,,1,,,20,,1,12,4,B02,120.647795,24.14095,3
3567,66000,387130000C,(04)23274275,(04)23288582,2023,8,10,9,5,臺中市,北屯區,0,1,0,7,2,6,50,4,1,1,5,4,6,6,1,3,10,5,5,2,17,14,2,9,1,1,C03,7,6,1,10,2,12,,14,14,1,12,4,C03,120.68701,24.185502,2
3568,66000,387130000C,(04)23274275,(04)23288582,2023,8,10,9,10,臺中市,北區,0,0,0,7,,,50,,,,,,,,,,,,,,,7,,,,,B01,,,1,,2,,,7,,1,12,4,B01,120.665983,24.134773,3
3569,66000,387130000C,(04)23274275,(04)23288582,2023,8,10,9,11,臺中市,太平區,0,0,0,7,,,50,,,,,,,,,,,,,,17,84,,,,,B03,,,1,,2,,,84,,1,12,4,B03,120.721964,24.155642,3
3570,66000,387130000C,(04)23274275,(04)23288582,2023,8,10,9,12,臺中市,北屯區,0,2,0,7,2,6,50,13,9,1,5,4,6,6,1,1,1,4,5,2,17,7,2,9,1,1,C03,7,9,1,10,2,11,,7,7,1,12,4,C03,120.68753,24.172194,2
3571,66000,387130000C,(04)23274275,(04)23288582,2023,8,10,9,13,臺中市,西區,0,2,0,7,2,6,50,3,2,1,5,4,6,6,1,1,1,4,4,2,13,59,2,9,1,1,C03,7,9,1,10,2,11,,59,59,1,12,4,C03,120.657109,24.141162,2
3572,66000,387130000C,(04)23274275,(04)23288582,2023,8,10,9,15,臺中市,大甲區,0,0,0,7,,,50,,,,,,,,,,,,,,,49,,,,,B03,,,1,,1,,,49,,1,12,4,B03,120.624184,24.350316,3
3573,66000,387130000C,(04)23274275,(04)23288582,2023,8,10,9,21,臺中市,潭子區,0,0,0,7,2,6,60,13,9,1,5,4,6,6,3,1,10,4,5,1,13,7,,,,,B12,,,1,,2,,,7,,1,13,4,B12,120.706871,24.221996,3
3574,66000,387130000C,(04)23274275,(04)23288582,2023,8,10,9,26,臺中市,大安區,0,1,0,7,2,6,50,3,2,1,5,4,6,6,1,1,5,5,5,1,17,6,2,9,2,1,C03,7,9,1,10,2,12,,6,6,1,12,4,C03,120.609542,24.347868,2
3575,66000,387130000C,(04)23274275,(04)23288582,2023,8,10,9,30,臺中市,西屯區,0,0,0,7,,,50,,,,,,,,,,,,,,,49,,,,,B03,,,1,,1,,,87,49,1,13,4,B03,120.596773,24.170537,3
3576,66000,387130000C,(04)23274275,(04)23288582,2023,8,10,9,30,臺中市,沙鹿區,0,2,0,7,1,6,30,13,9,1,5,4,6,6,4,4,10,5,5,2,11,8,2,7,1,1,C03,7,9,1,10,2,11,,8,8,1,6,4,C03,120.592533,24.223816,2
3577,66000,387130000C,(04)23274275,(04)23288582,2023,8,10,9,31,臺中市,北區,0,1,0,7,3,6,50,4,1,1,5,4,6,6,1,1,5,5,5,2,15,21,2,9,2,1,C03,7,9,3,19,2,11,,21,21,1,12,4,C03,120.676567,24.160407,2
3578,66000,387130000C,(04)23274275,(04)23288582,2023,8,10,9,44,臺中市,西屯區,0,0,0,7,,,60,,,,,,,,,,,,,,,7,,,,,B03,,,1,,2,,,7,,1,13,4,B03,120.616508,24.182689,3
3579,66000,387130000C,(04)23274275,(04)23288582,2023,8,10,9,45,臺中市,西屯區,0,3,0,7,2,6,50,4,1,1,5,4,6,6,2,1,1,2,1,2,12,40,2,8,5,4,B11,7,8,1,8,2,8,,40,40,1,12,4,B11,120.624323,24.178446,2
3580,66000,387130000C,(04)23274275,(04)23288582,2023,8,10,9,45,臺中市,大甲區,0,2,0,7,2,6,50,3,1,1,5,4,6,6,4,4,10,5,5,2,16,48,2,8,1,1,C03,7,6,1,10,2,11,,48,48,1,12,4,C03,120.63265,24.341831,2
3581,66000,387130000C,(04)23274275,(04)23288582,2023,8,10,9,54,臺中市,龍井區,0,1,0,7,1,6,30,13,9,1,5,4,6,6,4,4,10,5,5,1,10,6,3,10,3,1,B03,7,9,1,8,2,8,,6,6,1,12,4,B03,120.576213,24.188685,2
3582,66000,387130000C,(04)23274275,(04)23288582,2023,8,10,10,12,臺中市,東區,0,1,0,7,2,6,50,4,1,1,5,4,6,6,1,1,10,4,4,2,17,21,2,9,2,1,C03,7,9,1,15,2,12,,21,21,1,13,4,C03,120.688638,24.12892,2
3583,66000,387130000C,(04)23274275,(04)23288582,2023,8,10,10,17,臺中市,西屯區,0,0,0,7,,,30,,,,,,,,,,,,,,9,78,,,,,C03,,,1,,1,,,87,78,1,13,4,C03,120.647442,24.182855,3
3584,66000,387130000C,(04)23274275,(04)23288582,2023,8,10,10,18,臺中市,西屯區,0,1,0,7,2,6,50,13,9,1,5,4,6,6,4,4,5,5,5,2,9,84,4,11,5,4,G06,7,13,6,20,11,15,,84,84,1,12,4,G06,120.667019,24.177368,2
3585,66000,387130000C,(04)23274275,(04)23288582,2023,8,10,10,22,臺中市,西屯區,0,0,0,7,,,40,,,,,,,,,,,,,,,51,,,,,B03,,,1,,1,,,51,,1,12,4,B03,120.6046,24.183417,3
3586,66000,387130000C,(04)23274275,(04)23288582,2023,8,10,10,24,臺中市,東區,0,1,0,7,2,6,50,3,1,1,5,4,6,6,1,1,10,5,5,2,12,8,2,9,1,1,C04,7,9,1,11,2,14,,8,8,1,12,4,C04,120.690251,24.140033,2
3587,66000,387130000C,(04)23274275,(04)23288582,2023,8,10,10,25,臺中市,北屯區,0,1,0,7,2,6,50,4,1,1,5,4,6,6,2,1,10,5,5,2,15,51,2,8,1,1,C03,7,1,1,10,2,14,,51,51,1,6,4,C03,120.719421,24.18224,2
3588,66000,387130000C,(04)23274275,(04)23288582,2023,8,10,10,30,臺中市,清水區,0,0,0,7,,,40,,,,,,,,,,,,,,,58,,,,,B03,,,1,,1,,,58,,1,12,4,B03,120.577122,24.275601,3
3589,66000,387130000C,(04)23274275,(04)23288582,2023,8,10,10,30,臺中市,豐原區,0,0,0,7,,,50,,,,,,,,,,,,,,12,40,,,,,A11,,,1,,2,,,40,,1,13,4,A11,120.720229,24.236073,3
3590,66000,387130000C,(04)23274275,(04)23288582,2023,8,10,10,34,臺中市,大里區,0,0,0,7,,,50,,,,,,,,,,,,,,13,7,,,,,B03,,,1,,2,,,7,,1,13,4,B03,120.693673,24.079467,3
3591,66000,387130000C,(04)23274275,(04)23288582,2023,8,10,10,35,臺中市,大里區,0,0,0,7,,,50,,,,,,,,,,,,,,,50,,,,,B12,,,1,,1,,,50,,1,13,4,B12,120.700084,24.08718,3
3592,66000,387130000C,(04)23274275,(04)23288582,2023,8,10,10,38,臺中市,南區,0,2,0,7,2,6,50,3,1,1,5,4,3,3,4,4,1,5,5,2,16,4,2,9,2,1,C03,7,6,3,19,2,14,,4,4,1,12,4,C03,120.657425,24.121005,2
3593,66000,387130000C,(04)23274275,(04)23288582,2023,8,10,10,39,臺中市,西屯區,0,0,0,7,,,50,,,,,,,,,,,,,,14,49,,,,,B03,,,1,,1,,,49,,1,12,4,B03,120.619759,24.184318,3
3594,66000,387130000C,(04)23274275,(04)23288582,2023,8,10,10,39,臺中市,西屯區,0,0,0,7,,,50,,,,,,,,,,,,,,,51,,,,,B03,,,1,,1,,,51,,1,13,4,B03,120.654333,24.168348,3
3595,66000,387130000C,(04)23274275,(04)23288582,2023,8,10,10,43,臺中市,豐原區,0,0,0,7,,,50,,,,,,,,,,,,,,17,50,,,,,B03,,,1,,2,,,50,,1,12,4,B03,120.733444,24.256448,3
3596,66000,387130000C,(04)23274275,(04)23288582,2023,8,10,10,47,臺中市,梧棲區,0,2,0,7,2,6,60,4,1,1,5,4,6,6,1,1,10,5,5,2,15,84,2,9,2,1,C03,7,1,1,10,9,14,,84,84,2,12,4,C03,120.540915,24.261205,2
3597,66000,387130000C,(04)23274275,(04)23288582,2023,8,10,10,49,臺中市,西區,0,1,0,7,3,6,50,4,1,1,5,4,6,6,4,4,10,5,5,2,13,84,2,9,1,1,C03,7,9,1,10,2,11,,84,84,1,13,4,C03,120.672223,24.136378,2
3598,66000,387130000C,(04)23274275,(04)23288582,2023,8,10,10,50,臺中市,和平區,0,1,0,7,3,6,50,13,14,1,5,4,6,6,4,4,4,1,5,1,19,59,2,9,5,1,C03,7,9,1,10,2,11,,59,59,1,13,4,C03,120.921222,24.322074,2
3599,66000,387130000C,(04)23274275,(04)23288582,2023,8,10,10,53,臺中市,太平區,0,0,0,7,,,50,,,,,,,,,,,,,,,20,,,,,C03,,,1,,2,,,20,,1,12,4,C03,120.715596,24.135995,3
3600,66000,387130000C,(04)23274275,(04)23288582,2023,8,10,10,55,臺中市,大里區,0,1,0,7,3,6,50,4,1,1,5,4,6,6,1,1,10,5,5,2,16,21,3,10,1,1,C03,7,9,1,10,2,12,,21,21,1,6,2,C03,120.681003,24.115148,2
3601,66000,387130000C,(04)23274275,(04)23288582,2023,8,10,10,56,臺中市,清水區,0,0,0,7,,,50,,,,,,,,,,,,,,,8,,,,,B12,,,1,,1,,,8,,1,12,4,B12,120.574385,24.270582,3
3602,66000,387130000C,(04)23274275,(04)23288582,2023,8,10,10,57,臺中市,烏日區,0,3,0,7,3,6,50,4,1,1,5,4,6,6,2,1,1,4,5,1,12,48,2,9,2,1,C03,7,6,1,10,2,14,,48,48,1,12,4,C03,120.634214,24.106275,2
3603,66000,387130000C,(04)23274275,(04)23288582,2023,8,10,10,58,臺中市,西屯區,0,0,0,7,,,50,,,,,,,,,,,,,,,49,,,,,B03,,,1,,1,,,49,,1,12,4,B03,120.662795,24.164496,3
3604,66000,387130000C,(04)23274275,(04)23288582,2023,8,10,11,5,臺中市,南屯區,0,0,0,7,,,50,,,,,,,,,,,,,,,7,,,,,B03,,,1,,2,,,7,,1,13,4,B03,120.609883,24.140483,3
3605,66000,387130000C,(04)23274275,(04)23288582,2023,8,10,11,7,臺中市,大雅區,0,0,0,7,,,50,,,,,,,,,,,,,,,7,,,,,C03,,,1,,2,,,7,,1,13,4,C03,120.654952,24.2297,3
3606,66000,387130000C,(04)23274275,(04)23288582,2023,8,10,11,7,臺中市,南屯區,0,0,0,7,,,50,,,,,,,,,,,,,,12,8,,,,,B03,,,1,,1,,,8,,1,13,4,B03,120.615326,24.147574,3
3607,66000,387130000C,(04)23274275,(04)23288582,2023,8,10,11,7,臺中市,大里區,0,0,0,7,,,50,,,,,,,,,,,,,,,7,,,,,C03,,,1,,2,,,7,,1,12,4,C03,120.678881,24.097918,3
3608,66000,387130000C,(04)23274275,(04)23288582,2023,8,10,11,7,臺中市,清水區,0,0,0,7,,,40,,,,,,,,,,,,,,,84,,,,,B03,,,1,,2,,,87,84,1,12,4,B03,120.569531,24.273306,3
3609,66000,387130000C,(04)23274275,(04)23288582,2023,8,10,11,10,臺中市,西區,0,0,0,7,,,50,,,,,,,,,,,,,,17,7,,,,,B03,,,3,,2,,,7,,1,12,4,B03,120.663128,24.14306,3
3610,66000,387130000C,(04)23274275,(04)23288582,2023,8,10,11,13,臺中市,太平區,0,1,0,7,2,6,50,4,1,1,5,4,6,6,1,1,5,5,5,2,17,11,3,10,3,1,B03,7,6,1,8,2,2,,11,11,1,12,4,B03,120.721502,24.119897,2
3611,66000,387130000C,(04)23274275,(04)23288582,2023,8,10,11,13,臺中市,豐原區,0,2,0,7,3,6,50,4,1,1,5,4,6,6,1,1,10,5,5,2,17,11,2,9,1,1,C03,7,6,1,10,2,11,,11,11,1,11,4,C03,120.722247,24.256792,2
3612,66000,387130000C,(04)23274275,(04)23288582,2023,8,10,11,21,臺中市,北區,0,0,0,7,,,50,,,,,,,,,,,,,,12,40,,,,,B03,,,1,,1,,,40,,1,13,4,B03,120.682365,24.163041,3
3613,66000,387130000C,(04)23274275,(04)23288582,2023,8,10,11,21,臺中市,神岡區,0,1,0,7,2,6,30,13,9,1,5,4,6,6,4,4,10,5,5,1,28,87,2,9,2,1,C03,7,9,1,10,2,11,,87,87,1,13,4,C03,120.689722,24.275462,2
3614,66000,387130000C,(04)23274275,(04)23288582,2023,8,10,11,23,臺中市,龍井區,0,0,0,7,,,30,,,,,,,,,,,,,,,15,,,,,C03,,,1,,2,,,15,15,1,6,4,C03,120.593826,24.189602,3
3615,66000,387130000C,(04)23274275,(04)23288582,2023,8,10,11,27,臺中市,潭子區,0,2,0,7,2,6,50,4,2,1,5,4,6,6,1,3,3,4,5,2,15,13,2,9,1,1,C03,7,9,1,10,2,14,,13,13,1,13,4,C03,120.71293,24.223846,2
3616,66000,387130000C,(04)23274275,(04)23288582,2023,8,10,11,33,臺中市,太平區,0,0,0,7,,,30,,,,,,,,,,,,,,,49,,,,,B03,,,1,,1,,,49,,1,12,4,B03,120.710264,24.110916,3
3617,66000,387130000C,(04)23274275,(04)23288582,2023,8,10,11,39,臺中市,南屯區,0,0,0,7,3,6,50,13,9,1,5,4,6,6,4,4,5,5,5,2,12,73,,,,,B12,,,1,,1,,,73,73,1,12,4,B12,120.630374,24.152737,3
3618,66000,387130000C,(04)23274275,(04)23288582,2023,8,10,11,40,臺中市,北區,0,0,0,7,,,50,,,,,,,,,,,,,,,51,,,,,B03,,,1,,1,,,51,,1,12,4,B03,120.685198,24.15201,3
3619,66000,387130000C,(04)23274275,(04)23288582,2023,8,10,11,40,臺中市,東區,0,1,0,7,2,6,50,4,1,1,5,4,6,6,1,1,10,5,5,2,17,84,3,10,2,1,C03,7,15,1,10,2,15,,84,84,1,12,4,C03,120.697296,24.147958,2
3620,66000,387130000C,(04)23274275,(04)23288582,2023,8,10,11,42,臺中市,龍井區,0,1,0,7,2,6,30,4,1,1,5,4,6,6,4,4,10,5,5,2,15,6,2,9,2,1,C03,7,9,1,10,2,14,,6,20,1,12,4,C03,120.519108,24.190083,2
3621,66000,387130000C,(04)23274275,(04)23288582,2023,8,10,11,45,臺中市,西區,0,0,0,7,,,50,,,,,,,,,,,,,,,51,,,,,B03,,,1,,1,,,51,,1,12,4,B03,120.668444,24.140294,3
3622,66000,387130000C,(04)23274275,(04)23288582,2023,8,10,11,46,臺中市,太平區,0,0,0,7,,,50,,,,,,,,,,,,,,,84,,,,,B03,,,1,,1,,,84,,1,12,4,B03,120.705955,24.149,3
3623,66000,387130000C,(04)23274275,(04)23288582,2023,8,10,11,52,臺中市,太平區,0,0,0,7,,,30,,,,,,,,,,,,,,17,41,,,,,B12,,,1,,1,,,41,,1,12,4,B12,120.706017,24.113158,3
3624,66000,387130000C,(04)23274275,(04)23288582,2023,8,10,11,53,臺中市,南屯區,0,1,0,7,3,6,50,4,1,1,5,4,6,6,2,1,10,5,5,2,13,7,3,10,5,4,C03,7,9,1,10,2,11,,7,7,1,12,4,C03,120.643826,24.146854,2
3625,66000,387130000C,(04)23274275,(04)23288582,2023,8,10,11,58,臺中市,西區,0,0,0,7,,,50,,,,,,,,,,,,,,12,40,,,,,B03,,,1,,1,,,40,,1,12,4,B03,120.658108,24.146622,3
3626,66000,387130000C,(04)23274275,(04)23288582,2023,8,10,12,0,臺中市,西屯區,0,2,0,7,3,6,50,13,8,1,5,4,6,6,4,4,5,4,4,1,7,98,2,9,6,5,H01,8,16,7,21,2,17,,98,98,1,13,5,H01,120.649912,24.175327,2
3627,66000,387130000C,(04)23274275,(04)23288582,2023,8,10,12,0,臺中市,大甲區,0,0,0,7,,,30,,,,,,,,,,,,,,27,71,,,,,A12,,,1,,2,,,71,,1,6,4,A12,120.658748,24.392569,3
3628,66000,387130000C,(04)23274275,(04)23288582,2023,8,10,12,4,臺中市,南屯區,0,0,0,7,,,40,,,,,,,,,,,,,,14,49,,,,,B03,,,1,,2,,,49,,1,13,4,B03,120.630188,24.150174,3
3629,66000,387130000C,(04)23274275,(04)23288582,2023,8,10,12,5,臺中市,烏日區,0,2,0,7,1,6,50,13,24,1,5,4,6,6,1,1,5,5,4,2,17,4,2,9,1,1,C03,7,11,1,10,2,14,,87,4,1,12,4,C03,120.641536,24.105958,2
3630,66000,387130000C,(04)23274275,(04)23288582,2023,8,10,12,6,臺中市,大雅區,0,0,0,7,2,6,30,13,9,2,5,4,6,6,4,4,10,5,5,2,14,49,,,,,B12,,,1,,2,,,49,,1,12,4,B12,120.659836,24.207498,3
3631,66000,387130000C,(04)23274275,(04)23288582,2023,8,10,12,9,臺中市,太平區,0,0,0,7,,,50,,,,,,,,,,,,,,17,51,,,,,C03,,,2,,9,,,51,,1,4,4,C03,120.716995,24.158748,3
3632,66000,387130000C,(04)23274275,(04)23288582,2023,8,10,12,9,臺中市,豐原區,0,0,0,7,,,30,,,,,,,,,,,,,,17,77,,,,,B03,,,1,,2,,,77,,1,13,4,B03,120.729409,24.251101,3
3633,66000,387130000C,(04)23274275,(04)23288582,2023,8,10,12,10,臺中市,西屯區,0,0,0,7,2,6,40,4,1,1,5,4,6,6,1,1,1,2,5,2,16,21,3,10,5,4,B03,7,9,1,8,2,1,,21,21,1,12,4,B03,120.637546,24.185697,3
3634,66000,387130000C,(04)23274275,(04)23288582,2023,8,10,12,12,臺中市,北屯區,0,1,0,7,2,6,40,13,8,1,5,4,6,6,4,4,5,4,4,2,13,7,2,9,1,1,C03,7,9,1,10,2,11,,7,7,1,13,4,C03,120.672784,24.175956,2
3635,66000,387130000C,(04)23274275,(04)23288582,2023,8,10,12,14,臺中市,北區,0,0,0,7,,,30,,,,,,,,,,,,,,9,7,,,,,B03,,,1,,2,,,7,,1,12,4,B03,120.690229,24.162071,3
3636,66000,387130000C,(04)23274275,(04)23288582,2023,8,10,12,14,臺中市,太平區,0,1,0,7,3,6,50,4,1,1,5,4,6,6,1,1,5,5,4,1,13,7,3,10,3,1,B12,7,5,1,8,2,8,,7,7,1,12,4,B12,120.716804,24.151348,2
3637,66000,387130000C,(04)23274275,(04)23288582,2023,8,10,12,19,臺中市,豐原區,0,0,0,7,,,50,,,,,,,,,,,,,,17,59,,,,,B03,,,1,,2,,,59,,1,12,4,B03,120.724739,24.256065,3
3638,66000,387130000C,(04)23274275,(04)23288582,2023,8,10,12,20,臺中市,梧棲區,0,1,0,7,1,6,50,13,9,1,5,4,6,6,4,4,5,5,5,1,17,84,3,10,5,4,C03,7,6,1,10,2,16,,84,84,1,12,4,C03,120.533406,24.245648,2
3639,66000,387130000C,(04)23274275,(04)23288582,2023,8,10,12,23,臺中市,東區,0,2,0,7,2,6,50,3,1,1,5,4,6,6,4,4,10,5,5,2,17,84,2,7,2,1,C03,7,1,1,10,2,13,,84,84,1,13,4,C03,120.662411,24.120844,2
3640,66000,387130000C,(04)23274275,(04)23288582,2023,8,10,12,24,臺中市,南屯區,0,1,0,7,3,6,50,13,7,1,5,4,6,6,4,4,9,5,4,2,16,45,3,10,5,4,B12,7,11,1,8,2,8,,45,45,1,13,4,B12,120.612818,24.151884,2
3641,66000,387130000C,(04)23274275,(04)23288582,2023,8,10,12,26,臺中市,北屯區,0,0,0,7,,,50,,,,,,,,,,,,,,,7,,,,,B02,,,1,,1,,,7,,1,12,4,B02,120.681436,24.17635,3
3642,66000,387130000C,(04)23274275,(04)23288582,2023,8,10,12,27,臺中市,潭子區,0,0,0,7,,,50,,,,,,,,,,,,,,,8,,,,,B12,,,1,,2,,,8,,1,13,4,B12,120.706318,24.20277,3
3643,66000,387130000C,(04)23274275,(04)23288582,2023,8,10,12,28,臺中市,南區,0,2,0,7,2,6,50,4,1,1,5,4,6,6,1,1,1,2,4,2,13,7,2,9,2,1,C03,7,9,1,10,2,12,,7,7,1,6,4,C03,120.677373,24.130505,2
3644,66000,387130000C,(04)23274275,(04)23288582,2023,8,10,12,30,臺中市,西區,0,1,0,7,3,6,50,3,2,1,5,4,6,6,4,4,5,5,5,2,16,34,2,8,1,1,C03,7,11,1,10,2,14,,34,34,1,6,2,C03,120.660631,24.159488,2
3645,66000,387130000C,(04)23274275,(04)23288582,2023,8,10,12,34,臺中市,北屯區,0,0,0,7,,,50,,,,,,,,,,,,,,12,2,,,,,B03,,,1,,1,,,2,2,1,13,4,B03,120.676832,24.180556,3
3646,66000,387130000C,(04)23274275,(04)23288582,2023,8,10,12,34,臺中市,太平區,0,0,0,7,,,50,,,,,,,,,,,,,,,51,,,,,B03,,,1,,2,,,51,,1,12,4,B03,120.719412,24.146503,3
3647,66000,387130000C,(04)23274275,(04)23288582,2023,8,10,12,35,臺中市,西屯區,0,1,0,7,2,6,50,13,9,1,5,4,6,6,4,4,1,4,5,2,16,20,3,10,3,1,B12,7,5,1,8,2,5,,20,20,1,12,4,B12,120.637352,24.169832,2
3648,66000,387130000C,(04)23274275,(04)23288582,2023,8,10,12,40,臺中市,北區,0,1,0,7,1,6,50,13,9,1,5,4,6,6,4,4,5,4,5,2,17,51,3,10,3,1,B03,7,1,1,8,2,7,,51,51,1,12,4,B03,120.687455,24.152481,2
3649,66000,387130000C,(04)23274275,(04)23288582,2023,8,10,12,44,臺中市,龍井區,0,1,0,7,1,6,30,3,1,1,5,4,6,6,4,4,10,5,5,2,16,14,3,10,3,1,B12,7,9,1,8,2,5,,6,14,1,12,4,B12,120.576337,24.175488,2
3650,66000,387130000C,(04)23274275,(04)23288582,2023,8,10,12,46,臺中市,西屯區,0,0,0,7,,,1,,,,,,,,,,,,,,,50,,,,,C03,,,1,,1,,,50,,1,12,4,C03,120.637693,24.163185,3
3651,66000,387130000C,(04)23274275,(04)23288582,2023,8,10,13,8,臺中市,中區,0,2,0,7,3,6,50,4,1,1,5,4,6,6,2,1,10,5,5,2,16,39,2,9,1,1,C03,7,6,1,10,2,14,,39,39,1,13,4,C03,120.679894,24.139367,2
3652,66000,387130000C,(04)23274275,(04)23288582,2023,8,10,13,11,臺中市,南屯區,0,1,0,7,3,6,50,4,1,1,5,4,6,6,2,1,10,5,5,2,16,51,2,9,5,4,C03,7,1,3,19,2,14,12,51,51,1,12,4,C03,120.649912,24.136676,2
3653,66000,387130000C,(04)23274275,(04)23288582,2023,8,10,13,14,臺中市,南屯區,0,1,0,7,2,6,50,13,9,1,5,4,3,6,4,4,5,4,5,2,17,40,3,10,3,1,B12,7,8,1,8,2,8,,40,40,1,12,4,B12,120.649841,24.148343,2
3654,66000,387130000C,(04)23274275,(04)23288582,2023,8,10,13,17,臺中市,西區,0,1,0,7,2,6,50,3,1,1,5,4,6,6,4,4,10,5,5,2,14,49,3,10,3,1,B03,7,2,1,8,2,7,,49,49,1,12,4,B03,120.676126,24.135716,2
3655,66000,387130000C,(04)23274275,(04)23288582,2023,8,10,13,20,臺中市,西屯區,0,0,0,7,,,30,,,,,,,,,,,,,,17,8,,,,,B12,,,1,,1,,,8,,2,6,4,B12,120.647415,24.17534,3
3656,66000,387130000C,(04)23274275,(04)23288582,2023,8,10,13,30,臺中市,中區,0,0,0,7,,,50,,,,,,,,,,,,,,,49,,,,,B03,,,1,,1,,,49,,1,12,4,B03,120.677029,24.145374,3
3657,66000,387130000C,(04)23274275,(04)23288582,2023,8,10,13,31,臺中市,北屯區,0,0,0,7,,,50,,,,,,,,,,,,,,14,49,,,,,B11,,,1,,9,,,49,49,1,6,4,B11,120.705557,24.190738,3
3658,66000,387130000C,(04)23274275,(04)23288582,2023,8,10,13,33,臺中市,沙鹿區,0,1,0,7,2,6,30,4,1,1,5,4,6,6,4,4,10,5,5,2,15,12,2,9,2,1,C03,7,9,1,10,2,11,,12,12,1,5,4,C03,120.567937,24.197463,2
3659,66000,387130000C,(04)23274275,(04)23288582,2023,8,10,13,34,臺中市,沙鹿區,0,2,0,7,3,6,50,13,9,1,5,4,6,6,4,4,4,5,5,2,16,32,2,9,1,1,C03,7,11,1,10,2,14,,32,32,1,13,4,C03,120.574963,24.227278,2
3660,66000,387130000C,(04)23274275,(04)23288582,2023,8,10,13,34,臺中市,沙鹿區,0,0,0,7,,,50,,,,,,,,,,,,,,14,49,,,,,B03,,,1,,2,,,49,,1,8,4,B03,120.575215,24.226738,3
3661,66000,387130000C,(04)23274275,(04)23288582,2023,8,10,13,34,臺中市,豐原區,0,0,0,7,,,50,,,,,,,,,,,,,,20,84,,,,,B02,,,1,,2,,,84,,1,13,4,B02,120.727212,24.25258,3
3662,66000,387130000C,(04)23274275,(04)23288582,2023,8,10,13,37,臺中市,北屯區,0,1,0,7,2,6,40,13,7,1,5,4,6,6,4,4,5,4,4,2,17,76,3,10,3,1,B03,7,13,1,8,2,4,,76,76,1,13,4,B03,120.681177,24.192718,2
3663,66000,387130000C,(04)23274275,(04)23288582,2023,8,10,13,47,臺中市,霧峰區,0,0,0,7,,,40,,,,,,,,,,,,,,14,39,,,,,B03,,,1,,2,,,39,,1,13,4,B03,120.681344,24.065211,3
3664,66000,387130000C,(04)23274275,(04)23288582,2023,8,10,13,50,臺中市,西屯區,0,1,0,7,2,6,50,3,2,1,5,4,6,6,1,1,5,4,4,2,30,84,2,9,5,4,C03,7,9,1,10,2,12,,84,84,1,12,4,C03,120.594288,24.175777,2
3665,66000,387130000C,(04)23274275,(04)23288582,2023,8,10,13,50,臺中市,大甲區,0,0,0,7,,,50,,,,,,,,,,,,,,17,84,,,,,B12,,,1,,1,,,84,84,1,6,4,B12,120.625709,24.346381,3