序號,縣市別代碼,機關代碼,市話,傳真,年,月,日,時,分,縣市,區,死亡數量,受傷數量,2-30,天候,光線,道路類別,速限,道路型態,事故位置,路面鋪裝,路面狀態,路面缺陷,障礙物,視距,號誌種類,號誌動作,分向設施,快車道或一般車道間,快慢車道間,路面邊線,事故類型及型態,主要肇因,受傷程度,主要傷處,保護裝備,行動電話,當事者區分(類別),車輛用途,當事者行動狀態,駕駛資格情形,駕駛執照種類,飲酒情形,車輛撞擊部位最初,車輛撞擊部位其他,肇事因素個別,肇事因素主要,肇事逃逸,職業,旅次目的,車種,GPS座標X,GPS座標Y,事故類別
3666,66000,387130000C,(04)23274275,(04)23288582,2023,8,10,13,51,臺中市,大雅區,0,1,0,7,1,6,30,3,1,1,5,4,6,6,4,4,10,5,5,1,17,7,3,10,3,1,B12,7,6,1,8,2,1,,7,7,1,13,4,B12,120.666261,24.238124,2
3667,66000,387130000C,(04)23274275,(04)23288582,2023,8,10,13,51,臺中市,太平區,0,1,0,7,2,6,50,3,1,1,5,4,6,6,4,4,10,5,5,2,17,51,2,9,1,1,C03,7,1,1,10,2,12,,51,51,1,12,4,C03,120.706796,24.111769,2
3668,66000,387130000C,(04)23274275,(04)23288582,2023,8,10,13,55,臺中市,西屯區,0,1,0,7,3,6,50,5,1,1,5,4,6,6,2,1,5,4,5,2,13,7,2,9,1,1,C03,7,9,1,10,2,11,,7,7,1,13,4,C03,120.641076,24.167898,2
3669,66000,387130000C,(04)23274275,(04)23288582,2023,8,10,13,56,臺中市,豐原區,0,2,0,7,2,6,30,3,2,1,5,4,6,1,4,4,10,5,5,2,17,14,2,8,1,1,C03,7,6,1,10,2,14,,14,14,1,13,4,C03,120.731911,24.247749,2
3670,66000,387130000C,(04)23274275,(04)23288582,2023,8,10,14,2,臺中市,北區,0,0,0,7,,,50,,,,,,,,,,,,,,30,59,,,,,B03,,,1,,1,,,87,59,1,12,4,B03,120.683543,24.163833,3
3671,66000,387130000C,(04)23274275,(04)23288582,2023,8,10,14,4,臺中市,太平區,0,0,0,7,,,50,,,,,,,,,,,,,,30,49,,,,,B03,,,1,,2,,,49,,1,12,4,B03,120.7123,24.157212,3
3672,66000,387130000C,(04)23274275,(04)23288582,2023,8,10,14,11,臺中市,烏日區,0,1,0,7,1,6,30,13,9,1,5,4,6,6,4,4,10,5,5,1,18,87,2,9,5,1,F03,7,9,7,21,2,15,,87,87,1,12,4,F03,120.655525,24.060214,2
3673,66000,387130000C,(04)23274275,(04)23288582,2023,8,10,14,12,臺中市,北區,0,1,0,6,2,6,50,5,1,1,5,4,6,6,1,1,10,5,5,2,13,7,2,9,2,1,C03,7,9,5,10,2,11,,7,7,1,12,4,C03,120.686252,24.15482,2
3674,66000,387130000C,(04)23274275,(04)23288582,2023,8,10,14,12,臺中市,北屯區,0,0,0,7,,,50,,,,,,,,,,,,,,,84,,,,,B02,,,1,,2,,,84,,1,12,4,B02,120.723882,24.172416,3
3675,66000,387130000C,(04)23274275,(04)23288582,2023,8,10,14,20,臺中市,西區,0,1,0,7,3,6,50,4,19,1,5,4,6,6,1,1,10,5,5,2,3,10,3,10,3,1,B01,7,6,1,4,2,1,,10,10,1,6,4,B01,120.675422,24.133556,2
3676,66000,387130000C,(04)23274275,(04)23288582,2023,8,10,14,21,臺中市,霧峰區,0,1,0,6,2,6,60,13,12,1,5,4,6,6,4,4,3,4,4,1,16,20,3,10,5,4,B03,7,5,1,8,2,6,,20,20,1,13,4,B03,120.69585,24.054332,2
3677,66000,387130000C,(04)23274275,(04)23288582,2023,8,10,14,21,臺中市,豐原區,0,0,0,7,,,50,,,,,,,,,,,,,,,49,,,,,B12,,,1,,2,,,49,,1,6,4,B12,120.721075,24.253758,3
3678,66000,387130000C,(04)23274275,(04)23288582,2023,8,10,14,23,臺中市,西屯區,0,0,0,7,,,40,,,,,,,,,,,,,,,50,,,,,B03,,,1,,2,,,50,,2,12,4,B03,120.64434,24.18493,3
3679,66000,387130000C,(04)23274275,(04)23288582,2023,8,10,14,24,臺中市,中區,0,2,0,7,3,6,50,4,1,1,5,4,6,6,2,1,10,5,5,2,16,39,2,7,1,1,C03,7,6,1,10,2,14,,39,39,1,13,4,C03,120.680732,24.138669,2
3680,66000,387130000C,(04)23274275,(04)23288582,2023,8,10,14,25,臺中市,北屯區,0,1,0,7,2,6,50,4,1,1,5,4,6,6,2,1,10,5,5,2,17,84,2,9,1,1,C03,7,5,1,10,2,12,,84,84,1,12,4,C03,120.701831,24.182039,2
3681,66000,387130000C,(04)23274275,(04)23288582,2023,8,10,14,25,臺中市,北屯區,0,1,0,7,2,6,60,4,1,1,5,4,6,6,2,1,10,5,5,2,12,47,3,10,3,1,B03,7,5,1,8,2,5,,47,47,1,6,4,B03,120.705738,24.1648,2
3682,66000,387130000C,(04)23274275,(04)23288582,2023,8,10,14,28,臺中市,北屯區,0,0,0,7,,,50,,,,,,,,,,,,,,,34,,,,,C03,,,1,,1,,,34,,1,13,4,C03,120.682999,24.175473,3
3683,66000,387130000C,(04)23274275,(04)23288582,2023,8,10,14,35,臺中市,北區,0,1,0,7,2,6,50,3,1,1,5,4,6,6,4,4,1,4,4,2,16,14,3,10,3,1,B12,7,5,1,8,2,2,,14,14,1,13,4,B12,120.679946,24.163218,2
3684,66000,387130000C,(04)23274275,(04)23288582,2023,8,10,14,36,臺中市,霧峰區,0,0,0,7,,,40,,,,,,,,,,,,,,,40,,,,,B03,,,1,,2,,,40,,1,13,4,B03,120.663121,24.07202,3
3685,66000,387130000C,(04)23274275,(04)23288582,2023,8,10,14,49,臺中市,南區,0,1,0,5,2,6,50,4,1,1,4,4,6,6,1,1,10,5,5,2,17,47,3,10,2,1,C03,7,5,1,10,2,16,,47,47,2,5,4,C03,120.654167,24.116536,2
3686,66000,387130000C,(04)23274275,(04)23288582,2023,8,10,14,50,臺中市,烏日區,0,1,0,5,1,6,30,4,1,1,4,4,6,6,3,1,10,5,5,2,16,24,3,10,3,1,B12,7,5,1,8,2,8,,24,24,1,12,4,B12,120.648797,24.073086,2
3687,66000,387130000C,(04)23274275,(04)23288582,2023,8,10,14,58,臺中市,西屯區,0,0,0,7,,,50,,,,,,,,,,,,,,,42,,,,,C03,,,2,,9,,,42,,1,13,4,C03,120.641196,24.168141,3
3688,66000,387130000C,(04)23274275,(04)23288582,2023,8,10,14,59,臺中市,西區,0,1,0,6,2,6,50,18,24,1,5,4,6,6,4,4,3,4,5,2,17,84,3,10,3,1,B03,7,5,1,8,2,5,,84,84,1,12,4,B03,120.662632,24.141189,2
3689,66000,387130000C,(04)23274275,(04)23288582,2023,8,10,15,1,臺中市,北屯區,0,0,0,7,,,50,,,,,,,,,,,,,,12,51,,,,,B11,,,1,,2,,,51,51,1,13,4,B11,120.669443,24.177252,3
3690,66000,387130000C,(04)23274275,(04)23288582,2023,8,10,15,1,臺中市,太平區,0,0,0,5,,,50,,,,,,,,,,,,,,,84,,,,,B03,,,1,,2,,,84,,1,12,4,B03,120.701929,24.112426,3
3691,66000,387130000C,(04)23274275,(04)23288582,2023,8,10,15,4,臺中市,大里區,0,1,0,7,3,6,30,4,1,1,5,4,6,3,4,4,10,5,5,2,16,14,3,10,3,1,B03,7,5,1,8,2,8,,14,14,1,12,4,B03,120.700046,24.097322,2
3692,66000,387130000C,(04)23274275,(04)23288582,2023,8,10,15,7,臺中市,北區,0,1,0,7,2,6,50,3,1,1,5,4,6,6,1,1,1,4,5,2,2,84,3,10,3,1,B03,7,15,1,8,2,2,,84,84,1,12,4,B03,120.684085,24.149878,2
3693,66000,387130000C,(04)23274275,(04)23288582,2023,8,10,15,7,臺中市,北屯區,0,1,0,6,2,6,50,4,1,1,4,4,6,6,1,1,10,5,5,2,16,11,3,10,3,1,B03,7,6,1,8,2,1,,11,11,1,13,4,B03,120.681545,24.171111,2
3694,66000,387130000C,(04)23274275,(04)23288582,2023,8,10,15,8,臺中市,豐原區,0,1,0,7,2,6,50,4,1,1,5,4,6,6,3,1,10,5,5,2,12,8,3,10,5,4,B03,7,9,1,8,9,2,,8,8,2,12,4,B03,120.739578,24.255902,2
3695,66000,387130000C,(04)23274275,(04)23288582,2023,8,10,15,10,臺中市,南屯區,0,0,0,7,,,50,,,,,,,,,,,,,,,59,,,,,B03,,,1,,2,,,59,,1,13,4,B03,120.622643,24.150214,3
3696,66000,387130000C,(04)23274275,(04)23288582,2023,8,10,15,11,臺中市,北屯區,0,1,0,7,2,6,80,13,7,1,5,4,6,6,4,4,1,4,5,2,13,59,2,9,3,1,B03,7,9,1,8,2,1,,59,59,1,12,4,B03,120.720751,24.173701,2
3697,66000,387130000C,(04)23274275,(04)23288582,2023,8,10,15,14,臺中市,南屯區,0,0,0,7,,,50,,,,,,,,,,,,,,13,59,,,,,B03,,,1,,1,,,59,,1,12,4,B03,120.646056,24.131865,3
3698,66000,387130000C,(04)23274275,(04)23288582,2023,8,10,15,15,臺中市,西屯區,0,0,0,7,,,50,,,,,,,,,,,,,,,8,,,,,A32,,,1,,2,,,8,,1,12,4,A32,120.5916,24.168493,3
3699,66000,387130000C,(04)23274275,(04)23288582,2023,8,10,15,16,臺中市,太平區,0,2,0,5,2,6,50,3,1,1,4,4,6,6,4,4,10,5,5,2,13,59,2,8,1,1,C03,7,9,1,10,2,11,,59,59,1,12,4,C03,120.732463,24.137594,2
3700,66000,387130000C,(04)23274275,(04)23288582,2023,8,10,15,16,臺中市,沙鹿區,0,1,0,7,2,6,30,5,1,1,5,4,6,6,1,1,10,5,5,2,16,11,3,10,3,1,B03,7,6,1,8,2,8,,11,11,1,12,4,B03,120.571547,24.225685,2
3701,66000,387130000C,(04)23274275,(04)23288582,2023,8,10,15,17,臺中市,北區,0,1,0,7,1,6,50,4,1,1,5,4,6,6,1,1,1,4,5,2,3,10,3,10,3,1,B03,7,6,1,8,2,1,,10,10,1,12,4,B03,120.673337,24.166906,2
3702,66000,387130000C,(04)23274275,(04)23288582,2023,8,10,15,18,臺中市,石岡區,0,1,0,5,3,9,70,13,9,1,4,4,6,6,4,4,5,4,5,1,13,7,2,9,2,1,C03,7,9,1,10,2,11,,7,7,1,13,4,C03,120.762539,24.277022,2
3703,66000,387130000C,(04)23274275,(04)23288582,2023,8,10,15,19,臺中市,東區,0,0,0,6,,,50,,,,,,,,,,,,,,13,7,,,,,B03,,,1,,2,,,7,,1,13,4,B03,120.690193,24.129636,3
3704,66000,387130000C,(04)23274275,(04)23288582,2023,8,10,15,21,臺中市,西屯區,0,2,0,6,3,6,50,4,1,1,5,4,6,6,1,1,10,5,5,2,16,11,3,10,3,1,B03,7,6,1,8,2,5,,11,11,1,12,4,B03,120.655344,24.178096,2
3705,66000,387130000C,(04)23274275,(04)23288582,2023,8,10,15,21,臺中市,大里區,0,1,0,7,3,6,50,3,1,1,5,4,6,6,1,1,10,5,5,2,16,47,3,10,3,1,B03,7,5,1,8,2,5,,47,47,1,6,4,B03,120.68997,24.10838,2
3706,66000,387130000C,(04)23274275,(04)23288582,2023,8,10,15,22,臺中市,沙鹿區,0,2,0,7,3,6,50,4,1,1,5,4,6,6,4,4,10,5,4,2,16,12,2,9,1,1,C03,7,9,1,10,2,11,,12,12,1,12,4,C03,120.558464,24.236745,2
3707,66000,387130000C,(04)23274275,(04)23288582,2023,8,10,15,22,臺中市,豐原區,0,1,0,6,2,6,60,4,2,1,5,4,1,6,2,1,1,3,5,2,13,7,2,8,1,1,C03,7,9,1,9,2,11,,7,7,1,13,4,C03,120.726853,24.238332,2
3708,66000,387130000C,(04)23274275,(04)23288582,2023,8,10,15,24,臺中市,北屯區,0,0,0,7,,,50,,,,,,,,,,,,,,12,35,,,,,B03,,,1,8,1,,,35,35,1,12,4,B03,120.701934,24.18198,3
3709,66000,387130000C,(04)23274275,(04)23288582,2023,8,10,15,24,臺中市,北屯區,0,1,0,6,2,6,50,13,7,1,5,4,6,6,4,4,4,3,4,2,13,7,2,9,1,1,C03,7,9,1,10,2,11,,7,7,1,12,4,C03,120.685464,24.189866,2
3710,66000,387130000C,(04)23274275,(04)23288582,2023,8,10,15,31,臺中市,豐原區,0,0,0,7,,,50,,,,,,,,,,,,,,,7,,,,,B03,,,1,,2,,,7,,1,6,4,B03,120.713225,24.255143,3
3711,66000,387130000C,(04)23274275,(04)23288582,2023,8,10,15,35,臺中市,西區,0,0,0,7,,,50,,,,,,,,,,,,,,,59,,,,,A12,,,1,,1,,,59,,1,12,4,A12,120.657257,24.150851,3
3712,66000,387130000C,(04)23274275,(04)23288582,2023,8,10,15,37,臺中市,太平區,0,1,0,7,3,6,50,4,1,1,5,4,6,6,1,1,5,5,4,1,16,65,3,10,3,1,B03,7,5,1,8,1,2,,65,65,1,12,4,B03,120.715961,24.148798,2
3713,66000,387130000C,(04)23274275,(04)23288582,2023,8,10,15,42,臺中市,豐原區,0,2,0,6,3,6,60,4,1,1,5,4,6,6,2,1,1,4,4,2,13,6,2,9,1,1,C03,7,9,1,10,2,11,,6,6,1,13,4,C03,120.729763,24.243619,2
3714,66000,387130000C,(04)23274275,(04)23288582,2023,8,10,15,45,臺中市,北區,0,0,0,5,,,50,,,,,,,,,,,,,,,49,,,,,B03,,,1,,1,,,49,,1,12,4,B03,120.687479,24.152835,3
3715,66000,387130000C,(04)23274275,(04)23288582,2023,8,10,15,51,臺中市,大里區,0,0,0,7,,,50,,,,,,,,,,,,,,,59,,,,,B03,,,1,,2,,,59,,1,13,4,B03,120.675012,24.107525,3
3716,66000,387130000C,(04)23274275,(04)23288582,2023,8,10,16,0,臺中市,東區,0,0,0,7,3,6,50,4,1,1,5,4,6,6,1,1,10,5,5,2,17,84,3,10,3,1,B03,7,9,1,8,9,5,,84,84,1,12,4,B03,120.695539,24.144692,3
3717,66000,387130000C,(04)23274275,(04)23288582,2023,8,10,16,1,臺中市,南區,0,0,0,7,,,50,,,,,,,,,,,,,,,49,,,,,C03,,,1,,9,,,49,,1,12,4,C03,120.66047,24.130591,3
3718,66000,387130000C,(04)23274275,(04)23288582,2023,8,10,16,7,臺中市,南屯區,0,1,0,5,2,6,50,4,1,1,4,4,6,6,1,1,8,5,4,2,17,59,2,7,6,1,F01,7,9,7,21,2,14,,59,59,1,13,4,F01,120.640748,24.153709,2
3719,66000,387130000C,(04)23274275,(04)23288582,2023,8,10,16,12,臺中市,霧峰區,0,2,0,7,2,6,30,13,9,1,5,4,6,5,4,4,10,5,5,1,16,20,2,9,5,4,C03,7,11,1,10,2,12,,20,20,1,13,4,C03,120.680403,24.06574,2
3720,66000,387130000C,(04)23274275,(04)23288582,2023,8,10,16,12,臺中市,大里區,0,1,0,7,2,6,50,5,1,1,5,4,6,6,1,1,10,5,5,1,16,11,3,10,3,1,B03,7,5,1,8,2,2,,11,11,1,12,4,B03,120.686472,24.095459,2
3721,66000,387130000C,(04)23274275,(04)23288582,2023,8,10,16,14,臺中市,太平區,0,0,0,5,,,50,,,,,,,,,,,,,,,49,,,,,B03,,,1,,1,,,49,,1,12,4,B03,120.719717,24.145427,3
3722,66000,387130000C,(04)23274275,(04)23288582,2023,8,10,16,15,臺中市,西區,0,0,0,7,,,40,,,,,,,,,,,,,,,40,,,,,A05,,,1,,1,,,40,,1,12,4,A05,120.659687,24.157317,3
3723,66000,387130000C,(04)23274275,(04)23288582,2023,8,10,16,17,臺中市,霧峰區,0,0,0,7,,,30,,,,,,,,,,,,,,11,8,,,,,B03,,,1,,2,,,8,,1,12,4,B03,120.665329,24.072587,3
3724,66000,387130000C,(04)23274275,(04)23288582,2023,8,10,16,18,臺中市,西區,0,0,0,7,,,50,,,,,,,,,,,,,,,49,,,,,B03,,,1,,1,,,49,,1,6,4,B03,120.670685,24.136191,3
3725,66000,387130000C,(04)23274275,(04)23288582,2023,8,10,16,20,臺中市,清水區,0,0,0,7,,,50,,,,,,,,,,,,,,,49,,,,,A41,,,1,,1,,,49,,1,12,4,A41,120.539438,24.289176,3
3726,66000,387130000C,(04)23274275,(04)23288582,2023,8,10,16,22,臺中市,沙鹿區,0,0,0,7,,,50,,,,,,,,,,,,,,,59,,,,,B03,,,1,,2,,,59,,1,6,4,B03,120.606541,24.247135,3
3727,66000,387130000C,(04)23274275,(04)23288582,2023,8,10,16,23,臺中市,烏日區,0,1,0,7,1,6,50,13,9,1,5,4,6,6,4,4,9,4,5,1,17,87,3,10,3,1,B03,7,5,1,8,2,16,,87,87,1,12,4,B03,120.642114,24.064252,2
3728,66000,387130000C,(04)23274275,(04)23288582,2023,8,10,16,24,臺中市,太平區,0,0,0,5,,,30,,,,,,,,,,,,,,,58,,,,,B03,,,1,,2,,,58,,1,12,4,B03,120.706431,24.124049,3
3729,66000,387130000C,(04)23274275,(04)23288582,2023,8,10,16,25,臺中市,北區,0,0,0,7,,,50,,,,,,,,,,,,,,16,21,,,,,B03,,,1,,2,,,21,,1,12,4,B03,120.673337,24.166906,3
3730,66000,387130000C,(04)23274275,(04)23288582,2023,8,10,16,25,臺中市,北屯區,0,0,0,7,,,50,,,,,,,,,,,,,,9,84,,,,,B03,,,1,,2,,,84,84,1,13,4,B03,120.726523,24.16729,3
3731,66000,387130000C,(04)23274275,(04)23288582,2023,8,10,16,30,臺中市,西區,0,0,0,7,,,50,,,,,,,,,,,,,,,84,,,,,B12,,,1,,1,,,84,,1,13,4,B12,120.669055,24.131514,3
3732,66000,387130000C,(04)23274275,(04)23288582,2023,8,10,16,30,臺中市,北屯區,0,1,0,7,2,6,50,13,9,1,5,4,6,6,4,4,9,5,4,2,17,59,2,9,6,1,F01,7,9,7,21,2,12,,59,59,1,12,4,F01,120.694545,24.180079,2
3733,66000,387130000C,(04)23274275,(04)23288582,2023,8,10,16,32,臺中市,西屯區,0,0,0,7,,,30,,,,,,,,,,,,,,,8,,,,,B03,,,1,,2,,,8,,1,12,4,B03,120.618452,24.185936,3
3734,66000,387130000C,(04)23274275,(04)23288582,2023,8,10,16,32,臺中市,清水區,0,0,0,7,,,70,,,,,,,,,,,,,,21,73,,,,,A41,,,1,,2,,,73,,1,6,4,A41,120.536507,24.281161,3
3735,66000,387130000C,(04)23274275,(04)23288582,2023,8,10,16,33,臺中市,豐原區,0,0,0,7,,,50,,,,,,,,,,,,,,2,35,,,,,A05,,,1,,2,,,35,,1,6,4,A05,120.736941,24.250885,3
3736,66000,387130000C,(04)23274275,(04)23288582,2023,8,10,16,34,臺中市,大里區,0,1,0,7,2,6,30,3,1,1,5,4,6,5,4,4,3,4,4,1,16,13,2,9,5,4,C03,7,11,1,10,2,11,,13,13,1,13,4,C03,120.692394,24.091319,2
3737,66000,387130000C,(04)23274275,(04)23288582,2023,8,10,16,35,臺中市,大雅區,0,4,0,6,1,6,30,3,2,1,5,4,6,6,4,4,10,5,5,2,17,41,2,8,1,1,C03,7,6,1,10,2,11,,41,41,1,13,4,C03,120.651689,24.22636,2
3738,66000,387130000C,(04)23274275,(04)23288582,2023,8,10,16,37,臺中市,北區,0,2,0,7,1,6,50,13,9,1,5,4,6,6,4,4,5,5,5,2,13,7,2,9,1,1,C03,7,9,1,10,2,11,,7,7,1,12,4,C03,120.674789,24.171424,2
3739,66000,387130000C,(04)23274275,(04)23288582,2023,8,10,16,38,臺中市,西區,0,2,0,7,2,6,50,13,9,1,5,4,6,6,4,4,5,4,5,2,17,84,2,8,1,1,C03,7,7,3,19,2,12,,84,84,1,12,4,C03,120.6606,24.15951,2
3740,66000,387130000C,(04)23274275,(04)23288582,2023,8,10,16,38,臺中市,西屯區,0,1,0,6,3,6,50,13,9,1,5,4,6,6,4,4,5,4,5,2,18,84,2,9,1,1,C03,7,9,1,10,2,12,,84,84,1,12,4,C03,120.631085,24.1585,2
3741,66000,387130000C,(04)23274275,(04)23288582,2023,8,10,16,41,臺中市,西區,0,0,0,7,,,50,,,,,,,,,,,,,,,14,,,,,B03,,,1,,1,,,14,,1,12,4,B03,120.662178,24.154749,3
3742,66000,387130000C,(04)23274275,(04)23288582,2023,8,10,16,42,臺中市,北屯區,0,0,0,7,,,50,,,,,,,,,,,,,,,7,,,,,B03,,9,1,8,2,1,,7,7,1,12,4,B03,120.701022,24.17005,3
3743,66000,387130000C,(04)23274275,(04)23288582,2023,8,10,16,46,臺中市,太平區,0,0,0,6,,,50,,,,,,,,,,,,,,,84,,,,,B03,,,1,,2,,,84,,1,12,4,B03,120.713011,24.159021,3
3744,66000,387130000C,(04)23274275,(04)23288582,2023,8,10,16,48,臺中市,西屯區,0,1,0,7,2,6,50,4,14,4,5,2,6,6,2,1,1,4,3,2,18,85,2,9,1,1,C03,7,9,1,10,2,15,,85,85,1,6,4,C03,120.586601,24.18899,2
3745,66000,387130000C,(04)23274275,(04)23288582,2023,8,10,16,49,臺中市,大里區,0,0,0,7,,,50,,,,,,,,,,,,,,13,58,,,,,B03,,,1,,2,,,58,,1,6,4,B03,120.681327,24.109561,3
3746,66000,387130000C,(04)23274275,(04)23288582,2023,8,10,16,53,臺中市,龍井區,0,0,0,7,,,40,,,,,,,,,,,,,,,8,,,,,B02,,,1,,2,,,8,,1,12,4,B02,120.546808,24.196776,3
3747,66000,387130000C,(04)23274275,(04)23288582,2023,8,10,16,54,臺中市,西屯區,0,0,0,7,,,50,,,,,,,,,,,,,,,84,,,,,B03,,,1,,1,,,84,,1,12,4,B03,120.641244,24.156306,3
3748,66000,387130000C,(04)23274275,(04)23288582,2023,8,10,16,55,臺中市,梧棲區,0,0,0,7,,,50,,,,,,,,,,,,,,16,51,,,,,B03,,,1,,1,,,51,,1,13,4,B03,120.531825,24.254464,3
3749,66000,387130000C,(04)23274275,(04)23288582,2023,8,10,16,59,臺中市,西屯區,0,1,0,7,3,6,50,13,9,1,5,4,6,6,4,4,1,4,5,2,13,84,2,9,1,1,C03,7,9,1,10,1,11,,84,84,1,13,4,C03,120.64656,24.15839,2
3750,66000,387130000C,(04)23274275,(04)23288582,2023,8,10,17,0,臺中市,大里區,0,0,0,7,,,60,,,,,,,,,,,,,,13,59,,,,,B03,,,1,,1,,,59,,1,12,4,B03,120.687554,24.086311,3
3751,66000,387130000C,(04)23274275,(04)23288582,2023,8,10,17,7,臺中市,北屯區,0,0,0,7,,,50,,,,,,,,,,,,,,17,51,,,,,C03,,,1,,1,,,51,,1,12,4,C03,120.707723,24.173545,4
3752,66000,387130000C,(04)23274275,(04)23288582,2023,8,10,17,7,臺中市,烏日區,0,0,0,6,,,50,,,,,,,,,,,,,,,51,,,,,B12,,,1,,2,,,51,,1,12,4,B12,120.618417,24.104643,3
3753,66000,387130000C,(04)23274275,(04)23288582,2023,8,10,17,8,臺中市,北屯區,0,0,0,7,,,50,,,,,,,,,,,,,,13,59,,,,,B03,,,1,,2,,,59,59,1,12,4,B03,120.692542,24.162361,3
3754,66000,387130000C,(04)23274275,(04)23288582,2023,8,10,17,8,臺中市,西屯區,0,1,0,7,1,6,40,13,8,1,5,4,6,6,4,4,1,3,4,2,17,84,2,9,1,1,C03,7,9,1,10,1,14,,84,84,1,12,4,C03,120.654434,24.202946,2
3755,66000,387130000C,(04)23274275,(04)23288582,2023,8,10,17,8,臺中市,豐原區,0,0,0,7,,,50,,,,,,,,,,,,,,,7,,,,,B03,,,1,,2,,,7,,1,12,4,B03,120.70612,24.250038,3
3756,66000,387130000C,(04)23274275,(04)23288582,2023,8,10,17,10,臺中市,西屯區,0,1,0,6,3,6,50,13,9,1,5,4,6,6,4,4,7,5,5,2,17,51,2,9,1,1,C03,7,1,1,10,2,12,,51,51,1,12,4,C03,120.5903,24.169752,2
3757,66000,387130000C,(04)23274275,(04)23288582,2023,8,10,17,16,臺中市,大里區,0,1,0,7,1,6,50,13,9,1,5,4,6,6,1,1,5,5,5,1,16,4,2,9,1,1,C03,7,9,3,19,2,12,,4,4,1,12,4,C03,120.687242,24.095523,2
3758,66000,387130000C,(04)23274275,(04)23288582,2023,8,10,17,17,臺中市,南屯區,0,1,0,7,2,6,50,13,9,1,5,4,6,6,4,4,1,4,5,2,13,7,3,10,3,1,B03,7,9,1,8,2,1,,7,7,1,12,4,B03,120.64668,24.149614,2
3759,66000,387130000C,(04)23274275,(04)23288582,2023,8,10,17,17,臺中市,西屯區,0,1,0,7,3,6,40,4,2,1,5,4,6,6,4,4,1,4,3,2,17,20,3,10,3,1,B03,7,5,1,8,2,6,,20,20,1,13,4,B03,120.642029,24.15674,2
3760,66000,387130000C,(04)23274275,(04)23288582,2023,8,10,17,19,臺中市,大里區,0,2,0,7,2,6,50,3,1,1,5,4,6,6,4,4,10,5,5,1,16,14,3,10,1,1,C03,7,6,1,10,2,12,,14,14,1,12,4,C03,120.693245,24.111832,2
3761,66000,387130000C,(04)23274275,(04)23288582,2023,8,10,17,19,臺中市,豐原區,0,0,0,7,,,50,,,,,,,,,,,,,,13,7,,,,,C03,,,1,,2,,,7,,1,13,4,C03,120.718593,24.251457,3
3762,66000,387130000C,(04)23274275,(04)23288582,2023,8,10,17,21,臺中市,西屯區,0,1,0,7,3,6,50,11,9,1,5,4,6,6,4,4,5,4,5,2,13,7,2,9,2,1,C03,7,15,1,10,2,11,,7,7,1,12,4,C03,120.608866,24.155672,2
3763,66000,387130000C,(04)23274275,(04)23288582,2023,8,10,17,23,臺中市,南屯區,0,0,0,7,,,40,,,,,,,,,,,,,,13,59,,,,,C03,,,1,,2,,,59,,2,13,4,C03,120.626578,24.115325,3
3764,66000,387130000C,(04)23274275,(04)23288582,2023,8,10,17,25,臺中市,太平區,0,1,0,7,2,6,50,3,1,1,5,4,6,6,3,1,10,5,5,2,16,20,3,10,3,1,B12,7,6,1,8,2,1,,20,20,1,12,4,B12,120.742095,24.131023,2
3765,66000,387130000C,(04)23274275,(04)23288582,2023,8,10,17,25,臺中市,龍井區,0,0,0,6,,,50,,,,,,,,,,,,,,13,7,,,,,B03,,,1,,1,,,7,,1,13,4,B03,120.57323,24.18893,3
3766,66000,387130000C,(04)23274275,(04)23288582,2023,8,10,17,27,臺中市,南屯區,0,0,0,7,,,50,,,,,,,,,,,,,,,61,,,,,B03,,,1,,1,,,61,,1,13,5,B03,120.645453,24.146864,3
3767,66000,387130000C,(04)23274275,(04)23288582,2023,8,10,17,27,臺中市,大里區,0,1,0,7,2,6,50,4,1,1,5,4,6,6,1,1,5,4,4,1,12,40,2,9,5,4,C03,7,4,1,10,2,12,,40,40,1,13,4,C03,120.697738,24.082553,2
3768,66000,387130000C,(04)23274275,(04)23288582,2023,8,10,17,27,臺中市,太平區,0,1,0,7,1,6,50,3,1,1,5,4,6,6,1,1,5,5,5,2,13,84,2,9,1,1,C03,7,9,1,10,2,11,,84,84,1,12,4,C03,120.729035,24.104566,2
3769,66000,387130000C,(04)23274275,(04)23288582,2023,8,10,17,27,臺中市,太平區,0,0,0,7,,,30,,,,,,,,,,,,,,,84,,,,,B03,,,1,,1,,,84,,1,12,4,B03,120.725539,24.142145,3
3770,66000,387130000C,(04)23274275,(04)23288582,2023,8,10,17,28,臺中市,南屯區,0,3,0,7,1,6,40,4,2,1,5,4,6,6,1,1,9,5,5,2,17,45,3,10,3,1,B01,7,11,1,4,2,8,,45,45,1,13,4,B01,120.650644,24.150891,2
3771,66000,387130000C,(04)23274275,(04)23288582,2023,8,10,17,30,臺中市,梧棲區,0,0,0,7,,,70,,,,,,,,,,,,,,,56,,,,,B12,,,1,,1,,,56,56,1,12,4,B12,120.545253,24.227061,3
3772,66000,387130000C,(04)23274275,(04)23288582,2023,8,10,17,32,臺中市,北屯區,0,0,0,7,,,50,,,,,,,,,,,,,,12,40,,,,,B03,,,1,,1,,,40,,1,12,4,B03,120.719271,24.177551,3
3773,66000,387130000C,(04)23274275,(04)23288582,2023,8,10,17,35,臺中市,烏日區,0,0,0,7,,,50,,,,,,,,,,,,,,16,48,,,,,C03,,,1,,2,,,48,48,1,12,4,C03,120.629469,24.109934,3