序號,縣市別代碼,機關代碼,市話,傳真,年,月,日,時,分,縣市,區,死亡數量,受傷數量,2-30,天候,光線,道路類別,速限,道路型態,事故位置,路面鋪裝,路面狀態,路面缺陷,障礙物,視距,號誌種類,號誌動作,分向設施,快車道或一般車道間,快慢車道間,路面邊線,事故類型及型態,主要肇因,受傷程度,主要傷處,保護裝備,行動電話,當事者區分(類別),車輛用途,當事者行動狀態,駕駛資格情形,駕駛執照種類,飲酒情形,車輛撞擊部位最初,車輛撞擊部位其他,肇事因素個別,肇事因素主要,肇事逃逸,職業,旅次目的,車種,GPS座標X,GPS座標Y,事故類別
3774,66000,387130000C,(04)23274275,(04)23288582,2023,8,10,17,35,臺中市,豐原區,0,0,0,7,,,50,,,,,,,,,,,,,,13,7,,,,,C03,,,1,,2,,,7,,1,6,4,C03,120.722246,24.254275,3
3775,66000,387130000C,(04)23274275,(04)23288582,2023,8,10,17,37,臺中市,東勢區,0,0,0,5,,,25,,,,,,,,,,,,,,1,41,,,,,B03,,,1,,2,,,41,,1,13,4,B03,120.878034,24.236141,3
3776,66000,387130000C,(04)23274275,(04)23288582,2023,8,10,17,40,臺中市,大里區,0,1,0,7,3,6,50,4,1,1,5,4,6,6,1,1,10,5,5,2,16,38,3,10,3,1,B03,7,5,1,8,2,5,,38,38,1,6,4,B03,120.687891,24.094591,2
3777,66000,387130000C,(04)23274275,(04)23288582,2023,8,10,17,42,臺中市,太平區,0,0,0,7,,,50,,,,,,,,,,,,,,,49,,,,,B03,,,1,,2,,,49,,1,12,4,B03,120.727057,24.150067,3
3778,66000,387130000C,(04)23274275,(04)23288582,2023,8,10,17,44,臺中市,大甲區,0,1,0,7,3,6,50,13,9,1,5,4,6,6,4,4,5,5,5,1,13,84,2,9,1,1,C03,7,6,1,10,2,13,,87,84,1,6,4,C03,120.621405,24.342989,2
3779,66000,387130000C,(04)23274275,(04)23288582,2023,8,10,17,44,臺中市,豐原區,0,1,0,7,3,6,40,13,8,1,5,4,6,6,4,4,5,5,4,2,17,59,3,10,1,1,F03,7,9,7,21,2,14,,59,59,1,12,4,F03,120.696884,24.241451,2
3780,66000,387130000C,(04)23274275,(04)23288582,2023,8,10,17,46,臺中市,清水區,0,0,0,7,,,40,,,,,,,,,,,,,,,58,,,,,C03,,,1,,9,,,58,,1,12,4,C03,120.57838,24.277024,3
3781,66000,387130000C,(04)23274275,(04)23288582,2023,8,10,17,47,臺中市,大里區,0,1,0,7,2,6,50,4,1,1,5,4,6,6,4,4,5,5,5,1,12,14,3,10,6,1,F01,7,6,7,21,2,14,,14,14,1,13,4,F01,120.675893,24.107876,2
3782,66000,387130000C,(04)23274275,(04)23288582,2023,8,10,17,49,臺中市,北屯區,0,0,0,7,,,50,,,,,,,,,,,,,,12,84,,,,,C03,,,1,,1,,,84,84,1,13,4,C03,120.664804,24.186038,3
3783,66000,387130000C,(04)23274275,(04)23288582,2023,8,10,17,50,臺中市,大雅區,0,1,0,6,1,6,40,3,2,1,5,4,6,6,4,4,5,5,5,1,17,59,2,9,1,1,C03,7,9,3,19,2,11,,59,59,1,13,4,C03,120.656726,24.221278,2
3784,66000,387130000C,(04)23274275,(04)23288582,2023,8,10,17,50,臺中市,北屯區,0,0,0,7,,,50,,,,,,,,,,,,,,13,7,,,,,B03,,,1,,1,,,7,,1,12,4,B03,120.666642,24.184999,3
3785,66000,387130000C,(04)23274275,(04)23288582,2023,8,10,17,55,臺中市,霧峰區,0,0,0,7,,,60,,,,,,,,,,,,,,13,7,,,,,B03,,,1,,2,,,7,,1,12,4,B03,120.696086,24.056607,3
3786,66000,387130000C,(04)23274275,(04)23288582,2023,8,10,17,57,臺中市,西屯區,0,0,0,7,,,50,,,,,,,,,,,,,,,84,,,,,B03,,,1,,1,,,84,,1,12,4,B03,120.608055,24.196851,3
3787,66000,387130000C,(04)23274275,(04)23288582,2023,8,10,18,0,臺中市,北屯區,0,0,0,7,,,50,,,,,,,,,,,,,,13,59,,,,,B03,,,1,,2,,,59,59,1,12,4,B03,120.670142,24.17791,3
3788,66000,387130000C,(04)23274275,(04)23288582,2023,8,10,18,0,臺中市,大里區,0,1,0,7,1,6,50,5,1,1,5,4,6,6,1,1,10,5,5,1,13,8,3,10,3,1,B03,7,9,1,8,2,5,,8,8,1,12,4,B03,120.68127,24.104662,2
3789,66000,387130000C,(04)23274275,(04)23288582,2023,8,10,18,3,臺中市,西屯區,0,1,0,7,3,6,50,12,9,1,5,4,6,6,4,4,5,4,5,2,13,7,2,9,2,1,C03,7,9,1,10,2,11,,7,7,1,12,4,C03,120.616891,24.188607,2
3790,66000,387130000C,(04)23274275,(04)23288582,2023,8,10,18,3,臺中市,沙鹿區,0,1,0,7,2,6,50,4,7,1,5,4,6,6,4,4,3,2,4,2,13,85,3,10,3,1,B11,7,9,1,2,2,5,,85,85,1,6,4,B11,120.552337,24.215649,2
3791,66000,387130000C,(04)23274275,(04)23288582,2023,8,10,18,9,臺中市,南區,0,1,0,7,1,6,50,4,1,1,5,4,6,6,1,1,10,5,5,2,12,51,3,10,1,1,C03,7,1,1,10,2,14,,51,51,1,12,4,C03,120.681098,24.122357,2
3792,66000,387130000C,(04)23274275,(04)23288582,2023,8,10,18,13,臺中市,西區,0,3,0,7,1,6,50,4,1,1,5,4,6,6,1,1,10,5,5,2,15,21,2,9,2,1,C03,7,9,1,10,2,11,,21,21,1,12,4,C03,120.660188,24.140025,2
3793,66000,387130000C,(04)23274275,(04)23288582,2023,8,10,18,15,臺中市,豐原區,0,0,0,7,,,50,,,,,,,,,,,,,,,8,,,,,C03,,,1,,2,,,8,,1,12,4,C03,120.72427,24.24068,3
3794,66000,387130000C,(04)23274275,(04)23288582,2023,8,10,18,16,臺中市,沙鹿區,0,2,0,7,2,6,60,5,2,1,5,4,6,6,1,1,8,3,3,1,17,84,2,9,5,4,C03,7,8,1,10,2,13,,84,84,1,13,4,C03,120.575556,24.251983,2
3795,66000,387130000C,(04)23274275,(04)23288582,2023,8,10,18,20,臺中市,西屯區,0,0,0,7,,,50,,,,,,,,,,,,,,2,84,,,,,B03,,,1,,1,,,84,,1,12,4,B03,120.632545,24.170095,3
3796,66000,387130000C,(04)23274275,(04)23288582,2023,8,10,18,20,臺中市,太平區,0,1,0,5,1,6,30,3,1,1,4,4,6,6,4,4,10,5,5,2,18,59,2,9,5,1,F01,7,9,7,21,9,16,,59,59,1,3,4,F01,120.722328,24.131434,2
3797,66000,387130000C,(04)23274275,(04)23288582,2023,8,10,18,21,臺中市,西屯區,0,0,0,7,,,50,,,,,,,,,,,,,,14,49,,,,,B01,,,1,,1,,,49,,1,6,4,B01,120.629226,24.205059,3
3798,66000,387130000C,(04)23274275,(04)23288582,2023,8,10,18,22,臺中市,沙鹿區,0,2,0,7,3,6,50,3,1,1,5,4,6,6,4,4,10,5,5,2,16,13,3,10,3,1,B03,7,6,1,8,2,4,,59,13,1,6,4,B03,120.559271,24.249669,2
3799,66000,387130000C,(04)23274275,(04)23288582,2023,8,10,18,24,臺中市,西屯區,0,0,0,7,,,50,,,,,,,,,,,,,,,84,,,,,B03,,,1,,2,,,84,,1,12,4,B03,120.631833,24.158269,3
3800,66000,387130000C,(04)23274275,(04)23288582,2023,8,10,18,27,臺中市,南屯區,0,0,0,7,,,50,,,,,,,,,,,,,,,39,,,,,C03,,,1,,1,,,39,,1,12,4,C03,120.643873,24.136199,3
3801,66000,387130000C,(04)23274275,(04)23288582,2023,8,10,18,34,臺中市,西屯區,0,1,0,6,1,6,40,13,8,1,5,4,6,6,4,4,5,4,4,2,30,85,2,9,1,1,C03,7,15,1,10,2,15,,85,85,1,12,4,C03,120.643407,24.170221,2
3802,66000,387130000C,(04)23274275,(04)23288582,2023,8,10,18,40,臺中市,西區,0,0,0,7,,,50,,,,,,,,,,,,,,12,42,,,,,B03,,,1,,1,,,42,,1,13,4,B03,120.655592,24.146684,3
3803,66000,387130000C,(04)23274275,(04)23288582,2023,8,10,18,40,臺中市,北區,0,2,0,7,1,6,50,4,1,1,5,4,6,6,1,1,10,5,5,2,16,11,2,9,1,1,C04,7,6,1,10,2,12,,11,14,1,13,4,C04,120.675962,24.172421,2
3804,66000,387130000C,(04)23274275,(04)23288582,2023,8,10,18,41,臺中市,西屯區,0,0,0,7,,,40,,,,,,,,,,,,,,,7,,,,,C03,,,1,,1,,,7,,1,12,4,C03,120.616508,24.182689,3
3805,66000,387130000C,(04)23274275,(04)23288582,2023,8,10,18,41,臺中市,大甲區,0,0,0,6,3,6,40,13,9,1,5,4,1,6,4,4,10,4,5,1,15,20,3,10,5,4,C03,7,5,1,10,1,13,,20,20,1,12,2,C03,120.627861,24.341917,3
3806,66000,387130000C,(04)23274275,(04)23288582,2023,8,10,18,42,臺中市,南屯區,0,0,0,7,,,50,,,,,,,,,,,,,,12,40,,,,,B03,,,1,,1,,,40,,1,13,4,B03,120.623108,24.149595,3
3807,66000,387130000C,(04)23274275,(04)23288582,2023,8,10,18,44,臺中市,北區,0,0,0,7,,,50,,,,,,,,,,,,,,,7,,,,,C03,,,1,,1,,,7,,1,12,4,C03,120.686536,24.165293,3
3808,66000,387130000C,(04)23274275,(04)23288582,2023,8,10,18,44,臺中市,北屯區,0,0,0,7,,,50,,,,,,,,,,,,,,16,45,,,,,C03,,,1,,1,,,45,45,1,13,4,C03,120.674343,24.203811,3
3809,66000,387130000C,(04)23274275,(04)23288582,2023,8,10,18,50,臺中市,潭子區,0,1,0,7,1,6,60,3,1,1,5,4,6,6,2,1,1,5,5,2,12,43,3,10,3,1,B03,7,15,1,8,2,2,,43,43,1,13,4,B03,120.702511,24.187087,2
3810,66000,387130000C,(04)23274275,(04)23288582,2023,8,10,18,50,臺中市,北屯區,0,1,0,7,1,6,40,4,1,1,5,4,6,6,2,1,10,5,5,2,16,11,3,10,3,1,B03,7,5,1,8,2,1,,11,11,1,12,4,B03,120.702605,24.186436,2
3811,66000,387130000C,(04)23274275,(04)23288582,2023,8,10,18,53,臺中市,北區,0,0,0,7,,,50,,,,,,,,,,,,,,17,87,,,,,B03,,,1,,1,,,87,,1,12,4,B03,120.694723,24.155156,3
3812,66000,387130000C,(04)23274275,(04)23288582,2023,8,10,18,58,臺中市,太平區,0,1,0,5,1,6,50,3,2,1,4,4,6,6,1,1,5,5,5,2,13,84,2,9,1,1,C03,7,9,1,10,2,11,,84,84,1,12,4,C03,120.712749,24.149815,2
3813,66000,387130000C,(04)23274275,(04)23288582,2023,8,10,19,0,臺中市,烏日區,0,0,0,7,,,40,,,,,,,,,,,,,,14,50,,,,,B03,,,1,,2,,,50,,1,13,4,B03,120.600694,24.108543,3
3814,66000,387130000C,(04)23274275,(04)23288582,2023,8,10,19,1,臺中市,北區,0,0,0,7,,,50,,,,,,,,,,,,,,,7,,,,,C03,,,1,,1,,,7,,1,12,4,C03,120.67712,24.151265,3
3815,66000,387130000C,(04)23274275,(04)23288582,2023,8,10,19,2,臺中市,北區,0,0,0,7,,,50,,,,,,,,,,,,,,,40,,,,,B03,,,1,,1,,,40,,1,13,4,B03,120.682262,24.163057,3
3816,66000,387130000C,(04)23274275,(04)23288582,2023,8,10,19,4,臺中市,西屯區,0,0,0,7,,,50,,,,,,,,,,,,,,,84,,,,,C03,,,1,,2,,,84,,1,13,4,C03,120.650726,24.164487,3
3817,66000,387130000C,(04)23274275,(04)23288582,2023,8,10,19,6,臺中市,西屯區,0,0,0,7,,,50,,,,,,,,,,,,,,12,40,,,,,B03,,,1,,1,,,40,,1,6,4,B03,120.595143,24.190912,3
3818,66000,387130000C,(04)23274275,(04)23288582,2023,8,10,19,6,臺中市,太平區,0,0,0,5,,,50,,,,,,,,,,,,,,,51,,,,,B03,,,1,,2,,,51,,1,12,4,B03,120.720273,24.157212,3
3819,66000,387130000C,(04)23274275,(04)23288582,2023,8,10,19,7,臺中市,西區,0,0,0,7,,,60,,,,,,,,,,,,,,,40,,,,,B03,,,1,,2,,,40,,1,12,4,B03,120.65777,24.15806,3
3820,66000,387130000C,(04)23274275,(04)23288582,2023,8,10,19,7,臺中市,烏日區,0,1,0,6,1,6,0,4,1,1,5,4,6,6,4,4,10,5,5,2,17,48,3,10,1,1,C03,7,6,1,10,2,13,,48,48,1,12,4,C03,120.636859,24.108704,2
3821,66000,387130000C,(04)23274275,(04)23288582,2023,8,10,19,7,臺中市,沙鹿區,0,0,0,6,,,50,,,,,,,,,,,,,,,59,,,,,B12,,,1,,2,,,59,59,1,13,4,B12,120.562042,24.236496,3
3822,66000,387130000C,(04)23274275,(04)23288582,2023,8,10,19,8,臺中市,沙鹿區,0,1,0,6,1,6,40,5,1,1,5,4,6,6,1,1,10,5,5,2,16,26,2,8,4,1,F03,7,8,7,21,2,14,,26,26,1,12,4,F03,120.569563,24.237414,2
3823,66000,387130000C,(04)23274275,(04)23288582,2023,8,10,19,11,臺中市,北區,0,1,0,7,1,6,50,3,1,1,5,4,6,6,1,1,5,4,5,2,16,11,3,10,3,1,B03,7,6,1,8,2,6,,11,11,1,12,4,B03,120.669247,24.166837,2
3824,66000,387130000C,(04)23274275,(04)23288582,2023,8,10,19,12,臺中市,大里區,0,0,0,7,,,50,,,,,,,,,,,,,,16,39,,,,,C03,,,1,,2,,,39,39,1,13,4,C03,120.701568,24.096122,3
3825,66000,387130000C,(04)23274275,(04)23288582,2023,8,10,19,14,臺中市,西區,0,0,0,7,,,50,,,,,,,,,,,,,,,84,,,,,B03,,,1,,1,,,84,,1,6,4,B03,120.665258,24.146827,3
3826,66000,387130000C,(04)23274275,(04)23288582,2023,8,10,19,15,臺中市,北區,0,1,0,6,1,6,50,4,1,1,5,4,6,6,1,1,10,5,5,2,16,11,3,10,3,1,B03,7,6,1,8,2,1,,11,11,1,12,4,B03,120.672565,24.168787,2
3827,66000,387130000C,(04)23274275,(04)23288582,2023,8,10,19,23,臺中市,豐原區,0,0,0,5,,,30,,,,,,,,,,,,,,14,49,,,,,B03,,,1,,2,,,49,,1,13,4,B03,120.730482,24.257567,3
3828,66000,387130000C,(04)23274275,(04)23288582,2023,8,10,19,25,臺中市,東區,0,1,0,7,1,6,50,4,1,1,5,4,6,6,2,1,5,4,5,2,12,7,3,10,3,1,B03,7,6,1,8,2,2,,7,7,1,12,4,B03,120.696201,24.14275,2
3829,66000,387130000C,(04)23274275,(04)23288582,2023,8,10,19,31,臺中市,豐原區,0,1,0,7,1,6,50,4,2,1,5,4,6,6,1,1,4,1,5,1,17,11,3,10,3,1,B03,7,6,1,8,2,1,,11,11,1,12,4,B03,120.720283,24.264687,2
3830,66000,387130000C,(04)23274275,(04)23288582,2023,8,10,19,40,臺中市,龍井區,0,1,0,7,1,6,50,3,1,1,5,4,6,6,2,1,10,5,5,2,16,11,3,10,5,4,B03,7,6,1,8,2,2,,11,11,1,12,4,B03,120.545906,24.191863,2
3831,66000,387130000C,(04)23274275,(04)23288582,2023,8,10,19,40,臺中市,大肚區,0,1,0,7,1,6,50,3,1,1,5,4,6,6,1,1,10,5,5,2,12,11,3,10,1,1,C03,7,5,1,10,2,12,,11,11,1,12,4,C03,120.545305,24.151231,2
3832,66000,387130000C,(04)23274275,(04)23288582,2023,8,10,19,52,臺中市,太平區,0,0,0,7,,,50,,,,,,,,,,,,,,16,7,,,,,B03,,,1,,1,,,7,,1,12,4,B03,120.72515,24.116857,3
3833,66000,387130000C,(04)23274275,(04)23288582,2023,8,10,20,0,臺中市,豐原區,0,0,0,7,,,50,,,,,,,,,,,,,,13,59,,,,,B03,,,1,,2,,,59,,1,13,4,B03,120.718811,24.247983,3
3834,66000,387130000C,(04)23274275,(04)23288582,2023,8,10,20,4,臺中市,西區,0,0,0,7,,,50,,,,,,,,,,,,,,12,40,,,,,B03,,,1,,1,,,40,,1,13,4,B03,120.667167,24.141527,3
3835,66000,387130000C,(04)23274275,(04)23288582,2023,8,10,20,5,臺中市,南區,0,1,0,7,1,6,50,4,9,1,5,4,6,6,2,1,5,5,5,2,17,7,3,10,5,4,B03,7,5,1,8,2,5,,7,7,1,12,4,B03,120.671811,24.119156,2
3836,66000,387130000C,(04)23274275,(04)23288582,2023,8,10,20,14,臺中市,南區,0,0,0,7,,,,,,,,,,,,,,,,,17,86,,,,,,,,,,,,,86,,1,,,,120.664791,24.116715,3
3837,66000,387130000C,(04)23274275,(04)23288582,2023,8,10,20,24,臺中市,北屯區,0,2,0,7,1,6,50,3,1,1,5,4,6,6,4,4,1,4,5,2,12,20,2,9,1,1,C03,7,5,1,10,2,12,,20,20,1,12,4,C03,120.669034,24.173506,2
3838,66000,387130000C,(04)23274275,(04)23288582,2023,8,10,20,24,臺中市,大甲區,0,2,0,7,1,6,50,3,1,1,5,4,6,6,4,4,10,5,5,2,16,51,2,8,1,1,C03,7,1,2,19,2,11,,51,51,1,4,4,C03,120.634211,24.344597,2
3839,66000,387130000C,(04)23274275,(04)23288582,2023,8,10,20,25,臺中市,北區,0,1,0,7,1,6,40,13,8,1,5,4,6,6,1,1,2,4,4,2,17,84,2,9,2,1,C03,7,9,1,10,2,12,,84,84,1,12,4,C03,120.684919,24.158907,2
3840,66000,387130000C,(04)23274275,(04)23288582,2023,8,10,20,28,臺中市,中區,0,0,0,7,,,50,,,,,,,,,,,,,,,59,,,,,B01,,,1,,1,,,59,,1,12,4,B01,120.681796,24.144577,4
3841,66000,387130000C,(04)23274275,(04)23288582,2023,8,10,20,41,臺中市,太平區,0,1,0,7,1,6,50,4,1,1,5,4,6,6,2,1,10,5,5,2,13,51,3,10,3,1,B03,7,1,1,7,2,8,,51,51,1,6,4,B03,120.717584,24.152594,2
3842,66000,387130000C,(04)23274275,(04)23288582,2023,8,10,20,45,臺中市,北區,0,0,0,7,,,50,,,,,,,,,,,,,,,8,,,,,B03,,,1,,1,,,8,,1,13,4,B03,120.67455,24.157066,3
3843,66000,387130000C,(04)23274275,(04)23288582,2023,8,10,20,51,臺中市,西屯區,0,0,0,7,,,50,,,,,,,,,,,,,,,42,,,,,B03,,,1,,2,,,42,,1,12,4,B03,120.645545,24.172416,3
3844,66000,387130000C,(04)23274275,(04)23288582,2023,8,10,20,52,臺中市,沙鹿區,0,1,0,6,1,6,50,4,2,1,5,4,6,6,1,1,3,3,3,1,17,40,2,9,5,4,C03,7,8,1,10,2,14,,40,40,1,13,4,C03,120.559324,24.236441,2
3845,66000,387130000C,(04)23274275,(04)23288582,2023,8,10,20,54,臺中市,北屯區,0,0,0,7,,,50,,,,,,,,,,,,,,12,42,,,,,B03,,,1,,1,,,42,42,1,13,4,B03,120.682031,24.181897,3
3846,66000,387130000C,(04)23274275,(04)23288582,2023,8,10,20,57,臺中市,豐原區,0,0,0,7,,,50,,,,,,,,,,,,,,14,50,,,,,B03,,,1,,1,,,50,,1,12,4,B03,120.73644,24.242103,3
3847,66000,387130000C,(04)23274275,(04)23288582,2023,8,10,21,0,臺中市,南屯區,0,0,0,7,,,60,,,,,,,,,,,,,,13,59,,,,,B03,,,1,,1,,,59,,1,12,4,B03,120.62312,24.145641,3
3848,66000,387130000C,(04)23274275,(04)23288582,2023,8,10,21,4,臺中市,烏日區,0,0,0,7,,,40,,,,,,,,,,,,,,,7,,,,,B03,,,1,,2,,,7,,1,12,4,B03,120.616521,24.107356,3
3849,66000,387130000C,(04)23274275,(04)23288582,2023,8,10,21,18,臺中市,西屯區,0,2,0,7,1,6,50,3,1,1,5,4,6,6,1,1,10,5,5,2,17,11,2,9,1,1,C03,7,6,1,10,2,11,,11,11,1,13,4,C03,120.662939,24.163819,2
3850,66000,387130000C,(04)23274275,(04)23288582,2023,8,10,21,20,臺中市,西屯區,0,0,0,7,,,50,,,,,,,,,,,,,,14,49,,,,,B03,,,1,,2,,,49,,1,13,4,B03,120.657382,24.163178,3
3851,66000,387130000C,(04)23274275,(04)23288582,2023,8,10,21,21,臺中市,西屯區,0,2,0,7,1,6,40,3,1,1,5,4,6,6,2,1,10,5,5,2,16,20,3,10,3,1,B03,7,5,1,8,9,15,,20,20,2,6,4,B03,120.61418,24.183874,2
3852,66000,387130000C,(04)23274275,(04)23288582,2023,8,10,21,27,臺中市,豐原區,0,1,0,7,1,6,50,13,7,1,5,4,6,6,4,4,5,4,4,2,13,53,2,1,5,1,B03,7,9,3,19,8,5,,53,53,1,13,4,B03,120.723688,24.249485,2
3853,66000,387130000C,(04)23274275,(04)23288582,2023,8,10,21,30,臺中市,北屯區,0,0,0,7,,,30,,,,,,,,,,,,,,17,40,,,,,A41,,,1,,1,,,40,,1,12,4,A41,120.667067,24.201356,3
3854,66000,387130000C,(04)23274275,(04)23288582,2023,8,10,21,30,臺中市,西屯區,0,0,0,7,,,50,,,,,,,,,,,,,,,86,,,,,,,,,,,,,86,,1,,,,120.641425,24.183744,3
3855,66000,387130000C,(04)23274275,(04)23288582,2023,8,10,21,35,臺中市,沙鹿區,0,1,0,7,1,6,50,13,9,1,5,4,6,6,4,4,9,5,5,2,17,45,3,10,3,1,B03,7,11,1,8,2,8,,45,45,1,13,4,B03,120.579626,24.217477,2
3856,66000,387130000C,(04)23274275,(04)23288582,2023,8,10,21,37,臺中市,大雅區,0,1,0,7,1,6,60,13,8,1,5,4,6,6,4,4,1,4,4,1,17,59,3,10,2,1,C03,7,9,1,10,2,11,,59,59,1,13,4,C03,120.646039,24.224388,2
3857,66000,387130000C,(04)23274275,(04)23288582,2023,8,10,21,37,臺中市,北屯區,0,0,0,7,,,50,,,,,,,,,,,,,,7,51,,,,,C03,,,1,,9,,,51,51,1,12,4,C03,120.669818,24.176506,3
3858,66000,387130000C,(04)23274275,(04)23288582,2023,8,10,21,40,臺中市,西屯區,0,0,0,7,,,50,,,,,,,,,,,,,,,49,,,,,C03,,,1,,1,,,49,,1,12,4,C03,120.649216,24.171255,3
3859,66000,387130000C,(04)23274275,(04)23288582,2023,8,10,21,48,臺中市,西屯區,0,0,0,7,,,50,,,,,,,,,,,,,,,84,,,,,B03,,,1,,1,,,84,,1,12,4,B03,120.610814,24.170564,3
3860,66000,387130000C,(04)23274275,(04)23288582,2023,8,10,21,50,臺中市,東區,0,0,0,7,1,6,50,4,1,1,5,4,6,6,4,4,10,5,5,2,17,14,3,10,3,1,B03,7,6,1,8,1,1,,14,14,1,12,4,B03,120.689209,24.143254,3
3861,66000,387130000C,(04)23274275,(04)23288582,2023,8,10,21,52,臺中市,大甲區,0,0,0,7,,,30,,,,,,,,,,,,,,14,49,,,,,B03,,,1,,1,,,49,,1,6,4,B03,120.643976,24.401405,3
3862,66000,387130000C,(04)23274275,(04)23288582,2023,8,10,21,57,臺中市,北區,0,0,0,7,,,50,,,,,,,,,,,,,,30,84,,,,,B03,,,1,,1,,,84,,1,12,4,B03,120.672496,24.167198,3
3863,66000,387130000C,(04)23274275,(04)23288582,2023,8,10,22,0,臺中市,北區,0,0,0,7,,,50,,,,,,,,,,,,,,13,84,,,,,B03,,,1,,1,,,84,,1,12,4,B03,120.689506,24.147001,3
3864,66000,387130000C,(04)23274275,(04)23288582,2023,8,10,22,0,臺中市,北區,0,1,0,7,1,6,50,5,9,1,5,4,6,6,1,1,1,2,5,2,17,47,3,10,2,1,C03,7,5,2,19,9,15,,47,47,2,13,4,C03,120.686497,24.155216,2
3865,66000,387130000C,(04)23274275,(04)23288582,2023,8,10,22,6,臺中市,西區,0,1,0,7,1,6,50,3,2,1,5,4,6,6,1,1,5,5,5,2,13,84,3,10,3,1,B03,7,9,1,8,2,5,,84,84,1,13,4,B03,120.658977,24.155921,2
3866,66000,387130000C,(04)23274275,(04)23288582,2023,8,10,22,18,臺中市,南區,0,1,0,7,1,6,50,13,9,1,5,4,6,6,2,1,5,5,5,2,17,60,3,10,5,4,B03,7,9,1,8,2,8,,60,60,1,12,4,B03,120.665033,24.121061,2
3867,66000,387130000C,(04)23274275,(04)23288582,2023,8,10,22,20,臺中市,南屯區,0,2,0,7,1,6,50,13,7,1,5,4,6,6,4,4,1,4,4,2,23,59,2,9,2,1,C03,7,9,2,19,2,14,,59,59,1,12,4,C03,120.584715,24.141615,2
3868,66000,387130000C,(04)23274275,(04)23288582,2023,8,10,22,32,臺中市,西屯區,0,0,0,7,,,50,,,,,,,,,,,,,,,84,,,,,B03,,,1,,1,,,84,,1,13,4,B03,120.637325,24.17652,3
3869,66000,387130000C,(04)23274275,(04)23288582,2023,8,10,22,38,臺中市,西區,0,0,0,7,,,50,,,,,,,,,,,,,,,12,,,,,B03,,,1,,1,,,12,,1,13,4,B03,120.672558,24.145728,3
3870,66000,387130000C,(04)23274275,(04)23288582,2023,8,10,22,38,臺中市,沙鹿區,0,1,0,6,1,6,50,4,2,1,5,4,6,6,1,1,8,3,5,1,17,11,3,10,5,4,B03,7,6,1,8,2,3,,11,11,1,13,4,B03,120.565097,24.242946,2
3871,66000,387130000C,(04)23274275,(04)23288582,2023,8,10,22,45,臺中市,南屯區,0,2,0,7,2,6,50,4,1,1,5,4,6,6,2,1,3,4,5,2,3,10,3,10,3,1,B03,7,6,1,8,2,8,4,10,10,1,12,4,B03,120.642232,24.140864,2
3872,66000,387130000C,(04)23274275,(04)23288582,2023,8,10,22,50,臺中市,南區,0,0,0,6,,,50,,,,,,,,,,,,,,13,7,,,,,C03,,,1,,1,,,7,,1,13,4,C03,120.660836,24.132537,3
3873,66000,387130000C,(04)23274275,(04)23288582,2023,8,10,23,1,臺中市,西屯區,0,1,0,7,1,6,40,3,1,1,5,4,6,6,4,4,1,5,4,2,17,14,3,10,3,4,B03,7,5,1,8,2,2,,14,14,1,13,4,B03,120.61503,24.183416,2
3874,66000,387130000C,(04)23274275,(04)23288582,2023,8,10,23,28,臺中市,沙鹿區,0,2,0,7,2,6,40,13,11,1,5,4,6,6,4,4,10,5,5,1,17,59,2,9,1,1,C03,7,9,3,19,2,11,,59,85,1,5,4,C03,120.5926,24.248426,2
3875,66000,387130000C,(04)23274275,(04)23288582,2023,8,10,23,37,臺中市,南區,0,0,0,7,1,6,30,3,21,4,5,4,6,6,4,4,5,5,4,2,17,59,3,10,1,1,C03,7,9,1,10,2,11,,59,59,1,12,4,C03,120.660218,24.112588,3
3876,66000,387130000C,(04)23274275,(04)23288582,2023,8,10,23,39,臺中市,北屯區,0,0,0,7,,,50,,,,,,,,,,,,,,,84,,,,,A11,,,1,,2,,,84,,1,12,4,A11,120.686512,24.193214,3
3877,66000,387130000C,(04)23274275,(04)23288582,2023,8,11,0,4,臺中市,大甲區,0,0,0,7,,,50,,,,,,,,,,,,,,15,24,,,,,C03,,,1,,1,,,24,,1,6,4,C03,120.652465,24.40473,3
3878,66000,387130000C,(04)23274275,(04)23288582,2023,8,11,0,17,臺中市,太平區,0,0,0,7,,,40,,,,,,,,,,,,,,35,84,,,,,C03,,,1,,1,,,84,,1,6,4,C03,120.710811,24.159009,3
3879,66000,387130000C,(04)23274275,(04)23288582,2023,8,11,0,39,臺中市,潭子區,0,0,0,7,,,50,,,,,,,,,,,,,,13,59,,,,,B03,,,1,,2,,,59,,1,13,4,B03,120.692396,24.224896,3
3880,66000,387130000C,(04)23274275,(04)23288582,2023,8,11,0,40,臺中市,西屯區,0,0,0,7,,,50,,,,,,,,,,,,,,,8,,,,,B03,,,5,,2,,,8,,1,13,4,B03,120.661043,24.171538,3
3881,66000,387130000C,(04)23274275,(04)23288582,2023,8,11,1,2,臺中市,北區,0,0,0,7,,,50,,,,,,,,,,,,,,30,87,,,,,B01,,,1,,2,,,87,,1,12,4,B01,120.687255,24.152898,3