序號,縣市別代碼,機關代碼,市話,傳真,年,月,日,時,分,縣市,區,死亡數量,受傷數量,2-30,天候,光線,道路類別,速限,道路型態,事故位置,路面鋪裝,路面狀態,路面缺陷,障礙物,視距,號誌種類,號誌動作,分向設施,快車道或一般車道間,快慢車道間,路面邊線,事故類型及型態,主要肇因,受傷程度,主要傷處,保護裝備,行動電話,當事者區分(類別),車輛用途,當事者行動狀態,駕駛資格情形,駕駛執照種類,飲酒情形,車輛撞擊部位最初,車輛撞擊部位其他,肇事因素個別,肇事因素主要,肇事逃逸,職業,旅次目的,車種,GPS座標X,GPS座標Y,事故類別
3882,66000,387130000C,(04)23274275,(04)23288582,2023,8,11,1,4,臺中市,太平區,0,1,0,7,1,6,30,13,9,1,5,4,6,6,4,4,10,5,5,2,24,58,2,9,2,1,C03,7,9,1,10,2,11,,58,58,1,12,4,C03,120.70727,24.129416,2
3883,66000,387130000C,(04)23274275,(04)23288582,2023,8,11,1,5,臺中市,中區,0,1,0,7,1,6,50,13,8,1,5,4,6,6,4,4,5,4,4,2,17,84,2,7,1,1,C03,7,9,1,10,2,11,,84,84,1,13,4,C03,120.674441,24.143292,2
3884,66000,387130000C,(04)23274275,(04)23288582,2023,8,11,3,13,臺中市,西屯區,0,0,0,7,,,50,,,,,,,,,,,,,,,14,,,,,B01,,,1,,1,,,14,,1,13,4,B01,120.636294,24.179137,3
3885,66000,387130000C,(04)23274275,(04)23288582,2023,8,11,4,0,臺中市,龍井區,0,0,0,7,,,50,,,,,,,,,,,,,,,7,,,,,A11,,,1,,3,,,7,,1,6,4,A11,120.550199,24.210157,3
3886,66000,387130000C,(04)23274275,(04)23288582,2023,8,11,4,50,臺中市,后里區,0,0,0,7,,,50,,,,,,,,,,,,,,28,59,,,,,B03,,,1,,2,,,59,,1,6,4,B03,120.701672,24.29947,3
3887,66000,387130000C,(04)23274275,(04)23288582,2023,8,11,5,4,臺中市,北區,0,0,0,7,1,6,50,13,9,1,5,4,6,6,4,4,1,4,5,2,13,59,3,10,3,1,A11,7,9,1,2,2,1,,59,59,1,12,4,A11,120.670933,24.173567,3
3888,66000,387130000C,(04)23274275,(04)23288582,2023,8,11,5,15,臺中市,南屯區,0,2,0,7,2,6,40,3,1,1,5,4,6,6,2,1,10,5,5,2,16,85,2,9,2,1,C03,7,6,1,10,2,12,,85,85,1,12,4,C03,120.585375,24.166733,2
3889,66000,387130000C,(04)23274275,(04)23288582,2023,8,11,6,0,臺中市,沙鹿區,0,0,0,7,,,40,,,,,,,,,,,,,,,59,,,,,C03,,,1,,2,,,59,,1,10,4,C03,120.622925,24.242359,3
3890,66000,387130000C,(04)23274275,(04)23288582,2023,8,11,6,10,臺中市,沙鹿區,0,0,0,7,,,30,,,,,,,,,,,,,,,14,,,,,B03,,,1,,2,,,14,,1,6,4,B03,120.56972,24.240833,3
3891,66000,387130000C,(04)23274275,(04)23288582,2023,8,11,6,15,臺中市,沙鹿區,0,4,0,7,1,6,50,13,9,1,5,4,6,6,4,4,4,5,5,2,16,34,2,8,1,1,C03,7,6,1,10,2,14,,34,34,1,6,4,C03,120.575272,24.226415,2
3892,66000,387130000C,(04)23274275,(04)23288582,2023,8,11,6,18,臺中市,外埔區,0,1,0,7,1,6,30,4,1,1,5,4,6,6,4,4,10,5,5,1,16,20,3,10,3,1,B02,7,9,1,8,2,2,,20,20,1,7,4,B02,120.664488,24.316443,2
3893,66000,387130000C,(04)23274275,(04)23288582,2023,8,11,6,30,臺中市,沙鹿區,0,0,0,7,,,50,,,,,,,,,,,,,,9,86,,,,,B03,,,1,,9,,,86,,1,13,4,B03,120.565893,24.218641,3
3894,66000,387130000C,(04)23274275,(04)23288582,2023,8,11,6,30,臺中市,清水區,0,0,0,7,,,50,,,,,,,,,,,,,,,20,,,,,C03,,,1,,2,,,20,,1,12,4,C03,120.552078,24.265133,3
3895,66000,387130000C,(04)23274275,(04)23288582,2023,8,11,6,40,臺中市,南區,0,0,0,7,,,50,,,,,,,,,,,,,,,55,,,,,B03,,,1,,2,,,55,,1,12,4,B03,120.652508,24.117958,3
3896,66000,387130000C,(04)23274275,(04)23288582,2023,8,11,6,40,臺中市,西屯區,0,0,0,7,,,50,,,,,,,,,,,,,,,7,,,,,B03,,,1,,1,,,7,,1,13,4,B03,120.606473,24.192739,3
3897,66000,387130000C,(04)23274275,(04)23288582,2023,8,11,6,42,臺中市,豐原區,0,0,0,7,,,50,,,,,,,,,,,,,,,7,,,,,A41,,,1,,2,,,7,,1,13,4,A41,120.721409,24.270706,3
3898,66000,387130000C,(04)23274275,(04)23288582,2023,8,11,6,45,臺中市,后里區,0,0,0,7,,,50,,,,,,,,,,,,,,15,15,,,,,B03,,,5,,1,,,15,,1,12,4,B03,120.722936,24.296316,3
3899,66000,387130000C,(04)23274275,(04)23288582,2023,8,11,6,50,臺中市,大雅區,0,1,0,7,1,6,50,11,9,1,5,4,6,6,4,4,5,5,5,1,12,8,3,10,3,1,B03,7,4,1,7,2,2,,8,8,1,13,4,B03,120.635183,24.214253,2
3900,66000,387130000C,(04)23274275,(04)23288582,2023,8,11,6,51,臺中市,西區,0,1,0,7,2,6,50,4,2,1,5,4,6,6,4,4,3,4,4,2,17,84,2,9,2,1,C03,7,9,1,10,2,11,,84,84,1,13,4,C03,120.665786,24.138923,2
3901,66000,387130000C,(04)23274275,(04)23288582,2023,8,11,7,14,臺中市,后里區,0,0,0,7,2,6,50,4,1,1,5,4,6,6,1,1,1,4,4,1,16,21,3,10,3,1,B03,7,9,1,8,2,8,,21,21,1,12,4,B03,120.723363,24.312081,3
3902,66000,387130000C,(04)23274275,(04)23288582,2023,8,11,7,15,臺中市,后里區,0,1,0,7,1,6,50,3,1,1,5,4,6,6,4,4,10,5,5,2,12,45,3,10,3,1,B03,7,11,1,8,2,4,,45,45,1,10,4,B03,120.711596,24.302905,2
3903,66000,387130000C,(04)23274275,(04)23288582,2023,8,11,7,18,臺中市,北屯區,0,0,0,7,,,30,,,,,,,,,,,,,,14,87,,,,,C03,,,1,,9,,,87,,1,12,4,C03,120.662657,24.189494,3
3904,66000,387130000C,(04)23274275,(04)23288582,2023,8,11,7,20,臺中市,梧棲區,0,3,0,7,2,6,40,13,8,1,5,4,6,6,4,4,1,4,1,1,13,7,2,9,2,1,C03,7,9,1,10,2,11,,7,7,1,6,4,C03,120.538766,24.25718,2
3905,66000,387130000C,(04)23274275,(04)23288582,2023,8,11,7,25,臺中市,龍井區,0,0,0,7,,,70,,,,,,,,,,,,,,,59,,,,,B03,,,1,,2,,,59,,1,6,4,B03,120.538128,24.20235,3
3906,66000,387130000C,(04)23274275,(04)23288582,2023,8,11,7,26,臺中市,北屯區,0,3,0,7,1,6,50,4,1,1,5,4,6,6,4,4,10,5,5,2,15,12,2,9,5,4,C03,7,9,1,10,2,11,12,12,12,1,6,4,C03,120.699108,24.185968,2
3907,66000,387130000C,(04)23274275,(04)23288582,2023,8,11,7,30,臺中市,大甲區,0,1,0,7,2,6,30,3,1,1,5,4,6,6,4,4,10,5,5,2,16,14,2,9,1,1,C03,7,5,1,10,2,11,,14,14,1,12,4,C03,120.616368,24.347247,2
3908,66000,387130000C,(04)23274275,(04)23288582,2023,8,11,7,33,臺中市,南屯區,0,0,0,7,3,6,50,13,9,1,5,4,6,6,1,1,3,2,5,2,13,7,,,,,B03,,,1,,1,,,7,,1,12,4,B03,120.623617,24.149449,3
3909,66000,387130000C,(04)23274275,(04)23288582,2023,8,11,7,34,臺中市,西屯區,0,0,0,7,,,50,,,,,,,,,,,,,,,59,,,,,B03,,,1,,2,,,59,,1,12,4,B03,120.633306,24.173763,3
3910,66000,387130000C,(04)23274275,(04)23288582,2023,8,11,7,36,臺中市,大雅區,0,0,0,7,,,50,,,,,,,,,,,,,,,59,,,,,C03,,,1,,2,,,59,,1,13,4,C03,120.645493,24.224793,3
3911,66000,387130000C,(04)23274275,(04)23288582,2023,8,11,7,36,臺中市,沙鹿區,0,1,0,7,2,6,50,3,1,1,5,4,6,6,4,4,10,5,5,2,16,6,3,10,1,1,C03,7,6,1,10,2,11,,6,6,1,5,4,C03,120.556317,24.22832,2
3912,66000,387130000C,(04)23274275,(04)23288582,2023,8,11,7,36,臺中市,沙鹿區,0,1,0,7,2,6,30,11,9,2,5,4,6,6,4,4,10,5,5,2,17,59,2,9,2,1,C03,7,9,1,10,2,12,,59,59,1,12,4,C03,120.584587,24.200291,2
3913,66000,387130000C,(04)23274275,(04)23288582,2023,8,11,7,37,臺中市,南屯區,0,2,0,7,3,6,50,4,1,1,5,4,6,6,4,4,10,5,5,2,15,15,2,9,5,4,C03,7,9,1,10,2,12,14,15,15,1,12,4,C03,120.611882,24.145134,2
3914,66000,387130000C,(04)23274275,(04)23288582,2023,8,11,7,37,臺中市,大里區,0,1,0,7,2,6,50,13,9,1,5,4,6,6,4,4,5,5,4,1,12,1,3,10,3,1,B12,7,4,1,8,2,2,,1,1,1,6,4,B12,120.712103,24.094014,2
3915,66000,387130000C,(04)23274275,(04)23288582,2023,8,11,7,37,臺中市,龍井區,0,0,0,7,,,30,,,,,,,,,,,,,,16,51,,,,,B03,,,1,,2,,,51,51,1,12,4,B03,120.593315,24.181054,3
3916,66000,387130000C,(04)23274275,(04)23288582,2023,8,11,7,37,臺中市,大甲區,0,2,0,7,2,6,30,4,1,1,5,4,6,6,4,4,10,5,5,2,16,14,2,8,1,1,C03,7,6,1,10,2,14,,14,14,1,12,4,C03,120.61468,24.348054,2
3917,66000,387130000C,(04)23274275,(04)23288582,2023,8,11,7,40,臺中市,北屯區,0,0,0,7,,,40,,,,,,,,,,,,,,12,8,,,,,B03,,,1,,2,,,8,8,1,12,4,B03,120.729783,24.161026,3
3918,66000,387130000C,(04)23274275,(04)23288582,2023,8,11,7,41,臺中市,霧峰區,0,0,0,7,,,30,,,,,,,,,,,,,,11,58,,,,,B12,,,1,,2,,,58,,1,6,4,B12,120.696214,24.067187,3
3919,66000,387130000C,(04)23274275,(04)23288582,2023,8,11,7,41,臺中市,大里區,0,0,0,7,,,80,,,,,,,,,,,,,,13,7,,,,,B03,,,1,,2,,,7,,1,13,4,B03,120.694996,24.108329,3
3920,66000,387130000C,(04)23274275,(04)23288582,2023,8,11,7,45,臺中市,大雅區,0,0,0,7,,,50,,,,,,,,,,,,,,,59,,,,,B03,,,1,,2,,,59,,1,12,4,B03,120.657126,24.225169,3
3921,66000,387130000C,(04)23274275,(04)23288582,2023,8,11,7,49,臺中市,南區,0,1,0,7,2,6,50,13,9,1,5,4,6,6,4,4,1,4,5,2,17,1,2,9,2,1,C03,7,4,2,19,2,12,,1,1,1,6,4,C03,120.670799,24.127401,2
3922,66000,387130000C,(04)23274275,(04)23288582,2023,8,11,7,49,臺中市,東區,0,1,0,7,2,6,50,4,2,1,5,4,6,6,2,1,5,5,5,2,17,20,3,10,2,1,C03,7,15,1,10,2,12,,20,20,1,12,4,C03,120.685151,24.129655,2
3923,66000,387130000C,(04)23274275,(04)23288582,2023,8,11,7,49,臺中市,后里區,0,1,0,7,2,6,50,13,12,1,5,4,6,6,4,4,5,5,4,1,12,40,3,10,3,1,B03,7,7,1,8,2,2,,40,40,1,12,4,B03,120.689426,24.314386,2
3924,66000,387130000C,(04)23274275,(04)23288582,2023,8,11,7,50,臺中市,南區,0,0,0,7,,,30,,,,,,,,,,,,,,17,84,,,,,B03,,,1,,2,,,84,,1,6,4,B03,120.673644,24.127754,3
3925,66000,387130000C,(04)23274275,(04)23288582,2023,8,11,7,50,臺中市,龍井區,0,0,0,7,,,30,,,,,,,,,,,,,,,14,,,,,B03,,,1,,2,,,14,14,1,12,4,B03,120.592613,24.18139,4
3926,66000,387130000C,(04)23274275,(04)23288582,2023,8,11,7,50,臺中市,豐原區,0,1,0,7,2,6,50,5,1,1,5,4,6,6,1,1,5,5,5,2,16,51,3,10,5,4,B03,7,1,1,8,2,8,,51,51,1,6,4,B03,120.716577,24.253113,2
3927,66000,387130000C,(04)23274275,(04)23288582,2023,8,11,7,52,臺中市,神岡區,0,0,0,7,,,50,,,,,,,,,,,,,,,59,,,,,B03,,,1,,2,,,59,,1,12,4,B03,120.698609,24.248898,3
3928,66000,387130000C,(04)23274275,(04)23288582,2023,8,11,7,55,臺中市,烏日區,0,1,0,7,1,6,60,13,14,1,5,4,6,6,4,4,1,4,4,1,13,84,2,7,1,1,C03,7,9,1,10,2,11,,84,7,1,12,4,C03,120.604237,24.109235,2
3929,66000,387130000C,(04)23274275,(04)23288582,2023,8,11,7,56,臺中市,西屯區,0,2,0,7,3,6,60,13,7,1,5,4,6,6,4,4,1,5,1,1,17,40,2,9,3,1,B01,7,7,1,4,2,5,,40,40,1,13,4,B01,120.641076,24.167898,2
3930,66000,387130000C,(04)23274275,(04)23288582,2023,8,11,7,58,臺中市,神岡區,0,1,0,7,3,6,30,3,1,1,5,4,6,6,4,4,10,5,5,1,17,14,3,10,3,1,B03,7,6,1,8,2,4,,14,14,1,13,4,B03,120.682347,24.280819,2
3931,66000,387130000C,(04)23274275,(04)23288582,2023,8,11,7,59,臺中市,西屯區,0,1,0,7,2,6,50,13,8,1,5,4,6,6,4,4,1,4,4,2,17,85,3,10,3,1,B12,7,7,1,8,1,15,,85,85,1,12,4,B12,120.654609,24.201078,2
3932,66000,387130000C,(04)23274275,(04)23288582,2023,8,11,7,59,臺中市,霧峰區,0,1,0,7,1,6,50,3,1,1,5,4,6,6,1,1,9,5,4,1,16,11,3,10,3,1,B03,7,5,1,8,2,6,,11,11,1,13,4,B03,120.697683,24.058039,2
3933,66000,387130000C,(04)23274275,(04)23288582,2023,8,11,8,0,臺中市,南屯區,0,2,0,7,3,6,50,4,3,1,5,4,6,6,2,1,5,5,5,2,17,53,2,9,2,1,C03,7,9,1,10,8,12,,53,53,1,13,4,C03,120.632356,24.145477,2
3934,66000,387130000C,(04)23274275,(04)23288582,2023,8,11,8,1,臺中市,北區,0,1,0,7,2,6,50,3,1,1,5,4,6,6,4,4,5,5,5,2,16,51,3,10,1,1,C03,7,1,1,10,2,13,,51,51,1,13,4,C03,120.686653,24.153158,2
3935,66000,387130000C,(04)23274275,(04)23288582,2023,8,11,8,3,臺中市,北屯區,0,0,0,7,,,50,,,,,,,,,,,,,,13,84,,,,,B03,,,1,,1,,,84,84,1,13,4,B03,120.706863,24.189621,3
3936,66000,387130000C,(04)23274275,(04)23288582,2023,8,11,8,4,臺中市,北屯區,0,0,0,7,,,50,,,,,,,,,,,,,,,7,,,,,C03,,,1,,1,,,7,,1,6,4,C03,120.680275,24.173002,3
3937,66000,387130000C,(04)23274275,(04)23288582,2023,8,11,8,5,臺中市,神岡區,0,1,0,7,2,6,50,5,1,1,5,4,6,6,1,1,5,5,5,1,16,7,2,9,1,1,C03,7,9,1,10,2,14,,7,7,2,12,4,C03,120.689192,24.239121,2
3938,66000,387130000C,(04)23274275,(04)23288582,2023,8,11,8,6,臺中市,霧峰區,0,2,0,7,1,6,50,3,1,1,5,4,6,6,4,4,9,5,4,1,16,48,2,9,1,1,C03,7,6,1,10,2,11,,48,48,1,13,4,C03,120.696773,24.065034,2
3939,66000,387130000C,(04)23274275,(04)23288582,2023,8,11,8,7,臺中市,大里區,0,0,0,7,,,50,,,,,,,,,,,,,,13,7,,,,,B03,,,1,,2,,,7,,1,6,4,B03,120.699015,24.079958,3
3940,66000,387130000C,(04)23274275,(04)23288582,2023,8,11,8,9,臺中市,清水區,0,0,0,7,,,60,,,,,,,,,,,,,,,7,,,,,B12,,,1,,2,,,7,,1,12,4,B12,120.553882,24.274968,3
3941,66000,387130000C,(04)23274275,(04)23288582,2023,8,11,8,10,臺中市,西屯區,0,0,0,7,,,50,,,,,,,,,,,,,,,84,,,,,B03,,,1,,1,,,84,84,1,12,4,B03,120.638204,24.170286,3
3942,66000,387130000C,(04)23274275,(04)23288582,2023,8,11,8,13,臺中市,太平區,0,0,0,7,,,50,,,,,,,,,,,,,,,12,,,,,B03,,,1,,2,,,12,,1,13,4,B03,120.717918,24.128213,3
3943,66000,387130000C,(04)23274275,(04)23288582,2023,8,11,8,14,臺中市,大里區,0,0,0,7,,,50,,,,,,,,,,,,,,16,26,,,,,B03,,,1,,2,,,26,26,1,6,4,B03,120.681082,24.104827,3
3944,66000,387130000C,(04)23274275,(04)23288582,2023,8,11,8,15,臺中市,南屯區,0,0,0,7,,,50,,,,,,,,,,,,,,,7,,,,,B03,,,1,,1,,,7,,1,13,4,B03,120.624853,24.132497,3
3945,66000,387130000C,(04)23274275,(04)23288582,2023,8,11,8,15,臺中市,西屯區,0,0,0,7,,,50,,,,,,,,,,,,,,17,84,,,,,C03,,,1,,1,,,84,,1,13,4,C03,120.647615,24.169945,3
3946,66000,387130000C,(04)23274275,(04)23288582,2023,8,11,8,18,臺中市,北屯區,0,0,0,7,,,50,,,,,,,,,,,,,,,7,,,,,B03,,,1,,1,,,7,,1,12,4,B03,120.6764,24.201312,3
3947,66000,387130000C,(04)23274275,(04)23288582,2023,8,11,8,20,臺中市,北區,0,0,0,7,,,50,,,,,,,,,,,,,,14,49,,,,,B03,,,1,,2,,,49,,1,13,4,B03,120.674961,24.155853,3
3948,66000,387130000C,(04)23274275,(04)23288582,2023,8,11,8,22,臺中市,豐原區,0,1,0,7,3,6,50,13,7,1,5,4,6,6,4,4,1,4,4,1,17,51,3,10,3,1,B03,7,1,1,8,2,4,,51,51,1,13,4,B03,120.713585,24.243656,2
3949,66000,387130000C,(04)23274275,(04)23288582,2023,8,11,8,24,臺中市,潭子區,0,2,0,7,3,6,50,3,1,1,5,4,6,6,4,4,5,5,4,2,17,14,2,9,2,1,C03,7,6,1,10,2,12,,14,14,1,13,4,C03,120.701394,24.223034,2
3950,66000,387130000C,(04)23274275,(04)23288582,2023,8,11,8,30,臺中市,東區,0,1,0,7,2,6,50,4,1,1,5,4,6,6,4,4,10,5,5,2,15,20,2,7,1,1,C03,7,9,1,10,2,12,,20,20,1,12,4,C03,120.690982,24.140689,2
3951,66000,387130000C,(04)23274275,(04)23288582,2023,8,11,8,30,臺中市,南屯區,0,0,0,7,3,6,50,13,9,1,5,4,6,6,4,,3,4,5,2,12,40,,,,,B02,,,1,,1,,,40,,1,12,4,B02,120.624147,24.149373,3
3952,66000,387130000C,(04)23274275,(04)23288582,2023,8,11,8,30,臺中市,龍井區,0,1,0,7,1,6,50,3,2,1,5,4,6,6,3,1,9,5,5,2,17,43,3,10,3,1,B03,7,3,1,8,2,16,,65,43,1,12,4,B03,120.586772,24.188427,2
3953,66000,387130000C,(04)23274275,(04)23288582,2023,8,11,8,32,臺中市,大雅區,0,1,0,7,1,6,50,4,1,1,5,4,6,6,1,1,5,5,5,1,17,20,3,10,3,1,B03,7,5,1,8,2,2,,20,20,1,13,4,B03,120.631663,24.211051,2
3954,66000,387130000C,(04)23274275,(04)23288582,2023,8,11,8,35,臺中市,龍井區,0,1,0,7,1,6,40,3,1,1,5,4,6,6,1,1,9,5,5,2,12,8,3,10,3,1,B03,7,5,1,8,2,2,,8,8,1,12,4,B03,120.588414,24.191882,2
3955,66000,387130000C,(04)23274275,(04)23288582,2023,8,11,8,35,臺中市,龍井區,0,0,0,7,,,50,,,,,,,,,,,,,,,20,,,,,B03,,,1,,2,,,20,20,1,12,4,B03,120.582531,24.182224,3
3956,66000,387130000C,(04)23274275,(04)23288582,2023,8,11,8,36,臺中市,大雅區,0,0,0,7,,,50,,,,,,,,,,,,,,14,49,,,,,B12,,,1,,11,,,49,,2,12,4,B12,120.630102,24.209915,3
3957,66000,387130000C,(04)23274275,(04)23288582,2023,8,11,8,37,臺中市,潭子區,0,1,0,7,3,6,50,13,9,1,5,4,6,6,4,4,9,4,5,2,17,51,3,10,3,1,B03,7,1,1,8,2,8,,51,51,1,13,4,B03,120.693753,24.230836,2
3958,66000,387130000C,(04)23274275,(04)23288582,2023,8,11,8,37,臺中市,霧峰區,0,0,0,7,,,50,,,,,,,,,,,,,,13,59,,,,,B03,,,1,,2,,,59,59,1,13,4,B03,120.68503,24.065678,3
3959,66000,387130000C,(04)23274275,(04)23288582,2023,8,11,8,38,臺中市,霧峰區,0,0,0,7,,,30,,,,,,,,,,,,,,15,15,,,,,C03,,,1,,2,,,15,,1,13,4,C03,120.697985,24.060045,4
3960,66000,387130000C,(04)23274275,(04)23288582,2023,8,11,8,40,臺中市,北區,0,1,0,7,2,6,50,3,1,1,5,4,6,6,4,4,3,4,5,2,16,14,2,8,2,1,C03,7,5,1,10,2,11,,14,14,1,13,4,C03,120.679975,24.163099,2
3961,66000,387130000C,(04)23274275,(04)23288582,2023,8,11,8,41,臺中市,南屯區,0,0,0,7,,,40,,,,,,,,,,,,,,12,51,,,,,B03,,,1,,2,,,51,51,1,13,4,B03,120.644741,24.149907,3
3962,66000,387130000C,(04)23274275,(04)23288582,2023,8,11,8,43,臺中市,大里區,0,1,0,7,3,6,50,3,2,1,5,4,6,6,4,4,5,4,4,2,16,51,3,10,5,4,B03,7,1,1,7,2,8,,51,51,1,13,4,B03,120.684692,24.095585,2
3963,66000,387130000C,(04)23274275,(04)23288582,2023,8,11,8,48,臺中市,北屯區,0,0,0,7,,,50,,,,,,,,,,,,,,9,32,,,,,C03,,,1,,9,,,32,32,1,12,4,C03,120.669619,24.177529,3
3964,66000,387130000C,(04)23274275,(04)23288582,2023,8,11,8,49,臺中市,南屯區,0,0,0,7,,,50,,,,,,,,,,,,,,,7,,,,,B03,,,1,,1,,,7,,1,13,4,B03,120.640721,24.150861,3
3965,66000,387130000C,(04)23274275,(04)23288582,2023,8,11,8,55,臺中市,清水區,0,0,0,7,,,60,,,,,,,,,,,,,,13,59,,,,,A11,,,1,,2,,,59,,1,12,4,A11,120.54781,24.277421,3
3966,66000,387130000C,(04)23274275,(04)23288582,2023,8,11,8,55,臺中市,后里區,0,1,0,7,1,6,50,4,1,1,5,4,6,6,4,4,10,5,5,2,13,7,2,9,1,1,C03,7,9,1,10,2,11,,7,59,1,6,4,C03,120.710534,24.300717,2
3967,66000,387130000C,(04)23274275,(04)23288582,2023,8,11,8,58,臺中市,太平區,0,1,0,7,2,6,50,4,1,1,5,4,6,6,1,1,10,5,5,2,15,21,2,9,2,1,C03,7,9,1,10,2,12,,21,21,1,12,4,C03,120.715996,24.124709,2
3968,66000,387130000C,(04)23274275,(04)23288582,2023,8,11,8,59,臺中市,大里區,0,1,0,7,2,6,30,4,1,1,5,4,6,6,2,1,1,5,5,1,16,21,2,9,1,1,C03,7,9,1,10,2,11,,21,21,1,6,4,C03,120.67173,24.108068,2
3969,66000,387130000C,(04)23274275,(04)23288582,2023,8,11,9,0,臺中市,中區,0,0,0,7,,,50,,,,,,,,,,,,,,,7,,,,,C03,,,1,,1,,,7,,1,5,4,C03,120.681823,24.139259,3
3970,66000,387130000C,(04)23274275,(04)23288582,2023,8,11,9,2,臺中市,潭子區,0,0,0,7,,,60,,,,,,,,,,,,,,,32,,,,,C03,,,1,,2,,,32,,1,13,4,C03,120.705353,24.213282,3
3971,66000,387130000C,(04)23274275,(04)23288582,2023,8,11,9,2,臺中市,南屯區,0,1,0,7,3,6,50,13,9,1,5,4,6,6,1,1,5,5,5,2,12,8,2,9,1,1,C03,7,9,1,10,2,14,,8,8,1,12,4,C03,120.628542,24.14018,2
3972,66000,387130000C,(04)23274275,(04)23288582,2023,8,11,9,2,臺中市,東勢區,0,0,0,7,,,50,,,,,,,,,,,,,,16,11,,,,,B03,,,1,,2,,,11,,1,12,4,B03,120.828849,24.253295,3
3973,66000,387130000C,(04)23274275,(04)23288582,2023,8,11,9,3,臺中市,潭子區,0,2,0,7,2,6,50,13,8,1,5,4,6,6,4,4,3,4,4,1,13,7,2,9,2,1,C03,7,9,1,10,2,11,,7,7,1,13,4,C03,120.702295,24.193951,2
3974,66000,387130000C,(04)23274275,(04)23288582,2023,8,11,9,4,臺中市,大里區,0,1,0,7,3,6,50,13,9,1,5,4,6,6,4,4,5,4,5,1,16,40,3,10,5,4,B03,7,7,1,8,2,5,,40,40,1,13,4,B03,120.688944,24.104988,2
3975,66000,387130000C,(04)23274275,(04)23288582,2023,8,11,9,7,臺中市,豐原區,0,1,0,7,2,6,50,13,9,1,5,4,6,6,4,4,1,5,5,1,13,8,3,10,5,4,B03,7,9,1,8,2,5,,8,8,1,6,4,B03,120.712878,24.245933,2
3976,66000,387130000C,(04)23274275,(04)23288582,2023,8,11,9,9,臺中市,潭子區,0,1,0,7,1,6,30,4,1,1,5,4,6,6,1,1,5,4,5,1,17,23,2,9,2,1,C03,7,6,1,10,2,11,,23,23,1,13,4,C03,120.706284,24.211548,2
3977,66000,387130000C,(04)23274275,(04)23288582,2023,8,11,9,11,臺中市,大里區,0,0,0,7,,,30,,,,,,,,,,,,,,17,87,,,,,B03,,,1,,10,,,87,,1,12,4,B03,120.686837,24.11725,3
3978,66000,387130000C,(04)23274275,(04)23288582,2023,8,11,9,13,臺中市,南區,0,2,0,7,2,6,40,13,12,1,5,4,6,6,4,4,3,4,4,2,13,7,2,9,2,1,C03,7,9,1,10,2,11,,7,7,1,12,4,C03,120.648056,24.111188,2
3979,66000,387130000C,(04)23274275,(04)23288582,2023,8,11,9,18,臺中市,潭子區,0,0,0,7,,,50,,,,,,,,,,,,,,14,49,,,,,B12,,,1,,2,,,49,,1,13,4,B12,120.694411,24.217973,3
3980,66000,387130000C,(04)23274275,(04)23288582,2023,8,11,9,22,臺中市,北屯區,0,1,0,7,2,6,50,13,9,1,5,4,6,6,4,4,1,4,5,2,18,84,2,9,1,1,C03,7,9,1,10,2,14,,84,84,1,13,4,C03,120.686704,24.200434,2
3981,66000,387130000C,(04)23274275,(04)23288582,2023,8,11,9,23,臺中市,中區,0,1,0,7,3,6,50,4,2,1,5,4,6,6,2,1,5,4,5,2,13,84,2,9,1,1,C03,7,9,3,19,2,11,,84,84,1,13,4,C03,120.679547,24.142469,2
3982,66000,387130000C,(04)23274275,(04)23288582,2023,8,11,9,27,臺中市,南屯區,0,1,0,7,3,6,40,3,1,1,5,4,6,6,4,4,10,5,5,2,16,12,3,10,5,4,B13,7,5,1,8,2,8,,12,12,1,13,4,B13,120.634524,24.14265,2
3983,66000,387130000C,(04)23274275,(04)23288582,2023,8,11,9,28,臺中市,豐原區,0,1,0,7,3,6,50,13,7,1,5,4,6,6,4,4,1,4,5,1,13,7,2,8,3,1,B03,7,9,1,8,2,8,,7,7,1,13,4,B03,120.749112,24.267987,2
3984,66000,387130000C,(04)23274275,(04)23288582,2023,8,11,9,39,臺中市,西屯區,0,2,0,7,2,6,40,3,1,1,5,4,6,6,1,1,1,4,1,2,3,59,2,9,1,1,C03,7,9,1,10,2,14,,59,59,1,12,4,C03,120.616508,24.182689,2
3985,66000,387130000C,(04)23274275,(04)23288582,2023,8,11,9,39,臺中市,烏日區,0,2,0,7,3,6,60,3,1,1,5,4,6,6,4,4,1,4,4,1,13,7,2,9,1,1,C03,7,12,2,19,2,11,14,7,7,1,12,4,C03,120.619788,24.105877,2
3986,66000,387130000C,(04)23274275,(04)23288582,2023,8,11,9,40,臺中市,外埔區,0,1,0,7,2,6,15,4,1,1,5,4,6,6,3,1,5,5,5,1,15,20,3,10,3,1,B12,7,9,1,6,2,1,,20,20,1,12,4,B12,120.614566,24.331283,2
3987,66000,387130000C,(04)23274275,(04)23288582,2023,8,11,9,44,臺中市,南區,0,0,0,7,,,50,,,,,,,,,,,,,,17,84,,,,,B03,,,1,,2,,,84,,1,6,4,B03,120.666443,24.124837,3
3988,66000,387130000C,(04)23274275,(04)23288582,2023,8,11,9,45,臺中市,北區,0,0,0,7,,,30,,,,,,,,,,,,,,14,49,,,,,B12,,,1,,1,,,49,,1,13,4,B12,120.696562,24.153745,3
3989,66000,387130000C,(04)23274275,(04)23288582,2023,8,11,9,46,臺中市,東區,0,0,0,7,2,6,50,13,7,1,5,4,6,6,4,4,5,5,4,2,13,7,3,10,3,1,A12,7,9,1,7,2,1,,7,7,1,6,4,A12,120.699654,24.139042,3