序號,縣市別代碼,機關代碼,市話,傳真,年,月,日,時,分,縣市,區,死亡數量,受傷數量,2-30,天候,光線,道路類別,速限,道路型態,事故位置,路面鋪裝,路面狀態,路面缺陷,障礙物,視距,號誌種類,號誌動作,分向設施,快車道或一般車道間,快慢車道間,路面邊線,事故類型及型態,主要肇因,受傷程度,主要傷處,保護裝備,行動電話,當事者區分(類別),車輛用途,當事者行動狀態,駕駛資格情形,駕駛執照種類,飲酒情形,車輛撞擊部位最初,車輛撞擊部位其他,肇事因素個別,肇事因素主要,肇事逃逸,職業,旅次目的,車種,GPS座標X,GPS座標Y,事故類別
3990,66000,387130000C,(04)23274275,(04)23288582,2023,8,11,9,46,臺中市,龍井區,0,3,0,7,1,6,40,4,19,1,5,4,6,6,2,1,3,5,5,2,3,10,2,9,1,1,C03,7,9,1,10,2,11,,10,10,1,12,4,C03,120.592952,24.182892,2
3991,66000,387130000C,(04)23274275,(04)23288582,2023,8,11,9,47,臺中市,北區,0,0,0,7,,,30,,,,,,,,,,,,,,14,49,,,,,B03,,,1,,1,,,49,,1,13,4,B03,120.668183,24.153867,3
3992,66000,387130000C,(04)23274275,(04)23288582,2023,8,11,9,48,臺中市,西屯區,0,1,0,7,2,6,50,4,1,1,5,4,6,6,1,1,5,4,5,2,13,84,3,10,3,1,B03,7,9,1,8,1,5,,84,84,1,12,4,B03,120.644268,24.171377,2
3993,66000,387130000C,(04)23274275,(04)23288582,2023,8,11,9,50,臺中市,東區,0,0,0,7,,,50,,,,,,,,,,,,,,,86,,,,,,,,,,,,,86,,1,,,,120.708289,24.135828,3
3994,66000,387130000C,(04)23274275,(04)23288582,2023,8,11,9,50,臺中市,烏日區,0,0,0,7,,,40,,,,,,,,,,,,,,13,7,,,,,B03,,,1,,2,,,7,,1,13,4,B03,120.603142,24.107805,3
3995,66000,387130000C,(04)23274275,(04)23288582,2023,8,11,9,54,臺中市,西屯區,0,0,0,7,,,50,,,,,,,,,,,,,,,7,,,,,B03,,,1,,1,,,7,,1,12,4,B03,120.635199,24.16965,3
3996,66000,387130000C,(04)23274275,(04)23288582,2023,8,11,9,55,臺中市,北區,0,1,0,7,2,6,50,3,1,1,5,4,6,6,4,4,5,4,4,2,17,84,3,10,5,1,B03,7,9,1,8,2,8,,84,84,1,13,4,B03,120.671034,24.159219,2
3997,66000,387130000C,(04)23274275,(04)23288582,2023,8,11,9,55,臺中市,大甲區,0,1,0,7,2,6,70,13,12,1,5,4,6,6,4,4,1,4,4,1,17,47,3,10,3,1,B12,7,5,1,8,2,5,,47,47,1,12,4,B12,120.61568,24.334874,2
3998,66000,387130000C,(04)23274275,(04)23288582,2023,8,11,10,0,臺中市,龍井區,0,0,0,7,,,50,,,,,,,,,,,,,,13,84,,,,,B03,,,1,,2,,,84,84,1,12,4,B03,120.592729,24.18187,3
3999,66000,387130000C,(04)23274275,(04)23288582,2023,8,11,10,1,臺中市,豐原區,0,0,0,7,,,50,,,,,,,,,,,,,,,7,,,,,B03,,,1,,2,,,7,,1,12,4,B03,120.714854,24.24506,3
4000,66000,387130000C,(04)23274275,(04)23288582,2023,8,11,10,2,臺中市,豐原區,0,0,0,7,,,50,,,,,,,,,,,,,,13,7,,,,,B03,,,1,,2,,,7,,1,12,4,B03,120.72901,24.256935,3
4001,66000,387130000C,(04)23274275,(04)23288582,2023,8,11,10,5,臺中市,太平區,0,1,0,7,3,6,50,13,9,1,5,4,6,6,4,4,9,5,5,1,12,1,3,10,3,1,B12,7,4,1,8,2,5,,1,1,1,12,4,B12,120.721547,24.102475,2
4002,66000,387130000C,(04)23274275,(04)23288582,2023,8,11,10,11,臺中市,后里區,0,0,0,7,,4,50,13,2,1,5,4,6,6,1,1,1,4,5,2,2,7,3,10,3,1,B03,7,9,1,8,2,8,,7,7,1,13,4,B03,120.693772,24.318272,3
4003,66000,387130000C,(04)23274275,(04)23288582,2023,8,11,10,15,臺中市,霧峰區,0,1,0,7,1,6,50,3,1,1,5,4,6,6,1,1,9,4,5,1,13,7,2,7,1,1,C03,7,9,1,10,2,11,,7,7,1,13,4,C03,120.695069,24.058928,2
4004,66000,387130000C,(04)23274275,(04)23288582,2023,8,11,10,15,臺中市,豐原區,0,1,0,7,3,6,50,13,14,1,5,4,6,6,4,4,1,4,5,1,17,59,2,8,1,1,C03,7,9,1,10,2,11,,59,59,1,13,4,C03,120.722141,24.244095,2
4005,66000,387130000C,(04)23274275,(04)23288582,2023,8,11,10,16,臺中市,東勢區,0,0,0,7,3,6,60,3,9,1,5,4,6,6,4,4,5,5,5,1,11,4,,,,,B03,,,5,,2,,,4,,1,12,4,B03,120.818334,24.276093,3
4006,66000,387130000C,(04)23274275,(04)23288582,2023,8,11,10,18,臺中市,大里區,0,0,0,7,,,30,,,,,,,,,,,,,,16,14,,,,,B03,,,1,,2,,,14,14,1,6,4,B03,120.662773,24.1024,3
4007,66000,387130000C,(04)23274275,(04)23288582,2023,8,11,10,20,臺中市,南屯區,0,0,0,7,,,50,,,,,,,,,,,,,,,45,,,,,B03,,,1,,1,,,45,,1,13,4,B03,120.631869,24.153673,3
4008,66000,387130000C,(04)23274275,(04)23288582,2023,8,11,10,20,臺中市,太平區,0,0,0,7,,,50,,,,,,,,,,,,,,,59,,,,,B03,,,1,,1,,,59,,1,13,4,B03,120.71286,24.14444,3
4009,66000,387130000C,(04)23274275,(04)23288582,2023,8,11,10,22,臺中市,南區,0,1,0,7,2,6,50,13,7,1,5,4,6,6,1,1,5,4,4,2,12,84,2,9,2,1,C03,7,9,1,10,2,12,,84,84,1,12,4,C03,120.684424,24.121852,2
4010,66000,387130000C,(04)23274275,(04)23288582,2023,8,11,10,25,臺中市,沙鹿區,0,0,0,7,,,1,,,,,,,,,,,,,,14,49,,,,,B03,,,1,,1,,,49,,1,13,4,B03,120.560338,24.234727,3
4011,66000,387130000C,(04)23274275,(04)23288582,2023,8,11,10,29,臺中市,西屯區,0,0,0,7,,,40,,,,,,,,,,,,,,17,84,,,,,B03,,,1,,1,,,84,,1,13,4,B03,120.616678,24.182248,3
4012,66000,387130000C,(04)23274275,(04)23288582,2023,8,11,10,30,臺中市,沙鹿區,0,0,0,7,,,50,,,,,,,,,,,,,,,61,,,,,B02,,,1,,2,,,61,,1,6,4,B02,120.553024,24.217214,3
4013,66000,387130000C,(04)23274275,(04)23288582,2023,8,11,10,34,臺中市,南屯區,0,0,0,7,3,6,50,13,8,1,5,4,6,6,4,4,1,4,1,2,13,7,,,,,B03,,,1,,1,,,7,,1,12,4,B03,120.623799,24.150702,3
4014,66000,387130000C,(04)23274275,(04)23288582,2023,8,11,10,35,臺中市,大雅區,0,0,0,7,,,30,,,,,,,,,,,,,,,49,,,,,B11,,,1,,2,,,49,,1,13,4,B11,120.65056,24.212864,3
4015,66000,387130000C,(04)23274275,(04)23288582,2023,8,11,10,43,臺中市,東區,0,1,0,7,2,6,50,13,9,1,5,4,6,6,4,4,10,4,5,2,8,84,3,10,3,1,B12,7,9,1,8,2,2,,84,84,1,6,4,B12,120.690533,24.139239,2
4016,66000,387130000C,(04)23274275,(04)23288582,2023,8,11,10,43,臺中市,北屯區,0,1,0,7,1,6,50,3,1,1,5,4,6,6,4,4,10,5,5,2,15,13,2,9,5,4,C03,7,9,1,10,2,11,14,13,13,1,6,4,C03,120.694857,24.184341,2
4017,66000,387130000C,(04)23274275,(04)23288582,2023,8,11,10,44,臺中市,西屯區,0,0,0,7,,,30,,,,,,,,,,,,,,17,84,,,,,B03,,,1,,9,,,84,,1,13,4,B03,120.664603,24.173618,3
4018,66000,387130000C,(04)23274275,(04)23288582,2023,8,11,10,45,臺中市,后里區,0,1,0,7,2,6,30,4,1,1,5,4,6,6,1,1,1,4,4,1,16,23,3,10,3,1,B03,7,6,1,8,2,1,,23,23,1,12,4,B03,120.72343,24.313162,2
4019,66000,387130000C,(04)23274275,(04)23288582,2023,8,11,10,49,臺中市,北屯區,0,1,0,7,2,6,50,3,2,1,5,4,6,6,4,4,10,5,5,2,3,95,2,9,6,5,H01,8,16,7,21,10,17,,95,95,1,12,5,H01,120.667951,24.180085,2
4020,66000,387130000C,(04)23274275,(04)23288582,2023,8,11,10,50,臺中市,沙鹿區,0,0,0,7,,,50,,,,,,,,,,,,,,,59,,,,,B03,,,1,,2,,,59,,1,12,4,B03,120.571127,24.211626,3
4021,66000,387130000C,(04)23274275,(04)23288582,2023,8,11,10,50,臺中市,豐原區,0,1,0,7,3,6,50,13,8,1,5,4,6,6,4,4,1,4,4,2,17,49,3,10,3,1,B03,7,2,1,8,2,8,,49,49,1,13,4,B03,120.725864,24.236882,2
4022,66000,387130000C,(04)23274275,(04)23288582,2023,8,11,10,51,臺中市,豐原區,0,0,0,7,,,50,,,,,,,,,,,,,,,59,,,,,B03,,,1,,2,,,59,,1,12,4,B03,120.729606,24.247679,3
4023,66000,387130000C,(04)23274275,(04)23288582,2023,8,11,10,52,臺中市,中區,0,0,0,7,,,50,,,,,,,,,,,,,,,7,,,,,B03,,,1,,2,,,7,,1,12,4,B03,120.681454,24.139382,3
4024,66000,387130000C,(04)23274275,(04)23288582,2023,8,11,10,54,臺中市,后里區,0,2,0,7,2,6,30,4,2,1,5,4,6,6,4,4,10,5,5,1,17,87,3,10,3,1,B03,7,5,1,8,2,8,,87,87,1,12,4,B03,120.75293,24.325005,2
4025,66000,387130000C,(04)23274275,(04)23288582,2023,8,11,10,54,臺中市,豐原區,0,1,0,7,2,6,50,5,1,1,5,4,6,6,1,1,1,5,5,2,16,11,2,9,1,1,C03,7,5,1,10,2,11,,11,11,1,6,4,C03,120.707301,24.252728,2
4026,66000,387130000C,(04)23274275,(04)23288582,2023,8,11,10,55,臺中市,大雅區,0,1,0,7,3,6,50,4,1,1,5,4,6,6,4,4,8,3,5,2,17,7,2,8,1,1,C03,7,6,1,10,2,11,,7,7,1,12,4,C03,120.653253,24.218109,2
4027,66000,387130000C,(04)23274275,(04)23288582,2023,8,11,10,55,臺中市,大甲區,0,0,0,7,,,70,,,,,,,,,,,,,,13,7,,,,,B12,,,1,,1,,,7,,1,6,4,B12,120.60804,24.326358,3
4028,66000,387130000C,(04)23274275,(04)23288582,2023,8,11,11,0,臺中市,東區,0,0,0,7,,,40,,,,,,,,,,,,,,,84,,,,,B03,,,1,,2,,,84,,1,12,4,B03,120.704834,24.144531,3
4029,66000,387130000C,(04)23274275,(04)23288582,2023,8,11,11,0,臺中市,沙鹿區,0,0,0,7,,,60,,,,,,,,,,,,,,13,7,,,,,B03,,,1,,1,,,7,,1,6,4,B03,120.606244,24.247281,3
4030,66000,387130000C,(04)23274275,(04)23288582,2023,8,11,11,0,臺中市,豐原區,0,0,0,7,,,50,,,,,,,,,,,,,,13,52,,,,,B03,,,1,,2,,,52,,1,13,4,B03,120.721625,24.260873,3
4031,66000,387130000C,(04)23274275,(04)23288582,2023,8,11,11,9,臺中市,西屯區,0,0,0,7,,,50,,,,,,,,,,,,,,9,34,,,,,C03,,,1,,2,,,34,,1,12,4,C03,120.647102,24.171763,3
4032,66000,387130000C,(04)23274275,(04)23288582,2023,8,11,11,10,臺中市,大安區,0,2,0,7,3,6,50,13,9,1,5,4,6,6,4,4,9,5,5,1,17,43,2,8,2,1,C03,7,9,3,19,2,11,,43,43,1,6,4,C03,120.586266,24.346546,2
4033,66000,387130000C,(04)23274275,(04)23288582,2023,8,11,11,11,臺中市,大里區,0,0,0,7,,,30,,,,,,,,,,,,,,12,8,,,,,B03,,,1,,9,,,8,,1,13,4,B03,120.687541,24.113681,4
4034,66000,387130000C,(04)23274275,(04)23288582,2023,8,11,11,12,臺中市,豐原區,0,1,0,7,3,6,50,4,1,1,5,4,6,6,1,1,10,5,5,2,17,11,3,10,3,1,B03,7,6,1,8,2,2,,11,11,1,12,4,B03,120.712694,24.247587,2
4035,66000,387130000C,(04)23274275,(04)23288582,2023,8,11,11,19,臺中市,北屯區,0,0,0,7,,,50,,,,,,,,,,,,,,,49,,,,,B03,,,1,,2,,,49,,1,13,4,B03,120.70613,24.181321,3
4036,66000,387130000C,(04)23274275,(04)23288582,2023,8,11,11,22,臺中市,南區,0,0,0,7,,,50,,,,,,,,,,,,,,17,84,,,,,B03,,,1,6,2,,,84,84,1,13,4,B03,120.650159,24.111728,3
4037,66000,387130000C,(04)23274275,(04)23288582,2023,8,11,11,23,臺中市,烏日區,0,0,0,7,,,30,,,,,,,,,,,,,,,14,,,,,B03,,,1,,2,,,14,,1,12,4,B03,120.636924,24.070789,3
4038,66000,387130000C,(04)23274275,(04)23288582,2023,8,11,11,24,臺中市,西屯區,0,2,0,7,2,6,0,13,21,2,5,4,6,6,4,4,10,5,5,2,16,39,2,9,5,4,C03,7,1,1,10,9,15,,39,39,1,12,4,C03,120.66285,24.172428,2
4039,66000,387130000C,(04)23274275,(04)23288582,2023,8,11,11,25,臺中市,大雅區,0,0,0,7,,,40,,,,,,,,,,,,,,,59,,,,,B12,,,1,,2,,,59,,1,13,4,B12,120.646268,24.225508,4
4040,66000,387130000C,(04)23274275,(04)23288582,2023,8,11,11,26,臺中市,西屯區,0,0,0,7,,,40,,,,,,,,,,,,,,,59,,,,,B03,,,1,,1,,,59,,1,13,4,B03,120.633859,24.17324,3
4041,66000,387130000C,(04)23274275,(04)23288582,2023,8,11,11,26,臺中市,東勢區,0,1,0,7,3,6,50,5,9,1,5,4,6,6,1,1,5,5,5,2,12,48,2,9,1,1,C03,7,6,1,10,2,14,,48,48,1,12,4,C03,120.826056,24.264468,2
4042,66000,387130000C,(04)23274275,(04)23288582,2023,8,11,11,30,臺中市,北屯區,0,1,0,7,2,6,50,13,5,1,5,4,6,6,4,4,10,4,4,2,18,59,2,9,2,1,C03,7,15,1,10,2,12,,59,59,1,5,4,C03,120.721934,24.186866,2
4043,66000,387130000C,(04)23274275,(04)23288582,2023,8,11,11,30,臺中市,沙鹿區,0,1,0,7,1,6,40,13,8,1,5,4,6,6,4,4,1,4,4,2,17,76,3,10,3,1,B03,7,13,1,8,2,4,,76,76,1,6,4,B03,120.570644,24.214808,2
4044,66000,387130000C,(04)23274275,(04)23288582,2023,8,11,11,31,臺中市,西屯區,0,0,0,7,,,50,,,,,,,,,,,,,,16,51,,,,,B03,,,1,,1,,,51,,1,12,4,B03,120.665071,24.172954,4
4045,66000,387130000C,(04)23274275,(04)23288582,2023,8,11,11,35,臺中市,西屯區,0,1,0,7,2,6,40,13,8,1,5,4,6,6,4,4,1,5,1,2,13,7,2,9,5,4,C03,7,9,1,8,1,11,,7,7,1,12,4,C03,120.639664,24.159097,2
4046,66000,387130000C,(04)23274275,(04)23288582,2023,8,11,11,38,臺中市,南區,0,1,0,7,2,6,50,3,1,1,5,4,6,6,4,4,3,5,5,2,16,14,3,10,3,1,B01,7,5,1,4,2,2,,14,14,1,12,4,B01,120.655776,24.114866,2
4047,66000,387130000C,(04)23274275,(04)23288582,2023,8,11,11,39,臺中市,潭子區,0,1,0,7,2,6,50,3,2,1,5,4,6,6,2,1,8,3,5,1,12,47,3,10,3,1,B03,7,5,1,8,2,2,,47,47,1,13,4,B03,120.721817,24.198057,2
4048,66000,387130000C,(04)23274275,(04)23288582,2023,8,11,11,39,臺中市,北屯區,0,0,0,7,,,50,,,,,,,,,,,,,,13,59,,,,,B03,,,1,,2,,,59,,1,13,4,B03,120.690639,24.171185,3
4049,66000,387130000C,(04)23274275,(04)23288582,2023,8,11,11,40,臺中市,西屯區,0,0,0,7,,,50,,,,,,,,,,,,,,17,49,,,,,B03,,,1,,1,,,49,,1,13,4,B03,120.637341,24.177716,3
4050,66000,387130000C,(04)23274275,(04)23288582,2023,8,11,11,41,臺中市,北區,0,0,0,7,,,50,,,,,,,,,,,,,,14,49,,,,,B03,,,1,,1,,,49,,1,12,4,B03,120.669181,24.164882,3
4051,66000,387130000C,(04)23274275,(04)23288582,2023,8,11,11,43,臺中市,西區,0,1,0,7,3,6,50,4,1,1,5,4,6,6,1,1,10,5,5,2,16,11,2,9,2,1,C03,7,6,1,10,2,14,,11,11,1,12,4,C03,120.660186,24.146726,2
4052,66000,387130000C,(04)23274275,(04)23288582,2023,8,11,11,43,臺中市,北屯區,0,1,0,7,1,6,50,3,2,1,5,4,6,6,4,4,10,5,5,2,17,59,3,10,5,4,B12,7,9,1,8,2,5,1,59,59,1,6,4,B12,120.698701,24.175231,2
4053,66000,387130000C,(04)23274275,(04)23288582,2023,8,11,11,45,臺中市,北區,0,2,0,7,2,6,50,13,9,1,5,4,6,6,4,4,1,4,5,2,13,53,2,9,2,1,C03,7,9,1,10,5,11,,53,53,1,12,4,C03,120.671937,24.172142,2
4054,66000,387130000C,(04)23274275,(04)23288582,2023,8,11,11,46,臺中市,龍井區,0,2,0,7,1,6,50,13,9,1,5,4,6,6,1,1,9,4,5,1,12,84,2,7,1,1,C03,7,9,1,10,2,12,,84,6,1,12,4,C03,120.581922,24.176208,2
4055,66000,387130000C,(04)23274275,(04)23288582,2023,8,11,11,50,臺中市,西屯區,0,1,0,7,2,6,50,13,9,1,5,4,6,6,4,4,3,4,5,2,13,84,2,7,5,4,C03,7,9,1,10,2,11,,84,84,1,12,4,C03,120.643553,24.171736,2
4056,66000,387130000C,(04)23274275,(04)23288582,2023,8,11,11,50,臺中市,和平區,0,0,0,7,,,25,,,,,,,,,,,,,,17,8,,,,,A11,,,1,,1,,,8,,1,6,4,A11,121.207898,24.258278,3
4057,66000,387130000C,(04)23274275,(04)23288582,2023,8,11,11,54,臺中市,南區,0,1,0,7,2,6,30,4,1,1,5,4,6,6,3,1,10,5,5,2,15,12,3,10,2,1,C03,7,9,1,10,2,14,,12,12,1,6,4,C03,120.667278,24.125659,2
4058,66000,387130000C,(04)23274275,(04)23288582,2023,8,11,11,54,臺中市,南屯區,0,1,0,7,3,6,40,13,9,1,5,4,6,6,4,4,5,5,5,2,16,47,2,7,2,4,C03,7,5,1,10,2,12,,47,47,1,13,4,C03,120.637731,24.14579,2
4059,66000,387130000C,(04)23274275,(04)23288582,2023,8,11,11,55,臺中市,北區,0,1,0,7,2,6,50,5,2,1,5,4,6,6,1,1,2,4,5,2,13,7,2,9,5,1,C02,7,9,1,9,2,11,,7,7,1,13,4,C02,120.686252,24.15482,2
4060,66000,387130000C,(04)23274275,(04)23288582,2023,8,11,11,56,臺中市,西區,0,0,0,7,,,50,,,,,,,,,,,,,,,84,,,,,B02,,,1,,1,,,84,,1,13,4,B02,120.660954,24.14957,3
4061,66000,387130000C,(04)23274275,(04)23288582,2023,8,11,11,56,臺中市,西屯區,0,0,0,7,,,30,,,,,,,,,,,,,,12,85,,,,,B03,,,1,,9,,,85,85,1,12,4,B03,120.644317,24.170305,3
4062,66000,387130000C,(04)23274275,(04)23288582,2023,8,11,11,57,臺中市,北屯區,0,0,0,7,,,30,,,,,,,,,,,,,,,49,,,,,B03,,,1,,1,,,49,,1,12,4,B03,120.687284,24.193224,3
4063,66000,387130000C,(04)23274275,(04)23288582,2023,8,11,11,59,臺中市,大里區,0,1,0,7,2,6,50,3,1,1,5,4,6,6,2,1,1,3,4,1,16,21,3,10,3,1,B03,7,9,1,8,2,4,,21,21,1,6,4,B03,120.690245,24.121164,2
4064,66000,387130000C,(04)23274275,(04)23288582,2023,8,11,12,0,臺中市,沙鹿區,0,0,0,7,,,50,,,,,,,,,,,,,,,49,,,,,B03,,,1,,2,,,8,49,1,12,4,B03,120.559747,24.238423,3
4065,66000,387130000C,(04)23274275,(04)23288582,2023,8,11,12,3,臺中市,西屯區,0,0,0,7,,,40,,,,,,,,,,,,,,16,40,,,,,B03,,,1,,1,,,40,40,1,12,4,B03,120.668913,24.177589,3
4066,66000,387130000C,(04)23274275,(04)23288582,2023,8,11,12,3,臺中市,烏日區,0,0,0,7,,,40,,,,,,,,,,,,,,13,7,,,,,B03,,,1,,2,,,7,,1,12,4,B03,120.612783,24.10303,3
4067,66000,387130000C,(04)23274275,(04)23288582,2023,8,11,12,4,臺中市,豐原區,0,0,0,7,,,60,,,,,,,,,,,,,,12,35,,,,,B03,,,1,,2,,,35,,1,12,4,B03,120.72672,24.238372,3
4068,66000,387130000C,(04)23274275,(04)23288582,2023,8,11,12,5,臺中市,清水區,0,1,0,7,2,6,50,13,9,1,5,4,6,6,4,4,9,5,5,1,16,45,2,9,1,1,C03,7,11,1,10,2,11,,45,45,1,6,4,C03,120.562056,24.267348,2
4069,66000,387130000C,(04)23274275,(04)23288582,2023,8,11,12,6,臺中市,太平區,0,0,0,7,,,50,,,,,,,,,,,,,,15,21,,,,,F01,,,7,,1,,,21,,1,12,4,F01,120.717713,24.15847,3
4070,66000,387130000C,(04)23274275,(04)23288582,2023,8,11,12,7,臺中市,梧棲區,0,1,0,7,2,6,40,13,9,1,5,4,6,6,4,4,9,5,5,1,17,8,2,8,6,1,F01,7,9,7,21,1,12,,8,8,1,12,4,F01,120.546519,24.241767,2
4071,66000,387130000C,(04)23274275,(04)23288582,2023,8,11,12,8,臺中市,北屯區,0,1,0,7,2,6,50,3,1,1,5,4,1,6,4,4,10,5,5,2,18,6,2,9,1,1,C03,7,9,1,10,2,14,,6,6,1,13,4,C03,120.694973,24.161224,2
4072,66000,387130000C,(04)23274275,(04)23288582,2023,8,11,12,8,臺中市,大里區,0,1,0,7,3,6,50,4,1,1,5,4,6,6,2,1,5,4,5,1,16,20,3,10,5,4,B03,7,5,1,8,2,2,,20,20,1,13,4,B03,120.689579,24.106326,2
4073,66000,387130000C,(04)23274275,(04)23288582,2023,8,11,12,8,臺中市,沙鹿區,0,0,0,7,,,50,,,,,,,,,,,,,,14,49,,,,,B03,,,1,,2,,,49,,1,6,4,B03,120.574205,24.226302,3
4074,66000,387130000C,(04)23274275,(04)23288582,2023,8,11,12,10,臺中市,北屯區,0,3,0,7,2,6,30,4,1,1,5,4,6,6,4,4,10,5,5,2,15,15,2,7,1,1,C03,7,9,1,10,2,11,,15,15,1,13,4,C03,120.715877,24.172923,2
4075,66000,387130000C,(04)23274275,(04)23288582,2023,8,11,12,10,臺中市,西屯區,0,1,0,7,2,6,50,11,9,1,5,4,6,6,4,4,5,4,5,2,21,85,2,9,2,4,C03,7,9,1,10,2,11,,85,85,1,13,4,C03,120.65689,24.182723,2
4076,66000,387130000C,(04)23274275,(04)23288582,2023,8,11,12,11,臺中市,西區,0,0,0,7,,,50,,,,,,,,,,,,,,,84,,,,,A05,,,1,,2,,,84,,1,12,4,A05,120.661752,24.144159,3
4077,66000,387130000C,(04)23274275,(04)23288582,2023,8,11,12,11,臺中市,太平區,0,1,0,7,3,6,50,13,7,1,5,4,6,6,4,4,5,5,4,2,13,84,2,9,2,1,C03,7,9,1,10,2,11,,84,84,1,12,4,C03,120.723202,24.111893,2
4078,66000,387130000C,(04)23274275,(04)23288582,2023,8,11,12,13,臺中市,梧棲區,0,2,0,7,2,6,50,3,2,1,5,4,6,6,4,4,10,5,5,2,16,14,2,8,1,1,F01,7,6,7,21,2,14,,14,14,1,3,4,F01,120.551676,24.23927,2
4079,66000,387130000C,(04)23274275,(04)23288582,2023,8,11,12,17,臺中市,大雅區,0,0,0,7,,,70,,,,,,,,,,,,,,,7,,,,,B03,,,1,,2,,,7,,1,13,4,B03,120.63698,24.234716,3
4080,66000,387130000C,(04)23274275,(04)23288582,2023,8,11,12,17,臺中市,北屯區,0,0,0,7,,,50,,,,,,,,,,,,,,12,8,,,,,B02,,,1,,1,,,8,8,1,6,4,B02,120.670981,24.195324,3
4081,66000,387130000C,(04)23274275,(04)23288582,2023,8,11,12,19,臺中市,大雅區,0,1,0,7,1,6,30,4,1,1,5,4,6,6,1,1,10,5,5,1,17,11,3,10,3,1,B03,7,6,1,8,2,1,,11,11,1,13,4,B03,120.661073,24.217105,2
4082,66000,387130000C,(04)23274275,(04)23288582,2023,8,11,12,26,臺中市,南區,0,0,0,7,,,40,,,,,,,,,,,,,,,84,,,,,B12,,,1,,2,,,84,,1,12,4,B12,120.655307,24.129347,3
4083,66000,387130000C,(04)23274275,(04)23288582,2023,8,11,12,26,臺中市,南區,0,0,0,7,,,40,,,,,,,,,,,,,,17,84,,,,,C03,,,1,10,2,,,84,84,1,13,4,C03,120.657269,24.116791,3
4084,66000,387130000C,(04)23274275,(04)23288582,2023,8,11,12,27,臺中市,中區,0,0,0,7,,,50,,,,,,,,,,,,,,,11,,,,,C03,,,1,,2,,,11,,1,12,4,C03,120.678759,24.147187,3
4085,66000,387130000C,(04)23274275,(04)23288582,2023,8,11,12,28,臺中市,大里區,0,1,0,7,3,6,50,4,1,1,5,4,6,6,4,4,10,5,5,2,15,12,3,10,3,1,B03,7,9,1,8,2,1,,12,12,1,13,4,B03,120.699997,24.109002,2
4086,66000,387130000C,(04)23274275,(04)23288582,2023,8,11,12,30,臺中市,大里區,0,0,0,7,,,30,,,,,,,,,,,,,,17,85,,,,,B03,,,1,,9,,,85,,1,13,4,B03,120.680037,24.09722,3
4087,66000,387130000C,(04)23274275,(04)23288582,2023,8,11,12,35,臺中市,西屯區,0,2,0,7,2,6,50,3,1,1,5,4,6,6,1,1,10,5,5,2,17,7,2,9,5,4,C03,7,9,1,10,2,12,,7,7,1,12,4,C03,120.640803,24.16505,2
4088,66000,387130000C,(04)23274275,(04)23288582,2023,8,11,12,37,臺中市,清水區,0,0,0,7,,,10,,,,,,,,,,,,,,,84,,,,,G03,,,7,,2,,,84,,1,6,4,G03,120.545043,24.263625,3
4089,66000,387130000C,(04)23274275,(04)23288582,2023,8,11,12,42,臺中市,梧棲區,0,0,0,7,,,40,,,,,,,,,,,,,,17,8,,,,,B03,,,1,,1,,,8,,1,12,4,B03,120.535068,24.225331,3
4090,66000,387130000C,(04)23274275,(04)23288582,2023,8,11,12,44,臺中市,南屯區,0,1,0,7,2,6,0,13,21,4,5,4,6,6,4,4,10,5,5,2,18,84,2,9,5,4,F01,7,9,7,21,2,15,,84,84,1,13,4,F01,120.593998,24.152814,2
4091,66000,387130000C,(04)23274275,(04)23288582,2023,8,11,12,45,臺中市,清水區,0,0,0,7,,,30,,,,,,,,,,,,,,16,14,,,,,C03,,,1,,2,,,14,,1,12,4,C03,120.577802,24.271417,3
4092,66000,387130000C,(04)23274275,(04)23288582,2023,8,11,12,46,臺中市,北屯區,0,2,0,7,1,6,50,4,1,1,5,4,6,6,2,1,10,5,5,2,17,1,2,9,5,4,C03,7,5,1,9,2,12,14,1,1,1,6,4,C03,120.704808,24.169497,2
4093,66000,387130000C,(04)23274275,(04)23288582,2023,8,11,12,47,臺中市,西屯區,0,1,0,7,2,6,50,3,1,1,5,4,6,6,1,1,10,5,5,2,17,11,3,10,5,4,B03,7,5,1,8,2,5,,11,11,1,12,4,B03,120.623242,24.18268,2
4094,66000,387130000C,(04)23274275,(04)23288582,2023,8,11,12,49,臺中市,北屯區,0,1,0,7,2,6,50,4,4,1,5,4,6,6,1,1,10,5,5,2,13,7,3,10,3,1,B03,7,9,1,8,2,1,,7,7,1,12,4,B03,120.676087,24.201316,2
4095,66000,387130000C,(04)23274275,(04)23288582,2023,8,11,12,49,臺中市,西屯區,0,0,0,7,,,50,,,,,,,,,,,,,,17,84,,,,,B03,,,1,,1,,,84,,1,13,4,B03,120.58956,24.176189,3
4096,66000,387130000C,(04)23274275,(04)23288582,2023,8,11,12,50,臺中市,神岡區,0,0,0,7,,,50,,,,,,,,,,,,,,,7,,,,,B03,,,1,,1,,,7,,1,13,4,B03,120.687304,24.240936,3
4097,66000,387130000C,(04)23274275,(04)23288582,2023,8,11,13,4,臺中市,西屯區,0,1,0,7,2,6,40,3,1,1,5,4,6,6,4,4,1,4,4,2,12,20,3,10,5,4,B03,7,1,1,8,2,8,,20,20,1,12,4,B03,120.630764,24.180299,2