序號,縣市別代碼,機關代碼,市話,傳真,年,月,日,時,分,縣市,區,死亡數量,受傷數量,2-30,天候,光線,道路類別,速限,道路型態,事故位置,路面鋪裝,路面狀態,路面缺陷,障礙物,視距,號誌種類,號誌動作,分向設施,快車道或一般車道間,快慢車道間,路面邊線,事故類型及型態,主要肇因,受傷程度,主要傷處,保護裝備,行動電話,當事者區分(類別),車輛用途,當事者行動狀態,駕駛資格情形,駕駛執照種類,飲酒情形,車輛撞擊部位最初,車輛撞擊部位其他,肇事因素個別,肇事因素主要,肇事逃逸,職業,旅次目的,車種,GPS座標X,GPS座標Y,事故類別
4098,66000,387130000C,(04)23274275,(04)23288582,2023,8,11,13,10,臺中市,烏日區,0,0,0,7,,,50,,,,,,,,,,,,,,,8,,,,,A12,,,1,,2,,,8,,1,12,4,A12,120.651513,24.098408,3
4099,66000,387130000C,(04)23274275,(04)23288582,2023,8,11,13,11,臺中市,豐原區,0,1,0,7,2,6,50,3,1,1,5,4,6,6,4,4,5,5,5,2,16,45,3,10,5,4,B03,7,11,1,8,2,4,,45,45,1,6,4,B03,120.722573,24.239881,2
4100,66000,387130000C,(04)23274275,(04)23288582,2023,8,11,13,13,臺中市,南屯區,0,0,0,7,,,40,,,,,,,,,,,,,,12,8,,,,,B03,,,1,,1,,,8,,1,12,4,B03,120.623033,24.140267,3
4101,66000,387130000C,(04)23274275,(04)23288582,2023,8,11,13,14,臺中市,南屯區,0,0,0,7,,,50,,,,,,,,,,,,,,,55,,,,,B03,,,1,,2,,,55,,1,12,4,B03,120.64386,24.132044,3
4102,66000,387130000C,(04)23274275,(04)23288582,2023,8,11,13,17,臺中市,潭子區,0,1,0,7,3,6,60,3,1,1,5,4,6,6,1,1,1,4,4,1,17,84,2,7,2,1,C03,7,12,1,10,2,14,,84,84,1,13,4,C03,120.702472,24.196897,2
4103,66000,387130000C,(04)23274275,(04)23288582,2023,8,11,13,20,臺中市,西區,0,1,0,7,1,6,50,13,9,1,5,4,6,6,4,4,1,4,4,2,17,84,2,9,2,1,C03,7,9,1,10,2,11,,84,84,1,12,4,C03,120.660649,24.15825,2
4104,66000,387130000C,(04)23274275,(04)23288582,2023,8,11,13,21,臺中市,中區,0,0,0,7,,,50,,,,,,,,,,,,,,,59,,,,,B03,,,1,,1,,,59,,1,12,4,B03,120.684431,24.138692,3
4105,66000,387130000C,(04)23274275,(04)23288582,2023,8,11,13,26,臺中市,南區,0,0,0,7,,,40,,,,,,,,,,,,,,,49,,,,,B03,,,1,,2,,,49,,1,12,4,B03,120.662134,24.129777,3
4106,66000,387130000C,(04)23274275,(04)23288582,2023,8,11,13,29,臺中市,霧峰區,0,0,0,7,,,50,,,,,,,,,,,,,,,49,,,,,B03,,,1,,2,,,49,,1,13,4,B03,120.708802,24.076491,3
4107,66000,387130000C,(04)23274275,(04)23288582,2023,8,11,13,32,臺中市,西屯區,0,1,0,7,2,6,30,3,1,1,5,4,6,6,4,4,5,4,5,2,16,14,3,10,3,4,B03,7,5,1,8,2,7,,14,14,1,12,4,B03,120.662418,24.16481,2
4108,66000,387130000C,(04)23274275,(04)23288582,2023,8,11,13,37,臺中市,霧峰區,0,0,0,7,,,50,,,,,,,,,,,,,,17,59,,,,,B12,,,1,,2,,,59,59,1,6,4,B12,120.697294,24.064916,3
4109,66000,387130000C,(04)23274275,(04)23288582,2023,8,11,13,42,臺中市,龍井區,0,0,0,7,,,40,,,,,,,,,,,,,,,59,,,,,A11,,,1,,2,,,59,,1,6,4,A11,120.519048,24.21087,3
4110,66000,387130000C,(04)23274275,(04)23288582,2023,8,11,13,48,臺中市,南屯區,0,0,0,7,,,30,,,,,,,,,,,,,,,87,,,,,B03,,,1,,1,,,87,,1,13,4,B03,120.643959,24.141559,3
4111,66000,387130000C,(04)23274275,(04)23288582,2023,8,11,13,48,臺中市,西屯區,0,1,0,7,3,9,40,13,8,1,5,4,6,6,4,4,1,4,1,1,18,84,2,9,1,1,C02,7,9,1,9,2,14,,84,84,1,13,4,C02,120.638578,24.186876,2
4112,66000,387130000C,(04)23274275,(04)23288582,2023,8,11,13,48,臺中市,沙鹿區,0,3,0,7,3,6,50,4,1,1,5,4,6,6,1,1,10,5,5,2,13,7,2,9,1,1,C03,7,9,5,10,2,13,,7,7,1,12,4,C03,120.561625,24.243495,2
4113,66000,387130000C,(04)23274275,(04)23288582,2023,8,11,13,49,臺中市,南屯區,0,1,0,7,3,6,50,13,9,1,5,4,6,6,1,1,3,4,5,2,12,20,3,10,3,1,B03,7,5,1,8,2,2,,20,20,1,12,4,B03,120.625929,24.145026,2
4114,66000,387130000C,(04)23274275,(04)23288582,2023,8,11,13,50,臺中市,神岡區,0,0,0,7,,,50,,,,,,,,,,,,,,17,51,,,,,B12,,,1,,2,,,51,,1,6,4,B12,120.709667,24.259198,3
4115,66000,387130000C,(04)23274275,(04)23288582,2023,8,11,13,55,臺中市,南屯區,0,0,0,7,,,40,,,,,,,,,,,,,,9,84,,,,,C03,,,1,,1,,,84,84,1,13,4,C03,120.644669,24.139439,3
4116,66000,387130000C,(04)23274275,(04)23288582,2023,8,11,13,58,臺中市,潭子區,0,1,0,7,2,6,50,4,2,1,5,4,6,6,1,1,8,3,5,2,16,11,3,10,3,1,B12,7,6,1,8,2,5,,11,11,1,13,4,B12,120.706949,24.211374,2
4117,66000,387130000C,(04)23274275,(04)23288582,2023,8,11,13,58,臺中市,太平區,0,0,0,7,,,50,,,,,,,,,,,,,,,49,,,,,A12,,,1,,1,,,51,49,1,12,4,A12,120.718589,24.147948,3
4118,66000,387130000C,(04)23274275,(04)23288582,2023,8,11,14,0,臺中市,北屯區,0,1,0,7,2,6,50,4,1,1,5,4,6,6,2,1,10,5,5,2,12,47,3,10,3,1,B03,7,5,1,8,2,5,,47,47,1,6,4,B03,120.690629,24.172802,2
4119,66000,387130000C,(04)23274275,(04)23288582,2023,8,11,14,4,臺中市,北區,0,3,0,7,2,6,50,13,9,1,5,4,6,6,4,4,5,4,5,2,12,85,2,9,1,1,C03,7,15,1,10,2,12,,85,85,1,12,4,C03,120.677335,24.15071,2
4120,66000,387130000C,(04)23274275,(04)23288582,2023,8,11,14,5,臺中市,南屯區,0,1,0,7,3,6,50,4,19,1,5,4,6,6,2,1,10,5,5,2,1,10,3,10,3,1,B03,7,6,1,8,2,1,,10,10,1,12,4,B03,120.637876,24.148751,2
4121,66000,387130000C,(04)23274275,(04)23288582,2023,8,11,14,11,臺中市,南區,0,2,0,7,2,6,50,4,1,1,5,4,6,6,1,1,10,5,5,2,17,47,3,10,3,1,B03,7,5,1,8,2,2,,47,47,1,6,4,B03,120.648483,24.122923,2
4122,66000,387130000C,(04)23274275,(04)23288582,2023,8,11,14,11,臺中市,梧棲區,0,1,0,7,3,6,50,4,1,1,5,4,6,6,1,3,10,5,5,2,13,51,3,10,3,1,B03,7,1,1,8,2,8,,51,51,1,6,4,B03,120.526452,24.240716,2
4123,66000,387130000C,(04)23274275,(04)23288582,2023,8,11,14,16,臺中市,西屯區,0,2,0,7,2,6,50,13,9,1,5,4,6,6,4,4,5,4,5,2,13,7,2,8,1,1,C03,7,9,1,10,2,11,,7,7,1,12,4,C03,120.613028,24.190274,2
4124,66000,387130000C,(04)23274275,(04)23288582,2023,8,11,14,19,臺中市,沙鹿區,0,2,0,7,2,6,50,4,2,1,5,4,6,6,4,4,8,3,5,1,17,20,2,9,5,4,C03,7,9,1,10,2,11,,20,20,1,13,4,C03,120.56881,24.230644,2
4125,66000,387130000C,(04)23274275,(04)23288582,2023,8,11,14,25,臺中市,北屯區,0,2,0,7,2,6,50,4,1,1,5,4,6,6,1,1,10,5,5,2,13,7,2,9,1,1,C03,7,9,1,10,2,11,,7,7,1,12,4,C03,120.70774,24.182337,2
4126,66000,387130000C,(04)23274275,(04)23288582,2023,8,11,14,26,臺中市,北區,0,1,0,7,2,6,50,13,9,1,5,4,6,6,4,4,1,4,5,2,13,7,2,9,1,1,C03,7,9,1,10,2,12,,7,7,1,12,4,C03,120.680894,24.165021,2
4127,66000,387130000C,(04)23274275,(04)23288582,2023,8,11,14,27,臺中市,南屯區,0,1,0,7,2,6,40,4,4,1,5,4,6,6,2,1,1,4,4,2,13,7,3,10,1,1,C03,7,9,1,10,2,12,,7,7,1,12,4,C03,120.640751,24.153667,2
4128,66000,387130000C,(04)23274275,(04)23288582,2023,8,11,14,30,臺中市,豐原區,0,1,0,7,3,6,40,13,9,1,5,4,6,6,4,4,10,5,5,2,17,84,3,10,3,1,B03,7,2,1,8,2,3,,84,84,1,12,4,B03,120.732835,24.243434,2
4129,66000,387130000C,(04)23274275,(04)23288582,2023,8,11,14,31,臺中市,南屯區,0,1,0,7,2,6,40,3,1,1,5,4,6,6,4,4,5,4,4,2,17,49,3,10,3,1,B03,7,2,1,8,2,3,,49,49,1,13,4,B03,120.610874,24.145311,2
4130,66000,387130000C,(04)23274275,(04)23288582,2023,8,11,14,35,臺中市,北屯區,0,0,0,7,,,50,,,,,,,,,,,,,,12,40,,,,,B01,,,1,,1,,,40,,1,13,4,B01,120.695377,24.164938,3
4131,66000,387130000C,(04)23274275,(04)23288582,2023,8,11,14,37,臺中市,北區,0,0,0,7,,,50,,,,,,,,,,,,,,30,47,,,,,C03,,,1,,2,,,87,47,1,12,4,C03,120.684026,24.162903,4
4132,66000,387130000C,(04)23274275,(04)23288582,2023,8,11,14,40,臺中市,龍井區,0,1,0,7,2,6,40,13,9,1,5,4,6,6,4,4,3,5,4,1,18,6,2,9,2,1,C03,7,9,1,10,1,12,,6,6,1,6,4,C03,120.579868,24.190962,2
4133,66000,387130000C,(04)23274275,(04)23288582,2023,8,11,14,43,臺中市,太平區,0,0,0,7,,,80,,,,,,,,,,,,,,13,7,,,,,B03,,,1,,1,,,7,,1,12,4,B03,120.71795,24.159476,3
4134,66000,387130000C,(04)23274275,(04)23288582,2023,8,11,14,44,臺中市,大肚區,0,0,0,7,,,50,,,,,,,,,,,,,,,20,,,,,C03,,,1,,2,,,20,,1,12,4,C03,120.539333,24.156346,3
4135,66000,387130000C,(04)23274275,(04)23288582,2023,8,11,14,45,臺中市,大雅區,0,0,0,7,,,70,,,,,,,,,,,,,,,20,,,,,B03,,,1,,2,,,20,,1,13,4,B03,120.638378,24.233306,3
4136,66000,387130000C,(04)23274275,(04)23288582,2023,8,11,14,45,臺中市,西屯區,0,0,0,7,,,0,,,,,,,,,,,,,,9,37,,,,,C03,,,1,,1,,,37,,1,12,4,C03,120.612186,24.184555,3
4137,66000,387130000C,(04)23274275,(04)23288582,2023,8,11,14,46,臺中市,南屯區,0,1,0,7,2,6,50,13,9,1,5,4,6,6,4,4,1,4,5,2,13,7,3,10,3,1,B03,7,9,1,8,2,1,,7,7,1,12,4,B03,120.62726,24.148262,2
4138,66000,387130000C,(04)23274275,(04)23288582,2023,8,11,14,48,臺中市,南區,0,1,0,7,2,6,50,18,7,1,5,4,6,6,4,4,3,4,4,2,17,84,3,10,5,4,B03,7,15,1,8,2,3,,84,84,1,13,4,B03,120.677843,24.129763,2
4139,66000,387130000C,(04)23274275,(04)23288582,2023,8,11,14,52,臺中市,南屯區,0,1,0,7,3,6,50,13,9,1,5,4,6,6,4,4,1,4,5,2,12,40,2,1,3,1,B03,7,8,1,8,2,4,,40,40,1,12,4,B03,120.648167,24.123412,2
4140,66000,387130000C,(04)23274275,(04)23288582,2023,8,11,14,53,臺中市,西屯區,0,1,0,7,2,6,50,3,1,1,5,4,6,6,1,1,10,5,5,2,16,47,3,10,5,4,A11,7,5,1,3,2,5,,47,47,1,12,4,A11,120.59038,24.175288,2
4141,66000,387130000C,(04)23274275,(04)23288582,2023,8,11,14,54,臺中市,西屯區,0,0,0,7,,,50,,,,,,,,,,,,,,,75,,,,,C03,,,1,,2,,,75,75,1,12,4,C03,120.648091,24.167816,3
4142,66000,387130000C,(04)23274275,(04)23288582,2023,8,11,14,55,臺中市,大里區,0,0,0,7,,,50,,,,,,,,,,,,,,14,49,,,,,B12,,,1,,2,,,49,49,1,6,4,B12,120.689631,24.115402,3
4143,66000,387130000C,(04)23274275,(04)23288582,2023,8,11,14,57,臺中市,烏日區,0,0,0,7,,,30,,,,,,,,,,,,,,,15,,,,,B12,,,1,,2,,,6,15,1,12,4,B12,120.649566,24.07021,3
4144,66000,387130000C,(04)23274275,(04)23288582,2023,8,11,15,0,臺中市,大里區,0,0,0,7,,,30,,,,,,,,,,,,,,,87,,,,,B03,,,1,,10,,,87,,1,12,4,B03,120.693338,24.091967,3
4145,66000,387130000C,(04)23274275,(04)23288582,2023,8,11,15,2,臺中市,豐原區,0,3,0,7,3,6,50,4,1,1,5,4,6,6,1,1,5,5,4,2,16,11,2,1,1,1,C03,7,6,1,10,2,12,,11,11,1,13,4,C03,120.712753,24.25084,2
4146,66000,387130000C,(04)23274275,(04)23288582,2023,8,11,15,6,臺中市,南屯區,0,1,0,7,3,9,50,4,1,1,5,4,6,6,2,1,10,5,5,2,13,7,3,10,3,1,B12,7,9,1,8,2,1,,7,7,1,12,4,B12,120.62267,24.140394,2
4147,66000,387130000C,(04)23274275,(04)23288582,2023,8,11,15,6,臺中市,神岡區,0,0,0,7,,,30,,,,,,,,,,,,,,16,14,,,,,B03,,,5,,2,,,14,,1,12,4,B03,120.693642,24.275,3
4148,66000,387130000C,(04)23274275,(04)23288582,2023,8,11,15,8,臺中市,西區,0,1,0,7,3,6,50,4,1,1,5,4,6,6,4,4,10,5,5,2,16,51,3,10,3,1,B01,7,1,1,4,2,1,,51,51,1,13,4,B01,120.668198,24.147337,2
4149,66000,387130000C,(04)23274275,(04)23288582,2023,8,11,15,10,臺中市,北屯區,0,0,0,7,,,60,,,,,,,,,,,,,,13,84,,,,,B03,,,1,,2,,,84,84,1,13,4,B03,120.719475,24.163003,3
4150,66000,387130000C,(04)23274275,(04)23288582,2023,8,11,15,11,臺中市,豐原區,0,1,0,7,2,6,50,13,7,1,5,4,6,6,4,4,5,5,4,2,13,59,2,9,5,4,C03,7,9,1,10,2,14,,59,59,1,12,4,C03,120.717133,24.25173,2
4151,66000,387130000C,(04)23274275,(04)23288582,2023,8,11,15,13,臺中市,南區,0,0,0,7,,,50,,,,,,,,,,,,,,17,49,,,,,B03,,,1,,11,,,49,49,1,13,4,B03,120.670701,24.114304,3
4152,66000,387130000C,(04)23274275,(04)23288582,2023,8,11,15,14,臺中市,北區,0,1,0,7,2,6,50,4,8,1,5,4,6,6,1,1,1,4,4,2,17,42,2,8,1,1,C03,7,15,1,10,1,13,,42,42,1,13,4,C03,120.684967,24.162925,2
4153,66000,387130000C,(04)23274275,(04)23288582,2023,8,11,15,14,臺中市,西屯區,0,0,0,7,,,50,,,,,,,,,,,,,,13,7,,,,,C03,,,1,,1,,,7,,1,12,4,C03,120.610107,24.191393,3
4154,66000,387130000C,(04)23274275,(04)23288582,2023,8,11,15,17,臺中市,霧峰區,0,0,0,7,,,30,,,,,,,,,,,,,,17,51,,,,,B03,,,1,,2,,,51,,1,13,4,B03,120.674874,24.053524,3
4155,66000,387130000C,(04)23274275,(04)23288582,2023,8,11,15,24,臺中市,西區,0,1,0,7,3,6,50,3,1,1,5,4,6,6,4,4,10,5,5,2,18,59,2,9,2,1,C03,7,9,1,10,2,12,,59,59,1,12,4,C03,120.657553,24.155654,2
4156,66000,387130000C,(04)23274275,(04)23288582,2023,8,11,15,25,臺中市,大里區,0,0,0,7,,,50,,,,,,,,,,,,,,,59,,,,,B03,,,1,,2,,,59,,1,12,4,B03,120.688875,24.080416,3
4157,66000,387130000C,(04)23274275,(04)23288582,2023,8,11,15,25,臺中市,清水區,0,1,0,7,3,6,40,3,1,1,5,4,6,6,4,4,1,4,1,1,16,14,3,10,3,1,B12,7,5,1,8,2,8,,14,14,1,12,4,B12,120.578761,24.301251,2
4158,66000,387130000C,(04)23274275,(04)23288582,2023,8,11,15,34,臺中市,西區,0,1,0,7,2,6,40,4,1,1,5,4,6,6,1,1,10,5,5,2,13,7,2,9,2,1,C03,7,9,1,10,2,11,,7,7,1,12,4,C03,120.666829,24.152981,2
4159,66000,387130000C,(04)23274275,(04)23288582,2023,8,11,15,42,臺中市,北屯區,0,1,0,7,2,6,50,3,2,1,5,4,6,6,4,4,5,5,5,2,17,51,3,10,3,1,B03,7,1,1,8,2,8,,51,51,1,12,4,B03,120.699356,24.163143,2
4160,66000,387130000C,(04)23274275,(04)23288582,2023,8,11,15,42,臺中市,龍井區,0,0,0,7,,,50,,,,,,,,,,,,,,,49,,,,,B12,,,1,,2,,,49,,1,6,4,B12,120.547035,24.200235,3
4161,66000,387130000C,(04)23274275,(04)23288582,2023,8,11,15,42,臺中市,豐原區,0,0,0,7,,,50,,,,,,,,,,,,,,13,7,,,,,B03,,,1,,2,,,7,,1,12,4,B03,120.727822,24.251422,3
4162,66000,387130000C,(04)23274275,(04)23288582,2023,8,11,15,43,臺中市,太平區,0,0,0,7,,,50,,,,,,,,,,,,,,13,7,,,,,C03,,,1,,1,,,7,,1,12,4,C03,120.71204,24.139293,3
4163,66000,387130000C,(04)23274275,(04)23288582,2023,8,11,15,45,臺中市,龍井區,0,0,0,7,,,60,,,,,,,,,,,,,,9,78,,,,,B02,,,1,,1,,,78,,1,13,4,B02,120.573868,24.184712,3
4164,66000,387130000C,(04)23274275,(04)23288582,2023,8,11,15,46,臺中市,西區,0,0,0,7,,,50,,,,,,,,,,,,,,,42,,,,,B03,,,1,,1,,,42,,1,13,4,B03,120.662983,24.150864,3
4165,66000,387130000C,(04)23274275,(04)23288582,2023,8,11,15,50,臺中市,太平區,0,1,0,7,2,6,50,3,2,1,5,4,6,6,4,4,5,5,5,2,17,45,2,9,1,1,C03,7,11,1,10,2,12,,45,45,1,12,2,C03,120.704443,24.113755,2
4166,66000,387130000C,(04)23274275,(04)23288582,2023,8,11,15,50,臺中市,清水區,0,1,0,7,2,6,60,4,1,1,5,4,6,6,1,1,10,5,5,2,16,11,3,10,3,1,B03,7,5,1,8,2,5,,11,11,1,12,4,B03,120.552516,24.2939,2
4167,66000,387130000C,(04)23274275,(04)23288582,2023,8,11,15,54,臺中市,大里區,0,2,0,7,2,6,50,4,1,1,5,4,6,6,1,1,5,5,5,1,11,11,2,9,2,1,C03,7,6,1,10,2,11,,11,11,1,13,4,C03,120.703648,24.111195,2
4168,66000,387130000C,(04)23274275,(04)23288582,2023,8,11,15,59,臺中市,太平區,0,1,0,7,3,6,50,3,1,1,5,4,6,6,4,4,10,5,5,2,16,8,2,9,2,1,C03,7,4,1,10,2,12,,8,8,1,13,4,C03,120.724191,24.1323,2
4169,66000,387130000C,(04)23274275,(04)23288582,2023,8,11,16,3,臺中市,南區,0,0,0,7,3,6,50,13,9,1,5,4,6,6,4,4,10,5,5,2,17,84,3,10,3,1,B12,7,5,1,8,2,2,,84,84,1,12,4,B12,120.675923,24.129249,3
4170,66000,387130000C,(04)23274275,(04)23288582,2023,8,11,16,3,臺中市,南屯區,0,0,0,7,,,50,,,,,,,,,,,,,,,59,,,,,B03,,,1,,1,,,59,,1,13,4,B03,120.638774,24.141799,3
4171,66000,387130000C,(04)23274275,(04)23288582,2023,8,11,16,7,臺中市,北區,0,1,0,7,1,6,50,4,1,1,5,4,6,6,4,4,10,5,5,2,15,12,3,10,3,1,B03,7,9,1,10,2,1,,12,12,1,12,4,B03,120.668891,24.16742,2
4172,66000,387130000C,(04)23274275,(04)23288582,2023,8,11,16,10,臺中市,北區,0,2,0,7,1,6,50,4,1,1,5,4,6,6,1,1,10,5,5,2,16,11,2,9,1,1,F01,7,5,7,21,2,14,,11,11,1,12,4,F01,120.669204,24.16043,2
4173,66000,387130000C,(04)23274275,(04)23288582,2023,8,11,16,11,臺中市,沙鹿區,0,0,0,7,,,60,,,,,,,,,,,,,,17,86,,,,,,,,,,,,,86,,1,,,,120.556114,24.212784,3
4174,66000,387130000C,(04)23274275,(04)23288582,2023,8,11,16,14,臺中市,北區,0,0,0,7,,,50,,,,,,,,,,,,,,,40,,,,,A11,,,1,,2,,,40,,1,13,4,A11,120.674108,24.147182,3
4175,66000,387130000C,(04)23274275,(04)23288582,2023,8,11,16,14,臺中市,南區,0,0,0,7,,,50,,,,,,,,,,,,,,17,85,,,,,A12,,,1,3,2,,,85,85,1,13,4,A12,120.684512,24.127708,3
4176,66000,387130000C,(04)23274275,(04)23288582,2023,8,11,16,14,臺中市,西屯區,0,1,0,7,1,6,50,11,9,1,5,4,6,6,4,4,1,3,5,2,18,84,2,9,1,1,C03,7,9,5,10,8,14,,84,84,1,12,4,C03,120.645679,24.200866,2
4177,66000,387130000C,(04)23274275,(04)23288582,2023,8,11,16,19,臺中市,南區,0,0,0,7,,,50,,,,,,,,,,,,,,,8,,,,,B03,,,1,,2,,,8,,1,12,4,B03,120.657939,24.11697,3
4178,66000,387130000C,(04)23274275,(04)23288582,2023,8,11,16,24,臺中市,豐原區,0,1,0,7,2,6,50,3,2,1,5,4,6,6,4,4,5,5,4,2,17,76,3,10,5,4,B03,7,14,1,8,2,2,,76,76,1,12,4,B03,120.721449,24.253815,2
4179,66000,387130000C,(04)23274275,(04)23288582,2023,8,11,16,26,臺中市,西屯區,0,0,0,7,,,30,,,,,,,,,,,,,,,78,,,,,B03,,,1,,2,,,78,,1,12,4,B03,120.647884,24.157423,3
4180,66000,387130000C,(04)23274275,(04)23288582,2023,8,11,16,28,臺中市,龍井區,0,0,0,6,,,30,,,,,,,,,,,,,,11,8,,,,,B11,,,1,,1,,,8,8,1,6,4,B11,120.58501,24.178939,3
4181,66000,387130000C,(04)23274275,(04)23288582,2023,8,11,16,29,臺中市,大雅區,0,1,0,7,1,6,40,13,9,1,5,4,6,6,4,4,5,5,4,1,13,59,2,9,2,1,C03,7,9,1,10,2,11,,59,59,1,13,2,C03,120.66984,24.213934,2
4182,66000,387130000C,(04)23274275,(04)23288582,2023,8,11,16,30,臺中市,西區,0,0,0,7,,,50,,,,,,,,,,,,,,,59,,,,,B03,,,1,,1,,,59,,1,12,4,B03,120.660867,24.139966,3
4183,66000,387130000C,(04)23274275,(04)23288582,2023,8,11,16,30,臺中市,清水區,0,1,0,7,3,6,50,3,1,1,5,4,6,6,1,1,5,4,4,2,12,59,3,10,3,1,B03,7,9,1,8,2,8,,59,59,1,12,4,B03,120.614688,24.288044,2
4184,66000,387130000C,(04)23274275,(04)23288582,2023,8,11,16,34,臺中市,大甲區,0,1,0,7,3,6,50,4,1,1,5,4,6,6,4,4,10,5,5,2,15,15,2,9,1,1,F01,7,9,7,21,2,11,,15,15,1,6,4,F01,120.622471,24.346142,2
4185,66000,387130000C,(04)23274275,(04)23288582,2023,8,11,16,38,臺中市,烏日區,0,2,0,6,1,6,50,3,2,1,5,4,6,6,4,4,5,5,4,2,12,77,2,9,1,1,F03,7,14,7,21,2,14,,77,77,1,12,4,F03,120.631994,24.10866,2
4186,66000,387130000C,(04)23274275,(04)23288582,2023,8,11,16,43,臺中市,太平區,0,1,0,7,3,6,50,4,2,1,5,4,6,6,2,1,10,5,5,2,16,20,3,10,3,1,B03,7,6,1,8,2,5,,20,20,1,12,4,B03,120.723166,24.149422,2
4187,66000,387130000C,(04)23274275,(04)23288582,2023,8,11,16,45,臺中市,烏日區,0,0,0,7,,,60,,,,,,,,,,,,,,,47,,,,,B03,,,1,,2,,,47,,1,12,4,B03,120.646912,24.073196,3
4188,66000,387130000C,(04)23274275,(04)23288582,2023,8,11,16,47,臺中市,梧棲區,0,0,0,7,,,30,,,,,,,,,,,,,,16,94,,,,,A12,,,1,,2,,,94,,1,6,4,A12,120.53813,24.247321,3
4189,66000,387130000C,(04)23274275,(04)23288582,2023,8,11,16,50,臺中市,大里區,0,1,0,7,3,6,50,13,9,1,5,4,6,6,4,4,5,5,5,2,17,76,3,10,3,1,B03,7,14,1,8,2,2,,76,76,1,6,4,B03,120.690639,24.109866,2
4190,66000,387130000C,(04)23274275,(04)23288582,2023,8,11,16,51,臺中市,南屯區,0,1,0,6,2,6,50,4,1,1,5,4,6,6,2,1,10,5,5,2,17,20,3,10,3,1,B03,7,5,1,8,2,2,,20,20,1,12,4,B03,120.625929,24.145023,2
4191,66000,387130000C,(04)23274275,(04)23288582,2023,8,11,16,55,臺中市,烏日區,0,1,0,5,1,6,50,13,9,1,4,4,6,6,4,4,1,4,5,1,16,20,3,10,3,1,B03,7,5,1,8,2,5,,20,20,1,12,4,B03,120.649818,24.107787,2
4192,66000,387130000C,(04)23274275,(04)23288582,2023,8,11,16,57,臺中市,西屯區,0,0,0,5,,,40,,,,,,,,,,,,,,,87,,,,,B03,,,1,,9,,,87,,1,12,4,B03,120.615084,24.173484,3
4193,66000,387130000C,(04)23274275,(04)23288582,2023,8,11,16,58,臺中市,梧棲區,0,2,0,7,2,6,40,3,1,1,5,4,6,6,1,1,1,4,1,1,13,7,2,9,2,1,C03,7,9,1,10,2,11,,7,7,1,6,4,C03,120.549969,24.245156,2
4194,66000,387130000C,(04)23274275,(04)23288582,2023,8,11,17,0,臺中市,潭子區,0,1,0,6,2,6,50,13,9,1,4,4,6,6,4,4,5,5,5,1,11,39,3,10,3,1,B03,7,9,1,8,2,8,,39,39,1,13,4,B03,120.710253,24.209879,2
4195,66000,387130000C,(04)23274275,(04)23288582,2023,8,11,17,0,臺中市,西區,0,1,0,5,2,6,50,4,1,1,4,4,1,6,1,1,10,5,5,2,16,11,3,10,3,1,B03,7,6,1,8,2,6,,11,11,1,12,4,B03,120.655632,24.154807,2
4196,66000,387130000C,(04)23274275,(04)23288582,2023,8,11,17,0,臺中市,東區,0,1,0,6,2,6,50,3,1,1,5,4,6,6,4,4,10,5,5,2,16,14,2,9,1,1,C03,7,6,1,10,2,12,,14,14,1,13,4,C03,120.694093,24.140124,2
4197,66000,387130000C,(04)23274275,(04)23288582,2023,8,11,17,0,臺中市,烏日區,0,0,0,5,,,40,,,,,,,,,,,,,,,7,,,,,B03,,,1,,2,,,7,,1,12,4,B03,120.618372,24.111395,3
4198,66000,387130000C,(04)23274275,(04)23288582,2023,8,11,17,1,臺中市,南屯區,0,0,0,5,,,30,,,,,,,,,,,,,,,8,,,,,B03,,,1,,2,,,8,,1,13,4,B03,120.628603,24.153176,3
4199,66000,387130000C,(04)23274275,(04)23288582,2023,8,11,17,1,臺中市,神岡區,0,1,0,6,2,6,50,13,9,1,5,4,6,6,4,4,5,4,5,1,16,84,2,9,2,1,C03,7,9,1,10,2,14,,84,84,1,13,4,C03,120.681138,24.259842,2
4200,66000,387130000C,(04)23274275,(04)23288582,2023,8,11,17,3,臺中市,北區,0,1,0,6,2,6,50,13,9,1,4,4,6,6,4,4,5,4,5,2,16,51,3,10,3,1,B03,7,1,5,19,2,1,,51,51,1,12,4,B03,120.685946,24.147768,2
4201,66000,387130000C,(04)23274275,(04)23288582,2023,8,11,17,5,臺中市,北屯區,0,1,0,5,2,6,50,5,1,1,4,4,6,6,2,1,10,5,5,2,12,84,2,8,2,1,C03,7,9,1,10,2,11,,84,84,1,12,4,C03,120.683397,24.197849,2
4202,66000,387130000C,(04)23274275,(04)23288582,2023,8,11,17,6,臺中市,西屯區,0,0,0,5,,,50,,,,,,,,,,,,,,13,84,,,,,B03,,,1,,1,,,84,,1,13,4,B03,120.606374,24.163348,3
4203,66000,387130000C,(04)23274275,(04)23288582,2023,8,11,17,7,臺中市,北區,0,0,0,5,,,50,,,,,,,,,,,,,,14,49,,,,,B03,,,1,,2,,,49,,1,12,4,B03,120.672779,24.169177,4