序號,縣市別代碼,機關代碼,市話,傳真,年,月,日,時,分,縣市,區,死亡數量,受傷數量,2-30,天候,光線,道路類別,速限,道路型態,事故位置,路面鋪裝,路面狀態,路面缺陷,障礙物,視距,號誌種類,號誌動作,分向設施,快車道或一般車道間,快慢車道間,路面邊線,事故類型及型態,主要肇因,受傷程度,主要傷處,保護裝備,行動電話,當事者區分(類別),車輛用途,當事者行動狀態,駕駛資格情形,駕駛執照種類,飲酒情形,車輛撞擊部位最初,車輛撞擊部位其他,肇事因素個別,肇事因素主要,肇事逃逸,職業,旅次目的,車種,GPS座標X,GPS座標Y,事故類別
4204,66000,387130000C,(04)23274275,(04)23288582,2023,8,11,17,8,臺中市,南屯區,0,1,0,5,3,6,50,13,9,1,4,4,6,6,4,4,1,4,5,2,12,8,3,10,3,1,B12,7,9,1,8,2,2,,8,8,1,12,4,B12,120.646914,24.141203,2
4205,66000,387130000C,(04)23274275,(04)23288582,2023,8,11,17,10,臺中市,潭子區,0,0,0,7,,,50,,,,,,,,,,,,,,14,49,,,,,B03,,,1,,2,,,49,,1,13,4,B03,120.7063,24.204194,3
4206,66000,387130000C,(04)23274275,(04)23288582,2023,8,11,17,10,臺中市,東區,0,0,0,7,,,50,,,,,,,,,,,,,,,7,,,,,B03,,,1,,2,,,7,,1,12,4,B03,120.693452,24.133073,3
4207,66000,387130000C,(04)23274275,(04)23288582,2023,8,11,17,11,臺中市,中區,0,1,0,5,3,6,50,13,7,1,4,4,6,6,4,4,5,5,4,2,13,84,2,9,1,1,C03,7,9,1,10,2,14,,84,84,1,6,4,C03,120.677633,24.14631,2
4208,66000,387130000C,(04)23274275,(04)23288582,2023,8,11,17,11,臺中市,北區,0,0,0,5,,,50,,,,,,,,,,,,,,,84,,,,,B03,,,1,,1,,,84,,1,12,4,B03,120.685506,24.154368,3
4209,66000,387130000C,(04)23274275,(04)23288582,2023,8,11,17,12,臺中市,太平區,0,2,0,7,2,6,30,4,1,1,5,4,6,6,4,4,5,5,5,2,15,12,2,9,2,1,F03,7,9,7,21,2,11,,12,12,1,12,4,F03,120.721545,24.118705,2
4210,66000,387130000C,(04)23274275,(04)23288582,2023,8,11,17,14,臺中市,北屯區,0,0,0,5,,,50,,,,,,,,,,,,,,13,59,,,,,B03,,,1,,2,,,59,,1,13,4,B03,120.701587,24.181251,3
4211,66000,387130000C,(04)23274275,(04)23288582,2023,8,11,17,14,臺中市,梧棲區,0,0,0,7,,,70,,,,,,,,,,,,,,13,7,,,,,B03,,,1,,1,,,7,,1,6,4,B03,120.545059,24.226991,3
4212,66000,387130000C,(04)23274275,(04)23288582,2023,8,11,17,15,臺中市,西屯區,0,1,0,5,3,6,50,13,9,1,4,4,6,6,4,4,3,4,5,2,17,51,3,10,1,1,C03,7,1,1,8,1,12,,51,51,1,12,4,C03,120.64522,24.170479,2
4213,66000,387130000C,(04)23274275,(04)23288582,2023,8,11,17,16,臺中市,北屯區,0,1,0,5,2,6,50,4,1,1,4,4,6,6,4,4,5,5,5,2,15,13,2,9,2,1,C03,7,9,1,10,2,12,,13,13,1,13,4,C03,120.714676,24.178217,2
4214,66000,387130000C,(04)23274275,(04)23288582,2023,8,11,17,19,臺中市,南區,0,0,0,7,3,6,50,13,7,1,5,4,6,6,4,4,1,4,5,2,16,51,3,10,3,1,B03,7,1,1,8,2,8,,51,51,1,12,4,B03,120.669841,24.125051,3
4215,66000,387130000C,(04)23274275,(04)23288582,2023,8,11,17,19,臺中市,沙鹿區,0,0,0,7,,,40,,,,,,,,,,,,,,17,20,,,,,B03,,,1,,2,,,20,20,1,13,4,B03,120.567246,24.228488,3
4216,66000,387130000C,(04)23274275,(04)23288582,2023,8,11,17,20,臺中市,北區,0,0,0,5,,,50,,,,,,,,,,,,,,13,7,,,,,B01,,,1,,1,,,7,,1,13,4,B01,120.691655,24.159735,4
4217,66000,387130000C,(04)23274275,(04)23288582,2023,8,11,17,20,臺中市,東區,0,0,0,5,,,50,,,,,,,,,,,,,,13,85,,,,,B03,,,1,4,2,,,85,85,1,13,4,B03,120.695869,24.14265,3
4218,66000,387130000C,(04)23274275,(04)23288582,2023,8,11,17,20,臺中市,西屯區,0,0,0,5,,,50,,,,,,,,,,,,,,,45,,,,,B03,,,1,,1,,,45,,1,12,4,B03,120.66742,24.173945,3
4219,66000,387130000C,(04)23274275,(04)23288582,2023,8,11,17,21,臺中市,西屯區,0,0,0,5,,,50,,,,,,,,,,,,,,9,84,,,,,B03,,,1,,1,,,84,,1,12,4,B03,120.658558,24.159534,3
4220,66000,387130000C,(04)23274275,(04)23288582,2023,8,11,17,21,臺中市,大甲區,0,0,0,7,3,6,40,13,9,1,5,,6,6,4,4,10,5,5,2,14,49,3,10,5,4,B03,7,2,1,8,1,7,,49,49,1,6,4,B03,120.603847,24.347118,3
4221,66000,387130000C,(04)23274275,(04)23288582,2023,8,11,17,22,臺中市,西屯區,0,1,0,7,1,6,50,8,9,1,5,4,6,6,4,4,2,3,4,2,17,40,3,10,3,1,B12,7,7,1,8,2,2,,40,40,1,12,4,B12,120.630009,24.182247,2
4222,66000,387130000C,(04)23274275,(04)23288582,2023,8,11,17,23,臺中市,南屯區,0,0,0,5,,,50,,,,,,,,,,,,,,,7,,,,,B03,,,1,,1,,,7,,1,12,4,B03,120.6229,24.145079,3
4223,66000,387130000C,(04)23274275,(04)23288582,2023,8,11,17,24,臺中市,西區,0,0,0,5,,,50,,,,,,,,,,,,,,15,20,,,,,B03,,,1,,1,,,20,,1,12,4,B03,120.663552,24.153447,3
4224,66000,387130000C,(04)23274275,(04)23288582,2023,8,11,17,24,臺中市,霧峰區,0,0,0,7,,,50,,,,,,,,,,,,,,17,1,,,,,B03,,,1,,2,,,1,1,1,13,4,B03,120.694266,24.061948,3
4225,66000,387130000C,(04)23274275,(04)23288582,2023,8,11,17,25,臺中市,西屯區,0,0,0,7,,,50,,,,,,,,,,,,,,11,39,,,,,B03,,,1,,9,,,39,,1,13,4,B03,120.589788,24.176615,3
4226,66000,387130000C,(04)23274275,(04)23288582,2023,8,11,17,26,臺中市,西屯區,0,0,0,5,,,50,,,,,,,,,,,,,,,39,,,,,B03,,,1,,2,,,39,,1,12,4,B03,120.65689,24.196405,3
4227,66000,387130000C,(04)23274275,(04)23288582,2023,8,11,17,27,臺中市,中區,0,2,0,7,3,6,50,3,1,1,5,4,6,6,4,4,10,5,5,2,16,20,3,10,3,1,B03,7,6,1,10,2,1,,20,20,1,13,4,B03,120.67545,24.142244,2
4228,66000,387130000C,(04)23274275,(04)23288582,2023,8,11,17,28,臺中市,南區,0,0,0,7,,,50,,,,,,,,,,,,,,,8,,,,,B03,,,1,,2,,,8,,1,12,4,B03,120.669347,24.118942,3
4229,66000,387130000C,(04)23274275,(04)23288582,2023,8,11,17,28,臺中市,南屯區,0,0,0,5,,,50,,,,,,,,,,,,,,15,12,,,,,C03,,,1,,1,,,12,,1,13,4,C03,120.613534,24.150437,3
4230,66000,387130000C,(04)23274275,(04)23288582,2023,8,11,17,28,臺中市,西屯區,0,0,0,5,,,80,,,,,,,,,,,,,,13,7,,,,,B03,,,1,,1,,,7,7,1,13,4,B03,120.634948,24.179291,3
4231,66000,387130000C,(04)23274275,(04)23288582,2023,8,11,17,30,臺中市,東區,0,0,0,6,,,50,,,,,,,,,,,,,,14,49,,,,,B03,,,1,,2,,,49,,1,13,4,B03,120.695364,24.133297,3
4232,66000,387130000C,(04)23274275,(04)23288582,2023,8,11,17,30,臺中市,北屯區,0,1,0,5,2,6,30,3,1,1,4,4,6,6,4,4,10,5,5,2,16,14,3,10,3,1,B03,7,6,1,7,2,8,,14,14,1,12,4,B03,120.696688,24.176987,2
4233,66000,387130000C,(04)23274275,(04)23288582,2023,8,11,17,32,臺中市,南區,0,1,0,5,1,6,50,13,9,1,4,4,6,5,4,4,5,5,5,2,12,7,2,8,1,1,C03,7,9,1,10,2,11,,7,7,1,12,4,C03,120.655453,24.123839,2
4234,66000,387130000C,(04)23274275,(04)23288582,2023,8,11,17,32,臺中市,南區,0,1,0,5,1,6,50,13,9,1,4,4,6,5,4,4,5,5,5,2,12,7,3,10,1,1,C03,7,9,1,10,2,14,,7,7,1,12,4,C03,120.655137,24.123621,2
4235,66000,387130000C,(04)23274275,(04)23288582,2023,8,11,17,33,臺中市,北屯區,0,1,0,5,2,6,50,3,1,1,4,4,6,6,1,1,10,5,5,2,16,11,3,10,3,1,B03,7,6,1,8,2,8,,11,11,1,12,4,B03,120.674606,24.202956,2
4236,66000,387130000C,(04)23274275,(04)23288582,2023,8,11,17,34,臺中市,北區,0,2,0,5,2,6,50,3,1,1,4,4,6,6,4,4,1,4,5,2,13,7,2,8,1,1,C03,7,12,1,10,2,11,,7,7,1,12,4,C03,120.684443,24.150087,2
4237,66000,387130000C,(04)23274275,(04)23288582,2023,8,11,17,35,臺中市,潭子區,0,0,0,5,,,80,,,,,,,,,,,,,,,59,,,,,B12,,,1,,2,,,59,,1,13,4,B12,120.722593,24.190443,3
4238,66000,387130000C,(04)23274275,(04)23288582,2023,8,11,17,35,臺中市,西屯區,0,1,0,5,2,6,50,13,9,1,4,4,6,6,4,4,5,4,5,2,13,84,2,9,5,4,C03,7,9,3,19,2,11,,84,84,1,12,4,C03,120.618061,24.188345,2
4239,66000,387130000C,(04)23274275,(04)23288582,2023,8,11,17,35,臺中市,西屯區,0,0,0,5,,,30,,,,,,,,,,,,,,,85,,,,,B03,,,1,,1,,,85,,1,12,4,B03,120.61715,24.18913,3
4240,66000,387130000C,(04)23274275,(04)23288582,2023,8,11,17,36,臺中市,沙鹿區,0,1,0,7,2,6,30,13,9,1,5,4,6,6,4,4,10,3,5,1,17,49,3,10,5,4,B03,7,2,1,10,2,3,,49,49,1,13,4,B03,120.554334,24.248198,2
4241,66000,387130000C,(04)23274275,(04)23288582,2023,8,11,17,37,臺中市,西屯區,0,2,0,5,3,6,50,3,1,1,4,4,6,6,1,1,10,5,5,2,15,85,2,9,1,1,C03,7,9,1,10,2,11,,85,85,1,12,4,C03,120.640803,24.16505,2
4242,66000,387130000C,(04)23274275,(04)23288582,2023,8,11,17,38,臺中市,烏日區,0,1,0,6,2,6,50,13,8,1,4,4,6,6,4,4,4,3,4,2,16,40,3,10,3,1,B02,7,7,1,8,2,16,,40,40,1,13,4,B02,120.60693,24.124435,2
4243,66000,387130000C,(04)23274275,(04)23288582,2023,8,11,17,38,臺中市,大甲區,0,1,0,7,3,6,50,4,1,1,5,4,6,6,4,4,10,5,5,2,15,15,3,10,3,1,B03,7,9,1,8,2,1,,15,15,1,6,4,B03,120.620479,24.351691,2
4244,66000,387130000C,(04)23274275,(04)23288582,2023,8,11,17,39,臺中市,西屯區,0,0,0,5,,,80,,,,,,,,,,,,,,,59,,,,,B03,,,1,,1,,,59,59,1,12,4,B03,120.634948,24.179291,3
4245,66000,387130000C,(04)23274275,(04)23288582,2023,8,11,17,40,臺中市,神岡區,0,1,0,5,1,6,50,4,1,1,4,4,6,6,1,1,5,4,4,2,17,11,3,10,3,1,B03,7,6,1,8,2,2,,11,11,1,6,4,B03,120.661146,24.258925,2
4246,66000,387130000C,(04)23274275,(04)23288582,2023,8,11,17,42,臺中市,南屯區,0,0,0,5,,,40,,,,,,,,,,,,,,17,58,,,,,B02,,,1,,1,,,58,,1,13,4,B02,120.612152,24.13653,3
4247,66000,387130000C,(04)23274275,(04)23288582,2023,8,11,17,47,臺中市,太平區,0,1,0,5,3,6,50,4,1,1,4,4,6,6,1,1,10,5,5,2,16,11,3,10,3,1,B03,7,6,1,6,2,8,,11,11,1,12,4,B03,120.713834,24.158994,2
4248,66000,387130000C,(04)23274275,(04)23288582,2023,8,11,17,48,臺中市,北屯區,0,0,0,5,,,50,,,,,,,,,,,,,,17,85,,,,,C03,,,6,,11,,,85,,1,12,4,C03,120.67784,24.173512,3
4249,66000,387130000C,(04)23274275,(04)23288582,2023,8,11,17,48,臺中市,西屯區,0,0,0,5,,,50,,,,,,,,,,,,,,13,7,,,,,B03,,,1,,1,,,7,,1,13,4,B03,120.665666,24.172615,3
4250,66000,387130000C,(04)23274275,(04)23288582,2023,8,11,17,48,臺中市,西屯區,0,0,0,7,,,50,,,,,,,,,,,,,,16,14,,,,,C03,,,1,,1,,,14,14,1,13,4,C03,120.585617,24.173545,3
4251,66000,387130000C,(04)23274275,(04)23288582,2023,8,11,17,48,臺中市,烏日區,0,0,0,6,,,50,,,,,,,,,,,,,,,58,,,,,B03,,,1,,2,,,58,,1,12,4,B03,120.618844,24.115253,3
4252,66000,387130000C,(04)23274275,(04)23288582,2023,8,11,17,50,臺中市,西屯區,0,0,0,7,,,50,,,,,,,,,,,,,,,84,,,,,C03,,,1,,2,,,84,84,1,12,4,C03,120.594859,24.191065,3
4253,66000,387130000C,(04)23274275,(04)23288582,2023,8,11,17,50,臺中市,西屯區,0,0,0,7,,,30,,,,,,,,,,,,,,,51,,,,,B03,,,1,,1,,,51,,1,12,4,B03,120.641415,24.17526,3
4254,66000,387130000C,(04)23274275,(04)23288582,2023,8,11,17,50,臺中市,西屯區,0,1,0,6,2,6,50,3,1,1,4,4,6,6,4,4,5,4,5,2,13,7,2,9,2,1,C03,7,9,1,10,2,11,,7,7,1,13,4,C03,120.619002,24.179673,2
4255,66000,387130000C,(04)23274275,(04)23288582,2023,8,11,17,50,臺中市,西屯區,0,1,0,5,2,6,40,13,8,1,4,4,6,6,4,4,1,4,4,2,18,84,2,9,2,1,C03,7,9,1,10,2,15,,84,84,1,13,4,C03,120.654219,24.201967,2
4256,66000,387130000C,(04)23274275,(04)23288582,2023,8,11,17,50,臺中市,西屯區,0,1,0,5,2,6,50,3,1,1,4,4,6,6,4,4,10,5,5,2,18,84,2,9,5,4,C03,7,5,1,10,2,12,,84,84,1,13,4,C03,120.653842,24.182002,2
4257,66000,387130000C,(04)23274275,(04)23288582,2023,8,11,17,50,臺中市,后里區,0,0,0,5,,,50,,,,,,,,,,,,,,17,78,,,,,B12,,,1,,2,,,78,,1,6,4,B12,120.723398,24.307601,3
4258,66000,387130000C,(04)23274275,(04)23288582,2023,8,11,17,52,臺中市,西屯區,0,0,0,7,,,50,,,,,,,,,,,,,,9,84,,,,,B03,,,1,,1,,,84,,1,12,4,B03,120.588249,24.176079,3
4259,66000,387130000C,(04)23274275,(04)23288582,2023,8,11,17,52,臺中市,龍井區,0,0,0,7,,,40,,,,,,,,,,,,,,13,7,,,,,C03,,,1,,2,,,7,,1,13,4,C03,120.575556,24.185003,3
4260,66000,387130000C,(04)23274275,(04)23288582,2023,8,11,17,54,臺中市,烏日區,0,2,0,6,2,6,40,13,11,1,5,4,6,6,4,4,1,5,4,1,13,7,2,8,2,1,C03,7,9,1,10,2,11,,7,7,1,13,4,C03,120.583107,24.109674,2
4261,66000,387130000C,(04)23274275,(04)23288582,2023,8,11,17,55,臺中市,西屯區,0,0,0,7,,,50,,,,,,,,,,,,,,,8,,,,,B03,,,1,,9,,,8,,1,13,4,B03,120.653666,24.168365,3
4262,66000,387130000C,(04)23274275,(04)23288582,2023,8,11,17,55,臺中市,烏日區,0,1,0,6,3,6,40,4,1,1,4,4,6,6,1,1,5,5,4,2,18,84,2,9,2,1,C03,7,5,1,10,2,12,,84,84,1,12,4,C03,120.607647,24.120939,2
4263,66000,387130000C,(04)23274275,(04)23288582,2023,8,11,17,58,臺中市,大雅區,0,2,0,6,1,6,30,13,9,1,4,4,6,6,4,4,10,5,5,2,17,41,2,9,2,1,C03,7,6,1,10,2,11,,41,41,1,13,2,C03,120.645509,24.226362,2
4264,66000,387130000C,(04)23274275,(04)23288582,2023,8,11,18,0,臺中市,南區,0,0,0,7,3,6,50,4,1,1,5,4,6,6,1,1,10,5,5,2,13,7,3,10,1,1,C03,7,9,1,10,1,11,,7,7,1,12,4,C03,120.653529,24.116746,3
4265,66000,387130000C,(04)23274275,(04)23288582,2023,8,11,18,2,臺中市,南屯區,0,0,0,7,,,50,,,,,,,,,,,,,,,8,,,,,B03,,,1,,2,,,40,8,1,12,4,B03,120.608019,24.151116,3
4266,66000,387130000C,(04)23274275,(04)23288582,2023,8,11,18,2,臺中市,北屯區,0,0,0,7,,,50,,,,,,,,,,,,,,,51,,,,,B03,,,1,,1,,,51,,1,12,4,B03,120.66561,24.183326,3
4267,66000,387130000C,(04)23274275,(04)23288582,2023,8,11,18,2,臺中市,沙鹿區,0,0,0,7,,,50,,,,,,,,,,,,,,,50,,,,,B03,,,1,,2,,,50,,1,13,4,B03,120.577768,24.212558,3
4268,66000,387130000C,(04)23274275,(04)23288582,2023,8,11,18,2,臺中市,豐原區,0,1,0,5,2,6,30,3,1,3,4,4,6,6,4,4,10,5,5,2,17,14,3,10,3,1,B03,7,5,1,8,2,16,,14,14,1,13,4,B03,120.71865,24.274316,2
4269,66000,387130000C,(04)23274275,(04)23288582,2023,8,11,18,3,臺中市,北區,0,1,0,5,2,6,50,13,9,1,4,4,6,6,4,4,5,4,5,2,17,94,2,9,2,1,C03,7,11,1,10,2,11,,94,94,1,12,4,C03,120.680959,24.158867,2
4270,66000,387130000C,(04)23274275,(04)23288582,2023,8,11,18,4,臺中市,神岡區,0,1,0,6,1,6,30,4,1,1,4,4,6,3,4,4,10,5,5,2,16,14,3,10,3,1,B03,7,6,1,8,2,8,,14,14,1,13,4,B03,120.686984,24.24817,2
4271,66000,387130000C,(04)23274275,(04)23288582,2023,8,11,18,5,臺中市,北屯區,0,1,0,6,1,6,25,11,12,1,5,4,6,6,4,4,3,2,5,1,18,84,2,9,1,1,C03,7,9,1,10,2,12,,84,84,1,13,4,C03,120.786638,24.205416,2
4272,66000,387130000C,(04)23274275,(04)23288582,2023,8,11,18,5,臺中市,石岡區,0,2,0,5,3,9,25,9,9,1,4,4,6,6,4,4,5,4,5,1,12,6,2,9,4,1,F01,7,9,7,21,2,11,,6,6,1,13,4,F01,120.783543,24.274807,2
4273,66000,387130000C,(04)23274275,(04)23288582,2023,8,11,18,8,臺中市,南區,0,0,0,7,,,50,,,,,,,,,,,,,,30,119,,,,,B03,,,1,8,2,,,85,119,1,13,4,B03,120.660133,24.130547,3
4274,66000,387130000C,(04)23274275,(04)23288582,2023,8,11,18,8,臺中市,南區,0,1,0,7,2,6,50,13,7,1,5,4,6,6,4,4,3,4,4,2,13,59,2,3,3,1,B03,7,14,1,8,2,3,1,87,59,1,12,4,B03,120.670203,24.116654,2
4275,66000,387130000C,(04)23274275,(04)23288582,2023,8,11,18,10,臺中市,東區,0,0,0,6,,,40,,,,,,,,,,,,,,17,76,,,,,B03,,,1,,11,,,76,,1,13,4,B03,120.701496,24.128466,3
4276,66000,387130000C,(04)23274275,(04)23288582,2023,8,11,18,10,臺中市,太平區,0,0,0,7,,,50,,,,,,,,,,,,,,,84,,,,,B03,,,1,,2,,,84,,1,12,4,B03,120.716236,24.149637,3
4277,66000,387130000C,(04)23274275,(04)23288582,2023,8,11,18,10,臺中市,神岡區,0,1,0,5,1,6,30,4,1,1,4,4,6,6,4,4,10,5,5,2,17,15,2,9,1,1,F03,7,9,7,21,2,11,,15,15,1,6,4,F03,120.685725,24.251438,2
4278,66000,387130000C,(04)23274275,(04)23288582,2023,8,11,18,12,臺中市,北區,0,1,0,7,1,6,50,13,9,1,5,4,6,6,4,4,9,5,5,2,17,51,3,10,3,1,B03,7,1,1,8,2,8,,51,51,1,13,4,B03,120.686585,24.15933,2
4279,66000,387130000C,(04)23274275,(04)23288582,2023,8,11,18,12,臺中市,后里區,0,1,0,6,2,6,40,3,1,1,4,4,6,6,4,4,10,5,5,2,16,14,3,10,2,1,C03,7,6,1,10,2,14,,14,14,1,5,4,C03,120.693611,24.314742,2
4280,66000,387130000C,(04)23274275,(04)23288582,2023,8,11,18,13,臺中市,南屯區,0,1,0,6,1,6,40,4,2,1,4,4,6,6,1,1,1,4,4,2,17,7,2,9,1,1,C03,7,9,1,10,2,16,,7,7,1,12,4,C03,120.652211,24.150782,2
4281,66000,387130000C,(04)23274275,(04)23288582,2023,8,11,18,14,臺中市,潭子區,0,1,0,5,2,6,50,5,1,1,4,4,6,6,3,1,5,4,4,2,17,20,3,10,2,1,C03,7,9,1,10,2,16,,20,20,1,13,4,C03,120.694223,24.221282,2
4282,66000,387130000C,(04)23274275,(04)23288582,2023,8,11,18,14,臺中市,南屯區,0,0,0,7,,,50,,,,,,,,,,,,,,,7,,,,,B03,,,1,,1,,,7,,1,13,4,B03,120.643082,24.15354,3
4283,66000,387130000C,(04)23274275,(04)23288582,2023,8,11,18,17,臺中市,北區,0,1,0,5,1,6,50,4,1,1,4,4,6,6,1,1,10,5,5,2,18,84,2,9,2,1,C03,7,9,1,10,2,14,,84,84,1,12,4,C03,120.685093,24.157602,2
4284,66000,387130000C,(04)23274275,(04)23288582,2023,8,11,18,17,臺中市,西屯區,0,2,0,7,2,6,50,13,9,1,5,4,6,6,4,4,1,4,5,2,13,84,2,9,5,4,C03,7,9,1,10,2,11,,84,84,1,13,4,C03,120.663118,24.172472,2
4285,66000,387130000C,(04)23274275,(04)23288582,2023,8,11,18,18,臺中市,南屯區,0,0,0,7,,,50,,,,,,,,,,,,,,,49,,,,,B03,,,1,,1,,,49,,1,12,4,B03,120.649883,24.13808,3
4286,66000,387130000C,(04)23274275,(04)23288582,2023,8,11,18,20,臺中市,北屯區,0,0,0,7,,,40,,,,,,,,,,,,,,14,49,,,,,B03,,,1,,1,,,49,49,1,13,4,B03,120.694239,24.166463,3
4287,66000,387130000C,(04)23274275,(04)23288582,2023,8,11,18,25,臺中市,北區,0,1,0,7,1,6,50,4,1,1,5,4,6,6,1,1,10,5,5,2,16,11,3,10,3,1,B03,7,6,1,8,2,1,,11,11,1,13,4,B03,120.663023,24.161665,2
4288,66000,387130000C,(04)23274275,(04)23288582,2023,8,11,18,25,臺中市,東區,0,1,0,7,3,6,50,13,9,1,5,4,6,6,4,4,9,5,5,2,16,45,3,10,3,1,B03,7,11,1,8,2,5,,45,45,1,13,4,B03,120.704713,24.140302,2
4289,66000,387130000C,(04)23274275,(04)23288582,2023,8,11,18,26,臺中市,龍井區,0,0,0,7,,,50,,,,,,,,,,,,,,13,2,,,,,C03,,,1,,2,,,2,2,1,13,4,C03,120.583545,24.18095,3
4290,66000,387130000C,(04)23274275,(04)23288582,2023,8,11,18,27,臺中市,南區,0,1,0,7,2,6,50,4,1,1,5,4,6,6,2,1,10,5,5,2,17,84,2,7,5,4,C03,7,9,1,10,2,14,,84,84,1,13,4,C03,120.655457,24.115199,2
4291,66000,387130000C,(04)23274275,(04)23288582,2023,8,11,18,29,臺中市,西屯區,0,0,0,7,,,50,,,,,,,,,,,,,,,7,,,,,B01,,,1,,2,,,7,,1,12,4,B01,120.638708,24.169633,3
4292,66000,387130000C,(04)23274275,(04)23288582,2023,8,11,18,32,臺中市,西屯區,0,1,0,5,1,6,50,4,1,1,4,4,6,6,1,1,10,5,5,2,18,84,2,9,1,1,C03,7,5,1,10,2,14,,84,84,1,12,4,C03,120.649796,24.162755,2
4293,66000,387130000C,(04)23274275,(04)23288582,2023,8,11,18,33,臺中市,南區,0,0,0,7,,,50,,,,,,,,,,,,,,,8,,,,,B02,,,1,,2,,,8,,1,12,4,B02,120.679293,24.125653,3
4294,66000,387130000C,(04)23274275,(04)23288582,2023,8,11,18,34,臺中市,北屯區,0,3,0,7,1,6,40,13,8,1,4,4,6,6,4,4,10,5,5,2,13,7,2,9,2,1,C03,7,9,3,19,2,11,,7,7,1,12,4,C03,120.721773,24.185615,2
4295,66000,387130000C,(04)23274275,(04)23288582,2023,8,11,18,34,臺中市,西屯區,0,0,0,7,,,50,,,,,,,,,,,,,,,8,,,,,B03,,,1,,1,,,8,,1,12,4,B03,120.657171,24.16982,3
4296,66000,387130000C,(04)23274275,(04)23288582,2023,8,11,18,36,臺中市,北區,0,1,0,6,2,6,50,13,9,1,5,4,6,6,4,4,5,5,5,2,2,84,3,10,3,1,B03,7,9,1,8,1,5,,84,84,1,12,4,B03,120.680211,24.158267,2
4297,66000,387130000C,(04)23274275,(04)23288582,2023,8,11,18,37,臺中市,豐原區,0,1,0,5,1,6,50,3,2,1,4,4,6,6,3,1,5,4,5,2,13,59,2,8,1,1,C03,7,9,1,10,2,11,,59,59,1,13,4,C03,120.719621,24.260103,2
4298,66000,387130000C,(04)23274275,(04)23288582,2023,8,11,18,38,臺中市,西屯區,0,0,0,7,,,30,,,,,,,,,,,,,,17,40,,,,,B03,,,1,,2,,,40,,1,13,4,B03,120.655019,24.16827,3
4299,66000,387130000C,(04)23274275,(04)23288582,2023,8,11,18,40,臺中市,西屯區,0,2,0,7,2,6,50,13,8,1,5,4,6,6,4,4,5,4,4,2,16,40,2,8,5,4,C03,7,7,1,10,2,12,,40,40,1,13,4,C03,120.643614,24.17048,2
4300,66000,387130000C,(04)23274275,(04)23288582,2023,8,11,18,41,臺中市,南屯區,0,0,0,7,,,50,,,,,,,,,,,,,,17,45,,,,,B12,,,1,,1,,,45,,1,12,4,B12,120.635776,24.147306,3
4301,66000,387130000C,(04)23274275,(04)23288582,2023,8,11,18,48,臺中市,北區,0,0,0,7,,,50,,,,,,,,,,,,,,,49,,,,,B12,,,1,,2,,,49,,1,12,4,B12,120.682368,24.163583,3
4302,66000,387130000C,(04)23274275,(04)23288582,2023,8,11,18,49,臺中市,大里區,0,0,0,5,,,50,,,,,,,,,,,,,,14,49,,,,,B03,,,1,,2,,,49,,1,13,4,B03,120.694627,24.082981,3
4303,66000,387130000C,(04)23274275,(04)23288582,2023,8,11,18,55,臺中市,南屯區,0,0,0,7,,,50,,,,,,,,,,,,,,12,40,,,,,B03,,,1,,1,,,40,,1,12,4,B03,120.637576,24.139012,3
4304,66000,387130000C,(04)23274275,(04)23288582,2023,8,11,18,55,臺中市,北屯區,0,2,0,7,1,6,30,3,1,1,4,4,6,6,2,1,10,5,5,2,16,11,3,10,3,1,B03,7,5,1,8,2,2,,11,11,1,13,4,B03,120.670806,24.20073,2
4305,66000,387130000C,(04)23274275,(04)23288582,2023,8,11,18,55,臺中市,北屯區,0,0,0,7,,,50,,,,,,,,,,,,,,16,14,,,,,C03,,,1,,2,,,14,14,1,13,4,C03,120.722518,24.175556,3
4306,66000,387130000C,(04)23274275,(04)23288582,2023,8,11,18,55,臺中市,大里區,0,1,0,7,1,6,50,13,9,1,5,4,6,6,4,4,9,4,4,1,17,84,2,8,1,1,C03,7,11,1,10,2,11,,84,84,1,12,4,C03,120.702763,24.089239,2
4307,66000,387130000C,(04)23274275,(04)23288582,2023,8,11,18,58,臺中市,北區,0,0,0,7,,,50,,,,,,,,,,,,,,16,11,,,,,B03,,,1,,2,,,11,,1,12,4,B03,120.676764,24.163126,3
4308,66000,387130000C,(04)23274275,(04)23288582,2023,8,11,19,0,臺中市,南屯區,0,1,0,7,2,6,50,3,9,1,5,4,6,6,4,4,5,4,5,2,17,39,3,10,1,1,C03,7,11,1,10,2,13,,39,39,1,12,2,C03,120.648254,24.137027,2
4309,66000,387130000C,(04)23274275,(04)23288582,2023,8,11,19,0,臺中市,北屯區,0,0,0,7,,,40,,,,,,,,,,,,,,17,40,,,,,B03,,,1,,2,,,40,,1,12,4,B03,120.721773,24.185615,3
4310,66000,387130000C,(04)23274275,(04)23288582,2023,8,11,19,4,臺中市,潭子區,0,1,0,6,1,6,50,3,1,1,5,4,6,6,1,1,5,5,5,2,16,45,3,10,3,1,B03,7,11,1,8,2,2,,45,45,1,13,4,B03,120.678509,24.203652,2
4311,66000,387130000C,(04)23274275,(04)23288582,2023,8,11,19,4,臺中市,南屯區,0,1,0,7,1,6,50,13,9,1,5,4,6,6,4,4,5,5,5,2,17,84,2,9,6,1,F01,7,9,7,21,2,12,14,84,84,1,13,4,F01,120.648696,24.152345,2