序號,縣市別代碼,機關代碼,市話,傳真,年,月,日,時,分,縣市,區,死亡數量,受傷數量,2-30,天候,光線,道路類別,速限,道路型態,事故位置,路面鋪裝,路面狀態,路面缺陷,障礙物,視距,號誌種類,號誌動作,分向設施,快車道或一般車道間,快慢車道間,路面邊線,事故類型及型態,主要肇因,受傷程度,主要傷處,保護裝備,行動電話,當事者區分(類別),車輛用途,當事者行動狀態,駕駛資格情形,駕駛執照種類,飲酒情形,車輛撞擊部位最初,車輛撞擊部位其他,肇事因素個別,肇事因素主要,肇事逃逸,職業,旅次目的,車種,GPS座標X,GPS座標Y,事故類別
4312,66000,387130000C,(04)23274275,(04)23288582,2023,8,11,19,5,臺中市,南區,0,0,0,7,,,50,,,,,,,,,,,,,,3,87,,,,,B03,,,1,,9,,,87,,1,13,4,B03,120.674672,24.125528,3
4313,66000,387130000C,(04)23274275,(04)23288582,2023,8,11,19,5,臺中市,太平區,0,0,0,7,,,50,,,,,,,,,,,,,,,84,,,,,C03,,,1,,1,,,84,,1,12,4,C03,120.710896,24.151066,3
4314,66000,387130000C,(04)23274275,(04)23288582,2023,8,11,19,8,臺中市,西區,0,0,0,7,,,50,,,,,,,,,,,,,,,84,,,,,B03,,,1,,1,,,84,,1,6,4,B03,120.657245,24.136592,3
4315,66000,387130000C,(04)23274275,(04)23288582,2023,8,11,19,8,臺中市,南區,0,0,0,6,,,50,,,,,,,,,,,,,,13,7,,,,,B03,,,1,,2,,,7,,1,13,4,B03,120.670235,24.111984,3
4316,66000,387130000C,(04)23274275,(04)23288582,2023,8,11,19,8,臺中市,大里區,0,0,0,7,,,50,,,,,,,,,,,,,,14,84,,,,,B12,,,1,,2,,,84,84,1,13,4,B12,120.687265,24.093892,3
4317,66000,387130000C,(04)23274275,(04)23288582,2023,8,11,19,10,臺中市,西屯區,0,0,0,7,,,40,,,,,,,,,,,,,,,49,,,,,C03,,,1,,1,,,49,,1,12,4,C03,120.661769,24.165016,3
4318,66000,387130000C,(04)23274275,(04)23288582,2023,8,11,19,13,臺中市,西區,0,0,0,7,,,50,,,,,,,,,,,,,,14,49,,,,,B03,,,1,,1,,,49,,1,12,4,B03,120.665003,24.146731,3
4319,66000,387130000C,(04)23274275,(04)23288582,2023,8,11,19,26,臺中市,北屯區,0,1,0,7,1,6,50,4,1,1,4,4,6,6,4,4,10,5,5,2,15,15,2,9,2,1,C03,7,9,1,10,2,12,,15,15,1,12,4,C03,120.696876,24.166062,2
4320,66000,387130000C,(04)23274275,(04)23288582,2023,8,11,19,28,臺中市,南屯區,0,0,0,7,,,40,,,,,,,,,,,,,,,7,,,,,B03,,,1,,1,,,7,,1,12,4,B03,120.623443,24.14725,3
4321,66000,387130000C,(04)23274275,(04)23288582,2023,8,11,19,28,臺中市,沙鹿區,0,0,0,6,,,50,,,,,,,,,,,,,,,12,,,,,B02,,,1,,2,,,12,12,1,13,4,B02,120.57478,24.227405,3
4322,66000,387130000C,(04)23274275,(04)23288582,2023,8,11,19,29,臺中市,豐原區,0,0,0,7,,,50,,,,,,,,,,,,,,,8,,,,,B03,,,1,,9,,,8,,1,13,4,B03,120.721862,24.253161,3
4323,66000,387130000C,(04)23274275,(04)23288582,2023,8,11,19,30,臺中市,南屯區,0,0,0,7,,,40,,,,,,,,,,,,,,,85,,,,,B01,,,1,,9,,,85,85,2,12,4,B01,120.611646,24.129082,3
4324,66000,387130000C,(04)23274275,(04)23288582,2023,8,11,19,30,臺中市,西屯區,0,1,0,7,1,6,30,13,9,1,5,4,6,6,4,4,10,5,5,2,11,84,3,10,3,1,B03,7,9,1,8,2,4,,84,84,1,12,4,B03,120.620919,24.184358,2
4325,66000,387130000C,(04)23274275,(04)23288582,2023,8,11,19,30,臺中市,太平區,0,1,0,7,1,6,50,4,1,1,5,4,6,6,1,1,5,5,5,2,17,11,3,10,3,1,B03,7,6,1,8,2,8,,11,11,1,12,4,B03,120.723712,24.133911,2
4326,66000,387130000C,(04)23274275,(04)23288582,2023,8,11,19,36,臺中市,大里區,0,2,0,7,1,6,50,3,1,1,5,4,6,6,1,1,10,5,5,2,16,48,2,9,1,1,C03,7,6,1,10,2,11,,48,48,1,6,4,C03,120.695848,24.10436,2
4327,66000,387130000C,(04)23274275,(04)23288582,2023,8,11,19,36,臺中市,太平區,0,0,0,7,,,50,,,,,,,,,,,,,,,84,,,,,B03,,,1,,2,,,84,,1,12,4,B03,120.70121,24.147863,3
4328,66000,387130000C,(04)23274275,(04)23288582,2023,8,11,19,39,臺中市,太平區,0,1,0,7,1,6,50,4,2,1,5,4,6,6,1,1,5,5,5,2,13,84,2,9,1,1,C03,7,9,1,10,2,11,,84,84,1,12,4,C03,120.714343,24.149312,2
4329,66000,387130000C,(04)23274275,(04)23288582,2023,8,11,19,41,臺中市,西屯區,0,2,0,7,1,6,50,4,1,1,5,4,6,6,2,1,10,5,5,2,17,84,3,10,2,1,C03,7,15,1,10,2,12,,84,84,1,12,4,C03,120.632545,24.170095,2
4330,66000,387130000C,(04)23274275,(04)23288582,2023,8,11,19,47,臺中市,東區,0,1,0,7,1,6,50,13,9,1,5,4,6,6,4,4,10,5,5,2,17,51,3,10,3,1,B03,7,1,1,8,2,1,,51,51,1,13,4,B03,120.6982,24.140317,2
4331,66000,387130000C,(04)23274275,(04)23288582,2023,8,11,19,53,臺中市,南區,0,1,0,7,1,6,50,13,9,1,5,4,6,6,1,1,9,4,5,2,12,8,3,10,3,1,B03,7,9,1,8,2,2,,8,8,1,12,4,B03,120.662288,24.127582,2
4332,66000,387130000C,(04)23274275,(04)23288582,2023,8,11,20,0,臺中市,南區,0,0,0,6,,,50,,,,,,,,,,,,,,13,7,,,,,B03,,,1,,2,,,7,,1,13,4,B03,120.655076,24.114766,3
4333,66000,387130000C,(04)23274275,(04)23288582,2023,8,11,20,3,臺中市,梧棲區,0,0,0,7,,,50,,,,,,,,,,,,,,13,7,,,,,B03,,,1,,2,,,7,,1,6,4,B03,120.53257,24.259128,3
4334,66000,387130000C,(04)23274275,(04)23288582,2023,8,11,20,4,臺中市,豐原區,0,1,0,7,2,6,50,3,7,1,5,4,6,6,4,4,4,4,4,2,16,14,3,10,1,1,C03,7,6,3,19,2,13,,14,14,1,13,4,C03,120.721449,24.253815,2
4335,66000,387130000C,(04)23274275,(04)23288582,2023,8,11,20,5,臺中市,烏日區,0,1,0,7,2,6,50,3,1,1,5,4,6,6,4,4,5,5,4,2,16,47,3,10,3,1,B03,7,5,1,8,2,6,,47,47,1,12,4,B03,120.60728,24.110265,2
4336,66000,387130000C,(04)23274275,(04)23288582,2023,8,11,20,6,臺中市,沙鹿區,0,0,0,7,,,50,,,,,,,,,,,,,,17,59,,,,,B03,,,1,,2,,,59,,1,13,4,B03,120.55882,24.238079,3
4337,66000,387130000C,(04)23274275,(04)23288582,2023,8,11,20,16,臺中市,神岡區,0,2,0,7,1,6,50,13,7,1,5,4,6,6,4,4,9,5,4,2,2,84,2,9,2,1,C03,7,9,1,10,2,11,,84,84,1,13,4,C03,120.656627,24.262218,2
4338,66000,387130000C,(04)23274275,(04)23288582,2023,8,11,20,25,臺中市,大雅區,0,0,0,6,,,50,,,,,,,,,,,,,,17,50,,,,,C03,,,1,,2,,,50,,1,12,4,C03,120.647862,24.221346,3
4339,66000,387130000C,(04)23274275,(04)23288582,2023,8,11,20,29,臺中市,西屯區,0,0,0,7,,,50,,,,,,,,,,,,,,12,84,,,,,B03,,,1,,2,,,84,,1,13,4,B03,120.604772,24.187601,3
4340,66000,387130000C,(04)23274275,(04)23288582,2023,8,11,20,33,臺中市,北區,0,0,0,7,,,50,,,,,,,,,,,,,,30,59,,,,,B01,,,1,,1,,,87,59,1,6,4,B01,120.682635,24.161726,3
4341,66000,387130000C,(04)23274275,(04)23288582,2023,8,11,20,34,臺中市,梧棲區,0,0,0,7,,,50,,,,,,,,,,,,,,13,59,,,,,B03,,,1,,2,,,59,59,1,6,4,B03,120.555957,24.250803,3
4342,66000,387130000C,(04)23274275,(04)23288582,2023,8,11,20,35,臺中市,西屯區,0,0,0,7,,,50,,,,,,,,,,,,,,13,84,,,,,B03,,,1,,2,,,84,,1,13,4,B03,120.616169,24.18899,3
4343,66000,387130000C,(04)23274275,(04)23288582,2023,8,11,20,36,臺中市,霧峰區,0,0,0,7,,,60,,,,,,,,,,,,,,15,21,,,,,F03,,,7,,2,,,21,,1,13,4,F03,120.696911,24.026115,3
4344,66000,387130000C,(04)23274275,(04)23288582,2023,8,11,20,38,臺中市,西區,0,1,0,7,1,6,40,3,1,1,5,4,6,6,4,4,1,4,1,2,16,14,3,10,3,1,B03,7,5,1,8,2,6,,14,14,1,13,4,B03,120.660685,24.15677,2
4345,66000,387130000C,(04)23274275,(04)23288582,2023,8,11,20,40,臺中市,北屯區,0,1,0,7,1,6,30,13,9,1,5,4,6,6,4,4,10,5,5,2,17,84,2,9,1,1,C03,7,9,1,10,2,12,,84,84,1,12,4,C03,120.668363,24.183034,2
4346,66000,387130000C,(04)23274275,(04)23288582,2023,8,11,20,40,臺中市,后里區,0,2,0,6,2,6,50,13,9,1,5,4,6,6,4,4,5,5,5,1,16,51,3,10,2,1,C03,7,1,3,19,2,12,,51,51,1,12,4,C03,120.727626,24.309176,2
4347,66000,387130000C,(04)23274275,(04)23288582,2023,8,11,20,43,臺中市,梧棲區,0,0,0,7,,,30,,,,,,,,,,,,,,11,8,,,,,B03,,,1,,2,,,8,,1,13,4,B03,120.549394,24.240637,3
4348,66000,387130000C,(04)23274275,(04)23288582,2023,8,11,20,44,臺中市,北屯區,0,2,0,7,1,6,50,13,9,1,5,4,6,6,4,4,5,4,5,2,17,39,3,10,3,1,B03,7,11,1,8,2,6,,39,39,1,13,4,B03,120.72292,24.175864,2
4349,66000,387130000C,(04)23274275,(04)23288582,2023,8,11,20,46,臺中市,東區,0,1,0,7,1,6,50,3,1,1,5,4,6,6,4,4,5,4,4,2,12,47,3,10,3,1,B02,7,5,1,8,2,5,,47,47,1,12,4,B02,120.700052,24.138259,2
4350,66000,387130000C,(04)23274275,(04)23288582,2023,8,11,20,50,臺中市,西區,0,1,0,7,1,6,50,4,1,1,5,4,6,6,1,1,10,5,5,2,13,59,2,9,1,1,C03,7,9,1,10,2,11,,59,59,1,12,4,C03,120.661725,24.144333,2
4351,66000,387130000C,(04)23274275,(04)23288582,2023,8,11,21,0,臺中市,外埔區,0,0,0,7,,,30,,,,,,,,,,,,,,14,49,,,,,B03,,,1,,2,,,49,,1,12,4,B03,120.666968,24.327805,3
4352,66000,387130000C,(04)23274275,(04)23288582,2023,8,11,21,10,臺中市,南屯區,0,0,0,7,,,40,,,,,,,,,,,,,,,59,,,,,B03,,,1,,2,,,59,,1,12,4,B03,120.614733,24.148324,3
4353,66000,387130000C,(04)23274275,(04)23288582,2023,8,11,21,14,臺中市,北屯區,0,1,0,7,1,6,50,4,1,1,5,4,6,6,3,1,10,5,5,2,16,45,3,10,3,1,B03,7,11,1,8,2,2,,45,45,1,12,4,B03,120.684282,24.185412,2
4354,66000,387130000C,(04)23274275,(04)23288582,2023,8,11,21,14,臺中市,烏日區,0,0,0,7,,,60,,,,,,,,,,,,,,,84,,,,,B03,,,1,,2,,,84,,1,12,4,B03,120.6158,24.105795,3
4355,66000,387130000C,(04)23274275,(04)23288582,2023,8,11,21,19,臺中市,南屯區,0,0,0,7,,,40,,,,,,,,,,,,,,13,59,,,,,B03,,,1,,1,,,59,,1,12,4,B03,120.619718,24.123773,3
4356,66000,387130000C,(04)23274275,(04)23288582,2023,8,11,21,24,臺中市,龍井區,0,2,0,7,1,6,30,3,1,1,5,4,6,6,4,4,10,5,5,2,16,14,3,10,3,1,B03,7,5,1,18,2,4,,14,14,1,13,4,B03,120.579985,24.183809,2
4357,66000,387130000C,(04)23274275,(04)23288582,2023,8,11,21,25,臺中市,北區,0,4,0,6,2,6,50,3,1,1,5,4,6,6,4,4,5,5,4,2,16,14,2,9,1,1,C03,7,6,1,10,2,12,,14,14,1,12,4,C03,120.673384,24.169357,2
4358,66000,387130000C,(04)23274275,(04)23288582,2023,8,11,21,25,臺中市,北屯區,0,0,0,7,,,50,,,,,,,,,,,,,,,85,,,,,B12,,,1,,1,,,85,,1,12,4,B12,120.671094,24.175055,3
4359,66000,387130000C,(04)23274275,(04)23288582,2023,8,11,21,29,臺中市,大里區,0,1,0,7,1,6,50,13,9,1,5,4,6,6,4,4,5,1,5,1,12,8,3,10,2,1,C03,7,15,1,10,2,14,,8,8,1,13,4,C03,120.689312,24.118188,2
4360,66000,387130000C,(04)23274275,(04)23288582,2023,8,11,21,35,臺中市,東區,0,0,0,7,,,50,,,,,,,,,,,,,,,59,,,,,B03,,,1,,2,,,59,,1,12,4,B03,120.686877,24.136117,3
4361,66000,387130000C,(04)23274275,(04)23288582,2023,8,11,21,37,臺中市,大雅區,0,0,0,6,,,50,,,,,,,,,,,,,,12,40,,,,,B03,,,1,,2,,,40,,1,12,4,B03,120.644828,24.226897,3
4362,66000,387130000C,(04)23274275,(04)23288582,2023,8,11,21,40,臺中市,北屯區,0,1,0,7,1,6,50,4,2,1,5,4,6,6,2,1,5,2,5,2,12,51,3,10,3,1,B03,7,1,1,8,2,5,,51,51,1,13,4,B03,120.719208,24.175849,2
4363,66000,387130000C,(04)23274275,(04)23288582,2023,8,11,21,42,臺中市,西屯區,0,0,0,7,,,50,,,,,,,,,,,,,,,20,,,,,B03,,,1,,1,,,20,,1,12,4,B03,120.644574,24.202905,3
4364,66000,387130000C,(04)23274275,(04)23288582,2023,8,11,21,49,臺中市,大里區,0,0,0,7,,,50,,,,,,,,,,,,,,,59,,,,,B03,,,1,,2,,,59,,1,12,4,B03,120.698533,24.080368,3
4365,66000,387130000C,(04)23274275,(04)23288582,2023,8,11,21,51,臺中市,西屯區,0,0,0,7,,,50,,,,,,,,,,,,,,17,40,,,,,B03,,,1,,2,,,40,,1,12,4,B03,120.603751,24.183002,3
4366,66000,387130000C,(04)23274275,(04)23288582,2023,8,11,22,1,臺中市,沙鹿區,0,0,0,7,,,50,,,,,,,,,,,,,,14,49,,,,,B03,,,1,,1,,,49,,1,13,4,B03,120.575488,24.224398,4
4367,66000,387130000C,(04)23274275,(04)23288582,2023,8,11,22,2,臺中市,沙鹿區,0,0,0,6,,,50,,,,,,,,,,,,,,,20,,,,,B03,,,1,,2,,,20,,1,13,4,B03,120.553868,24.235004,3
4368,66000,387130000C,(04)23274275,(04)23288582,2023,8,11,22,3,臺中市,北區,0,0,0,7,1,6,50,13,7,1,5,4,6,6,4,4,5,4,4,2,13,59,3,10,3,1,B03,7,9,1,8,1,1,,59,59,1,12,4,B03,120.666703,24.159221,3
4369,66000,387130000C,(04)23274275,(04)23288582,2023,8,11,22,4,臺中市,大里區,0,1,0,7,1,6,50,13,8,1,5,4,6,6,4,4,5,5,4,2,12,53,2,9,1,1,C03,7,9,5,19,7,12,,53,53,1,6,4,C03,120.700425,24.103807,2
4370,66000,387130000C,(04)23274275,(04)23288582,2023,8,11,22,5,臺中市,南屯區,0,0,0,7,,,50,,,,,,,,,,,,,,,7,,,,,B03,,,1,,1,,,7,,1,13,4,B03,120.646456,24.12953,3
4371,66000,387130000C,(04)23274275,(04)23288582,2023,8,11,22,6,臺中市,北屯區,0,1,0,7,1,6,50,13,7,1,5,4,6,6,4,4,1,4,4,2,17,51,3,10,3,1,B03,7,1,1,8,2,7,,51,51,1,11,4,B03,120.686093,24.187394,2
4372,66000,387130000C,(04)23274275,(04)23288582,2023,8,11,22,13,臺中市,南屯區,0,0,0,7,,,30,,,,,,,,,,,,,,11,50,,,,,B03,,,1,,2,,,50,50,1,12,4,B03,120.638905,24.136127,3
4373,66000,387130000C,(04)23274275,(04)23288582,2023,8,11,22,15,臺中市,北區,0,1,0,7,1,6,50,13,9,1,5,4,6,6,4,4,5,4,5,2,17,84,2,9,1,1,C03,7,9,1,10,2,12,,84,84,1,13,4,C03,120.690838,24.157542,2
4374,66000,387130000C,(04)23274275,(04)23288582,2023,8,11,22,28,臺中市,豐原區,0,1,0,7,1,6,50,5,1,1,5,4,6,6,1,1,10,5,5,2,17,11,3,10,5,1,B03,7,6,1,8,2,5,,11,11,1,13,4,B03,120.729763,24.243619,2
4375,66000,387130000C,(04)23274275,(04)23288582,2023,8,11,22,32,臺中市,太平區,0,0,0,7,1,6,50,4,2,1,5,4,6,6,1,1,5,2,5,2,30,84,3,10,3,1,B02,7,11,1,8,2,5,,84,84,1,12,4,B02,120.721965,24.149255,3
4376,66000,387130000C,(04)23274275,(04)23288582,2023,8,11,22,37,臺中市,西區,0,0,0,7,1,6,50,4,1,1,5,4,6,6,1,1,10,5,5,2,15,84,,,,,C03,,,2,,2,,,84,,1,13,4,C03,120.682212,24.135899,3
4377,66000,387130000C,(04)23274275,(04)23288582,2023,8,11,22,45,臺中市,大肚區,0,0,0,7,,,50,,,,,,,,,,,,,,,48,,,,,B03,,,1,,2,,,48,,1,12,4,B03,120.54393,24.150794,3
4378,66000,387130000C,(04)23274275,(04)23288582,2023,8,11,22,50,臺中市,大里區,0,0,0,7,,,30,,,,,,,,,,,,,,,49,,,,,B12,,,1,,9,,,49,,1,12,4,B12,120.699755,24.096646,3
4379,66000,387130000C,(04)23274275,(04)23288582,2023,8,11,22,59,臺中市,龍井區,0,0,0,7,,,50,,,,,,,,,,,,,,,84,,,,,B03,,,1,,2,,,84,,1,13,4,B03,120.577805,24.186436,3
4380,66000,387130000C,(04)23274275,(04)23288582,2023,8,11,23,0,臺中市,后里區,0,0,0,7,,,50,,,,,,,,,,,,,,13,59,,,,,B03,,,1,,2,,,59,,1,12,4,B03,120.682073,24.315654,3
4381,66000,387130000C,(04)23274275,(04)23288582,2023,8,11,23,2,臺中市,豐原區,0,1,0,7,1,6,40,13,9,1,5,4,6,6,4,4,4,5,5,2,18,5,2,9,1,1,C03,7,9,1,10,2,12,,5,5,1,13,4,C03,120.74753,24.254382,2
4382,66000,387130000C,(04)23274275,(04)23288582,2023,8,11,23,12,臺中市,西屯區,0,0,0,7,,,50,,,,,,,,,,,,,,16,20,,,,,C03,,,1,,2,,,20,,1,12,4,C03,120.651201,24.166899,3
4383,66000,387130000C,(04)23274275,(04)23288582,2023,8,11,23,22,臺中市,北區,0,3,0,7,1,6,30,4,1,1,5,4,6,6,4,4,5,5,5,2,15,6,2,9,1,1,C03,7,9,1,10,2,11,,6,6,1,12,4,C03,120.683687,24.163925,2
4384,66000,387130000C,(04)23274275,(04)23288582,2023,8,11,23,30,臺中市,后里區,0,0,0,7,1,2,60,13,1,1,5,4,6,6,3,1,10,3,5,1,15,6,3,10,3,1,B03,7,9,1,8,1,7,,6,6,1,6,4,B03,120.729894,24.33176,3
4385,66000,387130000C,(04)23274275,(04)23288582,2023,8,11,23,41,臺中市,烏日區,0,0,0,7,,,60,,,,,,,,,,,,,,,84,,,,,B03,,,1,,2,,,84,84,1,12,4,B03,120.647105,24.07314,3
4386,66000,387130000C,(04)23274275,(04)23288582,2023,8,11,23,45,臺中市,西區,0,0,0,7,,,40,,,,,,,,,,,,,,14,49,,,,,B03,,,1,,2,,,49,,1,12,4,B03,120.667734,24.141961,3
4387,66000,387130000C,(04)23274275,(04)23288582,2023,8,11,23,51,臺中市,東區,0,0,0,7,,,50,,,,,,,,,,,,,,,84,,,,,C03,,,1,,2,,,84,,1,12,4,C03,120.701285,24.137121,3
4388,66000,387130000C,(04)23274275,(04)23288582,2023,8,11,23,55,臺中市,東區,0,1,0,7,1,6,50,4,1,1,5,4,6,6,1,1,5,5,4,2,15,21,3,10,3,1,B03,7,9,1,8,2,4,,21,21,1,12,4,B03,120.699913,24.142778,2
4389,66000,387130000C,(04)23274275,(04)23288582,2023,8,12,0,2,臺中市,東區,0,0,0,7,,,50,,,,,,,,,,,,,,,7,,,,,B03,,,1,,2,,,7,,1,12,4,B03,120.696312,24.1404,3
4390,66000,387130000C,(04)23274275,(04)23288582,2023,8,12,0,13,臺中市,大里區,0,1,0,7,1,6,50,13,9,1,5,4,6,6,4,4,1,4,5,2,17,40,2,9,5,4,C03,7,8,1,10,2,14,,40,40,1,5,4,C03,120.690962,24.091869,2
4391,66000,387130000C,(04)23274275,(04)23288582,2023,8,12,0,27,臺中市,烏日區,0,1,0,7,1,6,50,13,7,1,5,4,6,6,4,4,9,5,4,2,28,84,2,9,2,4,C03,7,9,1,10,2,12,,84,84,1,12,4,C03,120.62955,24.10842,2
4392,66000,387130000C,(04)23274275,(04)23288582,2023,8,12,0,52,臺中市,霧峰區,0,0,0,7,,,50,,,,,,,,,,,,,,,7,,,,,B03,,,1,,2,,,7,,1,6,4,B03,120.662768,24.072617,3
4393,66000,387130000C,(04)23274275,(04)23288582,2023,8,12,3,13,臺中市,西屯區,0,0,0,7,,,40,,,,,,,,,,,,,,,51,,,,,C03,,,1,,11,,,51,,1,13,4,C03,120.661691,24.163706,3
4394,66000,387130000C,(04)23274275,(04)23288582,2023,8,12,3,54,臺中市,大里區,0,0,0,7,,,30,,,,,,,,,,,,,,,49,,,,,B03,,,1,,2,,,49,,1,6,4,B03,120.710103,24.086758,3
4395,66000,387130000C,(04)23274275,(04)23288582,2023,8,12,6,16,臺中市,南屯區,0,0,0,7,,,40,,,,,,,,,,,,,,,7,,,,,B01,,,1,,1,,,7,,1,12,4,B01,120.623141,24.145201,3
4396,66000,387130000C,(04)23274275,(04)23288582,2023,8,12,6,27,臺中市,潭子區,0,1,0,7,3,6,30,11,9,1,5,4,6,6,4,4,10,5,5,2,10,41,2,7,1,1,C03,7,9,1,10,2,11,,41,41,1,13,4,C03,120.696125,24.221886,2
4397,66000,387130000C,(04)23274275,(04)23288582,2023,8,12,6,44,臺中市,烏日區,0,0,0,7,,,50,,,,,,,,,,,,,,,84,,,,,C02,,,1,,2,,,84,84,1,12,4,C02,120.62734,24.10404,3
4398,66000,387130000C,(04)23274275,(04)23288582,2023,8,12,6,52,臺中市,龍井區,0,1,0,7,2,6,30,5,1,1,5,4,6,6,4,4,10,5,5,2,16,12,3,10,5,4,B03,7,6,1,8,2,1,,12,12,1,13,4,B03,120.589404,24.180904,2
4399,66000,387130000C,(04)23274275,(04)23288582,2023,8,12,6,55,臺中市,南屯區,0,0,0,7,,,40,,,,,,,,,,,,,,,85,,,,,B12,,,1,,1,,,85,,1,13,4,B12,120.606385,24.134089,3
4400,66000,387130000C,(04)23274275,(04)23288582,2023,8,12,7,2,臺中市,霧峰區,0,0,0,7,,,40,,,,,,,,,,,,,,,58,,,,,B03,,,1,,2,,,58,,1,5,4,B03,120.688607,24.04389,3
4401,66000,387130000C,(04)23274275,(04)23288582,2023,8,12,7,6,臺中市,西屯區,0,2,0,7,2,6,50,4,1,1,5,4,6,6,2,1,10,5,5,2,15,84,2,9,5,1,C03,7,9,1,10,2,11,,84,84,1,13,4,C03,120.635172,24.179435,2
4402,66000,387130000C,(04)23274275,(04)23288582,2023,8,12,7,14,臺中市,北屯區,0,0,0,7,,,50,,,,,,,,,,,,,,14,84,,,,,B12,,,1,8,1,,,84,84,1,12,4,B12,120.722976,24.181591,3
4403,66000,387130000C,(04)23274275,(04)23288582,2023,8,12,7,15,臺中市,南屯區,0,0,0,7,,,50,,,,,,,,,,,,,,,84,,,,,C03,,,1,,1,,,84,,1,13,4,C03,120.651603,24.156125,3
4404,66000,387130000C,(04)23274275,(04)23288582,2023,8,12,7,30,臺中市,豐原區,0,0,0,7,,,50,,,,,,,,,,,,,,,40,,,,,A12,,,1,,2,,,40,,1,12,4,A12,120.757499,24.275324,3
4405,66000,387130000C,(04)23274275,(04)23288582,2023,8,12,7,31,臺中市,霧峰區,0,0,0,7,,,50,,,,,,,,,,,,,,12,51,,,,,B03,,,1,,2,,,51,51,1,6,4,B03,120.698862,24.059406,3
4406,66000,387130000C,(04)23274275,(04)23288582,2023,8,12,7,32,臺中市,潭子區,0,0,0,7,,,40,,,,,,,,,,,,,,13,7,,,,,B03,,,1,,2,,,7,,1,12,4,B03,120.721817,24.198057,3
4407,66000,387130000C,(04)23274275,(04)23288582,2023,8,12,7,39,臺中市,太平區,0,1,0,7,2,6,50,4,2,1,5,4,5,6,1,1,5,4,4,1,13,7,2,9,1,1,C03,7,9,1,10,2,11,,7,7,1,13,4,C03,120.723188,24.131929,2
4408,66000,387130000C,(04)23274275,(04)23288582,2023,8,12,7,40,臺中市,大里區,0,2,0,7,2,6,50,4,2,1,5,4,6,6,2,1,5,3,4,1,13,7,2,7,1,1,C01,7,9,1,9,2,13,,7,7,1,6,4,C01,120.674541,24.102824,2
4409,66000,387130000C,(04)23274275,(04)23288582,2023,8,12,7,42,臺中市,沙鹿區,0,1,0,7,2,6,50,4,1,1,5,4,6,6,4,4,9,5,5,1,17,12,2,7,2,1,C03,7,9,1,10,2,11,,12,12,1,6,4,C03,120.569979,24.241584,2
4410,66000,387130000C,(04)23274275,(04)23288582,2023,8,12,7,42,臺中市,豐原區,0,1,0,7,3,6,50,3,1,1,5,4,6,6,1,1,5,5,4,2,16,48,2,9,1,1,C03,7,6,1,10,2,12,,48,48,1,13,4,C03,120.715033,24.249721,2
4411,66000,387130000C,(04)23274275,(04)23288582,2023,8,12,7,45,臺中市,南區,0,0,0,7,,,40,,,,,,,,,,,,,,,118,,,,,,,,,,,,,118,,1,,,,120.657018,24.130546,3
4412,66000,387130000C,(04)23274275,(04)23288582,2023,8,12,7,45,臺中市,烏日區,0,1,0,7,2,6,50,4,1,1,5,4,6,6,2,1,1,4,5,2,16,47,3,10,3,1,B03,7,5,1,8,2,2,,47,47,1,12,4,B03,120.614085,24.106776,2
4413,66000,387130000C,(04)23274275,(04)23288582,2023,8,12,7,46,臺中市,南屯區,0,1,0,7,2,6,50,3,1,1,5,4,6,6,4,4,10,5,5,2,16,39,3,10,3,1,A12,7,6,1,7,2,2,,39,39,1,6,4,A12,120.610113,24.142222,2
4414,66000,387130000C,(04)23274275,(04)23288582,2023,8,12,7,47,臺中市,梧棲區,0,1,0,7,2,6,50,4,2,1,5,4,6,6,1,1,1,4,4,2,16,48,2,9,2,1,C03,7,6,1,10,2,14,,48,48,1,6,4,C03,120.53515,24.263197,2
4415,66000,387130000C,(04)23274275,(04)23288582,2023,8,12,7,49,臺中市,北屯區,0,0,0,7,,,50,,,,,,,,,,,,,,,85,,,,,,,,,,,,,85,85,1,,,,120.687182,24.180054,3
4416,66000,387130000C,(04)23274275,(04)23288582,2023,8,12,7,53,臺中市,霧峰區,0,1,0,7,3,6,40,13,9,1,5,4,6,6,4,4,1,4,5,1,13,85,3,10,1,1,C03,7,9,1,10,2,14,,85,85,1,6,4,C03,120.663324,24.062902,2
4417,66000,387130000C,(04)23274275,(04)23288582,2023,8,12,7,57,臺中市,潭子區,0,0,0,7,2,6,50,4,9,1,5,4,6,6,2,1,4,4,5,1,13,59,3,10,3,1,B03,7,14,1,8,2,1,,59,59,1,13,4,B03,120.722619,24.204066,3
4418,66000,387130000C,(04)23274275,(04)23288582,2023,8,12,8,1,臺中市,后里區,0,5,0,7,2,6,50,4,1,1,5,4,6,6,4,4,10,5,5,2,15,12,2,9,3,1,B03,7,9,1,8,2,4,,12,12,1,6,4,B03,120.724657,24.338363,2
4419,66000,387130000C,(04)23274275,(04)23288582,2023,8,12,8,4,臺中市,沙鹿區,0,0,0,7,,,60,,,,,,,,,,,,,,,59,,,,,B03,,,1,,2,,,59,,1,12,4,B03,120.615128,24.244076,3