序號,縣市別代碼,機關代碼,市話,傳真,年,月,日,時,分,縣市,區,死亡數量,受傷數量,2-30,天候,光線,道路類別,速限,道路型態,事故位置,路面鋪裝,路面狀態,路面缺陷,障礙物,視距,號誌種類,號誌動作,分向設施,快車道或一般車道間,快慢車道間,路面邊線,事故類型及型態,主要肇因,受傷程度,主要傷處,保護裝備,行動電話,當事者區分(類別),車輛用途,當事者行動狀態,駕駛資格情形,駕駛執照種類,飲酒情形,車輛撞擊部位最初,車輛撞擊部位其他,肇事因素個別,肇事因素主要,肇事逃逸,職業,旅次目的,車種,GPS座標X,GPS座標Y,事故類別
4420,66000,387130000C,(04)23274275,(04)23288582,2023,8,12,8,5,臺中市,西屯區,0,0,0,7,,,30,,,,,,,,,,,,,,,85,,,,,B03,,,1,,1,,,85,,1,12,4,B03,120.657125,24.178019,3
4421,66000,387130000C,(04)23274275,(04)23288582,2023,8,12,8,6,臺中市,東區,0,2,0,7,2,6,50,3,1,1,5,4,6,6,2,1,10,5,5,2,16,11,2,1,3,1,B01,7,5,1,4,2,2,,11,11,1,12,4,B01,120.696008,24.134907,2
4422,66000,387130000C,(04)23274275,(04)23288582,2023,8,12,8,20,臺中市,大雅區,0,0,0,7,,,70,,,,,,,,,,,,,,,59,,,,,B03,,,1,,1,,,59,,1,13,4,B03,120.62435,24.242183,3
4423,66000,387130000C,(04)23274275,(04)23288582,2023,8,12,8,20,臺中市,龍井區,0,2,0,7,3,6,50,3,1,1,5,4,6,6,4,4,10,5,5,2,16,20,3,10,3,1,B03,7,6,1,8,2,8,,20,20,1,6,4,B03,120.547691,24.201032,2
4424,66000,387130000C,(04)23274275,(04)23288582,2023,8,12,8,28,臺中市,神岡區,0,0,0,7,,,30,,,,,,,,,,,,,,11,8,,,,,B03,,,1,,2,,,8,,1,12,4,B03,120.652167,24.26337,3
4425,66000,387130000C,(04)23274275,(04)23288582,2023,8,12,8,30,臺中市,梧棲區,0,0,0,7,,,50,,,,,,,,,,,,,,,49,,,,,B03,,,1,,2,,,49,,1,6,4,B03,120.534161,24.2525,3
4426,66000,387130000C,(04)23274275,(04)23288582,2023,8,12,8,35,臺中市,梧棲區,0,2,0,7,2,6,40,4,2,1,5,4,6,6,2,1,1,4,3,1,16,65,3,10,3,1,B12,7,5,1,8,2,2,,65,65,1,6,4,B12,120.538681,24.249161,2
4427,66000,387130000C,(04)23274275,(04)23288582,2023,8,12,8,42,臺中市,西屯區,0,0,0,7,,,40,,,,,,,,,,,,,,,51,,,,,B03,,,1,,1,,,51,,1,13,4,B03,120.641076,24.167898,3
4428,66000,387130000C,(04)23274275,(04)23288582,2023,8,12,8,50,臺中市,大肚區,0,1,0,7,2,6,50,13,9,1,5,4,6,6,4,4,5,5,5,1,17,39,3,10,2,1,C03,7,11,1,10,2,12,,39,39,1,12,4,C03,120.578698,24.120471,2
4429,66000,387130000C,(04)23274275,(04)23288582,2023,8,12,8,51,臺中市,大里區,0,1,0,7,3,6,25,13,11,1,5,4,6,6,4,4,1,5,5,2,13,7,2,9,5,4,C03,7,9,1,10,2,11,,7,7,1,13,4,C03,120.700054,24.118085,2
4430,66000,387130000C,(04)23274275,(04)23288582,2023,8,12,8,56,臺中市,西屯區,0,2,0,7,2,6,40,4,1,1,5,4,6,6,1,1,5,4,4,2,16,84,2,7,1,1,C03,7,6,1,10,2,11,,84,84,1,12,4,C03,120.637238,24.166041,2
4431,66000,387130000C,(04)23274275,(04)23288582,2023,8,12,9,5,臺中市,潭子區,0,0,0,7,,,60,,,,,,,,,,,,,,,8,,,,,A12,,,1,,2,,,8,,1,12,4,A12,120.705267,24.209873,3
4432,66000,387130000C,(04)23274275,(04)23288582,2023,8,12,9,8,臺中市,潭子區,0,1,0,7,2,6,60,13,9,1,5,4,6,6,2,1,3,4,5,1,13,59,2,9,3,1,B03,7,9,1,8,2,1,,59,59,1,12,4,B03,120.703789,24.201246,2
4433,66000,387130000C,(04)23274275,(04)23288582,2023,8,12,9,10,臺中市,大雅區,0,2,0,7,1,6,40,4,19,1,5,4,6,6,1,1,5,5,5,1,3,10,2,9,1,1,C03,7,9,1,10,2,11,,10,10,1,13,4,C03,120.656381,24.22607,2
4434,66000,387130000C,(04)23274275,(04)23288582,2023,8,12,9,15,臺中市,太平區,0,0,0,7,,,50,,,,,,,,,,,,,,17,78,,,,,C03,,,1,,2,,,78,,1,9,4,C03,120.725193,24.144179,3
4435,66000,387130000C,(04)23274275,(04)23288582,2023,8,12,9,21,臺中市,潭子區,0,1,0,7,3,6,50,13,9,1,5,4,6,6,4,4,9,4,5,1,18,59,2,9,2,1,C03,7,9,1,10,2,14,,59,59,1,12,4,C03,120.717781,24.197709,2
4436,66000,387130000C,(04)23274275,(04)23288582,2023,8,12,9,24,臺中市,北屯區,0,1,0,7,2,6,40,13,8,1,5,4,6,6,4,4,1,4,4,2,13,7,2,9,1,1,C03,7,9,1,10,2,11,,7,7,1,13,4,C03,120.686305,24.194574,2
4437,66000,387130000C,(04)23274275,(04)23288582,2023,8,12,9,28,臺中市,西區,0,2,0,7,2,6,50,3,1,1,5,4,6,6,1,1,10,5,5,2,13,84,2,8,1,1,C03,7,9,1,10,1,11,,84,84,1,13,4,C03,120.661743,24.16016,2
4438,66000,387130000C,(04)23274275,(04)23288582,2023,8,12,9,28,臺中市,太平區,0,1,0,7,2,6,50,4,1,1,5,4,6,6,1,1,10,5,5,2,17,51,3,10,3,1,B12,7,1,1,6,2,8,,51,51,1,13,4,B12,120.71867,24.131549,2
4439,66000,387130000C,(04)23274275,(04)23288582,2023,8,12,9,31,臺中市,太平區,0,0,0,7,,,30,,,,,,,,,,,,,,14,49,,,,,B03,,,1,,1,,,49,,1,12,4,B03,120.715674,24.118754,3
4440,66000,387130000C,(04)23274275,(04)23288582,2023,8,12,9,34,臺中市,神岡區,0,1,0,7,2,6,50,4,1,1,5,4,6,6,4,4,5,5,5,1,14,49,3,10,3,1,B03,7,2,1,8,2,7,,49,49,1,12,4,B03,120.674599,24.262137,2
4441,66000,387130000C,(04)23274275,(04)23288582,2023,8,12,9,36,臺中市,后里區,0,2,0,7,2,6,50,3,2,1,5,4,6,6,4,4,4,4,5,1,17,87,3,10,2,1,C03,7,9,1,10,2,16,,87,87,1,12,4,C03,120.716357,24.306128,2
4442,66000,387130000C,(04)23274275,(04)23288582,2023,8,12,9,37,臺中市,梧棲區,0,1,0,7,2,6,30,4,1,1,5,4,6,1,4,4,10,5,5,2,15,15,2,9,2,1,C03,7,9,1,10,2,11,,15,15,1,6,4,C03,120.544072,24.2462,2
4443,66000,387130000C,(04)23274275,(04)23288582,2023,8,12,9,38,臺中市,烏日區,0,0,0,7,,,30,,,,,,,,,,,,,,16,40,,,,,B03,,,1,,2,,,40,40,1,13,4,B03,120.615298,24.110407,3
4444,66000,387130000C,(04)23274275,(04)23288582,2023,8,12,9,41,臺中市,北屯區,0,0,0,7,,,50,,,,,,,,,,,,,,13,59,,,,,B03,,,1,8,1,,,59,59,1,12,4,B03,120.77619,24.198654,3
4445,66000,387130000C,(04)23274275,(04)23288582,2023,8,12,9,43,臺中市,東區,0,2,0,7,2,6,50,4,1,1,5,4,6,6,1,1,10,5,5,2,13,7,2,9,2,1,C03,7,9,1,10,2,11,,7,7,1,6,4,C03,120.70384,24.138573,2
4446,66000,387130000C,(04)23274275,(04)23288582,2023,8,12,9,43,臺中市,西屯區,0,1,0,7,3,9,50,4,1,1,5,4,6,6,1,1,10,5,5,1,17,84,3,10,5,4,B03,7,9,1,8,2,2,,84,84,1,13,4,B03,120.614215,24.185311,2
4447,66000,387130000C,(04)23274275,(04)23288582,2023,8,12,9,44,臺中市,豐原區,0,0,0,7,,,40,,,,,,,,,,,,,,,8,,,,,B02,,,1,,9,,,8,,1,12,4,B02,120.709763,24.250512,3
4448,66000,387130000C,(04)23274275,(04)23288582,2023,8,12,9,46,臺中市,梧棲區,0,3,0,7,2,6,30,3,2,1,5,4,6,1,4,4,10,5,5,2,16,51,2,7,2,1,C03,7,1,1,10,2,11,,51,51,1,6,4,C03,120.536324,24.246193,2
4449,66000,387130000C,(04)23274275,(04)23288582,2023,8,12,9,50,臺中市,烏日區,0,0,0,7,,,60,,,,,,,,,,,,,,16,26,,,,,C03,,,1,,2,,,87,26,1,12,4,C03,120.612614,24.102852,3
4450,66000,387130000C,(04)23274275,(04)23288582,2023,8,12,9,56,臺中市,豐原區,0,1,0,7,3,6,50,4,1,1,5,4,6,6,1,1,5,5,5,1,16,23,3,10,1,1,C03,7,6,1,10,2,11,,23,23,1,13,4,C03,120.71433,24.251726,2
4451,66000,387130000C,(04)23274275,(04)23288582,2023,8,12,9,57,臺中市,潭子區,0,1,0,7,2,9,80,13,8,1,5,4,6,6,4,4,2,3,4,1,13,56,3,10,3,1,B12,7,9,1,7,2,1,,56,56,1,12,4,B12,120.696555,24.201,2
4452,66000,387130000C,(04)23274275,(04)23288582,2023,8,12,10,0,臺中市,神岡區,0,1,0,7,1,6,50,13,9,1,5,4,6,6,4,4,10,5,5,1,27,59,2,9,2,4,C03,7,9,1,10,2,12,,59,59,1,11,4,C03,120.681952,24.264648,2
4453,66000,387130000C,(04)23274275,(04)23288582,2023,8,12,10,2,臺中市,西區,0,0,0,7,,,50,,,,,,,,,,,,,,,50,,,,,B03,,,1,,2,,,50,50,1,12,4,B03,120.674018,24.150027,3
4454,66000,387130000C,(04)23274275,(04)23288582,2023,8,12,10,4,臺中市,西屯區,0,2,0,7,2,6,50,13,9,1,5,4,6,6,4,4,1,3,5,2,17,7,2,9,1,1,C03,7,9,1,10,2,11,,7,7,1,13,4,C03,120.61408,24.186958,2
4455,66000,387130000C,(04)23274275,(04)23288582,2023,8,12,10,5,臺中市,潭子區,0,0,0,7,,,30,,,,,,,,,,,,,,,59,,,,,B03,,,1,,2,,,59,,1,12,4,B03,120.672064,24.205842,3
4456,66000,387130000C,(04)23274275,(04)23288582,2023,8,12,10,5,臺中市,西屯區,0,0,0,7,,,30,,,,,,,,,,,,,,,20,,,,,B03,,,1,,1,,,20,20,1,13,4,B03,120.618124,24.189307,3
4457,66000,387130000C,(04)23274275,(04)23288582,2023,8,12,10,10,臺中市,北屯區,0,0,0,7,,,50,,,,,,,,,,,,,,,82,,,,,A31,,,1,,2,,,82,,1,12,4,A31,120.703728,24.175975,3
4458,66000,387130000C,(04)23274275,(04)23288582,2023,8,12,10,10,臺中市,豐原區,0,0,0,7,,,30,,,,,,,,,,,,,,13,59,,,,,B03,,,1,,2,,,59,,1,13,4,B03,120.709145,24.243776,3
4459,66000,387130000C,(04)23274275,(04)23288582,2023,8,12,10,12,臺中市,北屯區,0,3,0,7,1,6,50,13,7,1,5,4,6,6,4,4,1,4,4,2,13,82,3,10,5,4,A11,7,9,1,2,2,1,,82,82,1,6,4,A11,120.702303,24.186893,2
4460,66000,387130000C,(04)23274275,(04)23288582,2023,8,12,10,14,臺中市,北區,0,1,0,7,2,6,50,4,19,1,5,4,6,6,1,1,5,4,5,2,2,10,3,10,5,1,B03,7,6,1,8,2,1,,10,10,1,13,4,B03,120.68134,24.152752,2
4461,66000,387130000C,(04)23274275,(04)23288582,2023,8,12,10,18,臺中市,太平區,0,1,0,7,3,6,50,13,9,1,5,4,6,6,4,4,5,5,5,1,18,84,2,9,1,1,C03,7,9,1,10,2,12,,84,84,1,12,4,C03,120.729135,24.114178,2
4462,66000,387130000C,(04)23274275,(04)23288582,2023,8,12,10,20,臺中市,西區,0,0,0,7,,,50,,,,,,,,,,,,,,,49,,,,,B03,,,1,,2,,,49,,1,13,4,B03,120.665775,24.13728,3
4463,66000,387130000C,(04)23274275,(04)23288582,2023,8,12,10,24,臺中市,北屯區,0,1,0,7,2,6,40,4,1,1,5,4,6,6,2,1,10,5,5,2,16,48,3,10,6,4,F01,7,6,7,21,2,15,,48,48,1,12,4,F01,120.696754,24.176059,2
4464,66000,387130000C,(04)23274275,(04)23288582,2023,8,12,10,29,臺中市,北屯區,0,0,0,7,,,50,,,,,,,,,,,,,,,49,,,,,B02,,,1,,2,,,49,49,1,13,4,B02,120.692712,24.17371,3
4465,66000,387130000C,(04)23274275,(04)23288582,2023,8,12,10,34,臺中市,南屯區,0,0,0,7,3,6,50,13,9,1,5,4,6,6,1,1,3,4,5,2,12,40,,,,,A41,,,1,,2,,,40,40,1,12,4,A41,120.623084,24.14966,3
4466,66000,387130000C,(04)23274275,(04)23288582,2023,8,12,10,34,臺中市,西屯區,0,0,0,7,,,40,,,,,,,,,,,,,,,84,,,,,B03,,,1,,1,,,84,,1,12,4,B03,120.612845,24.18395,3
4467,66000,387130000C,(04)23274275,(04)23288582,2023,8,12,10,34,臺中市,烏日區,0,2,0,7,3,6,50,4,1,1,5,4,6,6,2,1,1,4,5,2,16,25,3,10,3,1,B01,7,9,1,4,2,6,,25,25,1,12,4,B01,120.615614,24.113905,2
4468,66000,387130000C,(04)23274275,(04)23288582,2023,8,12,10,34,臺中市,神岡區,0,1,0,7,2,6,30,11,9,1,5,4,6,6,4,4,10,5,5,1,18,58,2,9,1,1,C03,7,9,1,10,2,14,,58,58,1,12,4,C03,120.694116,24.239984,2
4469,66000,387130000C,(04)23274275,(04)23288582,2023,8,12,10,37,臺中市,東區,0,2,0,6,2,6,40,4,1,1,5,4,6,6,4,4,10,5,5,2,17,46,2,9,1,1,C03,7,11,1,10,2,12,,46,46,1,12,4,C03,120.691106,24.147635,2
4470,66000,387130000C,(04)23274275,(04)23288582,2023,8,12,10,38,臺中市,北區,0,1,0,7,2,6,50,13,9,1,5,4,6,6,4,4,5,5,5,2,17,76,3,10,3,1,B03,7,14,1,8,2,7,,76,76,1,12,4,B03,120.684108,24.154391,2
4471,66000,387130000C,(04)23274275,(04)23288582,2023,8,12,10,39,臺中市,中區,0,2,0,7,3,6,50,4,1,1,5,4,6,6,1,1,10,5,5,2,16,48,2,9,1,1,C03,7,6,1,10,2,13,,48,48,1,6,4,C03,120.678356,24.144781,2
4472,66000,387130000C,(04)23274275,(04)23288582,2023,8,12,10,40,臺中市,大里區,0,1,0,7,2,6,50,13,9,1,5,4,6,6,4,4,5,5,5,1,17,7,2,9,1,1,C03,7,9,1,9,2,14,,7,7,1,6,4,C03,120.692094,24.116991,2
4473,66000,387130000C,(04)23274275,(04)23288582,2023,8,12,10,40,臺中市,外埔區,0,1,0,7,2,6,50,3,2,1,5,4,6,6,1,1,5,4,5,1,12,8,3,10,3,1,B03,7,9,1,8,2,5,,8,8,1,6,4,B03,120.638534,24.341809,2
4474,66000,387130000C,(04)23274275,(04)23288582,2023,8,12,10,43,臺中市,東區,0,0,0,7,,,50,,,,,,,,,,,,,,,7,,,,,B03,,,1,,2,,,7,,1,13,4,B03,120.701508,24.141897,3
4475,66000,387130000C,(04)23274275,(04)23288582,2023,8,12,10,44,臺中市,中區,0,1,0,7,2,6,50,13,9,1,5,4,6,6,4,4,10,5,5,2,13,84,2,8,1,1,C03,7,9,1,10,1,11,,84,84,1,13,4,C03,120.676927,24.140863,2
4476,66000,387130000C,(04)23274275,(04)23288582,2023,8,12,10,44,臺中市,南屯區,0,1,0,7,3,6,50,13,7,1,5,4,6,6,4,4,5,5,4,2,13,7,2,9,2,4,C03,7,9,1,10,2,11,,7,7,1,13,4,C03,120.615657,24.150105,2
4477,66000,387130000C,(04)23274275,(04)23288582,2023,8,12,10,54,臺中市,清水區,0,0,0,7,,,40,,,,,,,,,,,,,,,59,,,,,B12,,,1,,1,,,59,59,1,12,4,B12,120.57614,24.270361,4
4478,66000,387130000C,(04)23274275,(04)23288582,2023,8,12,10,55,臺中市,北區,0,1,0,7,2,6,50,4,1,1,5,4,6,6,3,1,10,5,5,2,15,24,2,9,1,1,C03,7,9,1,10,2,11,,24,24,1,13,4,C03,120.697351,24.155613,2
4479,66000,387130000C,(04)23274275,(04)23288582,2023,8,12,10,57,臺中市,西屯區,0,0,0,7,,,60,,,,,,,,,,,,,,,40,,,,,B03,,,1,,1,,,40,,1,13,4,B03,120.641076,24.167898,3
4480,66000,387130000C,(04)23274275,(04)23288582,2023,8,12,10,57,臺中市,霧峰區,0,0,0,7,,,80,,,,,,,,,,,,,,13,7,,,,,B03,,,1,,2,,,7,,1,13,4,B03,120.688424,24.059739,3
4481,66000,387130000C,(04)23274275,(04)23288582,2023,8,12,11,0,臺中市,石岡區,0,0,0,7,,,70,,,,,,,,,,,,,,17,14,,,,,B12,,,1,,2,,,14,,1,13,4,B12,120.781793,24.274571,3
4482,66000,387130000C,(04)23274275,(04)23288582,2023,8,12,11,3,臺中市,大甲區,0,1,0,7,1,6,50,13,14,1,5,4,6,6,4,4,5,5,4,1,24,54,2,9,2,1,C03,7,9,1,10,2,11,,54,54,1,13,4,C03,120.628896,24.343346,2
4483,66000,387130000C,(04)23274275,(04)23288582,2023,8,12,11,4,臺中市,豐原區,0,2,0,7,3,6,40,4,1,1,5,4,6,6,4,4,10,5,5,2,17,12,3,10,1,1,C03,7,9,1,10,2,14,,12,12,1,12,4,C03,120.71147,24.251955,2
4484,66000,387130000C,(04)23274275,(04)23288582,2023,8,12,11,5,臺中市,西區,0,0,0,7,,,50,,,,,,,,,,,,,,,37,,,,,C03,,,1,,2,,,37,,1,5,4,C03,120.675855,24.133176,3
4485,66000,387130000C,(04)23274275,(04)23288582,2023,8,12,11,9,臺中市,豐原區,0,0,0,7,,,50,,,,,,,,,,,,,,13,7,,,,,B03,,,1,,2,,,7,,1,13,4,B03,120.711711,24.250717,3
4486,66000,387130000C,(04)23274275,(04)23288582,2023,8,12,11,10,臺中市,東區,0,0,0,7,,,40,,,,,,,,,,,,,,,84,,,,,B03,,,1,,1,,,84,,1,12,4,B03,120.695111,24.142901,3
4487,66000,387130000C,(04)23274275,(04)23288582,2023,8,12,11,12,臺中市,東勢區,0,0,0,7,,,50,,,,,,,,,,,,,,,7,,,,,C03,,,1,,2,,,7,,1,13,2,C03,120.828128,24.257404,3
4488,66000,387130000C,(04)23274275,(04)23288582,2023,8,12,11,13,臺中市,西屯區,0,0,0,7,,,50,,,,,,,,,,,,,,13,7,,,,,B03,,,1,,1,,,7,,1,12,4,B03,120.660215,24.171231,3
4489,66000,387130000C,(04)23274275,(04)23288582,2023,8,12,11,15,臺中市,北屯區,0,0,0,7,,,40,,,,,,,,,,,,,,9,85,,,,,B03,,,1,,10,,,85,85,1,12,4,B03,120.722543,24.176029,3
4490,66000,387130000C,(04)23274275,(04)23288582,2023,8,12,11,15,臺中市,大甲區,0,4,0,7,3,6,50,4,1,1,5,4,6,6,1,1,10,5,5,2,13,84,2,9,2,1,C03,7,9,1,10,2,11,,84,84,1,8,4,C03,120.619227,24.348571,2
4491,66000,387130000C,(04)23274275,(04)23288582,2023,8,12,11,17,臺中市,北區,0,0,0,7,,,50,,,,,,,,,,,,,,12,8,,,,,B12,,,1,,2,,,8,,1,13,4,B12,120.684819,24.148998,3
4492,66000,387130000C,(04)23274275,(04)23288582,2023,8,12,11,18,臺中市,北屯區,0,1,0,7,1,6,50,4,1,1,5,4,6,6,1,1,10,5,5,2,17,51,3,10,5,4,B12,7,1,1,8,2,8,,51,51,1,6,4,B12,120.702967,24.178229,2
4493,66000,387130000C,(04)23274275,(04)23288582,2023,8,12,11,18,臺中市,清水區,0,2,0,7,3,6,50,13,7,1,5,4,6,6,4,4,1,4,4,2,12,59,2,9,1,1,C03,7,9,1,10,2,11,,59,59,1,12,4,C03,120.575167,24.267711,2
4494,66000,387130000C,(04)23274275,(04)23288582,2023,8,12,11,19,臺中市,潭子區,0,0,0,7,2,6,60,13,9,1,5,4,6,6,1,1,3,4,4,1,13,59,3,10,3,1,B12,7,9,1,8,2,1,,59,59,1,13,4,B12,120.70213,24.191721,3
4495,66000,387130000C,(04)23274275,(04)23288582,2023,8,12,11,20,臺中市,后里區,0,0,0,7,2,6,50,4,2,1,5,4,6,6,1,1,4,3,4,1,17,87,3,10,3,1,B03,7,9,1,8,2,7,,87,87,1,12,4,B03,120.717793,24.309618,3
4496,66000,387130000C,(04)23274275,(04)23288582,2023,8,12,11,20,臺中市,大甲區,0,1,0,7,3,6,50,4,2,1,5,4,6,6,1,1,5,5,5,1,17,48,3,10,3,1,B12,7,6,1,8,2,8,,48,48,1,6,4,B12,120.619227,24.348571,2
4497,66000,387130000C,(04)23274275,(04)23288582,2023,8,12,11,20,臺中市,豐原區,0,0,0,7,,,30,,,,,,,,,,,,,,14,49,,,,,B03,,,1,,2,,,49,,1,13,4,B03,120.748893,24.262296,3
4498,66000,387130000C,(04)23274275,(04)23288582,2023,8,12,11,21,臺中市,沙鹿區,0,0,0,7,,,50,,,,,,,,,,,,,,16,85,,,,,,,,,,,,,85,,1,,,,120.568043,24.206776,3
4499,66000,387130000C,(04)23274275,(04)23288582,2023,8,12,11,22,臺中市,西區,0,0,0,7,,,50,,,,,,,,,,,,,,,84,,,,,B12,,,1,,1,,,84,,1,13,4,B12,120.666899,24.1322,3
4500,66000,387130000C,(04)23274275,(04)23288582,2023,8,12,11,24,臺中市,南區,0,0,0,7,,,50,,,,,,,,,,,,,,,84,,,,,C03,,,1,,2,,,84,,1,12,4,C03,120.682918,24.134425,3
4501,66000,387130000C,(04)23274275,(04)23288582,2023,8,12,11,24,臺中市,南屯區,0,0,0,7,,,50,,,,,,,,,,,,,,,7,,,,,C03,,,5,,2,,,7,,1,13,4,C03,120.646681,24.153613,3
4502,66000,387130000C,(04)23274275,(04)23288582,2023,8,12,11,24,臺中市,西屯區,0,1,0,7,2,6,30,3,1,1,5,4,6,6,4,4,10,3,5,2,17,85,2,9,1,1,C03,7,9,1,10,2,12,,85,85,1,13,4,C03,120.628495,24.173063,2
4503,66000,387130000C,(04)23274275,(04)23288582,2023,8,12,11,24,臺中市,太平區,0,0,0,7,,,50,,,,,,,,,,,,,,17,51,,,,,B03,,,1,,2,,,51,,1,6,4,B03,120.708754,24.154102,3
4504,66000,387130000C,(04)23274275,(04)23288582,2023,8,12,11,25,臺中市,南屯區,0,0,0,7,,,50,,,,,,,,,,,,,,13,7,,,,,B03,,,1,,2,,,7,,1,6,4,B03,120.622646,24.148912,3
4505,66000,387130000C,(04)23274275,(04)23288582,2023,8,12,11,27,臺中市,西區,0,0,0,7,,,50,,,,,,,,,,,,,,,49,,,,,B03,,,1,,1,,,49,,1,12,4,B03,120.663117,24.153997,3
4506,66000,387130000C,(04)23274275,(04)23288582,2023,8,12,11,30,臺中市,南屯區,0,0,0,7,3,6,50,13,9,1,5,4,6,6,1,1,5,4,5,2,13,56,,,,,B03,,,1,,2,,,56,56,1,12,4,B03,120.653188,24.138606,3
4507,66000,387130000C,(04)23274275,(04)23288582,2023,8,12,11,30,臺中市,烏日區,0,0,0,7,,,30,,,,,,,,,,,,,,17,51,,,,,B03,,,1,,2,,,51,,1,12,4,B03,120.61553,24.11295,3
4508,66000,387130000C,(04)23274275,(04)23288582,2023,8,12,11,31,臺中市,西區,0,0,0,7,,,50,,,,,,,,,,,,,,13,59,,,,,B03,,,1,,1,,,59,,1,13,4,B03,120.662126,24.144342,3
4509,66000,387130000C,(04)23274275,(04)23288582,2023,8,12,11,34,臺中市,西屯區,0,1,0,7,2,6,50,4,1,1,5,4,6,6,2,1,10,5,5,2,16,11,3,10,5,1,B03,7,6,1,8,2,1,,11,11,1,13,4,B03,120.645018,24.178822,2
4510,66000,387130000C,(04)23274275,(04)23288582,2023,8,12,11,38,臺中市,霧峰區,0,0,0,7,,,80,,,,,,,,,,,,,,13,7,,,,,B03,,,1,,2,,,7,,1,6,4,B03,120.685035,24.075322,3
4511,66000,387130000C,(04)23274275,(04)23288582,2023,8,12,11,40,臺中市,西區,0,0,0,7,,,50,,,,,,,,,,,,,,,20,,,,,B03,,,1,8,2,,,20,20,1,13,4,B03,120.662078,24.154837,3
4512,66000,387130000C,(04)23274275,(04)23288582,2023,8,12,11,42,臺中市,大里區,0,2,0,7,1,6,50,3,1,1,5,4,6,6,1,1,10,4,5,2,16,21,3,10,3,1,B12,7,9,1,8,2,5,,21,21,1,6,4,B12,120.687554,24.086311,2
4513,66000,387130000C,(04)23274275,(04)23288582,2023,8,12,11,43,臺中市,北屯區,0,0,0,7,,,50,,,,,,,,,,,,,,,40,,,,,B02,,,1,,2,,,40,,1,12,4,B02,120.699998,24.170263,3
4514,66000,387130000C,(04)23274275,(04)23288582,2023,8,12,11,45,臺中市,大甲區,0,1,0,7,3,6,50,13,7,1,5,4,6,6,4,4,5,5,4,2,3,43,3,10,2,1,C03,7,9,1,10,2,11,,43,43,1,6,4,C03,120.621843,24.345914,2
4515,66000,387130000C,(04)23274275,(04)23288582,2023,8,12,11,50,臺中市,后里區,0,2,0,7,2,6,50,13,9,1,5,4,6,6,4,4,5,2,5,1,13,84,2,1,3,1,B03,7,9,1,8,2,1,,84,84,1,6,4,B03,120.696478,24.313152,2
4516,66000,387130000C,(04)23274275,(04)23288582,2023,8,12,11,51,臺中市,大甲區,0,1,0,7,3,6,50,5,1,1,5,4,6,6,1,1,10,5,5,2,13,7,3,10,3,1,B12,7,9,1,6,2,8,,7,7,1,6,4,B12,120.617131,24.349249,2
4517,66000,387130000C,(04)23274275,(04)23288582,2023,8,12,11,54,臺中市,南屯區,0,0,0,7,,,80,,,,,,,,,,,,,,13,7,,,,,B03,,,1,,1,,,7,,1,13,4,B03,120.623033,24.140267,3
4518,66000,387130000C,(04)23274275,(04)23288582,2023,8,12,11,55,臺中市,清水區,0,0,0,7,,,40,,,,,,,,,,,,,,,49,,,,,B03,,,1,,1,,,49,,1,12,4,B03,120.557582,24.273737,3
4519,66000,387130000C,(04)23274275,(04)23288582,2023,8,12,11,58,臺中市,北區,0,1,0,7,2,6,50,13,9,1,5,4,6,6,4,4,5,4,5,2,12,40,3,10,3,1,B03,7,7,1,8,2,2,,40,40,1,12,4,B03,120.675155,24.146429,2
4520,66000,387130000C,(04)23274275,(04)23288582,2023,8,12,12,0,臺中市,西區,0,0,0,7,,,40,,,,,,,,,,,,,,,85,,,,,,,,,,,,,85,85,1,,,,120.660265,24.158099,3
4521,66000,387130000C,(04)23274275,(04)23288582,2023,8,12,12,2,臺中市,豐原區,0,1,0,7,1,6,50,4,1,1,5,4,6,6,1,1,10,5,5,2,18,84,2,9,1,1,C03,7,9,1,10,1,12,,84,84,1,12,4,C03,120.742263,24.263754,2
4522,66000,387130000C,(04)23274275,(04)23288582,2023,8,12,12,6,臺中市,南屯區,0,1,0,7,3,6,50,4,1,1,5,4,6,6,2,1,10,5,5,2,13,7,2,8,5,4,C04,7,9,1,10,2,11,12,7,7,1,12,4,C04,120.643846,24.1488,2
4523,66000,387130000C,(04)23274275,(04)23288582,2023,8,12,12,7,臺中市,烏日區,0,0,0,7,,,60,,,,,,,,,,,,,,,47,,,,,B12,,,1,,2,,,47,,1,12,4,B12,120.621924,24.105062,3
4524,66000,387130000C,(04)23274275,(04)23288582,2023,8,12,12,10,臺中市,沙鹿區,0,0,0,7,,,60,,,,,,,,,,,,,,,59,,,,,B03,,,1,,2,,,59,,1,12,5,B03,120.575984,24.248671,3
4525,66000,387130000C,(04)23274275,(04)23288582,2023,8,12,12,12,臺中市,西屯區,0,0,0,7,,,40,,,,,,,,,,,,,,,7,,,,,B03,,,1,,1,,,7,,1,13,4,B03,120.671302,24.167123,3
4526,66000,387130000C,(04)23274275,(04)23288582,2023,8,12,12,13,臺中市,北屯區,0,0,0,7,,,80,,,,,,,,,,,,,,,7,,,,,B03,,,5,,1,,,7,,1,13,4,B03,120.719319,24.163019,3
4527,66000,387130000C,(04)23274275,(04)23288582,2023,8,12,12,14,臺中市,西區,0,0,0,7,,,50,,,,,,,,,,,,,,,76,,,,,B03,,,1,,1,,,76,,1,13,4,B03,120.659086,24.150699,3