序號,縣市別代碼,機關代碼,市話,傳真,年,月,日,時,分,縣市,區,死亡數量,受傷數量,2-30,天候,光線,道路類別,速限,道路型態,事故位置,路面鋪裝,路面狀態,路面缺陷,障礙物,視距,號誌種類,號誌動作,分向設施,快車道或一般車道間,快慢車道間,路面邊線,事故類型及型態,主要肇因,受傷程度,主要傷處,保護裝備,行動電話,當事者區分(類別),車輛用途,當事者行動狀態,駕駛資格情形,駕駛執照種類,飲酒情形,車輛撞擊部位最初,車輛撞擊部位其他,肇事因素個別,肇事因素主要,肇事逃逸,職業,旅次目的,車種,GPS座標X,GPS座標Y,事故類別
4528,66000,387130000C,(04)23274275,(04)23288582,2023,8,12,12,15,臺中市,西屯區,0,0,0,7,,,50,,,,,,,,,,,,,,13,84,,,,,B03,,,1,,1,,,84,84,1,12,4,B03,120.629118,24.205405,3
4529,66000,387130000C,(04)23274275,(04)23288582,2023,8,12,12,16,臺中市,大雅區,0,0,0,7,1,6,60,13,9,1,5,4,6,6,1,1,1,4,5,1,17,84,,,,,C03,,,1,,2,,,84,,1,13,4,C03,120.646212,24.223066,3
4530,66000,387130000C,(04)23274275,(04)23288582,2023,8,12,12,17,臺中市,南區,0,0,0,7,,,50,,,,,,,,,,,,,,17,51,,,,,B03,,,1,,2,,,51,,1,6,4,B03,120.651128,24.112481,3
4531,66000,387130000C,(04)23274275,(04)23288582,2023,8,12,12,17,臺中市,南屯區,0,4,0,7,1,6,50,3,1,1,5,4,6,6,4,4,5,4,4,2,12,48,2,9,5,4,F01,7,6,7,21,2,14,,48,48,1,13,4,F01,120.610887,24.145395,2
4532,66000,387130000C,(04)23274275,(04)23288582,2023,8,12,12,17,臺中市,石岡區,0,0,0,7,,,50,,,,,,,,,,,,,,15,12,,,,,B03,,,1,,2,,,12,12,1,13,4,B03,120.776098,24.27608,3
4533,66000,387130000C,(04)23274275,(04)23288582,2023,8,12,12,22,臺中市,豐原區,0,0,0,7,,,50,,,,,,,,,,,,,,16,51,,,,,B03,,,1,,2,,,51,,1,13,4,B03,120.712998,24.265025,3
4534,66000,387130000C,(04)23274275,(04)23288582,2023,8,12,12,23,臺中市,南區,0,0,0,7,,,50,,,,,,,,,,,,,,,84,,,,,B03,,,1,,2,,,84,,1,13,4,B03,120.66999,24.119723,3
4535,66000,387130000C,(04)23274275,(04)23288582,2023,8,12,12,24,臺中市,南區,0,0,0,7,,,30,,,,,,,,,,,,,,,84,,,,,B03,,,1,,2,,,84,,1,12,4,B03,120.657401,24.127995,3
4536,66000,387130000C,(04)23274275,(04)23288582,2023,8,12,12,32,臺中市,南屯區,0,0,0,7,,,40,,,,,,,,,,,,,,14,50,,,,,B03,,,1,,1,,,50,50,1,6,4,B03,120.634355,24.155951,3
4537,66000,387130000C,(04)23274275,(04)23288582,2023,8,12,12,35,臺中市,太平區,0,3,0,7,2,6,50,4,1,1,5,4,6,6,1,1,10,5,5,2,13,59,2,9,1,1,C03,7,9,1,10,2,11,,59,59,1,13,4,C03,120.714343,24.149312,2
4538,66000,387130000C,(04)23274275,(04)23288582,2023,8,12,12,38,臺中市,北屯區,0,0,0,7,,,60,,,,,,,,,,,,,,17,40,,,,,B12,,,1,1,1,,,40,40,1,12,4,B12,120.717442,24.163473,3
4539,66000,387130000C,(04)23274275,(04)23288582,2023,8,12,12,39,臺中市,東區,0,2,0,7,2,6,50,13,9,1,5,4,6,6,4,4,5,5,5,2,17,39,2,8,2,1,C03,7,11,1,10,2,11,,39,39,1,6,4,C03,120.685073,24.135027,2
4540,66000,387130000C,(04)23274275,(04)23288582,2023,8,12,12,40,臺中市,烏日區,0,0,0,7,,,60,,,,,,,,,,,,,,23,43,,,,,B03,,,1,,2,,,43,,1,13,4,B03,120.624401,24.104348,3
4541,66000,387130000C,(04)23274275,(04)23288582,2023,8,12,12,45,臺中市,太平區,0,1,0,7,3,6,50,3,1,1,5,4,6,6,4,4,9,5,5,2,16,14,3,10,3,1,B03,7,6,1,8,2,2,,14,14,1,12,4,B03,120.721302,24.129953,2
4542,66000,387130000C,(04)23274275,(04)23288582,2023,8,12,12,47,臺中市,西區,0,0,0,7,,,50,,,,,,,,,,,,,,,49,,,,,B03,,,1,,1,,,49,,1,12,4,B03,120.670087,24.149397,3
4543,66000,387130000C,(04)23274275,(04)23288582,2023,8,12,12,48,臺中市,大甲區,0,0,0,7,,,50,,,,,,,,,,,,,,14,84,,,,,B03,,,1,,1,,,84,84,1,13,4,B03,120.648524,24.395881,3
4544,66000,387130000C,(04)23274275,(04)23288582,2023,8,12,12,50,臺中市,北屯區,0,2,0,7,1,6,40,3,1,1,5,4,6,6,2,1,10,5,5,2,15,85,2,9,5,4,C03,7,9,1,10,2,11,14,85,85,1,6,4,C03,120.728952,24.160995,2
4545,66000,387130000C,(04)23274275,(04)23288582,2023,8,12,12,50,臺中市,新社區,0,1,0,7,3,6,50,11,9,1,5,4,6,6,4,4,5,5,5,1,18,82,2,9,5,4,C03,7,9,1,10,2,14,,82,82,1,12,4,C03,120.822247,24.220365,2
4546,66000,387130000C,(04)23274275,(04)23288582,2023,8,12,12,53,臺中市,北屯區,0,1,0,7,2,6,50,3,1,1,5,4,6,6,4,4,10,5,5,2,13,7,2,9,2,1,C03,7,9,1,10,2,11,14,7,7,1,12,4,C03,120.695284,24.164081,2
4547,66000,387130000C,(04)23274275,(04)23288582,2023,8,12,12,54,臺中市,神岡區,0,1,0,7,1,6,50,13,9,1,5,4,6,6,4,4,9,5,5,1,16,65,3,10,5,4,B12,7,6,1,8,2,7,,65,65,1,12,4,B12,120.672157,24.25833,2
4548,66000,387130000C,(04)23274275,(04)23288582,2023,8,12,12,55,臺中市,烏日區,0,1,0,7,3,6,50,13,9,1,5,4,3,3,4,4,5,5,5,2,12,58,2,9,2,1,C03,7,9,1,10,2,11,,58,58,1,12,4,C03,120.644131,24.110326,2
4549,66000,387130000C,(04)23274275,(04)23288582,2023,8,12,12,58,臺中市,烏日區,0,0,0,7,,,30,,,,,,,,,,,,,,23,50,,,,,B03,,,1,,2,,,50,,1,13,4,B03,120.623563,24.10574,3
4550,66000,387130000C,(04)23274275,(04)23288582,2023,8,12,12,58,臺中市,豐原區,0,0,0,7,,,30,,,,,,,,,,,,,,11,41,,,,,C03,,,1,,2,,,41,,1,13,4,C03,120.713489,24.269239,3
4551,66000,387130000C,(04)23274275,(04)23288582,2023,8,12,13,0,臺中市,沙鹿區,0,1,0,7,2,6,60,4,2,1,5,4,6,6,1,1,8,3,4,1,17,8,2,9,5,4,C03,7,9,1,10,2,14,,8,8,1,13,4,C03,120.607806,24.246601,2
4552,66000,387130000C,(04)23274275,(04)23288582,2023,8,12,13,5,臺中市,北屯區,0,2,0,7,2,6,30,3,1,1,5,4,6,6,4,4,10,5,5,2,16,26,2,9,1,1,C03,7,6,1,10,2,14,,26,26,1,12,4,C03,120.667778,24.174206,2
4553,66000,387130000C,(04)23274275,(04)23288582,2023,8,12,13,5,臺中市,西屯區,0,0,0,7,,,50,,,,,,,,,,,,,,17,84,,,,,B03,,,1,,1,,,84,,1,13,4,B03,120.651816,24.165933,3
4554,66000,387130000C,(04)23274275,(04)23288582,2023,8,12,13,10,臺中市,南屯區,0,0,0,7,,,40,,,,,,,,,,,,,,12,50,,,,,B03,,,1,,2,,,50,,1,12,4,B03,120.6371,24.137584,3
4555,66000,387130000C,(04)23274275,(04)23288582,2023,8,12,13,12,臺中市,西區,0,0,0,7,,,50,,,,,,,,,,,,,,,84,,,,,B01,,,1,4,2,,,84,84,1,13,4,B01,120.662608,24.140163,3
4556,66000,387130000C,(04)23274275,(04)23288582,2023,8,12,13,12,臺中市,北區,0,1,0,7,2,6,50,4,1,1,5,4,6,6,1,1,10,5,5,2,16,42,3,10,3,1,B03,7,6,1,8,2,4,,42,42,1,13,4,B03,120.686749,24.165947,2
4557,66000,387130000C,(04)23274275,(04)23288582,2023,8,12,13,14,臺中市,北區,0,0,0,7,,,40,,,,,,,,,,,,,,17,76,,,,,B03,,,1,,2,,,76,,1,13,4,B03,120.682681,24.148739,3
4558,66000,387130000C,(04)23274275,(04)23288582,2023,8,12,13,14,臺中市,西屯區,0,0,0,7,,,40,,,,,,,,,,,,,,,8,,,,,B03,,,1,,1,,,8,,1,12,4,B03,120.638482,24.169172,3
4559,66000,387130000C,(04)23274275,(04)23288582,2023,8,12,13,15,臺中市,西屯區,0,1,0,7,2,6,50,13,9,1,5,4,6,6,4,4,2,4,5,2,20,59,2,9,5,1,C03,7,9,1,10,2,11,,59,59,1,13,4,C03,120.650306,24.199688,2
4560,66000,387130000C,(04)23274275,(04)23288582,2023,8,12,13,15,臺中市,新社區,0,0,0,7,,,50,,,,,,,,,,,,,,17,1,,,,,B12,,,1,,2,,,1,,1,13,4,B12,120.799616,24.219422,3
4561,66000,387130000C,(04)23274275,(04)23288582,2023,8,12,13,18,臺中市,北區,0,2,0,7,2,6,50,4,1,1,5,4,6,6,1,1,5,4,5,2,15,21,3,10,5,1,B03,7,9,1,8,2,5,,21,21,1,13,4,B03,120.665783,24.166801,2
4562,66000,387130000C,(04)23274275,(04)23288582,2023,8,12,13,23,臺中市,南屯區,0,1,0,7,2,6,50,4,1,1,5,4,6,6,2,1,10,5,5,2,17,20,3,10,3,1,B03,7,5,1,8,2,2,,20,20,1,12,4,B03,120.64058,24.151216,2
4563,66000,387130000C,(04)23274275,(04)23288582,2023,8,12,13,23,臺中市,后里區,0,0,0,7,,,50,,,,,,,,,,,,,,17,84,,,,,B12,,,1,,1,,,84,,1,6,4,B12,120.712363,24.306091,3
4564,66000,387130000C,(04)23274275,(04)23288582,2023,8,12,13,30,臺中市,北屯區,0,0,0,7,,,50,,,,,,,,,,,,,,17,86,,,,,,,,,,,,,86,,1,,,,120.702375,24.170891,3
4565,66000,387130000C,(04)23274275,(04)23288582,2023,8,12,13,30,臺中市,后里區,0,1,0,7,2,6,50,13,9,1,5,4,6,6,4,4,5,5,5,1,16,32,3,10,1,1,C03,7,11,1,10,2,13,,32,32,1,12,4,C03,120.723534,24.308918,2
4566,66000,387130000C,(04)23274275,(04)23288582,2023,8,12,13,34,臺中市,西屯區,0,1,0,7,2,6,30,4,1,1,5,4,6,6,4,4,5,4,5,2,15,48,2,8,1,1,C03,7,15,1,10,1,12,,48,48,1,12,4,C03,120.645159,24.172669,2
4567,66000,387130000C,(04)23274275,(04)23288582,2023,8,12,13,37,臺中市,大雅區,0,0,0,7,1,6,70,13,12,1,5,4,6,6,1,1,1,4,5,1,17,59,,,,,C03,,,1,,2,,,59,,1,13,4,C03,120.639821,24.231937,3
4568,66000,387130000C,(04)23274275,(04)23288582,2023,8,12,13,39,臺中市,南區,0,0,0,7,,,40,,,,,,,,,,,,,,,49,,,,,B03,,,1,,2,,,49,,1,12,4,B03,120.679472,24.133173,3
4569,66000,387130000C,(04)23274275,(04)23288582,2023,8,12,13,40,臺中市,大雅區,0,2,0,7,1,6,70,3,2,1,5,4,6,6,1,1,1,5,5,1,17,21,2,7,1,1,C03,7,9,2,19,2,11,,21,21,1,13,4,C03,120.636893,24.234787,2
4570,66000,387130000C,(04)23274275,(04)23288582,2023,8,12,13,40,臺中市,大雅區,0,1,0,7,1,6,50,13,9,1,5,4,6,6,4,4,5,4,5,1,17,59,2,9,2,1,C03,7,9,1,10,2,11,,59,59,1,12,4,C03,120.648797,24.226693,2
4571,66000,387130000C,(04)23274275,(04)23288582,2023,8,12,13,40,臺中市,神岡區,0,1,0,7,2,6,50,13,9,1,5,4,6,6,4,4,1,5,5,1,13,40,3,10,3,1,B03,7,7,1,8,2,6,,40,40,1,13,4,B03,120.697719,24.248911,2
4572,66000,387130000C,(04)23274275,(04)23288582,2023,8,12,13,43,臺中市,龍井區,0,0,0,7,,,40,,,,,,,,,,,,,,17,78,,,,,B03,,,1,,2,,,78,78,1,13,4,B03,120.577303,24.17693,3
4573,66000,387130000C,(04)23274275,(04)23288582,2023,8,12,13,45,臺中市,豐原區,0,0,0,7,,,40,,,,,,,,,,,,,,,20,,,,,B03,,,1,,2,,,20,,1,12,4,B03,120.710817,24.238674,4
4574,66000,387130000C,(04)23274275,(04)23288582,2023,8,12,13,46,臺中市,西區,0,0,0,7,,,50,,,,,,,,,,,,,,,11,,,,,B03,,,1,,1,,,11,,1,12,4,B03,120.657265,24.141255,3
4575,66000,387130000C,(04)23274275,(04)23288582,2023,8,12,13,47,臺中市,東區,0,1,0,7,2,6,50,13,9,1,5,4,6,6,4,4,1,4,5,2,12,8,2,8,2,1,C03,7,9,1,10,2,11,,8,8,1,13,4,C03,120.685536,24.135418,2
4576,66000,387130000C,(04)23274275,(04)23288582,2023,8,12,13,50,臺中市,北屯區,0,0,0,7,,,50,,,,,,,,,,,,,,,84,,,,,B12,,,1,,9,,,84,,2,12,4,B12,120.695638,24.186166,3
4577,66000,387130000C,(04)23274275,(04)23288582,2023,8,12,13,50,臺中市,沙鹿區,0,0,0,7,,,0,,,,,,,,,,,,,,17,59,,,,,B03,,,1,,2,,,59,59,1,13,4,B03,120.582302,24.249831,3
4578,66000,387130000C,(04)23274275,(04)23288582,2023,8,12,13,57,臺中市,龍井區,0,0,0,7,,,50,,,,,,,,,,,,,,12,6,,,,,C03,,,1,,1,,,6,6,1,13,4,C03,120.574646,24.184559,3
4579,66000,387130000C,(04)23274275,(04)23288582,2023,8,12,13,59,臺中市,西區,0,0,0,7,,,50,,,,,,,,,,,,,,17,8,,,,,B03,,,1,,1,,,8,,1,13,4,B03,120.661556,24.141559,3
4580,66000,387130000C,(04)23274275,(04)23288582,2023,8,12,14,0,臺中市,西屯區,0,0,0,7,,,50,,,,,,,,,,,,,,,84,,,,,B03,,,1,,1,,,84,,1,13,4,B03,120.637664,24.163226,3
4581,66000,387130000C,(04)23274275,(04)23288582,2023,8,12,14,0,臺中市,豐原區,0,0,0,7,,,50,,,,,,,,,,,,,,14,49,,,,,B03,,,1,,2,,,49,,1,13,4,B03,120.708287,24.251825,4
4582,66000,387130000C,(04)23274275,(04)23288582,2023,8,12,14,5,臺中市,東勢區,0,1,0,7,1,6,60,3,1,1,5,4,6,6,4,4,5,4,5,1,16,7,3,10,3,1,B03,7,9,1,8,2,2,,87,7,1,12,4,B03,120.80659,24.303597,2
4583,66000,387130000C,(04)23274275,(04)23288582,2023,8,12,14,15,臺中市,豐原區,0,0,0,7,,,50,,,,,,,,,,,,,,13,7,,,,,B03,,,1,,2,,,7,,1,13,4,B03,120.726384,24.242426,3
4584,66000,387130000C,(04)23274275,(04)23288582,2023,8,12,14,20,臺中市,西屯區,0,1,0,6,2,6,50,3,2,1,5,1,6,6,4,4,1,3,5,2,17,84,3,10,3,1,B03,7,7,1,8,2,5,,84,84,1,13,4,B03,120.644813,24.170455,2
4585,66000,387130000C,(04)23274275,(04)23288582,2023,8,12,14,22,臺中市,清水區,0,0,0,7,,,50,,,,,,,,,,,,,,16,85,,,,,B03,,,1,,2,,,85,,1,12,4,B03,120.587529,24.291149,3
4586,66000,387130000C,(04)23274275,(04)23288582,2023,8,12,14,24,臺中市,南屯區,0,1,0,7,3,6,50,4,1,1,5,4,6,6,1,1,10,5,5,2,17,39,3,10,3,1,B03,7,5,1,8,2,16,,39,39,1,12,4,B03,120.646707,24.150896,2
4587,66000,387130000C,(04)23274275,(04)23288582,2023,8,12,14,29,臺中市,潭子區,0,2,0,7,2,6,50,4,4,1,5,4,6,6,1,1,3,4,5,2,13,7,2,8,2,1,C03,7,9,1,10,2,11,,7,7,1,13,4,C03,120.710221,24.201896,2
4588,66000,387130000C,(04)23274275,(04)23288582,2023,8,12,14,30,臺中市,北屯區,0,0,0,7,,,50,,,,,,,,,,,,,,,59,,,,,B03,,,1,,1,,,59,59,1,6,4,B03,120.693163,24.164812,3
4589,66000,387130000C,(04)23274275,(04)23288582,2023,8,12,14,35,臺中市,清水區,0,1,0,7,3,6,30,3,1,1,5,4,6,1,4,4,10,5,5,2,16,14,3,10,3,1,B03,7,5,1,8,2,8,,14,14,1,12,4,B03,120.573546,24.269896,2
4590,66000,387130000C,(04)23274275,(04)23288582,2023,8,12,14,40,臺中市,北屯區,0,1,0,7,2,6,50,13,9,1,5,4,6,6,4,4,9,5,5,2,12,84,2,9,2,1,C03,7,9,1,10,2,12,14,84,84,1,12,4,C03,120.688613,24.199925,2
4591,66000,387130000C,(04)23274275,(04)23288582,2023,8,12,14,41,臺中市,南屯區,0,1,0,7,2,6,50,13,9,1,5,4,6,6,4,4,5,2,5,2,18,84,2,9,5,4,C03,7,1,1,10,2,12,,84,84,1,13,2,C03,120.647433,24.147018,2
4592,66000,387130000C,(04)23274275,(04)23288582,2023,8,12,14,41,臺中市,西屯區,0,0,0,7,,,50,,,,,,,,,,,,,,17,84,,,,,C03,,,1,,1,,,84,,1,13,4,C03,120.635817,24.171095,3
4593,66000,387130000C,(04)23274275,(04)23288582,2023,8,12,14,41,臺中市,太平區,0,0,0,7,2,6,50,11,9,1,5,4,6,6,4,4,5,2,5,2,30,84,3,10,3,1,B03,7,15,5,18,9,5,,84,84,1,12,4,B03,120.726953,24.153341,3
4594,66000,387130000C,(04)23274275,(04)23288582,2023,8,12,14,45,臺中市,西屯區,0,0,0,7,,,50,,,,,,,,,,,,,,,59,,,,,B03,,,1,,1,,,59,,1,13,4,B03,120.642492,24.166331,3
4595,66000,387130000C,(04)23274275,(04)23288582,2023,8,12,14,46,臺中市,沙鹿區,0,1,0,7,2,6,30,4,1,1,5,4,6,6,4,4,9,5,5,2,17,12,2,9,2,1,C03,7,9,1,10,2,11,,12,12,1,12,4,C03,120.568673,24.230558,2
4596,66000,387130000C,(04)23274275,(04)23288582,2023,8,12,14,49,臺中市,龍井區,0,0,0,7,,,50,,,,,,,,,,,,,,13,56,,,,,B03,,,1,,1,,,56,56,1,12,4,B03,120.57799,24.186967,3
4597,66000,387130000C,(04)23274275,(04)23288582,2023,8,12,14,50,臺中市,北區,0,0,0,7,,,50,,,,,,,,,,,,,,13,7,,,,,B03,,,1,,2,,,7,,1,13,4,B03,120.677226,24.15135,4
4598,66000,387130000C,(04)23274275,(04)23288582,2023,8,12,14,52,臺中市,南屯區,0,0,0,7,,,50,,,,,,,,,,,,,,13,59,,,,,B03,,,1,,2,,,59,,1,12,4,B03,120.625789,24.147618,3
4599,66000,387130000C,(04)23274275,(04)23288582,2023,8,12,14,58,臺中市,大里區,0,1,0,7,2,6,50,4,1,1,5,4,6,6,2,1,5,4,4,1,16,45,3,10,3,1,B03,7,11,1,8,2,2,,45,45,1,6,4,B03,120.681211,24.104689,2
4600,66000,387130000C,(04)23274275,(04)23288582,2023,8,12,15,0,臺中市,北屯區,0,0,0,7,,,50,,,,,,,,,,,,,,12,59,,,,,B03,,,1,,1,,,59,59,1,6,4,B03,120.718288,24.175561,3
4601,66000,387130000C,(04)23274275,(04)23288582,2023,8,12,15,1,臺中市,北屯區,0,1,0,7,2,6,40,3,2,1,5,4,6,6,2,1,3,4,4,2,13,84,2,9,2,1,C03,7,9,1,10,2,11,,84,84,1,13,4,C03,120.665781,24.182774,2
4602,66000,387130000C,(04)23274275,(04)23288582,2023,8,12,15,7,臺中市,東區,0,1,0,7,3,6,50,5,1,1,5,4,6,6,2,1,10,5,5,2,3,10,2,9,6,5,H01,8,16,7,21,10,17,,119,10,1,12,5,H01,120.695208,24.141603,2
4603,66000,387130000C,(04)23274275,(04)23288582,2023,8,12,15,8,臺中市,南區,0,2,0,7,1,6,6,3,9,1,5,4,6,6,4,4,9,4,5,2,16,39,2,7,1,1,C03,7,9,1,10,2,11,12,7,39,1,12,4,C03,120.655416,24.133855,2
4604,66000,387130000C,(04)23274275,(04)23288582,2023,8,12,15,16,臺中市,大雅區,0,0,0,7,1,7,70,13,7,1,5,4,6,6,1,1,1,3,4,1,17,35,,,,,B03,,,1,,2,,,35,,1,13,4,B03,120.630543,24.240616,3
4605,66000,387130000C,(04)23274275,(04)23288582,2023,8,12,15,20,臺中市,東區,0,0,0,7,,,50,,,,,,,,,,,,,,13,7,,,,,C03,,,1,,2,,,7,,1,13,4,C03,120.692456,24.142745,3
4606,66000,387130000C,(04)23274275,(04)23288582,2023,8,12,15,22,臺中市,南區,0,0,0,7,,,50,,,,,,,,,,,,,,,50,,,,,B03,,,1,,2,,,50,,1,12,4,B03,120.672013,24.126756,3
4607,66000,387130000C,(04)23274275,(04)23288582,2023,8,12,15,23,臺中市,北區,0,2,0,7,1,6,50,13,7,1,5,4,6,6,4,4,1,4,5,2,16,20,2,9,1,1,C03,7,9,1,10,2,14,,87,20,1,12,4,C03,120.685603,24.163243,2
4608,66000,387130000C,(04)23274275,(04)23288582,2023,8,12,15,23,臺中市,南區,0,1,0,7,2,6,40,13,7,1,5,4,6,6,4,4,5,5,4,2,16,51,3,10,3,1,B03,7,1,1,8,2,8,,51,51,1,12,4,B03,120.662411,24.120844,2
4609,66000,387130000C,(04)23274275,(04)23288582,2023,8,12,15,24,臺中市,西屯區,0,1,0,7,2,6,50,4,1,1,5,4,6,6,4,4,10,5,5,2,12,20,3,10,5,4,B03,7,5,1,8,2,5,,20,20,1,13,4,B03,120.6571,24.165187,2
4610,66000,387130000C,(04)23274275,(04)23288582,2023,8,12,15,25,臺中市,太平區,0,0,0,7,,,30,,,,,,,,,,,,,,14,49,,,,,B03,,,1,,1,,,49,,1,6,4,B03,120.717224,24.140274,3
4611,66000,387130000C,(04)23274275,(04)23288582,2023,8,12,15,27,臺中市,神岡區,0,1,0,7,1,6,50,3,1,1,5,4,6,6,3,1,5,4,4,2,17,53,2,9,1,4,C03,7,9,5,10,8,12,,53,53,1,12,4,C03,120.710073,24.258887,2
4612,66000,387130000C,(04)23274275,(04)23288582,2023,8,12,15,31,臺中市,西屯區,0,1,0,7,1,6,50,13,9,1,5,4,6,6,4,4,4,3,5,2,17,20,3,10,3,1,B03,7,5,1,8,2,5,,20,20,1,12,4,B03,120.643961,24.175344,2
4613,66000,387130000C,(04)23274275,(04)23288582,2023,8,12,15,32,臺中市,北屯區,0,2,0,7,2,6,50,11,9,1,5,4,6,6,4,4,5,5,5,1,18,84,2,9,1,1,C03,7,9,1,10,1,12,,84,84,1,12,4,C03,120.755706,24.159421,2
4614,66000,387130000C,(04)23274275,(04)23288582,2023,8,12,15,32,臺中市,霧峰區,0,3,0,7,1,6,50,4,1,1,5,4,6,6,1,1,9,5,5,1,16,39,2,9,1,1,C03,7,6,1,10,2,12,,39,39,1,13,4,C03,120.701361,24.070614,2
4615,66000,387130000C,(04)23274275,(04)23288582,2023,8,12,15,42,臺中市,大安區,0,2,0,7,3,6,50,13,9,1,5,4,6,6,4,4,9,5,5,1,17,51,3,10,3,1,B03,7,1,1,8,2,8,,51,51,1,6,4,B03,120.586556,24.364682,2
4616,66000,387130000C,(04)23274275,(04)23288582,2023,8,12,15,49,臺中市,西屯區,0,2,0,7,3,6,50,4,1,1,5,4,6,6,3,1,10,5,5,2,17,15,3,10,3,1,B03,7,9,1,8,2,4,,15,15,1,12,4,B03,120.626466,24.183128,2
4617,66000,387130000C,(04)23274275,(04)23288582,2023,8,12,15,49,臺中市,大里區,0,1,0,7,3,6,30,3,1,1,5,4,6,6,4,4,10,5,5,2,17,51,3,10,1,1,C03,7,1,3,19,2,11,,51,51,1,6,4,C03,120.700052,24.107453,2
4618,66000,387130000C,(04)23274275,(04)23288582,2023,8,12,15,50,臺中市,大里區,0,1,0,7,3,6,50,3,1,1,5,4,6,6,4,4,10,5,5,2,16,14,3,10,3,1,B03,7,6,1,8,2,5,,14,14,1,13,4,B03,120.702624,24.084462,2
4619,66000,387130000C,(04)23274275,(04)23288582,2023,8,12,15,56,臺中市,西區,0,0,0,7,,,50,,,,,,,,,,,,,,,84,,,,,B03,,,1,,1,,,84,,1,6,4,B03,120.660201,24.15084,4
4620,66000,387130000C,(04)23274275,(04)23288582,2023,8,12,15,57,臺中市,潭子區,0,0,0,7,,,40,,,,,,,,,,,,,,13,59,,,,,B03,,,1,,2,,,59,,1,13,4,B03,120.696555,24.201,3
4621,66000,387130000C,(04)23274275,(04)23288582,2023,8,12,15,57,臺中市,北區,0,0,0,7,,,50,,,,,,,,,,,,,,13,7,,,,,B03,,,1,,1,,,7,,1,13,4,B03,120.688561,24.146917,3
4622,66000,387130000C,(04)23274275,(04)23288582,2023,8,12,15,57,臺中市,大里區,0,0,0,7,,,50,,,,,,,,,,,,,,,8,,,,,C03,,,1,,2,,,8,,1,13,4,C03,120.687013,24.102129,3
4623,66000,387130000C,(04)23274275,(04)23288582,2023,8,12,15,58,臺中市,龍井區,0,0,0,7,,,40,,,,,,,,,,,,,,,49,,,,,B12,,,1,,2,,,49,,1,6,4,B12,120.52338,24.219353,3
4624,66000,387130000C,(04)23274275,(04)23288582,2023,8,12,15,59,臺中市,太平區,0,1,0,7,2,6,50,13,9,1,5,4,6,6,4,4,5,4,5,2,17,76,3,10,3,1,B12,7,15,1,8,2,4,,76,76,1,13,4,B12,120.721837,24.134345,2
4625,66000,387130000C,(04)23274275,(04)23288582,2023,8,12,16,5,臺中市,南屯區,0,1,0,7,2,6,50,4,1,1,5,4,6,6,2,1,1,4,4,2,17,11,3,10,3,1,B03,7,5,1,8,2,2,,11,11,1,12,4,B03,120.63081,24.144832,2
4626,66000,387130000C,(04)23274275,(04)23288582,2023,8,12,16,5,臺中市,清水區,0,1,0,7,3,6,40,13,8,1,5,4,6,6,4,4,1,4,5,2,16,48,2,9,2,1,C03,7,6,1,10,2,11,,48,48,1,12,4,C03,120.578798,24.277772,2
4627,66000,387130000C,(04)23274275,(04)23288582,2023,8,12,16,7,臺中市,西屯區,0,0,0,7,,,50,,,,,,,,,,,,,,,7,,,,,B03,,,1,,1,,,7,,1,12,4,B03,120.645018,24.178822,3
4628,66000,387130000C,(04)23274275,(04)23288582,2023,8,12,16,9,臺中市,南屯區,0,0,0,7,,,60,,,,,,,,,,,,,,17,68,,,,,A11,,,1,,9,,,68,,1,13,5,A11,120.590921,24.158701,3
4629,66000,387130000C,(04)23274275,(04)23288582,2023,8,12,16,9,臺中市,太平區,0,1,0,7,2,6,30,11,9,1,5,4,6,6,4,4,8,5,5,1,18,85,2,1,5,4,C03,7,5,1,10,9,12,,85,85,1,12,4,C03,120.816888,24.086834,2
4630,66000,387130000C,(04)23274275,(04)23288582,2023,8,12,16,10,臺中市,北屯區,0,0,0,7,,,50,,,,,,,,,,,,,,13,59,,,,,B03,,,1,,2,,,59,,1,13,4,B03,120.735905,24.177832,3
4631,66000,387130000C,(04)23274275,(04)23288582,2023,8,12,16,13,臺中市,西區,0,0,0,7,,,50,,,,,,,,,,,,,,16,39,,,,,C03,,,1,,1,,,39,,1,13,4,C03,120.684745,24.139222,3
4632,66000,387130000C,(04)23274275,(04)23288582,2023,8,12,16,13,臺中市,西區,0,0,0,7,,,50,,,,,,,,,,,,,,,7,,,,,B03,,,1,,2,,,7,,1,12,4,B03,120.652995,24.149888,3
4633,66000,387130000C,(04)23274275,(04)23288582,2023,8,12,16,15,臺中市,西屯區,0,0,0,7,,,40,,,,,,,,,,,,,,,84,,,,,B03,,,1,,2,,,84,84,1,13,4,B03,120.628402,24.162811,3
4634,66000,387130000C,(04)23274275,(04)23288582,2023,8,12,16,17,臺中市,潭子區,0,1,0,7,2,6,60,4,2,1,5,4,6,6,2,1,1,4,4,1,13,39,2,9,1,1,C03,7,9,1,10,2,11,,39,39,1,13,4,C03,120.702463,24.190925,2
4635,66000,387130000C,(04)23274275,(04)23288582,2023,8,12,16,19,臺中市,大雅區,0,0,0,7,1,6,50,13,9,1,5,4,6,6,4,4,5,5,,2,17,59,,,,,B03,,,1,,2,,,59,,1,13,4,B03,120.648824,24.226189,3