序號,縣市別代碼,機關代碼,市話,傳真,年,月,日,時,分,縣市,區,死亡數量,受傷數量,2-30,天候,光線,道路類別,速限,道路型態,事故位置,路面鋪裝,路面狀態,路面缺陷,障礙物,視距,號誌種類,號誌動作,分向設施,快車道或一般車道間,快慢車道間,路面邊線,事故類型及型態,主要肇因,受傷程度,主要傷處,保護裝備,行動電話,當事者區分(類別),車輛用途,當事者行動狀態,駕駛資格情形,駕駛執照種類,飲酒情形,車輛撞擊部位最初,車輛撞擊部位其他,肇事因素個別,肇事因素主要,肇事逃逸,職業,旅次目的,車種,GPS座標X,GPS座標Y,事故類別
4636,66000,387130000C,(04)23274275,(04)23288582,2023,8,12,16,20,臺中市,北屯區,0,1,0,7,2,6,50,13,9,1,5,4,6,6,4,4,5,4,5,2,18,5,2,9,1,1,C03,7,12,1,10,2,14,,5,5,1,5,4,C03,120.713327,24.172841,2
4637,66000,387130000C,(04)23274275,(04)23288582,2023,8,12,16,20,臺中市,烏日區,0,0,0,7,,,60,,,,,,,,,,,,,,13,7,,,,,B03,,,1,,1,,,7,,1,12,4,B03,120.61521,24.105959,4
4638,66000,387130000C,(04)23274275,(04)23288582,2023,8,12,16,25,臺中市,北區,0,0,0,7,,,50,,,,,,,,,,,,,,13,7,,,,,B03,,,1,,1,,,7,,1,12,4,B03,120.675351,24.149494,3
4639,66000,387130000C,(04)23274275,(04)23288582,2023,8,12,16,25,臺中市,南區,0,1,0,7,1,6,50,3,1,1,5,4,6,6,4,4,9,4,5,2,12,51,3,10,3,1,B03,7,1,1,8,2,4,,51,51,1,12,4,B03,120.662673,24.125783,2
4640,66000,387130000C,(04)23274275,(04)23288582,2023,8,12,16,27,臺中市,梧棲區,0,0,0,7,,,50,,,,,,,,,,,,,,16,40,,,,,A31,,,1,,2,,,40,40,1,6,4,A31,120.53539,24.259151,3
4641,66000,387130000C,(04)23274275,(04)23288582,2023,8,12,16,30,臺中市,中區,0,0,0,7,,,50,,,,,,,,,,,,,,,4,,,,,C03,,,1,,2,,,4,,1,12,4,C03,120.680336,24.14046,3
4642,66000,387130000C,(04)23274275,(04)23288582,2023,8,12,16,30,臺中市,后里區,0,1,0,7,1,6,50,4,1,1,5,4,6,6,1,1,5,4,5,1,16,21,2,8,1,1,C03,7,11,1,10,2,11,,21,21,1,12,4,C03,120.682073,24.315654,2
4643,66000,387130000C,(04)23274275,(04)23288582,2023,8,12,16,30,臺中市,豐原區,0,0,0,7,,,50,,,,,,,,,,,,,,13,7,,,,,B03,,,1,,2,,,7,,1,13,4,B03,120.716156,24.251842,3
4644,66000,387130000C,(04)23274275,(04)23288582,2023,8,12,16,33,臺中市,中區,0,0,0,7,,,50,,,,,,,,,,,,,,,84,,,,,B02,,,1,4,1,,,84,84,1,13,5,B02,120.685619,24.138433,3
4645,66000,387130000C,(04)23274275,(04)23288582,2023,8,12,16,37,臺中市,南屯區,0,0,0,7,,,50,,,,,,,,,,,,,,12,11,,,,,B03,,,1,,2,,,11,,1,12,4,B03,120.62267,24.140394,3
4646,66000,387130000C,(04)23274275,(04)23288582,2023,8,12,16,38,臺中市,清水區,0,2,0,7,2,6,50,13,9,1,5,4,6,6,4,4,9,5,5,1,16,1,2,9,1,1,C03,7,9,1,10,2,12,,1,1,1,12,4,C03,120.547471,24.263023,2
4647,66000,387130000C,(04)23274275,(04)23288582,2023,8,12,16,39,臺中市,大甲區,0,0,0,7,,,40,,,,,,,,,,,,,,14,49,3,10,3,1,B13,7,2,1,8,1,6,,49,49,1,6,4,B13,120.620562,24.347953,3
4648,66000,387130000C,(04)23274275,(04)23288582,2023,8,12,16,40,臺中市,潭子區,0,0,0,7,,,40,,,,,,,,,,,,,,13,59,,,,,B03,,,1,,2,,,59,,1,13,4,B03,120.696555,24.201,3
4649,66000,387130000C,(04)23274275,(04)23288582,2023,8,12,16,40,臺中市,大里區,0,0,0,7,,,50,,,,,,,,,,,,,,,51,,,,,B03,,,1,,2,,,51,,1,13,4,B03,120.675633,24.079575,3
4650,66000,387130000C,(04)23274275,(04)23288582,2023,8,12,16,41,臺中市,東區,0,1,0,7,2,6,50,5,1,1,5,4,6,6,1,1,10,5,5,2,16,11,3,10,3,1,B03,7,5,1,8,2,6,,11,11,1,13,4,B03,120.69451,24.142756,2
4651,66000,387130000C,(04)23274275,(04)23288582,2023,8,12,16,42,臺中市,南屯區,0,0,0,7,,,50,,,,,,,,,,,,,,,8,,,,,B03,,,1,,2,,,8,,1,12,4,B03,120.626012,24.144937,3
4652,66000,387130000C,(04)23274275,(04)23288582,2023,8,12,16,45,臺中市,西屯區,0,0,0,7,,,40,,,,,,,,,,,,,,,8,,,,,B03,,,1,,1,,,8,,1,12,4,B03,120.62904,24.163157,3
4653,66000,387130000C,(04)23274275,(04)23288582,2023,8,12,16,49,臺中市,北屯區,0,1,0,7,2,6,40,13,7,1,5,4,6,6,4,4,9,5,4,2,12,51,3,10,3,1,B03,7,1,1,8,2,8,,51,51,1,13,4,B03,120.695765,24.173275,2
4654,66000,387130000C,(04)23274275,(04)23288582,2023,8,12,16,51,臺中市,西屯區,0,0,0,7,,,50,,,,,,,,,,,,,,13,84,,,,,B12,,,1,,1,,,84,,1,13,4,B12,120.658311,24.195146,3
4655,66000,387130000C,(04)23274275,(04)23288582,2023,8,12,16,52,臺中市,南屯區,0,0,0,7,,,40,,,,,,,,,,,,,,13,58,,,,,B03,,,1,,2,,,58,,1,13,4,B03,120.623258,24.150981,3
4656,66000,387130000C,(04)23274275,(04)23288582,2023,8,12,16,54,臺中市,北屯區,0,0,0,7,,,50,,,,,,,,,,,,,,7,51,,,,,B03,,,1,,2,,,51,51,1,12,4,B03,120.700836,24.179041,3
4657,66000,387130000C,(04)23274275,(04)23288582,2023,8,12,17,0,臺中市,西區,0,0,0,7,,,50,,,,,,,,,,,,,,,7,,,,,B03,,,1,,1,,,7,,1,6,4,B03,120.655859,24.140265,3
4658,66000,387130000C,(04)23274275,(04)23288582,2023,8,12,17,0,臺中市,清水區,0,0,0,7,,,60,,,,,,,,,,,,,,,58,,,,,B03,,,1,,1,,,58,,1,12,4,B03,120.549791,24.285255,3
4659,66000,387130000C,(04)23274275,(04)23288582,2023,8,12,17,3,臺中市,神岡區,0,1,0,7,3,6,30,11,9,1,5,4,6,6,4,4,10,5,5,1,17,41,3,10,1,1,C03,7,15,1,10,2,14,,41,41,1,13,4,C03,120.65965,24.277278,2
4660,66000,387130000C,(04)23274275,(04)23288582,2023,8,12,17,5,臺中市,中區,0,1,0,7,3,6,50,4,4,1,5,4,6,6,1,1,5,4,5,2,13,84,2,8,1,1,C03,7,9,1,10,2,11,,84,84,1,12,4,C03,120.681796,24.144577,2
4661,66000,387130000C,(04)23274275,(04)23288582,2023,8,12,17,5,臺中市,南屯區,0,1,0,7,2,6,50,4,1,1,5,4,6,6,1,1,3,2,5,2,12,84,3,10,5,4,B03,7,5,1,8,2,5,,84,84,1,13,4,B03,120.643844,24.15099,2
4662,66000,387130000C,(04)23274275,(04)23288582,2023,8,12,17,8,臺中市,北屯區,0,0,0,7,,,50,,,,,,,,,,,,,,13,59,,,,,B03,,,1,,2,,,59,,1,13,4,B03,120.726996,24.171731,3
4663,66000,387130000C,(04)23274275,(04)23288582,2023,8,12,17,10,臺中市,西屯區,0,0,0,7,,,50,,,,,,,,,,,,,,,40,,,,,B12,,,1,,1,,,40,,1,12,4,B12,120.623817,24.185445,3
4664,66000,387130000C,(04)23274275,(04)23288582,2023,8,12,17,10,臺中市,沙鹿區,0,0,0,7,,,50,,,,,,,,,,,,,,,8,,,,,B03,,,1,,2,,,8,,1,13,4,B03,120.563554,24.238563,3
4665,66000,387130000C,(04)23274275,(04)23288582,2023,8,12,17,10,臺中市,神岡區,0,1,0,7,2,6,50,3,2,1,5,4,6,6,4,4,5,5,4,2,16,65,2,9,2,1,C03,7,4,1,10,2,14,,87,65,1,13,4,C03,120.660013,24.269301,2
4666,66000,387130000C,(04)23274275,(04)23288582,2023,8,12,17,12,臺中市,沙鹿區,0,0,0,7,,,70,,,,,,,,,,,,,,13,7,,,,,B03,,,1,,2,,,7,,1,13,4,B03,120.615376,24.244016,3
4667,66000,387130000C,(04)23274275,(04)23288582,2023,8,12,17,13,臺中市,北屯區,1,2,0,7,2,6,50,4,1,1,5,4,6,6,4,4,10,5,5,2,15,12,1,9,2,1,C03,7,9,1,10,9,14,,12,12,1,13,4,C03,120.69048,24.191669,1
4668,66000,387130000C,(04)23274275,(04)23288582,2023,8,12,17,15,臺中市,東勢區,0,1,0,7,3,6,50,3,9,1,5,4,6,6,3,1,5,4,5,1,3,10,3,10,3,1,B03,7,5,1,8,2,4,,10,10,1,13,4,B03,120.831927,24.247758,2
4669,66000,387130000C,(04)23274275,(04)23288582,2023,8,12,17,16,臺中市,沙鹿區,0,1,0,7,2,6,50,4,2,1,5,4,6,6,4,4,3,3,3,1,17,7,2,9,5,4,C03,7,9,1,10,2,11,,7,7,1,13,4,C03,120.55893,24.235891,2
4670,66000,387130000C,(04)23274275,(04)23288582,2023,8,12,17,18,臺中市,梧棲區,0,0,0,7,,,70,,,,,,,,,,,,,,13,7,,,,,B12,,,1,,2,,,7,7,1,6,4,B12,120.555774,24.25092,3
4671,66000,387130000C,(04)23274275,(04)23288582,2023,8,12,17,20,臺中市,西屯區,0,0,0,7,,,30,,,,,,,,,,,,,,,49,,,,,B03,,,1,,1,,,49,,1,12,4,B03,120.652008,24.170524,3
4672,66000,387130000C,(04)23274275,(04)23288582,2023,8,12,17,21,臺中市,大里區,0,0,0,7,,,30,,,,,,,,,,,,,,14,49,,,,,B03,,,1,,2,,,49,,1,13,4,B03,120.705127,24.089749,3
4673,66000,387130000C,(04)23274275,(04)23288582,2023,8,12,17,22,臺中市,大安區,0,0,0,7,,,50,,,,,,,,,,,,,,,76,,,,,B03,,,1,,1,,,76,,1,6,4,B03,120.597568,24.374944,3
4674,66000,387130000C,(04)23274275,(04)23288582,2023,8,12,17,27,臺中市,西區,0,0,0,7,,,50,,,,,,,,,,,,,,12,42,,,,,B03,,,1,,2,,,42,42,1,13,4,B03,120.663855,24.140035,3
4675,66000,387130000C,(04)23274275,(04)23288582,2023,8,12,17,30,臺中市,西區,0,1,0,7,3,6,50,4,1,1,5,4,6,6,1,1,10,5,5,2,16,11,3,10,3,1,B03,7,6,1,8,2,1,,11,11,1,12,4,B03,120.665768,24.13927,2
4676,66000,387130000C,(04)23274275,(04)23288582,2023,8,12,17,30,臺中市,北屯區,0,2,0,7,2,6,50,13,9,1,5,4,6,6,4,4,1,4,5,2,17,40,3,10,3,1,B02,7,15,1,10,2,2,,40,40,1,12,4,B02,120.688899,24.171591,2
4677,66000,387130000C,(04)23274275,(04)23288582,2023,8,12,17,30,臺中市,北屯區,0,0,0,7,,,50,,,,,,,,,,,,,,14,49,,,,,B03,,,1,,2,,,49,49,1,12,4,B03,120.688559,24.171673,3
4678,66000,387130000C,(04)23274275,(04)23288582,2023,8,12,17,30,臺中市,大肚區,0,2,0,7,2,6,50,3,1,1,5,4,6,6,4,4,10,5,5,2,16,14,2,8,1,1,C03,7,6,1,10,2,14,,14,14,1,12,4,C03,120.542748,24.152817,2
4679,66000,387130000C,(04)23274275,(04)23288582,2023,8,12,17,31,臺中市,霧峰區,0,1,0,7,1,6,60,3,1,1,5,4,6,6,1,1,3,4,4,1,16,11,3,10,3,1,B03,7,5,1,8,2,2,,11,11,1,13,4,B03,120.692163,24.044829,2
4680,66000,387130000C,(04)23274275,(04)23288582,2023,8,12,17,33,臺中市,大里區,0,1,0,7,3,6,50,4,1,1,5,4,6,6,1,1,10,5,5,2,16,11,3,10,3,1,B03,7,5,1,8,2,2,,11,11,1,6,4,B03,120.676396,24.112054,2
4681,66000,387130000C,(04)23274275,(04)23288582,2023,8,12,17,39,臺中市,北屯區,0,1,0,6,3,6,50,3,1,1,5,4,6,6,4,4,10,5,4,2,13,59,2,9,5,4,C03,7,9,1,10,2,11,,59,59,1,13,4,C03,120.6726,24.176941,2
4682,66000,387130000C,(04)23274275,(04)23288582,2023,8,12,17,43,臺中市,豐原區,0,1,0,7,3,6,50,13,9,1,5,4,6,6,4,4,5,4,5,1,18,84,2,9,5,1,C03,7,9,1,10,2,14,,84,84,1,13,4,C03,120.712981,24.265071,2
4683,66000,387130000C,(04)23274275,(04)23288582,2023,8,12,17,44,臺中市,潭子區,0,0,0,7,,,40,,,,,,,,,,,,,,13,59,,,,,B03,,,3,,2,,,59,,1,13,4,B03,120.716334,24.204387,3
4684,66000,387130000C,(04)23274275,(04)23288582,2023,8,12,17,44,臺中市,西屯區,0,0,0,7,,,50,,,,,,,,,,,,,,,7,,,,,B03,,,1,,1,,,7,,1,12,4,B03,120.646916,24.174883,3
4685,66000,387130000C,(04)23274275,(04)23288582,2023,8,12,17,46,臺中市,霧峰區,0,0,0,7,,,60,,,,,,,,,,,,,,17,59,,,,,B02,,,1,,2,,,59,,1,13,4,B02,120.696598,24.024062,3
4686,66000,387130000C,(04)23274275,(04)23288582,2023,8,12,17,48,臺中市,梧棲區,0,2,0,7,3,6,50,13,7,1,5,4,6,6,4,4,1,4,4,1,16,7,2,9,1,1,C03,7,9,1,10,2,11,,7,7,1,6,4,C03,120.549194,24.249055,2
4687,66000,387130000C,(04)23274275,(04)23288582,2023,8,12,17,49,臺中市,東區,0,0,0,7,3,6,50,4,1,1,5,4,6,6,1,1,10,5,5,2,13,7,3,10,1,1,C03,7,9,1,10,1,11,,7,7,1,12,4,C03,120.702897,24.142703,3
4688,66000,387130000C,(04)23274275,(04)23288582,2023,8,12,17,49,臺中市,南屯區,0,0,0,7,,,50,,,,,,,,,,,,,,35,87,,,,,C03,,,1,,10,,,87,,1,12,4,C03,120.638551,24.144034,3
4689,66000,387130000C,(04)23274275,(04)23288582,2023,8,12,17,50,臺中市,南區,0,1,0,7,2,6,50,3,1,1,5,4,6,6,4,4,10,5,5,2,17,12,3,10,3,1,B03,7,5,1,8,2,16,,12,12,1,11,4,B03,120.659597,24.116931,2
4690,66000,387130000C,(04)23274275,(04)23288582,2023,8,12,17,51,臺中市,南屯區,0,1,0,7,2,6,50,4,1,1,5,4,6,6,1,1,5,4,5,2,18,84,3,10,5,4,C03,6,12,1,10,2,16,,84,84,1,13,4,C03,120.63675,24.135747,2
4691,66000,387130000C,(04)23274275,(04)23288582,2023,8,12,17,53,臺中市,南區,0,1,0,7,1,6,50,3,1,1,5,4,6,6,1,1,9,4,5,2,16,23,3,10,3,1,B03,7,11,1,8,2,8,,23,23,1,12,4,B03,120.645588,24.110449,2
4692,66000,387130000C,(04)23274275,(04)23288582,2023,8,12,17,53,臺中市,龍井區,0,0,0,7,,,50,,,,,,,,,,,,,,2,7,,,,,B03,,,1,,2,,,7,,1,12,4,B03,120.573118,24.190164,3
4693,66000,387130000C,(04)23274275,(04)23288582,2023,8,12,17,55,臺中市,西屯區,0,0,0,7,,,50,,,,,,,,,,,,,,,7,,,,,B03,,,1,,1,,,7,,1,13,4,B03,120.650929,24.157394,3
4694,66000,387130000C,(04)23274275,(04)23288582,2023,8,12,17,58,臺中市,中區,0,0,0,7,,,50,,,,,,,,,,,,,,,40,,,,,C03,,,1,,2,,,40,,1,13,4,C03,120.677969,24.140696,3
4695,66000,387130000C,(04)23274275,(04)23288582,2023,8,12,17,58,臺中市,西屯區,0,1,0,7,3,6,40,13,9,1,5,4,6,6,4,4,10,4,5,2,18,84,2,9,1,1,C03,7,9,1,8,2,12,,84,84,1,12,4,C03,120.662346,24.200651,2
4696,66000,387130000C,(04)23274275,(04)23288582,2023,8,12,18,0,臺中市,潭子區,0,0,0,7,,,50,,,,,,,,,,,,,,,59,,,,,B03,,,1,,2,,,59,,1,13,4,B03,120.707205,24.200163,3
4697,66000,387130000C,(04)23274275,(04)23288582,2023,8,12,18,0,臺中市,西屯區,0,2,0,7,2,6,50,4,1,1,5,4,6,6,2,1,10,5,5,2,13,7,2,9,5,4,C03,7,9,1,10,2,11,,7,7,1,13,4,C03,120.662572,24.163561,2
4698,66000,387130000C,(04)23274275,(04)23288582,2023,8,12,18,0,臺中市,烏日區,0,0,0,7,,,30,,,,,,,,,,,,,,,82,,,,,B12,,,1,,2,,,82,,1,12,4,B12,120.611731,24.120671,3
4699,66000,387130000C,(04)23274275,(04)23288582,2023,8,12,18,3,臺中市,北區,0,0,0,7,,,50,,,,,,,,,,,,,,16,11,,,,,B03,,,1,,1,,,11,,1,12,4,B03,120.684971,24.163899,3
4700,66000,387130000C,(04)23274275,(04)23288582,2023,8,12,18,5,臺中市,北區,0,0,0,7,,,50,,,,,,,,,,,,,,16,47,,,,,B03,,,1,,1,,,47,,1,13,4,B03,120.683469,24.153562,3
4701,66000,387130000C,(04)23274275,(04)23288582,2023,8,12,18,5,臺中市,龍井區,0,0,0,7,,,30,,,,,,,,,,,,,,,8,,,,,B12,,,1,,2,,,8,8,1,12,4,B12,120.562482,24.201124,3
4702,66000,387130000C,(04)23274275,(04)23288582,2023,8,12,18,7,臺中市,太平區,0,1,0,7,2,6,50,13,7,1,5,4,6,6,4,4,1,4,5,2,13,58,3,10,3,1,B03,7,9,1,7,2,5,,58,58,1,6,4,B03,120.718114,24.136894,2
4703,66000,387130000C,(04)23274275,(04)23288582,2023,8,12,18,9,臺中市,北區,0,1,0,7,2,6,50,4,1,1,5,4,6,6,1,1,5,5,4,2,13,59,3,10,3,1,B03,7,9,1,8,2,1,,59,59,1,12,4,B03,120.665407,24.160364,2
4704,66000,387130000C,(04)23274275,(04)23288582,2023,8,12,18,10,臺中市,大雅區,0,2,0,7,1,9,10,3,13,1,5,4,6,6,4,4,10,5,5,2,1,41,2,9,4,1,F01,7,9,7,21,2,11,,41,41,1,12,4,F01,120.625074,24.232797,2
4705,66000,387130000C,(04)23274275,(04)23288582,2023,8,12,18,11,臺中市,西屯區,0,1,0,7,1,6,50,4,9,1,5,4,6,6,1,1,4,3,5,2,17,85,3,10,3,1,B03,7,9,1,8,1,15,,85,85,1,12,4,B03,120.652485,24.159528,2
4706,66000,387130000C,(04)23274275,(04)23288582,2023,8,12,18,14,臺中市,南屯區,0,0,0,7,,,50,,,,,,,,,,,,,,,59,,,,,B03,,,1,,1,,,59,,1,12,4,B03,120.622186,24.145119,3
4707,66000,387130000C,(04)23274275,(04)23288582,2023,8,12,18,18,臺中市,神岡區,0,0,0,7,,,50,,,,,,,,,,,,,,,51,,,,,B03,,,1,,2,,,51,,1,13,4,B03,120.659927,24.272956,3
4708,66000,387130000C,(04)23274275,(04)23288582,2023,8,12,18,20,臺中市,西屯區,0,1,0,7,3,6,30,3,1,1,5,4,6,6,4,4,10,5,5,2,17,87,3,10,1,1,C03,7,5,1,8,2,12,,87,14,1,12,4,C03,120.66452,24.165031,2
4709,66000,387130000C,(04)23274275,(04)23288582,2023,8,12,18,30,臺中市,沙鹿區,0,0,0,7,,,50,,,,,,,,,,,,,,,7,,,,,B12,,,1,,2,,,7,,1,13,4,B12,120.569061,24.238739,3
4710,66000,387130000C,(04)23274275,(04)23288582,2023,8,12,18,31,臺中市,東勢區,0,1,0,7,3,6,60,3,1,1,5,4,6,6,3,1,5,5,5,2,16,48,3,10,3,1,B03,7,6,1,8,2,8,,48,48,1,12,4,B03,120.833447,24.246777,2
4711,66000,387130000C,(04)23274275,(04)23288582,2023,8,12,18,47,臺中市,神岡區,0,2,0,7,1,6,30,4,1,1,5,4,6,6,4,4,10,5,5,2,17,15,2,8,1,1,C03,7,9,1,10,2,12,,15,15,1,13,4,C03,120.685737,24.251436,2
4712,66000,387130000C,(04)23274275,(04)23288582,2023,8,12,18,51,臺中市,太平區,0,1,0,7,1,6,50,13,7,1,5,4,6,6,4,4,5,4,4,2,12,7,3,10,3,1,B03,7,9,1,8,2,5,,7,7,1,10,4,B03,120.708995,24.149397,2
4713,66000,387130000C,(04)23274275,(04)23288582,2023,8,12,18,56,臺中市,南屯區,0,0,0,7,,,50,,,,,,,,,,,,,,17,49,,,,,B03,,,1,,2,,,49,,1,13,4,B03,120.612963,24.148859,3
4714,66000,387130000C,(04)23274275,(04)23288582,2023,8,12,18,57,臺中市,太平區,0,1,0,7,1,6,50,3,2,1,5,4,6,6,4,4,5,5,5,2,17,84,2,9,1,1,C03,7,9,1,10,2,11,,84,84,1,12,4,C03,120.713456,24.151806,2
4715,66000,387130000C,(04)23274275,(04)23288582,2023,8,12,18,58,臺中市,清水區,0,0,0,7,,,60,,,,,,,,,,,,,,13,59,,,,,B03,,,1,,1,,,59,,1,12,4,B03,120.596946,24.306064,3
4716,66000,387130000C,(04)23274275,(04)23288582,2023,8,12,19,0,臺中市,霧峰區,0,2,0,7,1,6,50,4,1,1,5,4,6,6,1,1,10,5,5,1,16,11,2,9,2,1,C03,7,6,1,10,2,12,,11,11,1,13,4,C03,120.686882,24.05388,2
4717,66000,387130000C,(04)23274275,(04)23288582,2023,8,12,19,0,臺中市,龍井區,0,0,0,7,,,50,,,,,,,,,,,,,,13,84,,,,,B03,,,1,,1,,,84,84,1,12,4,B03,120.581885,24.187831,3
4718,66000,387130000C,(04)23274275,(04)23288582,2023,8,12,19,2,臺中市,北區,0,0,0,7,,,50,,,,,,,,,,,,,,14,49,,,,,C04,,,1,,1,,,49,,1,12,4,C04,120.679136,24.170194,3
4719,66000,387130000C,(04)23274275,(04)23288582,2023,8,12,19,8,臺中市,沙鹿區,0,0,0,7,,,50,,,,,,,,,,,,,,23,59,,,,,B03,,,1,,2,,,59,59,1,13,4,B03,120.562522,24.233425,3
4720,66000,387130000C,(04)23274275,(04)23288582,2023,8,12,19,21,臺中市,西區,0,0,0,7,,,50,,,,,,,,,,,,,,,51,,,,,B03,,,1,,1,,,51,,1,6,4,B03,120.664298,24.145535,3
4721,66000,387130000C,(04)23274275,(04)23288582,2023,8,12,19,25,臺中市,太平區,0,2,0,7,1,6,50,4,1,1,5,4,6,6,1,1,5,5,5,2,15,21,2,9,1,1,C01,7,9,1,9,2,11,,21,21,1,12,4,C01,120.722525,24.142371,2
4722,66000,387130000C,(04)23274275,(04)23288582,2023,8,12,19,25,臺中市,梧棲區,0,1,0,7,1,6,50,3,2,1,5,4,6,6,4,4,5,5,5,2,16,14,3,10,3,1,B03,7,6,1,8,2,8,,14,14,1,6,4,B03,120.53655,24.225482,2
4723,66000,387130000C,(04)23274275,(04)23288582,2023,8,12,19,31,臺中市,后里區,0,0,0,7,,,50,,,,,,,,,,,,,,13,8,,,,,B03,,,1,,2,,,8,,1,6,4,B03,120.689036,24.314616,3
4724,66000,387130000C,(04)23274275,(04)23288582,2023,8,12,19,36,臺中市,南屯區,0,1,0,7,1,6,40,4,1,1,5,4,6,6,1,1,10,5,5,2,17,58,2,9,6,1,F01,7,9,7,21,1,11,,58,58,1,12,4,F01,120.650607,24.153604,2
4725,66000,387130000C,(04)23274275,(04)23288582,2023,8,12,19,36,臺中市,南屯區,0,2,0,7,1,6,50,4,1,1,5,4,6,6,2,1,10,5,5,2,12,42,2,9,2,1,C03,7,9,1,10,2,12,,87,42,1,12,4,C03,120.615231,24.147953,2
4726,66000,387130000C,(04)23274275,(04)23288582,2023,8,12,19,43,臺中市,北屯區,0,0,0,7,,,50,,,,,,,,,,,,,,14,49,,,,,B03,,,1,,2,,,49,49,1,12,4,B03,120.70836,24.178231,3
4727,66000,387130000C,(04)23274275,(04)23288582,2023,8,12,19,45,臺中市,大雅區,0,0,0,7,,,50,,,,,,,,,,,,,,,59,,,,,A11,,,1,,2,,,59,,1,12,4,A11,120.650818,24.216506,3
4728,66000,387130000C,(04)23274275,(04)23288582,2023,8,12,19,45,臺中市,東區,0,0,0,6,,,50,,,,,,,,,,,,,,13,7,,,,,B03,,,1,,1,,,7,,1,13,4,B03,120.696509,24.136899,3
4729,66000,387130000C,(04)23274275,(04)23288582,2023,8,12,19,46,臺中市,北區,0,1,0,7,1,6,50,4,1,1,5,4,6,6,1,1,10,5,5,2,16,11,3,10,3,1,B02,7,6,1,8,2,1,,11,11,1,13,4,B02,120.676522,24.160373,2
4730,66000,387130000C,(04)23274275,(04)23288582,2023,8,12,19,49,臺中市,太平區,0,1,0,7,1,6,50,3,19,1,5,4,6,6,1,1,10,5,5,2,3,10,3,10,3,1,B03,7,6,1,8,2,1,,10,10,1,12,4,B03,120.710682,24.150275,2
4731,66000,387130000C,(04)23274275,(04)23288582,2023,8,12,19,50,臺中市,潭子區,0,0,0,7,,,50,,,,,,,,,,,,,,,41,,,,,B03,,,1,,2,,,41,,1,13,4,B03,120.689836,24.230802,3
4732,66000,387130000C,(04)23274275,(04)23288582,2023,8,12,19,55,臺中市,南屯區,0,0,0,7,,,40,,,,,,,,,,,,,,,25,,,,,B03,,,1,,2,,,25,,2,12,4,B03,120.623164,24.149893,3
4733,66000,387130000C,(04)23274275,(04)23288582,2023,8,12,19,58,臺中市,西屯區,0,0,0,7,,,40,,,,,,,,,,,,,,,14,,,,,B01,,,1,,2,,,14,,1,12,4,B01,120.638325,24.169474,3
4734,66000,387130000C,(04)23274275,(04)23288582,2023,8,12,20,5,臺中市,大甲區,0,1,0,7,1,6,50,4,1,1,5,4,6,6,4,4,10,5,5,2,15,15,3,10,3,1,B03,7,9,1,8,2,5,,15,15,1,6,4,B03,120.61799,24.348358,2
4735,66000,387130000C,(04)23274275,(04)23288582,2023,8,12,20,8,臺中市,北區,0,0,0,7,,,50,,,,,,,,,,,,,,,49,,,,,B03,,,1,,2,,,49,,1,12,4,B03,120.684837,24.167006,3
4736,66000,387130000C,(04)23274275,(04)23288582,2023,8,12,20,14,臺中市,大肚區,0,1,0,7,1,6,70,4,2,1,5,4,6,6,1,1,1,4,4,1,3,95,2,9,6,5,H01,8,16,7,21,10,17,,95,95,1,12,5,H01,120.552283,24.136014,2
4737,66000,387130000C,(04)23274275,(04)23288582,2023,8,12,20,19,臺中市,龍井區,0,0,0,7,,,30,,,,,,,,,,,,,,11,8,,,,,B03,,,1,,2,,,8,,1,12,4,B03,120.577124,24.177404,3
4738,66000,387130000C,(04)23274275,(04)23288582,2023,8,12,20,26,臺中市,西區,0,0,0,7,,,50,,,,,,,,,,,,,,17,85,,,,,,,,,,,,,85,,1,,,,120.661427,24.135801,4
4739,66000,387130000C,(04)23274275,(04)23288582,2023,8,12,20,30,臺中市,大雅區,0,0,0,7,,,50,,,,,,,,,,,,,,,59,,,,,B03,,,1,,2,,,59,,1,12,4,B03,120.650649,24.229229,3
4740,66000,387130000C,(04)23274275,(04)23288582,2023,8,12,20,30,臺中市,沙鹿區,0,1,0,7,1,6,50,4,2,1,5,4,6,6,3,1,5,4,5,1,13,58,3,10,5,1,B03,7,9,5,8,9,1,,58,58,2,6,4,B03,120.573295,24.222493,2
4741,66000,387130000C,(04)23274275,(04)23288582,2023,8,12,20,35,臺中市,大甲區,0,0,0,6,,,50,,,,,,,,,,,,,,14,49,,,,,B03,,,1,,1,,,49,49,1,13,4,B03,120.633951,24.344781,3
4742,66000,387130000C,(04)23274275,(04)23288582,2023,8,12,20,41,臺中市,北區,0,0,0,7,,,50,,,,,,,,,,,,,,11,8,,,,,B01,,,1,,1,,,8,,1,12,4,B01,120.684744,24.153621,4
4743,66000,387130000C,(04)23274275,(04)23288582,2023,8,12,20,41,臺中市,南屯區,0,1,0,7,1,6,50,13,9,1,5,4,6,6,4,4,3,4,5,2,30,119,,,,,,,,,,,,,119,119,1,,,,120.640719,24.146487,2