序號,縣市別代碼,機關代碼,市話,傳真,年,月,日,時,分,縣市,區,死亡數量,受傷數量,2-30,天候,光線,道路類別,速限,道路型態,事故位置,路面鋪裝,路面狀態,路面缺陷,障礙物,視距,號誌種類,號誌動作,分向設施,快車道或一般車道間,快慢車道間,路面邊線,事故類型及型態,主要肇因,受傷程度,主要傷處,保護裝備,行動電話,當事者區分(類別),車輛用途,當事者行動狀態,駕駛資格情形,駕駛執照種類,飲酒情形,車輛撞擊部位最初,車輛撞擊部位其他,肇事因素個別,肇事因素主要,肇事逃逸,職業,旅次目的,車種,GPS座標X,GPS座標Y,事故類別
4744,66000,387130000C,(04)23274275,(04)23288582,2023,8,12,20,43,臺中市,東區,0,0,0,7,,,50,,,,,,,,,,,,,,,7,,,,,B03,,,1,,1,,,7,,1,12,4,B03,120.690653,24.13471,3
4745,66000,387130000C,(04)23274275,(04)23288582,2023,8,12,20,44,臺中市,西區,0,0,0,7,,,50,,,,,,,,,,,,,,,50,,,,,B03,,,1,,2,,,50,,1,6,4,B03,120.674574,24.148892,3
4746,66000,387130000C,(04)23274275,(04)23288582,2023,8,12,20,46,臺中市,西區,0,1,0,7,1,6,50,4,1,1,5,4,6,6,2,1,10,5,5,2,16,84,3,10,3,1,E03,7,6,1,8,2,5,,84,84,1,11,4,E03,120.67053,24.146168,2
4747,66000,387130000C,(04)23274275,(04)23288582,2023,8,12,21,5,臺中市,北屯區,0,0,0,7,,,50,,,,,,,,,,,,,,13,7,,,,,C03,,,1,,1,,,7,,1,12,4,C03,120.692188,24.169009,4
4748,66000,387130000C,(04)23274275,(04)23288582,2023,8,12,21,10,臺中市,大雅區,0,2,0,7,1,6,50,4,1,1,5,4,6,6,4,4,10,5,5,2,15,15,2,9,2,1,C03,7,9,1,10,2,11,,15,15,1,12,4,C03,120.647203,24.225707,2
4749,66000,387130000C,(04)23274275,(04)23288582,2023,8,12,21,18,臺中市,梧棲區,0,0,0,7,,,50,,,,,,,,,,,,,,13,7,,,,,C03,,,1,,1,,,7,,1,6,2,C03,120.537771,24.245738,4
4750,66000,387130000C,(04)23274275,(04)23288582,2023,8,12,21,22,臺中市,北屯區,0,0,0,7,,,50,,,,,,,,,,,,,,17,59,,,,,B03,,,1,,1,,,59,59,1,12,4,B03,120.665536,24.186275,3
4751,66000,387130000C,(04)23274275,(04)23288582,2023,8,12,21,30,臺中市,北區,0,1,0,7,1,6,50,13,7,1,5,4,6,6,4,4,1,4,4,2,13,84,2,9,2,1,C03,7,9,2,19,2,11,,84,7,1,13,4,C03,120.675701,24.150146,2
4752,66000,387130000C,(04)23274275,(04)23288582,2023,8,12,21,30,臺中市,北屯區,0,0,0,7,,,50,,,,,,,,,,,,,,17,84,,,,,B03,,,1,,2,,,84,,1,12,4,B03,120.679636,24.172614,3
4753,66000,387130000C,(04)23274275,(04)23288582,2023,8,12,21,31,臺中市,西屯區,0,0,0,7,,,50,,,,,,,,,,,,,,,40,,,,,C03,,,1,,2,,,40,,1,12,4,C03,120.621921,24.186405,3
4754,66000,387130000C,(04)23274275,(04)23288582,2023,8,12,21,39,臺中市,西區,0,0,0,7,,,50,,,,,,,,,,,,,,12,84,,,,,B03,,,1,,2,,,84,,1,12,4,B03,120.671501,24.14977,3
4755,66000,387130000C,(04)23274275,(04)23288582,2023,8,12,21,40,臺中市,沙鹿區,0,2,0,6,1,6,40,7,11,1,5,4,6,6,4,4,10,5,5,1,12,59,2,9,2,1,C03,7,9,1,10,2,11,,59,59,1,12,4,C03,120.558935,24.241729,2
4756,66000,387130000C,(04)23274275,(04)23288582,2023,8,12,21,41,臺中市,大里區,0,1,0,7,1,6,50,3,1,1,5,4,6,6,1,1,1,4,5,1,15,21,3,10,2,1,C03,7,9,1,10,2,11,,21,21,1,13,4,C03,120.689473,24.096481,2
4757,66000,387130000C,(04)23274275,(04)23288582,2023,8,12,21,45,臺中市,西區,0,1,0,7,1,6,50,4,2,1,5,4,6,6,1,1,10,5,5,2,16,84,3,10,2,1,C03,7,5,1,10,1,13,,84,84,1,13,4,C03,120.659824,24.161152,2
4758,66000,387130000C,(04)23274275,(04)23288582,2023,8,12,21,55,臺中市,潭子區,0,2,0,7,1,6,50,4,1,1,5,4,6,6,4,4,5,5,5,1,13,7,2,8,2,1,C03,7,9,1,10,2,11,,7,7,1,13,4,C03,120.701813,24.194401,2
4759,66000,387130000C,(04)23274275,(04)23288582,2023,8,12,22,7,臺中市,西屯區,0,2,0,7,1,6,50,4,1,1,5,4,6,6,1,1,10,5,5,2,17,14,2,9,1,1,C03,7,6,1,10,2,14,,14,14,1,12,4,C03,120.642498,24.18228,2
4760,66000,387130000C,(04)23274275,(04)23288582,2023,8,12,22,8,臺中市,北區,0,2,0,7,1,6,50,4,9,1,5,4,6,6,1,1,1,4,4,2,17,7,3,10,3,1,B03,7,9,1,8,2,16,,7,7,1,12,4,B03,120.679806,24.152296,2
4761,66000,387130000C,(04)23274275,(04)23288582,2023,8,12,22,13,臺中市,梧棲區,0,1,0,7,1,6,50,4,1,1,5,4,6,6,1,1,10,5,5,2,16,11,,,,,,,,,,,,,,,,,,,120.539493,24.26177,2
4762,66000,387130000C,(04)23274275,(04)23288582,2023,8,12,22,19,臺中市,南區,0,2,0,7,1,6,50,13,7,1,5,4,6,6,4,4,1,4,4,2,12,7,3,10,1,1,C03,7,7,1,10,9,16,,65,7,1,12,4,C03,120.684494,24.129481,2
4763,66000,387130000C,(04)23274275,(04)23288582,2023,8,12,22,25,臺中市,南區,0,0,0,7,,,50,,,,,,,,,,,,,,,8,,,,,B03,,,1,,2,,,8,,1,12,4,B03,120.653289,24.121969,3
4764,66000,387130000C,(04)23274275,(04)23288582,2023,8,12,22,30,臺中市,大安區,0,0,0,7,,,50,,,,,,,,,,,,,,,49,,,,,B12,,,1,,2,,,49,,1,5,4,B12,120.603192,24.361143,3
4765,66000,387130000C,(04)23274275,(04)23288582,2023,8,12,22,32,臺中市,太平區,0,1,0,7,1,6,50,3,1,1,5,3,6,6,4,4,10,5,5,2,30,87,2,9,1,1,C03,7,9,1,10,2,11,12,87,87,1,12,4,C03,120.714649,24.143471,2
4766,66000,387130000C,(04)23274275,(04)23288582,2023,8,12,22,35,臺中市,大肚區,0,1,0,7,1,6,30,11,9,1,5,4,5,6,4,4,10,5,5,2,18,87,2,9,2,1,C03,7,9,1,10,2,15,,87,87,1,12,4,C03,120.581398,24.117958,2
4767,66000,387130000C,(04)23274275,(04)23288582,2023,8,12,22,35,臺中市,大肚區,0,0,0,7,,,50,,,,,,,,,,,,,,,49,,,,,B03,,,1,,2,,,49,,1,12,4,B03,120.576273,24.119094,3
4768,66000,387130000C,(04)23274275,(04)23288582,2023,8,12,22,53,臺中市,南屯區,0,0,0,7,,,50,,,,,,,,,,,,,,,58,,,,,C03,,,1,,1,,,58,,1,12,4,C03,120.633667,24.14938,3
4769,66000,387130000C,(04)23274275,(04)23288582,2023,8,12,22,55,臺中市,太平區,0,0,0,7,,,50,,,,,,,,,,,,,,,7,,,,,B03,,,1,,2,,,7,,1,12,4,B03,120.711097,24.151041,3
4770,66000,387130000C,(04)23274275,(04)23288582,2023,8,12,23,1,臺中市,北區,0,0,0,7,,,50,,,,,,,,,,,,,,14,49,,,,,B01,,,1,,2,,,49,,1,12,4,B01,120.688057,24.157501,4
4771,66000,387130000C,(04)23274275,(04)23288582,2023,8,12,23,8,臺中市,西屯區,0,1,0,7,2,6,50,13,9,1,5,4,6,6,4,4,1,4,5,2,13,84,3,10,5,4,C03,7,9,1,10,2,11,,84,84,1,13,4,C03,120.629788,24.171217,2
4772,66000,387130000C,(04)23274275,(04)23288582,2023,8,12,23,13,臺中市,西屯區,0,0,0,7,,,50,,,,,,,,,,,,,,13,7,,,,,B03,,,1,,2,,,7,,1,6,4,B03,120.635871,24.17099,3
4773,66000,387130000C,(04)23274275,(04)23288582,2023,8,12,23,33,臺中市,北屯區,0,0,0,7,,,80,,,,,,,,,,,,,,13,7,,,,,B03,,,1,,1,,,7,,1,12,4,B03,120.68847,24.201012,3
4774,66000,387130000C,(04)23274275,(04)23288582,2023,8,12,23,35,臺中市,太平區,0,0,0,7,1,6,50,13,9,1,5,4,6,6,4,4,5,2,5,1,13,84,3,10,3,1,B03,7,12,1,8,2,1,,84,84,1,12,4,B03,120.732509,24.135277,3
4775,66000,387130000C,(04)23274275,(04)23288582,2023,8,12,23,43,臺中市,西屯區,0,2,0,7,2,6,50,13,8,1,5,4,6,6,4,4,5,5,4,2,3,84,2,9,5,4,C03,7,9,1,10,2,11,,84,84,1,13,4,C03,120.646971,24.165468,2
4776,66000,387130000C,(04)23274275,(04)23288582,2023,8,12,23,44,臺中市,烏日區,0,0,0,7,,,50,,,,,,,,,,,,,,,20,,,,,B03,,,1,,2,,,20,,1,12,4,B03,120.624288,24.102624,3
4777,66000,387130000C,(04)23274275,(04)23288582,2023,8,13,0,7,臺中市,南區,0,1,0,7,1,6,50,13,9,1,5,4,6,6,4,4,9,5,5,2,17,85,3,10,5,4,C03,7,15,1,10,2,16,,85,85,1,13,4,C03,120.665487,24.127144,2
4778,66000,387130000C,(04)23274275,(04)23288582,2023,8,13,0,10,臺中市,北屯區,0,1,0,7,1,6,50,5,1,1,5,4,6,6,3,1,10,5,5,2,18,84,2,9,1,1,C03,7,9,1,10,2,12,,84,84,1,12,4,C03,120.696474,24.173283,2
4779,66000,387130000C,(04)23274275,(04)23288582,2023,8,13,0,11,臺中市,太平區,0,0,0,7,,,50,,,,,,,,,,,,,,,49,,,,,B03,,,1,,2,,,49,,1,12,4,B03,120.722611,24.154986,3
4780,66000,387130000C,(04)23274275,(04)23288582,2023,8,13,0,39,臺中市,太平區,0,0,0,7,,,40,,,,,,,,,,,,,,,84,,,,,B03,,,1,,2,,,84,,1,12,4,B03,120.733413,24.152977,3
4781,66000,387130000C,(04)23274275,(04)23288582,2023,8,13,0,56,臺中市,后里區,0,0,0,7,1,6,50,13,14,1,5,4,6,6,4,4,5,5,5,1,17,84,3,10,3,1,B03,7,9,1,8,7,5,,84,84,1,12,4,B03,120.709998,24.308206,3
4782,66000,387130000C,(04)23274275,(04)23288582,2023,8,13,0,57,臺中市,后里區,0,1,0,7,1,6,50,13,14,1,5,4,6,6,4,4,1,5,5,1,17,84,2,9,3,1,B03,7,9,1,8,7,5,,84,84,1,12,4,B03,120.709595,24.30424,2
4783,66000,387130000C,(04)23274275,(04)23288582,2023,8,13,1,43,臺中市,西屯區,0,2,0,7,1,6,50,3,1,1,5,4,6,6,4,4,10,5,5,2,16,20,2,9,2,1,C03,7,6,1,10,2,14,,20,20,1,12,4,C03,120.644923,24.179959,2
4784,66000,387130000C,(04)23274275,(04)23288582,2023,8,13,1,54,臺中市,西屯區,0,2,0,7,2,6,50,4,1,1,5,4,6,6,4,4,10,5,5,2,16,84,3,10,5,4,B03,7,8,1,8,2,8,,84,84,1,13,4,B03,120.645745,24.178828,2
4785,66000,387130000C,(04)23274275,(04)23288582,2023,8,13,2,0,臺中市,西屯區,0,0,0,7,,,50,,,,,,,,,,,,,,15,84,,,,,C03,,,1,,1,,,84,,1,12,4,C03,120.64453,24.194374,3
4786,66000,387130000C,(04)23274275,(04)23288582,2023,8,13,2,29,臺中市,大甲區,0,1,0,7,1,6,50,11,8,1,5,4,6,6,4,4,5,4,4,2,26,84,2,9,2,1,C01,7,9,3,19,2,11,,84,84,1,6,4,C01,120.632809,24.354002,2
4787,66000,387130000C,(04)23274275,(04)23288582,2023,8,13,2,54,臺中市,東區,0,1,0,7,1,6,50,4,1,1,5,4,6,6,2,1,5,5,4,2,16,11,3,10,3,1,B03,7,6,1,8,2,2,,11,11,1,12,4,B03,120.701456,24.138879,2
4788,66000,387130000C,(04)23274275,(04)23288582,2023,8,13,4,6,臺中市,梧棲區,0,0,0,7,,,40,,,,,,,,,,,,,,23,59,,,,,B03,,,1,,2,,,59,,1,6,4,B03,120.532985,24.220736,4
4789,66000,387130000C,(04)23274275,(04)23288582,2023,8,13,4,25,臺中市,西區,0,1,0,7,1,6,40,4,1,1,5,4,6,6,1,1,10,5,5,2,8,51,3,10,5,4,B01,7,1,1,4,2,8,,51,51,1,12,4,B01,120.672838,24.148436,2
4790,66000,387130000C,(04)23274275,(04)23288582,2023,8,13,5,22,臺中市,烏日區,0,0,0,7,,,60,,,,,,,,,,,,,,,84,,,,,B03,,,1,,2,,,84,,1,12,4,B03,120.6158,24.105795,3
4791,66000,387130000C,(04)23274275,(04)23288582,2023,8,13,5,27,臺中市,北區,0,0,0,7,,,50,,,,,,,,,,,,,,17,84,,,,,B03,,,1,,1,,,84,,1,13,4,B03,120.677303,24.151254,3
4792,66000,387130000C,(04)23274275,(04)23288582,2023,8,13,5,44,臺中市,豐原區,0,1,0,7,2,6,50,4,1,1,5,4,6,6,3,1,1,5,5,2,15,24,2,9,1,1,C03,7,9,1,10,2,11,,24,24,1,12,4,C03,120.725262,24.254928,2
4793,66000,387130000C,(04)23274275,(04)23288582,2023,8,13,5,45,臺中市,大里區,0,1,0,7,3,6,30,3,2,1,5,4,6,6,4,4,10,5,5,2,17,14,2,8,1,1,C03,7,5,1,10,2,14,,14,14,1,12,4,C03,120.715342,24.084896,2
4794,66000,387130000C,(04)23274275,(04)23288582,2023,8,13,5,48,臺中市,東區,0,2,0,7,1,6,50,4,1,1,5,4,6,6,1,1,10,5,5,2,15,21,2,7,5,4,C03,7,9,1,10,2,12,,21,21,1,13,4,C03,120.70224,24.135176,2
4795,66000,387130000C,(04)23274275,(04)23288582,2023,8,13,6,4,臺中市,梧棲區,0,0,0,7,,,90,,,,,,,,,,,,,,17,40,,,,,A41,,,1,,9,,,40,,1,6,4,A41,120.535064,24.247252,3
4796,66000,387130000C,(04)23274275,(04)23288582,2023,8,13,6,10,臺中市,南屯區,0,1,0,7,3,6,50,4,1,1,5,4,6,6,1,1,10,4,4,2,16,20,3,10,5,4,B03,7,5,1,8,2,5,,20,20,1,12,4,B03,120.634977,24.152593,2
4797,66000,387130000C,(04)23274275,(04)23288582,2023,8,13,6,28,臺中市,北區,0,1,0,7,2,6,50,4,1,1,5,4,6,6,1,1,1,4,4,2,15,21,3,10,3,1,B03,7,9,1,8,2,8,,21,21,1,12,4,B03,120.666082,24.162879,2
4798,66000,387130000C,(04)23274275,(04)23288582,2023,8,13,6,49,臺中市,南屯區,0,2,0,7,2,6,40,13,7,1,5,4,6,6,4,4,5,5,4,2,16,40,2,9,2,1,C03,7,8,1,10,2,14,,40,40,1,12,4,C03,120.650179,24.153361,2
4799,66000,387130000C,(04)23274275,(04)23288582,2023,8,13,7,9,臺中市,西屯區,0,0,0,7,,,40,,,,,,,,,,,,,,16,51,,,,,B03,,,1,,2,,,51,,1,13,4,B03,120.650292,24.178132,4
4800,66000,387130000C,(04)23274275,(04)23288582,2023,8,13,7,15,臺中市,霧峰區,0,2,0,7,3,6,40,4,1,1,5,4,6,6,1,1,10,5,5,1,15,21,2,9,2,1,C03,7,9,1,10,2,11,,21,21,1,13,4,C03,120.694288,24.066038,2
4801,66000,387130000C,(04)23274275,(04)23288582,2023,8,13,7,30,臺中市,清水區,0,1,0,7,3,6,40,13,7,1,5,4,6,6,4,4,1,4,4,2,17,51,3,10,3,1,B03,7,1,1,8,2,16,,51,51,1,12,4,B03,120.576941,24.275166,2
4802,66000,387130000C,(04)23274275,(04)23288582,2023,8,13,7,38,臺中市,神岡區,0,0,0,7,,,50,,,,,,,,,,,,,,,40,,,,,B03,,,1,,1,,,40,,1,13,4,B03,120.695866,24.248599,3
4803,66000,387130000C,(04)23274275,(04)23288582,2023,8,13,7,57,臺中市,豐原區,0,0,0,7,,,50,,,,,,,,,,,,,,13,7,,,,,B03,,,1,,2,,,7,,1,13,4,B03,120.714345,24.244955,3
4804,66000,387130000C,(04)23274275,(04)23288582,2023,8,13,8,26,臺中市,太平區,0,1,0,6,2,6,50,4,1,1,5,4,6,6,1,1,10,5,5,2,16,21,3,10,3,1,B03,7,9,1,5,2,1,,21,21,1,6,4,B03,120.71711,24.124086,2
4805,66000,387130000C,(04)23274275,(04)23288582,2023,8,13,8,35,臺中市,北屯區,0,0,0,7,,,50,,,,,,,,,,,,,,14,49,,,,,B03,,,1,,2,,,49,,1,13,4,B03,120.694606,24.161287,3
4806,66000,387130000C,(04)23274275,(04)23288582,2023,8,13,8,36,臺中市,神岡區,0,1,0,7,1,6,50,13,9,1,5,4,6,6,4,4,5,5,5,2,13,59,2,9,2,4,C03,7,9,5,10,2,11,,59,59,1,12,4,C03,120.684695,24.246114,2
4807,66000,387130000C,(04)23274275,(04)23288582,2023,8,13,8,39,臺中市,西屯區,0,2,0,7,2,6,50,13,9,1,5,4,6,6,4,4,5,4,5,2,13,84,2,7,3,1,B03,7,9,1,8,2,1,,84,84,1,13,4,B03,120.628477,24.203028,2
4808,66000,387130000C,(04)23274275,(04)23288582,2023,8,13,8,45,臺中市,北區,0,1,0,7,2,6,50,4,2,1,5,4,6,6,4,4,5,5,5,2,28,43,2,9,1,1,C03,7,9,1,10,2,11,,43,43,1,12,4,C03,120.697359,24.157159,2
4809,66000,387130000C,(04)23274275,(04)23288582,2023,8,13,8,51,臺中市,大甲區,0,1,0,7,2,6,50,4,1,1,5,4,6,6,1,1,10,5,5,2,16,8,2,7,1,1,F03,7,9,7,21,2,11,,8,8,1,12,4,F03,120.618249,24.348894,2
4810,66000,387130000C,(04)23274275,(04)23288582,2023,8,13,8,52,臺中市,南屯區,0,0,0,7,,,50,,,,,,,,,,,,,,,49,,,,,B03,,,1,,1,,,49,,1,13,4,B03,120.636097,24.143404,3
4811,66000,387130000C,(04)23274275,(04)23288582,2023,8,13,8,53,臺中市,大里區,0,2,0,6,3,6,50,3,1,1,5,4,6,6,4,4,5,4,4,2,12,8,2,9,5,4,C03,7,9,1,10,7,11,,8,8,1,13,4,C03,120.686928,24.100471,2
4812,66000,387130000C,(04)23274275,(04)23288582,2023,8,13,9,13,臺中市,北屯區,0,1,0,7,2,6,50,4,1,1,5,4,6,6,2,1,10,5,5,2,12,42,3,10,5,4,B03,7,9,1,7,2,5,,84,42,1,12,4,B03,120.701968,24.182164,2
4813,66000,387130000C,(04)23274275,(04)23288582,2023,8,13,9,14,臺中市,東區,0,0,0,6,,,30,,,,,,,,,,,,,,11,84,,,,,B03,,,1,,9,,,84,,2,12,4,B03,120.695936,24.151268,3
4814,66000,387130000C,(04)23274275,(04)23288582,2023,8,13,9,18,臺中市,北屯區,0,0,0,7,,,50,,,,,,,,,,,,,,,49,,,,,A05,,,1,,2,,,49,49,1,6,4,A05,120.727141,24.159451,3
4815,66000,387130000C,(04)23274275,(04)23288582,2023,8,13,9,20,臺中市,東區,0,2,0,6,2,6,30,13,9,1,5,4,6,6,4,4,10,5,5,2,17,51,2,9,1,1,C03,7,1,1,9,2,14,,51,51,1,13,4,C03,120.689994,24.142194,2
4816,66000,387130000C,(04)23274275,(04)23288582,2023,8,13,9,23,臺中市,東區,0,3,0,7,2,6,40,4,2,1,5,4,6,6,2,1,5,5,5,2,13,7,2,9,2,1,C03,7,9,1,9,2,11,,7,7,1,12,4,C03,120.70384,24.138573,2
4817,66000,387130000C,(04)23274275,(04)23288582,2023,8,13,9,26,臺中市,北屯區,0,2,0,7,2,6,50,4,1,1,5,4,6,6,2,1,10,5,5,2,12,39,2,9,2,1,C03,7,9,1,10,2,14,12,39,39,1,12,4,C03,120.685477,24.171949,2
4818,66000,387130000C,(04)23274275,(04)23288582,2023,8,13,9,26,臺中市,太平區,0,0,0,7,,,50,,,,,,,,,,,,,,,51,,,,,B03,,,1,,1,,,51,,1,12,4,B03,120.720527,24.159079,3
4819,66000,387130000C,(04)23274275,(04)23288582,2023,8,13,9,30,臺中市,烏日區,0,0,0,7,,,60,,,,,,,,,,,,,,13,7,,,,,A12,,,1,,2,,,7,,1,12,4,A12,120.646143,24.067136,3
4820,66000,387130000C,(04)23274275,(04)23288582,2023,8,13,9,32,臺中市,大雅區,0,1,0,6,2,6,50,3,1,1,5,4,6,6,1,1,3,4,5,1,17,36,2,9,2,1,C03,7,6,3,19,2,11,,36,36,1,12,4,C03,120.658177,24.230929,2
4821,66000,387130000C,(04)23274275,(04)23288582,2023,8,13,9,34,臺中市,北屯區,0,0,0,7,,,50,,,,,,,,,,,,,,17,84,,,,,C03,,,1,,1,,,84,,1,13,4,C03,120.709619,24.171264,4
4822,66000,387130000C,(04)23274275,(04)23288582,2023,8,13,9,40,臺中市,北屯區,0,0,0,7,,,50,,,,,,,,,,,,,,16,18,,,,,A11,,,1,1,2,,,18,18,1,12,4,A11,120.739997,24.179181,3
4823,66000,387130000C,(04)23274275,(04)23288582,2023,8,13,9,48,臺中市,太平區,0,0,0,5,,,30,,,,,,,,,,,,,,,49,,,,,B03,,,1,,2,,,49,,1,13,4,B03,120.725105,24.156061,3
4824,66000,387130000C,(04)23274275,(04)23288582,2023,8,13,9,52,臺中市,石岡區,0,0,0,7,,,50,,,,,,,,,,,,,,13,59,,,,,B03,,,1,,2,,,59,,1,13,4,B03,120.776247,24.276606,3
4825,66000,387130000C,(04)23274275,(04)23288582,2023,8,13,9,56,臺中市,太平區,0,1,0,6,2,6,50,4,1,1,5,4,6,6,1,1,10,5,5,2,16,11,3,10,3,1,B12,7,5,1,8,2,5,,11,11,1,6,4,B12,120.726963,24.115386,2
4826,66000,387130000C,(04)23274275,(04)23288582,2023,8,13,10,0,臺中市,烏日區,0,0,0,7,,,30,,,,,,,,,,,,,,16,87,,,,,C03,,,1,,1,,,87,,1,12,4,C03,120.623035,24.10839,4
4827,66000,387130000C,(04)23274275,(04)23288582,2023,8,13,10,20,臺中市,大肚區,0,2,0,7,2,6,50,13,8,1,5,4,6,6,4,4,1,4,4,1,14,49,3,10,3,1,B03,7,2,1,8,2,7,,49,49,1,6,4,B03,120.572294,24.120618,2
4828,66000,387130000C,(04)23274275,(04)23288582,2023,8,13,10,29,臺中市,后里區,0,0,0,7,,,50,,,,,,,,,,,,,,14,39,,,,,C03,,,1,,2,,,39,,1,12,4,C03,120.709071,24.305765,3
4829,66000,387130000C,(04)23274275,(04)23288582,2023,8,13,10,31,臺中市,北屯區,0,1,0,7,1,6,50,4,1,1,5,4,6,6,2,1,10,5,5,2,17,11,3,10,5,4,B03,7,5,1,8,2,5,,11,11,1,6,4,B03,120.686512,24.193214,2
4830,66000,387130000C,(04)23274275,(04)23288582,2023,8,13,10,42,臺中市,南屯區,0,0,0,7,,,50,,,,,,,,,,,,,,13,59,,,,,B03,,,1,,1,,,59,,1,6,4,B03,120.64643,24.129209,3
4831,66000,387130000C,(04)23274275,(04)23288582,2023,8,13,10,44,臺中市,西屯區,0,0,0,7,,,50,,,,,,,,,,,,,,,84,,,,,B03,,,1,,1,,,84,84,1,13,4,B03,120.662034,24.172262,3
4832,66000,387130000C,(04)23274275,(04)23288582,2023,8,13,10,48,臺中市,西屯區,0,0,0,7,,,50,,,,,,,,,,,,,,,1,,,,,B03,,,1,,2,,,1,,1,12,4,B03,120.633309,24.173817,3
4833,66000,387130000C,(04)23274275,(04)23288582,2023,8,13,10,52,臺中市,北區,0,4,0,7,2,6,50,4,2,1,5,4,6,6,1,1,5,4,5,2,17,84,2,9,5,1,C04,7,9,1,8,2,12,,84,84,1,13,4,C04,120.671319,24.14545,2
4834,66000,387130000C,(04)23274275,(04)23288582,2023,8,13,10,52,臺中市,北區,0,0,0,7,,,60,,,,,,,,,,,,,,13,7,,,,,B03,,,1,,1,,,7,,1,13,4,B03,120.664208,24.154416,3
4835,66000,387130000C,(04)23274275,(04)23288582,2023,8,13,10,54,臺中市,豐原區,0,1,0,7,3,6,50,13,8,1,5,4,6,6,4,4,1,4,4,1,17,20,3,10,5,4,B03,7,5,1,8,2,2,,20,20,1,13,4,B03,120.756064,24.275153,2
4836,66000,387130000C,(04)23274275,(04)23288582,2023,8,13,10,55,臺中市,太平區,0,2,0,7,3,6,30,3,1,1,5,4,6,6,4,4,10,5,5,2,16,1,3,10,2,1,C03,7,9,3,19,2,14,,1,1,1,12,4,C03,120.734305,24.147819,2
4837,66000,387130000C,(04)23274275,(04)23288582,2023,8,13,10,56,臺中市,西區,0,0,0,7,,,50,,,,,,,,,,,,,,,59,,,,,B03,,,1,,1,,,59,,1,12,4,B03,120.665117,24.156691,4
4838,66000,387130000C,(04)23274275,(04)23288582,2023,8,13,11,0,臺中市,北屯區,0,0,0,7,,,50,,,,,,,,,,,,,,13,84,,,,,B03,,,1,,1,,,84,84,1,12,4,B03,120.670005,24.199445,3
4839,66000,387130000C,(04)23274275,(04)23288582,2023,8,13,11,1,臺中市,大里區,0,0,0,7,,,30,,,,,,,,,,,,,,,49,,,,,B03,,,1,,9,,,49,,2,12,4,B03,120.707092,24.087834,3
4840,66000,387130000C,(04)23274275,(04)23288582,2023,8,13,11,5,臺中市,北區,0,1,0,7,2,6,50,13,9,1,5,4,6,6,4,4,1,5,5,2,16,47,3,10,5,1,B03,7,5,1,8,2,5,,47,47,1,13,4,B03,120.675103,24.165519,2
4841,66000,387130000C,(04)23274275,(04)23288582,2023,8,13,11,7,臺中市,南區,0,1,0,7,3,6,40,4,1,1,4,4,6,6,2,1,10,5,5,2,18,84,2,9,2,1,C03,7,9,1,10,2,12,,84,84,1,12,4,C03,120.675172,24.124121,2
4842,66000,387130000C,(04)23274275,(04)23288582,2023,8,13,11,8,臺中市,潭子區,0,1,0,7,2,6,50,3,2,1,5,4,6,6,1,1,1,5,5,1,16,11,3,10,3,1,B03,7,5,1,8,2,5,,11,11,1,13,4,B03,120.683556,24.216238,2
4843,66000,387130000C,(04)23274275,(04)23288582,2023,8,13,11,9,臺中市,東區,0,1,0,7,3,6,50,5,1,1,5,4,6,6,1,1,10,5,5,2,15,21,3,10,3,1,B03,7,9,1,6,2,7,,21,21,1,12,4,B03,120.691315,24.133514,2
4844,66000,387130000C,(04)23274275,(04)23288582,2023,8,13,11,9,臺中市,西屯區,0,1,0,7,3,6,50,4,1,1,5,4,6,6,2,1,1,4,5,1,17,84,2,9,1,1,C03,7,9,1,10,2,15,,84,84,1,13,4,C03,120.649796,24.162755,2
4845,66000,387130000C,(04)23274275,(04)23288582,2023,8,13,11,13,臺中市,龍井區,0,0,0,7,,,30,,,,,,,,,,,,,,19,43,,,,,B12,,,1,,2,,,43,,1,12,4,B12,120.579675,24.178035,3
4846,66000,387130000C,(04)23274275,(04)23288582,2023,8,13,11,14,臺中市,北區,0,2,0,7,2,6,50,13,9,1,5,4,6,6,4,4,5,4,5,2,12,40,3,10,2,1,C03,7,8,2,19,2,14,,40,40,1,12,4,C03,120.689398,24.154491,2
4847,66000,387130000C,(04)23274275,(04)23288582,2023,8,13,11,20,臺中市,豐原區,0,0,0,7,,,50,,,,,,,,,,,,,,13,59,,,,,C03,,,1,,2,,,59,,1,13,4,C03,120.742626,24.252686,3
4848,66000,387130000C,(04)23274275,(04)23288582,2023,8,13,11,24,臺中市,梧棲區,0,2,0,7,2,6,40,4,1,1,5,4,6,6,1,1,5,5,5,2,16,48,2,9,2,1,C03,7,6,1,10,2,11,,48,48,1,6,4,C03,120.53521,24.263295,2
4849,66000,387130000C,(04)23274275,(04)23288582,2023,8,13,11,29,臺中市,北區,0,2,0,7,2,6,50,4,1,1,5,4,6,6,4,4,5,5,5,2,15,15,2,9,1,1,C03,7,9,3,19,2,12,,15,15,1,12,4,C03,120.667548,24.166124,2
4850,66000,387130000C,(04)23274275,(04)23288582,2023,8,13,11,34,臺中市,烏日區,0,1,0,7,2,6,50,13,8,1,5,4,6,6,4,4,5,4,4,1,16,39,3,10,3,1,B03,7,11,1,8,2,5,2,39,39,1,12,4,B03,120.628388,24.105535,2