序號,縣市別代碼,機關代碼,市話,傳真,年,月,日,時,分,縣市,區,死亡數量,受傷數量,2-30,天候,光線,道路類別,速限,道路型態,事故位置,路面鋪裝,路面狀態,路面缺陷,障礙物,視距,號誌種類,號誌動作,分向設施,快車道或一般車道間,快慢車道間,路面邊線,事故類型及型態,主要肇因,受傷程度,主要傷處,保護裝備,行動電話,當事者區分(類別),車輛用途,當事者行動狀態,駕駛資格情形,駕駛執照種類,飲酒情形,車輛撞擊部位最初,車輛撞擊部位其他,肇事因素個別,肇事因素主要,肇事逃逸,職業,旅次目的,車種,GPS座標X,GPS座標Y,事故類別
4851,66000,387130000C,(04)23274275,(04)23288582,2023,8,13,11,40,臺中市,太平區,0,0,0,7,,,50,,,,,,,,,,,,,,,7,,,,,B01,,,1,,2,,,7,,1,13,4,B01,120.731326,24.134532,3
4852,66000,387130000C,(04)23274275,(04)23288582,2023,8,13,11,45,臺中市,霧峰區,0,0,0,7,,,50,,,,,,,,,,,,,,,8,,,,,B03,,,1,,9,,,8,,1,6,4,B03,120.700596,24.066449,3
4853,66000,387130000C,(04)23274275,(04)23288582,2023,8,13,11,49,臺中市,東區,0,3,0,7,2,6,50,3,1,1,5,4,6,6,4,4,10,5,5,2,17,14,2,9,1,1,C03,7,6,1,10,2,12,,14,14,1,13,4,C03,120.692432,24.140709,2
4854,66000,387130000C,(04)23274275,(04)23288582,2023,8,13,11,51,臺中市,北屯區,0,2,0,7,2,6,80,13,9,1,5,4,6,6,4,4,1,4,5,1,13,40,3,10,3,1,B03,7,8,1,8,2,8,,40,40,1,13,4,B03,120.719175,24.162438,2
4855,66000,387130000C,(04)23274275,(04)23288582,2023,8,13,11,52,臺中市,豐原區,0,0,0,7,,,50,,,,,,,,,,,,,,,7,,,,,B02,,,1,,2,,,7,,1,13,4,B02,120.751904,24.259233,3
4856,66000,387130000C,(04)23274275,(04)23288582,2023,8,13,11,58,臺中市,西屯區,0,0,0,7,,,50,,,,,,,,,,,,,,,84,,,,,B03,,,1,,1,,,84,,1,13,4,B03,120.647738,24.196645,3
4857,66000,387130000C,(04)23274275,(04)23288582,2023,8,13,12,0,臺中市,大甲區,0,0,0,7,,,50,,,,,,,,,,,,,,,7,,,,,B03,,,1,,1,,,7,,1,6,4,B03,120.626825,24.346505,3
4858,66000,387130000C,(04)23274275,(04)23288582,2023,8,13,12,19,臺中市,潭子區,0,1,0,7,2,6,50,13,14,1,5,4,6,6,4,4,5,4,5,1,25,82,2,8,1,1,C03,7,3,1,10,2,11,,82,82,1,13,4,C03,120.700582,24.213973,2
4859,66000,387130000C,(04)23274275,(04)23288582,2023,8,13,12,19,臺中市,西屯區,0,1,0,7,2,6,50,13,9,1,5,4,6,6,4,4,1,4,5,2,18,84,2,9,2,1,C03,7,7,1,10,2,14,,84,84,1,13,4,C03,120.614591,24.186619,2
4860,66000,387130000C,(04)23274275,(04)23288582,2023,8,13,12,19,臺中市,沙鹿區,0,1,0,7,2,6,50,13,9,1,5,4,6,6,4,4,4,5,5,2,17,84,3,10,3,1,B03,7,15,1,8,2,2,,84,84,1,6,4,B03,120.576626,24.224545,2
4861,66000,387130000C,(04)23274275,(04)23288582,2023,8,13,12,26,臺中市,大里區,0,0,0,7,,,50,,,,,,,,,,,,,,11,4,,,,,F01,,,1,,2,,,4,,1,13,4,F01,120.700184,24.108749,3
4862,66000,387130000C,(04)23274275,(04)23288582,2023,8,13,12,27,臺中市,北區,0,1,0,7,2,6,50,13,7,1,5,4,6,6,4,4,1,4,4,2,17,40,3,10,3,1,B03,7,7,1,8,2,7,,40,40,1,12,4,B03,120.677308,24.154872,2
4863,66000,387130000C,(04)23274275,(04)23288582,2023,8,13,12,27,臺中市,豐原區,0,1,0,7,2,6,60,3,8,1,5,4,6,6,4,4,1,3,4,1,16,11,3,10,3,1,B03,7,5,1,7,2,5,,11,11,1,6,4,B03,120.703308,24.252902,2
4864,66000,387130000C,(04)23274275,(04)23288582,2023,8,13,12,28,臺中市,西區,0,0,0,7,,,50,,,,,,,,,,,,,,,84,,,,,B03,,,1,,1,,,84,,1,12,4,B03,120.661856,24.15277,3
4865,66000,387130000C,(04)23274275,(04)23288582,2023,8,13,12,28,臺中市,大里區,0,0,0,7,,,50,,,,,,,,,,,,,,12,8,,,,,B03,,,1,,2,,,8,,1,6,4,B03,120.68868,24.10382,3
4866,66000,387130000C,(04)23274275,(04)23288582,2023,8,13,12,33,臺中市,南區,0,0,0,7,,,40,,,,,,,,,,,,,,,4,,,,,F01,,,7,,2,,,4,,1,12,4,F01,120.669138,24.114546,3
4867,66000,387130000C,(04)23274275,(04)23288582,2023,8,13,12,33,臺中市,豐原區,0,1,0,7,3,9,50,3,1,1,5,4,6,6,4,4,10,4,5,2,17,20,3,10,3,1,B03,7,9,1,8,2,5,,20,20,1,12,4,B03,120.708741,24.23744,2
4868,66000,387130000C,(04)23274275,(04)23288582,2023,8,13,12,34,臺中市,西區,0,1,0,7,2,6,50,4,1,1,5,4,1,4,2,1,10,5,5,2,16,6,2,9,1,1,C03,7,9,1,10,2,14,,6,6,1,6,4,C03,120.663096,24.146699,2
4869,66000,387130000C,(04)23274275,(04)23288582,2023,8,13,12,35,臺中市,潭子區,0,1,0,7,2,6,40,4,2,1,5,4,6,6,1,1,10,5,5,1,16,23,2,8,1,1,C03,7,6,1,10,2,11,,23,23,1,13,4,C03,120.716334,24.204387,2
4870,66000,387130000C,(04)23274275,(04)23288582,2023,8,13,12,40,臺中市,西屯區,0,0,0,7,,,50,,,,,,,,,,,,,,,84,,,,,B03,,,1,,2,,,84,,2,13,4,B03,120.667982,24.177269,3
4871,66000,387130000C,(04)23274275,(04)23288582,2023,8,13,12,41,臺中市,潭子區,0,2,0,7,2,6,50,5,1,1,5,4,6,6,2,1,1,4,5,2,15,21,3,10,3,1,A05,7,9,1,2,2,2,,21,21,1,12,4,A05,120.706031,24.200805,2
4872,66000,387130000C,(04)23274275,(04)23288582,2023,8,13,12,45,臺中市,西屯區,0,0,0,7,,,50,,,,,,,,,,,,,,17,84,,,,,B02,,,1,,1,,,84,,1,13,4,B02,120.664097,24.17259,3
4873,66000,387130000C,(04)23274275,(04)23288582,2023,8,13,12,47,臺中市,西區,0,0,0,7,,,50,,,,,,,,,,,,,,,49,,,,,B03,,,1,,1,,,49,,1,12,4,B03,120.666497,24.141377,3
4874,66000,387130000C,(04)23274275,(04)23288582,2023,8,13,12,47,臺中市,西區,0,0,0,7,,,40,,,,,,,,,,,,,,14,49,,,,,B03,,,1,,1,,,49,,1,13,4,B03,120.669913,24.138304,3
4875,66000,387130000C,(04)23274275,(04)23288582,2023,8,13,12,51,臺中市,豐原區,0,2,0,7,2,6,50,4,1,1,5,4,6,6,2,1,5,4,4,2,3,48,3,10,3,1,B03,7,6,1,8,2,8,,48,48,1,13,4,B03,120.714426,24.251066,2
4876,66000,387130000C,(04)23274275,(04)23288582,2023,8,13,12,53,臺中市,大雅區,0,2,0,7,1,6,30,4,1,1,5,4,6,6,4,4,10,5,5,2,15,15,2,9,2,1,C03,7,9,1,10,2,11,,15,15,1,12,4,C03,120.649347,24.239678,2
4877,66000,387130000C,(04)23274275,(04)23288582,2023,8,13,12,57,臺中市,南屯區,0,0,0,7,,,50,,,,,,,,,,,,,,,84,,,,,F03,,,7,,2,,,84,,1,12,4,F03,120.651367,24.15361,3
4878,66000,387130000C,(04)23274275,(04)23288582,2023,8,13,12,58,臺中市,南區,0,0,0,7,,,50,,,,,,,,,,,,,,12,51,,,,,B03,,,1,8,2,,,51,51,1,12,4,B03,120.65839,24.112471,3
4879,66000,387130000C,(04)23274275,(04)23288582,2023,8,13,12,59,臺中市,烏日區,0,2,0,7,1,6,50,3,2,1,5,4,6,6,4,4,5,5,4,2,16,13,2,9,1,1,C03,7,6,1,10,2,12,,13,13,1,12,4,C03,120.625898,24.108273,2
4880,66000,387130000C,(04)23274275,(04)23288582,2023,8,13,13,1,臺中市,南屯區,0,2,0,7,2,6,50,4,2,1,5,4,6,6,1,1,5,4,5,2,12,84,2,9,5,4,C03,7,6,1,10,2,14,,84,84,1,13,4,C03,120.643931,24.13824,2
4881,66000,387130000C,(04)23274275,(04)23288582,2023,8,13,13,3,臺中市,南屯區,0,1,0,7,3,6,40,4,2,1,5,4,6,6,4,4,5,5,5,2,17,20,3,10,3,1,B03,7,5,1,8,2,16,,20,20,1,12,4,B03,120.651471,24.129484,2
4882,66000,387130000C,(04)23274275,(04)23288582,2023,8,13,13,8,臺中市,大里區,0,1,0,7,2,6,50,3,2,1,5,4,6,6,2,1,5,5,5,1,12,84,3,10,3,1,B03,7,9,1,8,2,2,,84,84,1,6,4,B03,120.695582,24.099581,2
4883,66000,387130000C,(04)23274275,(04)23288582,2023,8,13,13,9,臺中市,大里區,0,1,0,7,3,6,50,4,1,1,5,4,6,6,2,1,5,4,5,1,16,20,2,9,5,4,C03,7,5,1,10,2,12,,20,20,1,13,4,C03,120.689732,24.108981,2
4884,66000,387130000C,(04)23274275,(04)23288582,2023,8,13,13,11,臺中市,西區,0,0,0,7,,,50,,,,,,,,,,,,,,,84,,,,,B03,,,1,8,1,,,87,84,1,13,4,B03,120.667598,24.149559,3
4885,66000,387130000C,(04)23274275,(04)23288582,2023,8,13,13,15,臺中市,北區,0,0,0,7,,,50,,,,,,,,,,,,,,13,7,,,,,B01,,,1,,1,,,7,,1,12,4,B01,120.684239,24.154248,3
4886,66000,387130000C,(04)23274275,(04)23288582,2023,8,13,13,18,臺中市,大里區,0,2,0,7,2,6,30,4,1,1,5,4,6,6,4,4,10,5,5,2,15,15,2,9,1,1,C03,7,9,1,10,2,11,,15,15,1,6,4,C03,120.681011,24.11562,2
4887,66000,387130000C,(04)23274275,(04)23288582,2023,8,13,13,22,臺中市,西屯區,0,2,0,7,2,6,50,13,9,1,5,4,6,6,4,4,5,5,5,2,3,59,2,9,1,4,C03,7,9,1,10,2,11,,59,59,1,12,3,C03,120.639145,24.180134,2
4888,66000,387130000C,(04)23274275,(04)23288582,2023,8,13,13,26,臺中市,北屯區,0,0,0,7,,,50,,,,,,,,,,,,,,13,84,,,,,B03,,,1,8,1,,,84,84,1,12,4,B03,120.695389,24.164936,3
4889,66000,387130000C,(04)23274275,(04)23288582,2023,8,13,13,29,臺中市,沙鹿區,0,1,0,7,2,6,70,13,7,1,5,4,6,6,4,4,1,4,4,1,17,40,2,9,2,1,C03,7,8,1,10,2,14,,40,40,1,13,4,C03,120.612029,24.245042,2
4890,66000,387130000C,(04)23274275,(04)23288582,2023,8,13,13,30,臺中市,大雅區,0,1,0,7,1,6,50,13,8,1,5,4,6,6,4,4,1,5,5,1,16,20,3,10,3,1,B03,7,7,1,8,2,2,,20,20,1,12,4,B03,120.632119,24.239374,2
4891,66000,387130000C,(04)23274275,(04)23288582,2023,8,13,13,30,臺中市,西屯區,0,1,0,7,3,6,40,13,8,1,5,4,6,6,4,4,5,4,4,1,17,51,3,10,3,1,B03,7,1,1,8,2,8,,51,51,1,13,4,B03,120.656276,24.169105,2
4892,66000,387130000C,(04)23274275,(04)23288582,2023,8,13,13,30,臺中市,太平區,0,2,0,7,3,6,40,3,1,1,5,4,6,6,1,1,10,5,5,1,12,53,2,9,1,1,F02,7,6,7,21,8,14,,53,53,1,6,4,F02,120.725972,24.120876,2
4893,66000,387130000C,(04)23274275,(04)23288582,2023,8,13,13,37,臺中市,西區,0,1,0,7,2,6,50,4,1,1,5,4,6,6,1,1,10,5,5,2,16,26,3,10,3,1,B03,7,5,1,8,2,6,,26,26,1,13,4,B03,120.675422,24.133556,2
4894,66000,387130000C,(04)23274275,(04)23288582,2023,8,13,13,47,臺中市,南屯區,0,0,0,7,,,50,,,,,,,,,,,,,,,84,,,,,B03,,,1,,2,,,84,,1,12,4,B03,120.646681,24.153613,3
4895,66000,387130000C,(04)23274275,(04)23288582,2023,8,13,13,49,臺中市,大里區,0,0,0,7,,,50,,,,,,,,,,,,,,12,8,,,,,C03,,,1,,2,,,8,,1,13,4,C03,120.700984,24.102646,3
4896,66000,387130000C,(04)23274275,(04)23288582,2023,8,13,13,50,臺中市,大里區,0,0,0,7,,,30,,,,,,,,,,,,,,15,15,,,,,B03,,,1,,2,,,15,,1,6,4,B03,120.67626,24.102545,3
4897,66000,387130000C,(04)23274275,(04)23288582,2023,8,13,13,53,臺中市,西屯區,0,0,0,7,,,30,,,,,,,,,,,,,,,84,,,,,C03,,,1,,1,,,84,84,1,13,2,C03,120.653018,24.165382,3
4898,66000,387130000C,(04)23274275,(04)23288582,2023,8,13,13,54,臺中市,北屯區,0,2,0,7,1,6,50,13,7,1,5,4,6,6,4,4,5,5,4,2,12,1,3,10,5,4,B03,7,4,1,8,2,2,,1,1,1,6,4,B03,120.687161,24.168373,2
4899,66000,387130000C,(04)23274275,(04)23288582,2023,8,13,13,56,臺中市,北屯區,0,1,0,7,2,6,50,13,9,1,5,4,6,6,4,4,5,5,5,1,18,84,2,9,4,1,F01,7,9,7,21,2,14,,84,84,1,12,4,F01,120.789077,24.201063,2
4900,66000,387130000C,(04)23274275,(04)23288582,2023,8,13,14,0,臺中市,豐原區,0,2,0,7,3,6,50,13,9,1,5,4,6,6,4,4,5,5,5,1,17,7,2,9,5,4,C03,7,9,1,10,2,12,,7,7,1,13,4,C03,120.718614,24.249612,2
4901,66000,387130000C,(04)23274275,(04)23288582,2023,8,13,14,1,臺中市,西屯區,0,0,0,7,2,6,50,13,9,1,5,4,6,6,4,4,1,4,5,2,17,58,3,10,2,1,C03,7,9,1,10,9,11,12,58,42,2,6,4,C03,120.646508,24.154695,3
4902,66000,387130000C,(04)23274275,(04)23288582,2023,8,13,14,16,臺中市,龍井區,0,0,0,7,,,40,,,,,,,,,,,,,,12,42,,,,,C03,,,1,,2,,,42,42,1,12,4,C03,120.580157,24.189864,3
4903,66000,387130000C,(04)23274275,(04)23288582,2023,8,13,14,25,臺中市,北區,0,0,0,7,,,30,,,,,,,,,,,,,,35,119,,,,,,,,,,,,,119,,1,,,,120.671893,24.173408,3
4904,66000,387130000C,(04)23274275,(04)23288582,2023,8,13,14,27,臺中市,北屯區,0,0,0,7,,,30,,,,,,,,,,,,,,,84,,,,,B03,,,1,,9,,,84,,2,6,4,B03,120.694448,24.174903,3
4905,66000,387130000C,(04)23274275,(04)23288582,2023,8,13,14,28,臺中市,東區,0,0,0,7,,,50,,,,,,,,,,,,,,12,35,,,,,B03,,,1,,2,,,35,,1,12,4,B03,120.70151,24.125407,3
4906,66000,387130000C,(04)23274275,(04)23288582,2023,8,13,14,35,臺中市,沙鹿區,0,0,0,7,,,50,,,,,,,,,,,,,,,51,,,,,B03,,,1,,2,,,51,,1,12,4,B03,120.563771,24.242096,3
4907,66000,387130000C,(04)23274275,(04)23288582,2023,8,13,14,37,臺中市,霧峰區,0,0,0,7,,,40,,,,,,,,,,,,,,12,8,,,,,B03,,,1,,2,,,8,,1,13,4,B03,120.685933,24.022822,3
4908,66000,387130000C,(04)23274275,(04)23288582,2023,8,13,14,46,臺中市,南屯區,0,0,0,7,,,50,,,,,,,,,,,,,,,8,,,,,B03,,,1,,1,,,8,,1,12,4,B03,120.65245,24.140032,3
4909,66000,387130000C,(04)23274275,(04)23288582,2023,8,13,14,47,臺中市,豐原區,0,0,0,7,2,6,50,,8,1,5,4,6,6,4,4,1,4,4,2,13,7,3,10,3,1,B03,7,9,1,8,6,1,,7,7,1,6,4,B03,120.721455,24.252041,3
4910,66000,387130000C,(04)23274275,(04)23288582,2023,8,13,14,55,臺中市,西屯區,0,1,0,7,2,6,50,4,1,1,5,4,6,6,1,1,1,3,5,2,13,7,2,9,2,1,C03,7,9,1,10,2,11,,7,7,1,13,4,C03,120.655444,24.199855,2
4911,66000,387130000C,(04)23274275,(04)23288582,2023,8,13,15,2,臺中市,北屯區,0,0,0,7,,,50,,,,,,,,,,,,,,12,84,,,,,B03,,,1,,1,,,84,,1,12,4,B03,120.68551,24.173904,3
4912,66000,387130000C,(04)23274275,(04)23288582,2023,8,13,15,7,臺中市,太平區,0,0,0,7,,,50,,,,,,,,,,,,,,13,58,,,,,C03,,,1,,2,,,58,,1,6,4,C03,120.733713,24.156941,3
4913,66000,387130000C,(04)23274275,(04)23288582,2023,8,13,15,16,臺中市,東區,0,2,0,7,2,6,50,4,1,1,5,4,6,6,2,1,10,5,5,2,16,11,2,9,1,5,H02,7,20,7,21,10,17,,119,11,1,12,5,H02,120.699676,24.144705,2
4914,66000,387130000C,(04)23274275,(04)23288582,2023,8,13,15,22,臺中市,北屯區,0,2,0,7,2,6,50,13,9,1,5,4,6,6,4,4,5,4,5,2,17,26,2,9,1,1,C03,7,8,1,10,2,12,,26,26,1,12,4,C03,120.710567,24.171719,2
4915,66000,387130000C,(04)23274275,(04)23288582,2023,8,13,15,29,臺中市,南屯區,0,0,0,5,,,50,,,,,,,,,,,,,,,50,,,,,B03,,,1,,2,,,50,50,1,13,4,B03,120.646063,24.12175,3
4916,66000,387130000C,(04)23274275,(04)23288582,2023,8,13,15,30,臺中市,沙鹿區,0,0,0,7,,,70,,,,,,,,,,,,,,,59,,,,,B03,,,1,,2,,,59,,1,6,4,B03,120.581299,24.205828,3
4917,66000,387130000C,(04)23274275,(04)23288582,2023,8,13,15,37,臺中市,西屯區,0,0,0,7,,,1,,,,,,,,,,,,,,,49,,,,,C03,,,1,,2,,,49,,1,13,2,C03,120.644072,24.182529,3
4918,66000,387130000C,(04)23274275,(04)23288582,2023,8,13,15,41,臺中市,東區,0,0,0,7,,,50,,,,,,,,,,,,,,,34,,,,,B03,,,1,,1,,,34,,1,6,4,B03,120.686981,24.140128,3
4919,66000,387130000C,(04)23274275,(04)23288582,2023,8,13,15,42,臺中市,北屯區,0,0,0,7,,,50,,,,,,,,,,,,,,13,59,,,,,B03,,,1,,1,,,59,,1,13,4,B03,120.707959,24.182288,3
4920,66000,387130000C,(04)23274275,(04)23288582,2023,8,13,15,43,臺中市,西屯區,0,0,0,7,,,40,,,,,,,,,,,,,,,8,,,,,C03,,,1,,2,,,8,,1,12,4,C03,120.641683,24.166605,3
4921,66000,387130000C,(04)23274275,(04)23288582,2023,8,13,15,45,臺中市,西屯區,0,0,0,7,,,50,,,,,,,,,,,,,,,7,,,,,B03,,,1,,1,,,7,,1,12,4,B03,120.645269,24.177988,3
4922,66000,387130000C,(04)23274275,(04)23288582,2023,8,13,15,50,臺中市,西區,0,0,0,7,,,50,,,,,,,,,,,,,,,1,,,,,B13,,,1,,1,,,1,,1,13,4,B13,120.66369,24.148513,3
4923,66000,387130000C,(04)23274275,(04)23288582,2023,8,13,16,2,臺中市,潭子區,0,3,0,7,2,6,50,3,2,1,5,4,6,3,4,4,5,5,5,1,16,51,2,8,1,1,C03,7,1,1,10,2,14,,51,51,1,13,4,C03,120.716779,24.204264,2
4924,66000,387130000C,(04)23274275,(04)23288582,2023,8,13,16,2,臺中市,太平區,0,3,0,7,3,6,40,4,1,1,5,4,6,6,2,1,10,5,5,2,13,7,2,9,2,1,C03,7,9,1,10,2,11,,7,7,1,13,4,C03,120.715286,24.108104,2
4925,66000,387130000C,(04)23274275,(04)23288582,2023,8,13,16,4,臺中市,東勢區,0,0,0,7,3,6,50,11,9,1,5,4,6,6,4,4,5,5,5,1,12,1,,,,,C03,,,1,,2,,,1,,1,12,4,C03,120.773981,24.286848,3
4926,66000,387130000C,(04)23274275,(04)23288582,2023,8,13,16,6,臺中市,南區,0,1,0,6,1,6,50,13,9,1,5,4,6,6,4,4,9,4,5,2,12,45,3,10,3,1,B03,7,11,1,8,2,4,,45,45,1,12,4,B03,120.666624,24.118295,2
4927,66000,387130000C,(04)23274275,(04)23288582,2023,8,13,16,7,臺中市,梧棲區,0,1,0,7,2,6,50,4,2,1,5,4,6,6,1,1,10,5,5,2,16,51,3,10,3,1,B03,7,5,1,8,2,5,,87,51,1,6,4,B03,120.537539,24.245358,2
4928,66000,387130000C,(04)23274275,(04)23288582,2023,8,13,16,9,臺中市,東區,0,0,0,7,,,50,,,,,,,,,,,,,,15,12,,,,,B03,,,1,,2,,,12,,1,13,4,B03,120.692933,24.130311,3
4929,66000,387130000C,(04)23274275,(04)23288582,2023,8,13,16,11,臺中市,南屯區,0,0,0,7,,,40,,,,,,,,,,,,,,14,84,,,,,B03,,,1,,1,,,84,84,1,12,4,B03,120.645075,24.130706,3
4930,66000,387130000C,(04)23274275,(04)23288582,2023,8,13,16,12,臺中市,西區,0,0,0,7,,,50,,,,,,,,,,,,,,,40,,,,,C03,,,1,,1,,,40,,1,6,4,C03,120.664299,24.146701,3
4931,66000,387130000C,(04)23274275,(04)23288582,2023,8,13,16,21,臺中市,西屯區,0,2,0,7,3,6,50,3,1,1,5,4,6,6,1,1,9,4,5,2,16,25,2,9,1,1,C03,7,9,5,19,2,11,,25,25,1,12,4,C03,120.660743,24.16824,2
4932,66000,387130000C,(04)23274275,(04)23288582,2023,8,13,16,21,臺中市,神岡區,0,1,0,7,3,6,50,18,9,1,5,4,6,6,4,4,5,5,4,2,17,4,3,10,3,1,B03,7,6,1,8,2,2,,4,4,1,13,4,B03,120.656108,24.258722,2
4933,66000,387130000C,(04)23274275,(04)23288582,2023,8,13,16,22,臺中市,北屯區,0,0,0,7,,,50,,,,,,,,,,,,,,13,84,,,,,B03,,,1,,2,,,84,,1,12,4,B03,120.676397,24.173739,3
4934,66000,387130000C,(04)23274275,(04)23288582,2023,8,13,16,25,臺中市,大里區,0,1,0,7,3,6,50,13,12,1,5,4,6,6,4,4,5,2,4,1,17,58,2,9,1,1,C03,7,9,1,10,2,12,,58,58,1,6,4,C03,120.689101,24.110001,2
4935,66000,387130000C,(04)23274275,(04)23288582,2023,8,13,16,29,臺中市,潭子區,0,1,0,6,3,6,60,3,2,1,4,4,6,6,1,1,3,4,4,1,17,59,2,9,1,1,C03,7,9,1,10,2,11,,59,59,1,13,4,C03,120.70253,24.192124,2
4936,66000,387130000C,(04)23274275,(04)23288582,2023,8,13,16,30,臺中市,東區,0,0,0,7,,,50,,,,,,,,,,,,,,13,84,,,,,B03,,,4,18,9,,,84,84,1,12,4,B03,120.684947,24.13522,3
4937,66000,387130000C,(04)23274275,(04)23288582,2023,8,13,16,31,臺中市,北屯區,0,0,0,7,,,50,,,,,,,,,,,,,,14,49,,,,,B03,,,1,,1,,,49,,1,12,4,B03,120.681657,24.190072,3
4938,66000,387130000C,(04)23274275,(04)23288582,2023,8,13,16,34,臺中市,西屯區,0,1,0,7,2,6,40,3,4,1,5,4,6,6,1,1,10,5,5,2,13,84,2,7,5,4,C03,7,9,1,10,2,11,,84,84,1,12,4,C03,120.619614,24.180793,2
4939,66000,387130000C,(04)23274275,(04)23288582,2023,8,13,16,36,臺中市,南屯區,0,0,0,7,,,50,,,,,,,,,,,,,,,8,,,,,B03,,,1,,2,,,8,,1,12,4,B03,120.648987,24.136867,3
4940,66000,387130000C,(04)23274275,(04)23288582,2023,8,13,16,36,臺中市,太平區,0,0,0,7,,,50,,,,,,,,,,,,,,,49,,,,,B03,,,1,,1,,,49,,1,12,4,B03,120.737886,24.147173,3
4941,66000,387130000C,(04)23274275,(04)23288582,2023,8,13,16,39,臺中市,北區,0,1,0,7,2,6,50,3,2,1,5,4,6,6,4,4,5,5,5,2,16,39,3,10,5,1,C03,7,11,1,11,1,12,,39,39,1,13,4,C03,120.68244,24.161811,2
4942,66000,387130000C,(04)23274275,(04)23288582,2023,8,13,16,40,臺中市,大雅區,0,0,0,7,,,30,,,,,,,,,,,,,,,20,,,,,B03,,,1,,2,,,20,,1,12,4,B03,120.631051,24.220061,3
4943,66000,387130000C,(04)23274275,(04)23288582,2023,8,13,16,42,臺中市,東區,0,1,0,6,3,6,50,5,1,1,5,4,6,6,2,1,3,5,5,2,17,21,3,10,2,1,C03,7,9,1,10,2,13,,21,21,1,6,4,C03,120.69451,24.142756,2
4944,66000,387130000C,(04)23274275,(04)23288582,2023,8,13,16,44,臺中市,梧棲區,0,0,0,7,,,50,,,,,,,,,,,,,,13,59,,,,,C03,,,1,,1,,,59,,1,6,4,C03,120.551193,24.239195,3
4945,66000,387130000C,(04)23274275,(04)23288582,2023,8,13,16,52,臺中市,北屯區,0,1,0,7,3,6,50,13,9,1,5,4,6,6,4,4,5,4,5,2,13,59,2,9,5,4,C03,7,9,1,10,2,11,,59,59,1,13,4,C03,120.74407,24.18634,2
4946,66000,387130000C,(04)23274275,(04)23288582,2023,8,13,16,52,臺中市,太平區,0,0,0,7,,,30,,,,,,,,,,,,,,14,49,,,,,B03,,,1,,2,,,49,,1,12,4,B03,120.711616,24.123184,3
4947,66000,387130000C,(04)23274275,(04)23288582,2023,8,13,16,53,臺中市,沙鹿區,0,1,0,7,2,6,50,4,1,1,5,4,6,6,3,1,10,5,5,2,15,12,3,10,3,1,B03,7,9,1,8,2,5,,12,12,1,13,4,B03,120.56418,24.236557,2
4948,66000,387130000C,(04)23274275,(04)23288582,2023,8,13,16,56,臺中市,霧峰區,0,0,0,7,,,30,,,,,,,,,,,,,,11,8,,,,,B03,,,1,,2,,,8,,1,6,4,B03,120.678389,24.070802,3
4949,66000,387130000C,(04)23274275,(04)23288582,2023,8,13,16,59,臺中市,西屯區,0,1,0,7,3,6,50,13,9,1,5,4,6,6,4,4,3,4,5,2,17,20,3,10,3,1,B03,7,5,1,8,2,2,,20,20,1,12,4,B03,120.640438,24.165786,2
4950,66000,387130000C,(04)23274275,(04)23288582,2023,8,13,17,10,臺中市,南區,0,0,0,7,,,50,,,,,,,,,,,,,,,40,,,,,B03,,,1,,2,,,40,,1,12,4,B03,120.670071,24.117166,3
4951,66000,387130000C,(04)23274275,(04)23288582,2023,8,13,17,12,臺中市,神岡區,0,1,0,7,2,6,30,4,1,1,5,4,6,6,4,4,5,5,5,1,15,20,3,10,3,1,B03,7,9,1,8,2,6,,20,20,1,12,4,B03,120.660258,24.272061,2
4952,66000,387130000C,(04)23274275,(04)23288582,2023,8,13,17,13,臺中市,南區,0,1,0,7,2,6,50,4,2,1,5,4,6,6,1,1,10,5,5,2,13,59,2,9,1,1,C03,7,9,1,10,2,11,,59,59,1,13,4,C03,120.668786,24.128776,2
4953,66000,387130000C,(04)23274275,(04)23288582,2023,8,13,17,16,臺中市,西區,0,1,0,7,3,6,50,3,1,1,5,4,6,6,1,1,10,5,5,2,27,59,2,9,6,1,F01,7,5,7,21,1,15,,59,59,1,12,4,F01,120.661678,24.141244,2
4954,66000,387130000C,(04)23274275,(04)23288582,2023,8,13,17,16,臺中市,北屯區,0,0,0,7,,,50,,,,,,,,,,,,,,23,84,,,,,B03,,,1,,2,,,84,,1,12,4,B03,120.693933,24.17289,3
4955,66000,387130000C,(04)23274275,(04)23288582,2023,8,13,17,20,臺中市,沙鹿區,0,0,0,7,2,6,60,13,7,1,5,4,6,6,4,4,1,,1,1,13,7,,,,,B03,,,1,,1,,,7,,1,12,4,B03,120.584312,24.250163,3
4956,66000,387130000C,(04)23274275,(04)23288582,2023,8,13,17,21,臺中市,東區,0,0,0,7,,,1,,,,,,,,,,,,,,14,49,,,,,B03,,,1,8,2,,,49,49,1,12,4,B03,120.708806,24.143409,3
4957,66000,387130000C,(04)23274275,(04)23288582,2023,8,13,17,22,臺中市,北屯區,0,2,0,7,2,6,50,4,1,1,5,4,6,6,1,1,10,5,5,2,16,51,2,9,1,1,C03,7,1,1,10,2,14,,51,51,1,12,4,C03,120.683385,24.191574,2
4958,66000,387130000C,(04)23274275,(04)23288582,2023,8,13,17,22,臺中市,后里區,0,2,0,7,2,6,50,3,1,1,5,4,6,6,4,4,5,4,5,1,16,13,2,8,2,1,C03,7,9,1,10,2,11,,13,13,1,12,4,C03,120.708251,24.326463,2