序號,縣市別代碼,機關代碼,市話,傳真,年,月,日,時,分,縣市,區,死亡數量,受傷數量,2-30,天候,光線,道路類別,速限,道路型態,事故位置,路面鋪裝,路面狀態,路面缺陷,障礙物,視距,號誌種類,號誌動作,分向設施,快車道或一般車道間,快慢車道間,路面邊線,事故類型及型態,主要肇因,受傷程度,主要傷處,保護裝備,行動電話,當事者區分(類別),車輛用途,當事者行動狀態,駕駛資格情形,駕駛執照種類,飲酒情形,車輛撞擊部位最初,車輛撞擊部位其他,肇事因素個別,肇事因素主要,肇事逃逸,職業,旅次目的,車種,GPS座標X,GPS座標Y,事故類別
4959,66000,387130000C,(04)23274275,(04)23288582,2023,8,13,17,24,臺中市,北區,0,2,0,7,2,6,50,4,1,1,5,4,6,6,4,4,10,5,5,2,16,48,2,9,1,1,C03,7,6,1,10,2,14,,48,48,1,13,4,C03,120.675479,24.14873,2
4960,66000,387130000C,(04)23274275,(04)23288582,2023,8,13,17,28,臺中市,霧峰區,0,0,0,7,,,30,,,,,,,,,,,,,,,83,,,,,B03,,,1,,2,,,83,,1,13,4,B03,120.696834,24.068454,3
4961,66000,387130000C,(04)23274275,(04)23288582,2023,8,13,17,30,臺中市,霧峰區,0,2,0,7,2,6,50,4,1,1,5,4,6,6,3,1,10,5,5,1,15,24,2,9,2,1,C03,7,9,1,10,2,11,,24,24,1,6,2,C03,120.695763,24.061029,2
4962,66000,387130000C,(04)23274275,(04)23288582,2023,8,13,17,32,臺中市,西屯區,0,0,0,7,,,50,,,,,,,,,,,,,,,8,,,,,A12,,,1,,1,,,8,,1,12,4,A12,120.626865,24.20076,3
4963,66000,387130000C,(04)23274275,(04)23288582,2023,8,13,17,35,臺中市,大甲區,0,0,0,6,,,50,,,,,,,,,,,,,,,7,,,,,C03,,,1,,2,,,7,7,1,13,4,C03,120.625642,24.34346,3
4964,66000,387130000C,(04)23274275,(04)23288582,2023,8,13,17,35,臺中市,大甲區,0,0,0,7,,,50,,,,,,,,,,,,,,,8,,,,,B03,,,1,,2,,,8,,1,6,4,B03,120.641671,24.402891,3
4965,66000,387130000C,(04)23274275,(04)23288582,2023,8,13,17,37,臺中市,南屯區,0,0,0,7,,,50,,,,,,,,,,,,,,14,49,,,,,B03,,,3,,2,,,49,,1,13,4,B03,120.632374,24.141697,3
4966,66000,387130000C,(04)23274275,(04)23288582,2023,8,13,17,37,臺中市,太平區,0,0,0,7,,,50,,,,,,,,,,,,,,,20,,,,,B03,,,1,,2,,,20,,1,13,4,B03,120.733917,24.157814,3
4967,66000,387130000C,(04)23274275,(04)23288582,2023,8,13,17,45,臺中市,西屯區,0,0,0,7,,,60,,,,,,,,,,,,,,13,7,,,,,B03,,,1,,2,,,7,,1,12,4,B03,120.641076,24.167898,3
4968,66000,387130000C,(04)23274275,(04)23288582,2023,8,13,17,48,臺中市,西屯區,0,1,0,7,2,6,50,4,1,1,5,4,6,6,1,1,10,5,5,2,16,48,3,10,5,4,C03,7,6,1,10,2,12,,48,48,1,12,4,C03,120.642264,24.1778,2
4969,66000,387130000C,(04)23274275,(04)23288582,2023,8,13,17,48,臺中市,龍井區,0,1,0,7,2,6,40,13,9,1,5,4,6,6,4,4,10,5,5,2,17,49,3,10,3,1,B03,7,2,1,8,2,16,,49,49,1,12,4,B03,120.594481,24.188234,2
4970,66000,387130000C,(04)23274275,(04)23288582,2023,8,13,17,49,臺中市,大甲區,0,2,0,7,3,6,50,4,1,1,5,4,6,6,1,1,10,5,5,2,3,109,3,10,1,1,C03,7,9,1,8,2,14,,6,109,1,6,4,C03,120.621761,24.351285,2
4971,66000,387130000C,(04)23274275,(04)23288582,2023,8,13,17,51,臺中市,太平區,0,1,0,7,2,6,50,4,2,1,5,4,6,6,1,1,5,5,5,2,13,84,2,9,1,1,C03,7,9,1,10,2,12,,87,84,1,12,4,C03,120.718129,24.116896,2
4972,66000,387130000C,(04)23274275,(04)23288582,2023,8,13,18,0,臺中市,沙鹿區,0,1,0,7,3,6,50,4,1,1,5,4,6,6,2,1,10,5,5,2,17,20,3,10,3,1,B03,7,6,1,8,2,2,,20,20,1,13,4,B03,120.559324,24.236441,2
4973,66000,387130000C,(04)23274275,(04)23288582,2023,8,13,18,2,臺中市,東區,0,0,0,7,,,50,,,,,,,,,,,,,,12,1,,,,,B03,,,1,,2,,,1,,1,13,4,B03,120.701239,24.144301,3
4974,66000,387130000C,(04)23274275,(04)23288582,2023,8,13,18,12,臺中市,后里區,0,2,0,7,2,6,50,13,7,1,5,4,6,6,4,4,5,5,4,2,12,50,2,9,2,1,C03,7,3,1,9,2,12,,50,50,1,12,4,C03,120.711066,24.304675,2
4975,66000,387130000C,(04)23274275,(04)23288582,2023,8,13,18,15,臺中市,后里區,0,1,0,6,2,6,50,11,14,1,5,4,6,6,4,4,5,5,5,1,21,82,2,9,2,1,C03,7,9,1,10,2,12,,82,82,1,6,4,C03,120.680109,24.318066,2
4976,66000,387130000C,(04)23274275,(04)23288582,2023,8,13,18,16,臺中市,西屯區,0,0,0,7,,,30,,,,,,,,,,,,,,,84,,,,,C03,,,1,,1,,,84,,1,12,4,C03,120.644359,24.174696,3
4977,66000,387130000C,(04)23274275,(04)23288582,2023,8,13,18,38,臺中市,北區,0,2,0,7,1,6,50,4,2,1,5,4,6,6,1,1,5,5,4,2,13,7,2,9,1,1,C03,7,9,1,10,2,11,,7,7,1,12,4,C03,120.67051,24.155741,2
4978,66000,387130000C,(04)23274275,(04)23288582,2023,8,13,18,39,臺中市,豐原區,0,0,0,7,,,50,,,,,,,,,,,,,,,40,,,,,B03,,,1,,2,,,40,40,1,13,4,B03,120.747717,24.269523,3
4979,66000,387130000C,(04)23274275,(04)23288582,2023,8,13,18,46,臺中市,南屯區,0,2,0,7,1,6,50,4,2,1,5,4,6,6,1,1,5,5,5,2,11,39,2,9,5,4,C03,7,6,1,10,2,11,,39,39,1,13,4,C03,120.641337,24.129531,2
4980,66000,387130000C,(04)23274275,(04)23288582,2023,8,13,18,48,臺中市,烏日區,0,0,0,7,,,30,,,,,,,,,,,,,,,51,,,,,B03,,,1,,2,,,51,,1,12,4,B03,120.616684,24.113986,3
4981,66000,387130000C,(04)23274275,(04)23288582,2023,8,13,18,49,臺中市,潭子區,0,0,0,7,,,50,,,,,,,,,,,,,,,56,,,,,B03,,,1,,2,,,56,,1,13,4,B03,120.703156,24.200749,3
4982,66000,387130000C,(04)23274275,(04)23288582,2023,8,13,18,58,臺中市,龍井區,0,0,0,7,,,50,,,,,,,,,,,,,,,23,,,,,C03,,,1,,2,,,23,,1,6,4,C03,120.52387,24.208303,3
4983,66000,387130000C,(04)23274275,(04)23288582,2023,8,13,19,0,臺中市,大里區,0,0,0,7,,,30,,,,,,,,,,,,,,,87,,,,,B03,,,1,,2,,,87,,1,13,4,B03,120.700229,24.09696,3
4984,66000,387130000C,(04)23274275,(04)23288582,2023,8,13,19,6,臺中市,西屯區,0,0,0,7,,,50,,,,,,,,,,,,,,13,84,,,,,B03,,,1,,2,,,84,,1,13,4,B03,120.665275,24.167311,3
4985,66000,387130000C,(04)23274275,(04)23288582,2023,8,13,19,11,臺中市,北區,0,1,0,7,1,6,50,4,1,1,5,4,6,6,1,1,1,4,5,2,16,47,3,10,5,1,B03,7,5,1,8,2,6,,47,47,1,13,4,B03,120.67192,24.171681,2
4986,66000,387130000C,(04)23274275,(04)23288582,2023,8,13,19,15,臺中市,北屯區,0,1,0,7,1,6,50,4,4,1,5,4,6,6,1,1,5,4,4,2,13,51,3,10,1,1,C03,7,1,1,10,2,14,,51,51,1,12,4,C03,120.692835,24.168127,2
4987,66000,387130000C,(04)23274275,(04)23288582,2023,8,13,19,17,臺中市,西屯區,0,0,0,7,,,60,,,,,,,,,,,,,,,78,,,,,B03,,,1,,1,,,78,,1,12,4,B03,120.615369,24.183119,3
4988,66000,387130000C,(04)23274275,(04)23288582,2023,8,13,19,21,臺中市,龍井區,0,0,0,7,,,40,,,,,,,,,,,,,,8,51,,,,,B03,,,1,,2,,,51,,1,12,4,B03,120.594905,24.187767,3
4989,66000,387130000C,(04)23274275,(04)23288582,2023,8,13,19,26,臺中市,南屯區,0,0,0,7,,,50,,,,,,,,,,,,,,,7,,,,,C03,,,1,,2,,,7,,1,12,4,C03,120.648931,24.140101,3
4990,66000,387130000C,(04)23274275,(04)23288582,2023,8,13,19,27,臺中市,西屯區,0,0,0,7,,,50,,,,,,,,,,,,,,,85,,,,,B03,,,1,,2,,,85,,1,13,4,B03,120.62904,24.163157,3
4991,66000,387130000C,(04)23274275,(04)23288582,2023,8,13,19,30,臺中市,北屯區,0,1,0,7,1,6,40,13,8,1,5,4,6,6,4,4,1,4,4,2,13,7,2,9,5,4,C03,7,9,1,10,2,11,,7,7,1,13,4,C03,120.685851,24.175948,2
4992,66000,387130000C,(04)23274275,(04)23288582,2023,8,13,19,30,臺中市,西屯區,0,0,0,7,,,50,,,,,,,,,,,,,,13,7,,,,,B03,,,1,,1,,,7,,1,12,4,B03,120.638254,24.17566,3
4993,66000,387130000C,(04)23274275,(04)23288582,2023,8,13,19,30,臺中市,霧峰區,0,1,0,7,1,6,50,13,9,1,5,4,6,6,4,4,7,5,5,1,17,59,2,9,2,1,C03,7,9,1,10,2,12,,59,59,1,6,4,C03,120.671435,24.062354,2
4994,66000,387130000C,(04)23274275,(04)23288582,2023,8,13,19,35,臺中市,梧棲區,0,2,0,7,1,6,30,4,1,1,5,4,6,6,4,4,10,5,5,2,15,15,2,8,5,4,C03,7,9,1,10,2,11,,15,15,1,11,4,C03,120.542325,24.233761,2
4995,66000,387130000C,(04)23274275,(04)23288582,2023,8,13,19,46,臺中市,南屯區,0,0,0,7,,,30,,,,,,,,,,,,,,14,50,,,,,B03,,,1,,2,,,50,,1,12,4,B03,120.628901,24.15205,3
4996,66000,387130000C,(04)23274275,(04)23288582,2023,8,13,19,48,臺中市,北區,0,0,0,7,,,50,,,,,,,,,,,,,,,51,,,,,B03,,,1,,9,,,51,,1,12,4,B03,120.681133,24.159865,3
4997,66000,387130000C,(04)23274275,(04)23288582,2023,8,13,19,51,臺中市,清水區,0,0,0,7,,,40,,,,,,,,,,,,,,14,49,,,,,B03,,,1,,2,,,49,,1,12,4,B03,120.570973,24.274887,3
4998,66000,387130000C,(04)23274275,(04)23288582,2023,8,13,19,52,臺中市,大雅區,0,1,0,7,1,6,50,4,9,1,5,4,6,6,1,1,10,5,5,1,28,84,2,9,2,1,C03,7,9,1,10,2,11,,84,84,1,12,4,C03,120.650943,24.243484,2
4999,66000,387130000C,(04)23274275,(04)23288582,2023,8,13,19,56,臺中市,大里區,0,1,0,7,1,6,50,13,9,1,5,4,6,6,4,4,9,5,5,1,17,4,2,8,4,1,C03,7,15,1,10,2,11,,4,4,1,13,4,C03,120.708289,24.085552,2
5000,66000,387130000C,(04)23274275,(04)23288582,2023,8,13,19,58,臺中市,東區,0,1,0,6,2,6,50,4,1,1,5,4,6,6,1,1,10,5,5,2,13,7,3,10,3,1,B03,7,9,1,8,2,5,,7,7,1,13,4,B03,120.689699,24.1328,2
5001,66000,387130000C,(04)23274275,(04)23288582,2023,8,13,19,59,臺中市,龍井區,0,1,0,7,1,6,90,18,17,1,5,4,5,6,4,4,3,4,5,1,17,68,3,10,3,1,A11,7,9,1,3,2,15,,68,68,1,6,4,A11,120.520734,24.21386,2
5002,66000,387130000C,(04)23274275,(04)23288582,2023,8,13,20,11,臺中市,龍井區,0,0,0,6,,,50,,,,,,,,,,,,,,13,84,,,,,B03,,,1,,2,,,84,84,1,12,4,B03,120.581588,24.187996,3
5003,66000,387130000C,(04)23274275,(04)23288582,2023,8,13,20,20,臺中市,北區,0,0,0,7,,,50,,,,,,,,,,,,,,13,84,,,,,B03,,,1,,2,,,84,,1,13,4,B03,120.685595,24.163174,3
5004,66000,387130000C,(04)23274275,(04)23288582,2023,8,13,20,20,臺中市,大里區,0,1,0,7,1,6,60,13,14,1,5,4,6,6,4,4,1,4,4,1,12,20,3,10,3,1,B03,7,5,1,8,2,2,,20,20,1,13,4,B03,120.683476,24.103911,2
5005,66000,387130000C,(04)23274275,(04)23288582,2023,8,13,20,20,臺中市,外埔區,0,0,0,6,1,9,60,13,9,1,5,4,5,6,4,4,10,5,5,2,11,58,,,,,C03,,,1,,1,,,58,,1,6,4,C03,120.660121,24.361122,3
5006,66000,387130000C,(04)23274275,(04)23288582,2023,8,13,20,25,臺中市,大里區,0,0,0,5,,,80,,,,,,,,,,,,,,13,7,,,,,B03,,,4,,1,,,7,,1,6,4,B03,120.688385,24.072658,3
5007,66000,387130000C,(04)23274275,(04)23288582,2023,8,13,20,26,臺中市,東區,0,1,0,7,2,6,50,13,9,1,5,4,6,6,4,4,9,4,5,2,13,58,2,9,1,1,C03,7,9,3,19,2,11,,58,58,1,13,4,C03,120.701589,24.140943,2
5008,66000,387130000C,(04)23274275,(04)23288582,2023,8,13,20,27,臺中市,梧棲區,0,0,0,7,,,50,,,,,,,,,,,,,,16,23,,,,,B12,,,1,,1,,,23,,1,6,4,B12,120.539671,24.257738,3
5009,66000,387130000C,(04)23274275,(04)23288582,2023,8,13,20,37,臺中市,西區,0,1,0,7,1,6,50,4,2,1,5,4,6,6,1,1,10,5,5,2,14,49,3,10,3,1,B03,7,2,1,8,1,7,,49,49,1,13,4,B03,120.661687,24.152547,2
5010,66000,387130000C,(04)23274275,(04)23288582,2023,8,13,20,37,臺中市,北屯區,0,1,0,7,1,6,50,3,1,1,5,4,6,6,1,1,10,5,5,2,14,49,3,10,3,1,B03,7,2,1,8,2,3,,49,49,1,12,4,B03,120.707283,24.187767,2
5011,66000,387130000C,(04)23274275,(04)23288582,2023,8,13,20,40,臺中市,大里區,0,3,0,7,1,6,50,13,8,1,5,4,6,6,4,4,5,2,5,1,12,59,2,9,1,1,C03,7,9,1,10,2,11,,59,59,1,6,4,C03,120.676356,24.114435,2
5012,66000,387130000C,(04)23274275,(04)23288582,2023,8,13,20,45,臺中市,北屯區,0,1,0,7,1,6,50,4,1,1,5,4,6,6,1,1,10,5,5,2,3,10,3,10,3,1,B03,7,6,1,8,2,8,,10,10,1,6,4,B03,120.693288,24.174813,2
5013,66000,387130000C,(04)23274275,(04)23288582,2023,8,13,20,50,臺中市,梧棲區,0,0,0,7,,,90,,,,,,,,,,,,,,17,68,,,,,A11,,,1,,2,,,68,,1,6,4,A11,120.535064,24.247252,4
5014,66000,387130000C,(04)23274275,(04)23288582,2023,8,13,20,54,臺中市,西屯區,0,1,0,7,1,6,50,3,9,1,5,4,6,6,4,4,5,5,4,2,16,48,2,8,5,4,C03,7,6,1,10,2,12,,48,48,1,12,4,C03,120.646999,24.170769,2
5015,66000,387130000C,(04)23274275,(04)23288582,2023,8,13,21,0,臺中市,南區,0,0,0,7,,,50,,,,,,,,,,,,,,,47,,,,,B03,,,1,,2,,,47,,1,12,4,B03,120.680011,24.132302,3
5016,66000,387130000C,(04)23274275,(04)23288582,2023,8,13,21,5,臺中市,北區,0,3,0,7,1,6,50,4,1,1,5,4,6,6,4,4,5,5,5,2,15,12,2,9,5,1,C03,7,9,1,10,2,11,,12,12,1,13,4,C03,120.679275,24.152817,2
5017,66000,387130000C,(04)23274275,(04)23288582,2023,8,13,21,10,臺中市,豐原區,0,1,0,6,1,6,50,5,1,1,5,4,6,6,1,1,1,2,5,1,18,6,2,9,1,1,C03,7,9,1,10,2,15,,6,6,1,13,4,C03,120.71715,24.244026,2
5018,66000,387130000C,(04)23274275,(04)23288582,2023,8,13,21,12,臺中市,大雅區,0,3,0,7,1,6,50,3,2,1,5,4,6,6,1,1,1,4,5,2,17,7,2,8,2,1,C03,7,9,1,10,2,11,,7,7,1,12,4,C03,120.613962,24.215243,2
5019,66000,387130000C,(04)23274275,(04)23288582,2023,8,13,21,13,臺中市,西屯區,0,2,0,7,1,6,40,4,1,1,5,4,6,6,1,1,10,5,5,2,17,36,2,9,1,1,C03,7,6,1,10,2,12,,36,36,1,12,4,C03,120.644251,24.194815,2
5020,66000,387130000C,(04)23274275,(04)23288582,2023,8,13,21,22,臺中市,大甲區,0,0,0,7,,,50,,,,,,,,,,,,,,,50,,,,,B03,,,1,,2,,,50,,1,6,4,B03,120.645321,24.404744,3
5021,66000,387130000C,(04)23274275,(04)23288582,2023,8,13,21,24,臺中市,北區,0,0,0,7,,,50,,,,,,,,,,,,,,14,49,,,,,B03,,,1,,2,,,49,,1,12,4,B03,120.676141,24.161024,3
5022,66000,387130000C,(04)23274275,(04)23288582,2023,8,13,21,28,臺中市,北區,0,0,0,7,1,6,50,3,9,1,5,4,6,6,4,4,5,5,5,2,17,53,3,10,1,1,C03,7,9,5,19,8,12,,53,53,1,13,4,C03,120.692429,24.158569,3
5023,66000,387130000C,(04)23274275,(04)23288582,2023,8,13,21,31,臺中市,西屯區,0,1,0,7,1,6,50,13,9,1,5,4,6,6,4,4,10,4,5,2,13,7,3,10,5,4,B03,7,9,1,10,1,1,,7,7,1,13,4,B03,120.661983,24.201774,2
5024,66000,387130000C,(04)23274275,(04)23288582,2023,8,13,21,34,臺中市,西屯區,0,0,0,7,,,50,,,,,,,,,,,,,,,7,,,,,B03,,,1,,2,,,7,,1,12,4,B03,120.640317,24.173817,3
5025,66000,387130000C,(04)23274275,(04)23288582,2023,8,13,21,42,臺中市,烏日區,0,0,0,7,,,60,,,,,,,,,,,,,,23,40,,,,,B03,,,1,,2,,,40,40,1,13,4,B03,120.618842,24.115483,3
5026,66000,387130000C,(04)23274275,(04)23288582,2023,8,13,21,55,臺中市,西屯區,0,0,0,7,,,40,,,,,,,,,,,,,,2,40,,,,,B03,,,1,,2,,,40,,1,12,4,B03,120.633859,24.17324,3
5027,66000,387130000C,(04)23274275,(04)23288582,2023,8,13,21,55,臺中市,大里區,0,0,0,7,,,30,,,,,,,,,,,,,,15,15,,,,,B12,,,1,,2,,,15,,1,13,4,B12,120.668719,24.106233,3
5028,66000,387130000C,(04)23274275,(04)23288582,2023,8,13,21,56,臺中市,潭子區,0,0,0,7,,,60,,,,,,,,,,,,,,,49,,,,,B12,,,1,,2,,,49,,1,13,4,B12,120.705073,24.206749,3
5029,66000,387130000C,(04)23274275,(04)23288582,2023,8,13,22,9,臺中市,豐原區,0,1,0,7,1,6,50,13,7,1,5,4,6,6,4,4,5,5,4,2,12,35,3,10,5,4,B03,7,8,1,8,2,8,,35,35,1,6,4,B03,120.722633,24.237974,2
5030,66000,387130000C,(04)23274275,(04)23288582,2023,8,13,22,37,臺中市,西屯區,0,1,0,7,1,6,40,3,1,1,5,4,6,6,4,4,10,5,5,2,17,14,3,10,5,4,B03,7,5,1,8,2,6,,14,14,1,13,4,B03,120.617469,24.182191,2
5031,66000,387130000C,(04)23274275,(04)23288582,2023,8,13,22,42,臺中市,北屯區,0,2,0,7,1,6,50,13,7,1,5,4,6,6,4,4,5,4,4,2,13,7,2,9,1,1,C03,7,9,1,10,2,11,,7,7,1,12,4,C03,120.683196,24.170432,2
5032,66000,387130000C,(04)23274275,(04)23288582,2023,8,13,23,7,臺中市,南屯區,0,0,0,7,,,50,,,,,,,,,,,,,,13,7,,,,,B03,,,1,8,1,,,7,7,1,12,4,B03,120.625818,24.140633,3
5033,66000,387130000C,(04)23274275,(04)23288582,2023,8,13,23,25,臺中市,北區,0,0,0,7,,,,,,,,,,,,,,,,,9,109,,,,,,,,,,,,,109,,1,,,,120.694412,24.161154,3
5034,66000,387130000C,(04)23274275,(04)23288582,2023,8,13,23,37,臺中市,西屯區,0,0,0,7,,,50,,,,,,,,,,,,,,,84,,,,,B03,,,1,,1,,,84,,1,13,4,B03,120.644939,24.182314,3
5035,66000,387130000C,(04)23274275,(04)23288582,2023,8,13,23,41,臺中市,北區,0,0,0,7,,,50,,,,,,,,,,,,,,13,84,,,,,B03,,,1,,2,,,84,,1,13,4,B03,120.68805,24.150773,3
5036,66000,387130000C,(04)23274275,(04)23288582,2023,8,14,0,6,臺中市,西屯區,0,0,0,7,,,30,,,,,,,,,,,,,,,84,,,,,B03,,,1,,2,,,84,,1,13,4,B03,120.615355,24.184002,3
5037,66000,387130000C,(04)23274275,(04)23288582,2023,8,14,0,6,臺中市,西屯區,0,2,0,7,1,6,50,3,1,1,5,4,6,6,4,4,1,4,5,2,16,47,3,10,5,4,B03,7,5,1,8,2,5,,47,47,1,12,4,B03,120.626519,24.177704,2
5038,66000,387130000C,(04)23274275,(04)23288582,2023,8,14,0,48,臺中市,霧峰區,0,1,0,7,1,6,30,13,9,1,5,4,6,6,4,4,10,5,5,1,27,84,2,9,1,1,C03,7,9,1,10,8,11,,84,84,1,12,4,C03,120.66597,24.069943,2
5039,66000,387130000C,(04)23274275,(04)23288582,2023,8,14,2,40,臺中市,大雅區,0,0,0,7,,,50,,,,,,,,,,,,,,17,61,,,,,B03,,,1,,11,,,61,,1,12,4,B03,120.635249,24.236204,3
5040,66000,387130000C,(04)23274275,(04)23288582,2023,8,14,3,47,臺中市,西屯區,0,1,0,6,1,6,35,3,1,1,4,4,6,6,4,4,10,5,5,2,18,84,2,7,5,4,C03,7,6,1,10,2,14,,84,84,1,13,4,C03,120.628447,24.172747,2
5041,66000,387130000C,(04)23274275,(04)23288582,2023,8,14,3,51,臺中市,大里區,0,1,0,6,1,6,50,13,9,1,4,4,6,6,4,4,1,5,5,1,21,59,2,9,3,1,A11,7,9,1,1,2,8,,59,59,1,13,4,A11,120.683896,24.090543,2
5042,66000,387130000C,(04)23274275,(04)23288582,2023,8,14,4,27,臺中市,南屯區,0,1,0,5,1,6,50,13,9,1,4,4,6,6,4,4,1,4,5,2,17,84,2,9,3,1,B03,7,9,1,8,7,1,,84,84,1,13,4,B03,120.646618,24.146284,2
5043,66000,387130000C,(04)23274275,(04)23288582,2023,8,14,5,16,臺中市,北屯區,0,0,0,7,,,50,,,,,,,,,,,,,,17,59,,,,,B03,,,1,,2,,,59,59,1,12,4,B03,120.683006,24.180598,3
5044,66000,387130000C,(04)23274275,(04)23288582,2023,8,14,6,5,臺中市,北屯區,0,0,0,5,,,50,,,,,,,,,,,,,,,119,,,,,,,,,,,,,119,,1,,,,120.695307,24.17841,3
5045,66000,387130000C,(04)23274275,(04)23288582,2023,8,14,6,24,臺中市,北屯區,0,2,0,5,2,6,50,4,1,1,4,4,6,6,1,1,10,5,5,2,15,21,2,9,1,1,C03,7,9,1,10,2,12,,21,21,1,12,4,C03,120.681069,24.168519,2
5046,66000,387130000C,(04)23274275,(04)23288582,2023,8,14,6,32,臺中市,西屯區,0,1,0,7,2,6,50,13,9,1,5,4,6,6,4,4,5,5,5,2,17,40,3,10,1,1,C03,7,7,1,10,2,12,,40,40,1,13,4,C03,120.60688,24.192598,2
5047,66000,387130000C,(04)23274275,(04)23288582,2023,8,14,6,46,臺中市,大雅區,0,1,0,5,1,6,50,13,9,1,4,4,6,6,4,4,1,4,5,1,16,51,3,10,3,1,B03,7,1,3,19,2,7,,51,51,1,12,4,B03,120.647926,24.22022,2
5048,66000,387130000C,(04)23274275,(04)23288582,2023,8,14,6,51,臺中市,后里區,0,0,0,5,,,50,,,,,,,,,,,,,,14,49,,,,,B03,,,1,,1,,,49,,1,12,4,B03,120.728618,24.325992,3
5049,66000,387130000C,(04)23274275,(04)23288582,2023,8,14,6,53,臺中市,梧棲區,0,0,0,7,,,40,,,,,,,,,,,,,,13,7,,,,,B12,,,1,,1,,,7,,1,6,4,B12,120.513564,24.227618,4
5050,66000,387130000C,(04)23274275,(04)23288582,2023,8,14,7,1,臺中市,西屯區,0,1,0,7,3,6,30,13,9,1,5,4,6,6,4,4,10,5,5,2,10,41,3,10,3,1,A12,7,9,1,3,2,1,,41,41,1,12,4,A12,120.623618,24.198648,2
5051,66000,387130000C,(04)23274275,(04)23288582,2023,8,14,7,8,臺中市,北屯區,0,1,0,6,2,6,50,4,4,1,5,4,6,6,2,1,5,5,5,2,13,7,2,9,1,1,C03,7,9,1,10,2,11,,7,7,1,13,4,C03,120.679674,24.188408,2
5052,66000,387130000C,(04)23274275,(04)23288582,2023,8,14,7,8,臺中市,霧峰區,0,0,0,5,,,30,,,,,,,,,,,,,,11,8,,,,,B01,,,1,,2,,,8,,1,12,4,B01,120.695062,24.026521,3
5053,66000,387130000C,(04)23274275,(04)23288582,2023,8,14,7,15,臺中市,太平區,0,0,0,7,,,50,,,,,,,,,,,,,,,8,,,,,B03,,,1,,1,,,8,,1,13,4,B03,120.71266,24.145472,3
5054,66000,387130000C,(04)23274275,(04)23288582,2023,8,14,7,15,臺中市,梧棲區,0,1,0,7,3,6,40,3,1,1,5,4,6,6,1,1,10,5,5,2,15,21,2,8,1,1,F03,7,9,7,21,2,12,,21,21,1,6,4,F03,120.527366,24.259444,2
5055,66000,387130000C,(04)23274275,(04)23288582,2023,8,14,7,17,臺中市,大雅區,0,2,0,6,3,6,30,3,1,1,4,4,6,6,4,4,10,5,5,2,17,14,2,9,1,1,C03,7,6,1,10,2,11,,14,14,1,12,4,C03,120.656997,24.226631,2
5056,66000,387130000C,(04)23274275,(04)23288582,2023,8,14,7,17,臺中市,梧棲區,0,0,0,7,,,40,,,,,,,,,,,,,,13,7,,,,,C03,,,5,,2,,,7,,1,6,4,C03,120.518276,24.23964,3
5057,66000,387130000C,(04)23274275,(04)23288582,2023,8,14,7,22,臺中市,北屯區,0,0,0,5,,,80,,,,,,,,,,,,,,13,7,,,,,B03,,,1,3,1,,,7,7,1,12,4,B03,120.722489,24.18963,3
5058,66000,387130000C,(04)23274275,(04)23288582,2023,8,14,7,29,臺中市,大里區,0,0,0,5,,,60,,,,,,,,,,,,,,,51,,,,,B03,,,1,,2,,,51,,1,12,4,B03,120.689392,24.077601,3
5059,66000,387130000C,(04)23274275,(04)23288582,2023,8,14,7,34,臺中市,大雅區,0,0,0,6,,,50,,,,,,,,,,,,,,13,88,,,,,B12,,,1,,2,,,88,,1,12,4,B12,120.646785,24.22224,3
5060,66000,387130000C,(04)23274275,(04)23288582,2023,8,14,7,35,臺中市,南區,0,0,0,5,,,50,,,,,,,,,,,,,,13,7,,,,,C03,,,1,,2,,,7,,1,12,4,C03,120.66632,24.113169,3
5061,66000,387130000C,(04)23274275,(04)23288582,2023,8,14,7,35,臺中市,龍井區,0,1,0,7,2,6,30,3,2,1,5,4,6,6,4,4,10,5,5,2,30,6,2,9,5,4,C03,7,9,1,10,11,14,,6,6,1,13,4,C03,120.573047,24.191953,2
5062,66000,387130000C,(04)23274275,(04)23288582,2023,8,14,7,35,臺中市,沙鹿區,0,0,0,7,,,50,,,,,,,,,,,,,,,7,,,,,C03,,,1,,2,,,7,,1,13,4,C03,120.566781,24.23694,3
5063,66000,387130000C,(04)23274275,(04)23288582,2023,8,14,7,38,臺中市,潭子區,0,1,0,6,3,6,30,13,9,1,5,4,6,6,4,4,10,5,5,2,17,51,3,10,3,1,A12,7,1,1,3,2,7,,51,51,1,13,4,A12,120.704601,24.230768,2
5064,66000,387130000C,(04)23274275,(04)23288582,2023,8,14,7,40,臺中市,南區,0,0,0,5,3,6,50,4,1,1,4,4,6,6,1,1,10,5,5,2,17,84,3,10,1,1,C03,7,9,1,10,2,11,,84,84,1,12,4,C03,120.658228,24.117583,3
5065,66000,387130000C,(04)23274275,(04)23288582,2023,8,14,7,40,臺中市,北屯區,0,1,0,5,1,6,50,3,1,1,4,4,6,6,2,1,10,5,5,2,17,51,3,10,5,4,B03,7,1,1,8,2,7,4,51,51,1,6,4,B03,120.696855,24.174239,2