序號,縣市別代碼,機關代碼,市話,傳真,年,月,日,時,分,縣市,區,死亡數量,受傷數量,2-30,天候,光線,道路類別,速限,道路型態,事故位置,路面鋪裝,路面狀態,路面缺陷,障礙物,視距,號誌種類,號誌動作,分向設施,快車道或一般車道間,快慢車道間,路面邊線,事故類型及型態,主要肇因,受傷程度,主要傷處,保護裝備,行動電話,當事者區分(類別),車輛用途,當事者行動狀態,駕駛資格情形,駕駛執照種類,飲酒情形,車輛撞擊部位最初,車輛撞擊部位其他,肇事因素個別,肇事因素主要,肇事逃逸,職業,旅次目的,車種,GPS座標X,GPS座標Y,事故類別
5066,66000,387130000C,(04)23274275,(04)23288582,2023,8,14,7,40,臺中市,烏日區,0,1,0,5,2,6,50,4,1,1,4,4,6,6,2,1,5,4,5,1,18,87,2,9,2,1,C03,7,9,1,10,2,12,,87,87,1,12,4,C03,120.643383,24.079816,2
5067,66000,387130000C,(04)23274275,(04)23288582,2023,8,14,7,41,臺中市,大里區,0,2,0,5,2,6,30,18,9,1,4,4,6,6,4,4,10,5,5,1,3,10,2,9,2,1,C03,7,9,1,10,2,11,,10,10,1,13,4,C03,120.723396,24.086227,2
5068,66000,387130000C,(04)23274275,(04)23288582,2023,8,14,7,43,臺中市,南區,0,2,0,5,2,6,50,4,1,1,4,4,6,6,1,1,1,2,4,2,17,84,2,9,1,1,C03,7,9,1,10,2,14,,84,84,1,13,4,C03,120.657276,24.130469,2
5069,66000,387130000C,(04)23274275,(04)23288582,2023,8,14,7,43,臺中市,南屯區,0,0,0,7,,,50,,,,,,,,,,,,,,,78,,,,,B03,,,1,,1,,,78,,1,13,4,B03,120.607824,24.151322,3
5070,66000,387130000C,(04)23274275,(04)23288582,2023,8,14,7,44,臺中市,西屯區,0,1,0,7,3,6,50,5,1,1,5,4,6,6,1,1,8,4,4,1,17,84,2,9,5,4,C03,7,6,1,10,2,11,,84,84,1,13,4,C03,120.616543,24.191171,2
5071,66000,387130000C,(04)23274275,(04)23288582,2023,8,14,7,44,臺中市,西屯區,0,0,0,7,,,50,,,,,,,,,,,,,,,11,,,,,B03,,,1,,2,,,11,,1,13,4,B03,120.616364,24.190958,3
5072,66000,387130000C,(04)23274275,(04)23288582,2023,8,14,7,45,臺中市,北屯區,0,0,0,7,,,30,,,,,,,,,,,,,,,84,,,,,B12,,,1,,9,,,84,,1,12,4,B12,120.665497,24.184068,3
5073,66000,387130000C,(04)23274275,(04)23288582,2023,8,14,7,46,臺中市,西區,0,1,0,5,1,6,50,4,1,1,4,4,6,6,1,1,10,5,5,2,16,20,3,10,1,1,C03,7,5,1,10,2,13,,20,20,1,12,4,C03,120.657236,24.137989,2
5074,66000,387130000C,(04)23274275,(04)23288582,2023,8,14,7,46,臺中市,大里區,0,2,0,5,2,6,50,13,9,1,4,4,6,6,4,4,1,4,5,1,17,58,2,9,1,1,C03,7,9,1,10,2,14,,58,58,1,6,4,C03,120.679687,24.110004,2
5075,66000,387130000C,(04)23274275,(04)23288582,2023,8,14,7,46,臺中市,梧棲區,0,0,0,7,,,50,,,,,,,,,,,,,,16,23,,,,,B03,,,1,,1,,,23,,1,6,4,B03,120.516086,24.22615,3
5076,66000,387130000C,(04)23274275,(04)23288582,2023,8,14,7,48,臺中市,大里區,0,0,0,5,,,50,,,,,,,,,,,,,,,7,,,,,B03,,,5,,2,,,7,,1,12,4,B03,120.697336,24.083943,3
5077,66000,387130000C,(04)23274275,(04)23288582,2023,8,14,7,48,臺中市,豐原區,0,1,0,7,3,6,30,18,9,1,5,4,6,6,4,4,10,5,5,1,19,84,2,9,1,4,C03,7,21,1,10,2,14,,84,84,1,13,4,C03,120.705685,24.234846,2
5078,66000,387130000C,(04)23274275,(04)23288582,2023,8,14,7,49,臺中市,太平區,0,1,0,5,3,6,40,13,12,1,4,4,6,6,4,4,9,5,4,1,16,51,2,8,1,1,C03,7,1,1,10,2,13,,51,51,1,12,4,C03,120.718644,24.154551,2
5079,66000,387130000C,(04)23274275,(04)23288582,2023,8,14,7,50,臺中市,潭子區,0,2,0,5,2,6,50,4,1,1,4,4,6,6,2,1,10,5,5,2,16,20,2,9,2,1,C03,7,6,1,10,2,11,,20,20,1,12,4,C03,120.712066,24.229596,2
5080,66000,387130000C,(04)23274275,(04)23288582,2023,8,14,7,50,臺中市,北屯區,0,1,0,5,2,6,50,4,1,1,4,4,6,6,1,1,10,5,5,2,17,84,2,9,1,1,C03,7,9,1,10,2,14,,84,84,1,6,4,C03,120.690448,24.173976,2
5081,66000,387130000C,(04)23274275,(04)23288582,2023,8,14,7,50,臺中市,大甲區,0,0,0,7,,,70,,,,,,,,,,,,,,,7,,,,,B03,,,1,,1,,,7,,1,12,4,B03,120.648582,24.376594,3
5082,66000,387130000C,(04)23274275,(04)23288582,2023,8,14,7,51,臺中市,西屯區,0,3,0,7,2,6,50,13,7,1,5,4,6,6,4,4,5,4,4,2,13,7,2,9,1,1,C03,7,9,3,19,2,11,14,7,7,1,12,4,C03,120.612534,24.171573,2
5083,66000,387130000C,(04)23274275,(04)23288582,2023,8,14,7,52,臺中市,西屯區,0,0,0,7,,,30,,,,,,,,,,,,,,14,49,,,,,B03,,,1,,2,,,49,,1,12,4,B03,120.650746,24.17475,3
5084,66000,387130000C,(04)23274275,(04)23288582,2023,8,14,7,53,臺中市,太平區,0,1,0,5,3,6,50,5,1,1,4,4,6,6,1,1,5,5,5,1,16,14,2,9,2,1,C04,7,6,1,10,2,12,,14,14,1,12,4,C04,120.723592,24.117699,2
5085,66000,387130000C,(04)23274275,(04)23288582,2023,8,14,7,54,臺中市,后里區,0,1,0,6,2,6,50,3,1,1,4,4,6,6,1,1,10,5,5,2,16,11,3,10,3,1,B03,7,5,1,8,2,6,,11,11,1,12,4,B03,120.707687,24.311241,2
5086,66000,387130000C,(04)23274275,(04)23288582,2023,8,14,7,54,臺中市,后里區,0,1,0,7,1,6,50,3,1,1,5,4,6,6,1,1,10,5,5,1,12,47,3,10,3,1,A05,7,5,1,1,2,2,,47,47,1,12,4,A05,120.724864,24.318622,2
5087,66000,387130000C,(04)23274275,(04)23288582,2023,8,14,7,54,臺中市,豐原區,0,1,0,7,3,6,50,13,9,1,5,4,6,6,3,1,5,5,5,2,18,84,2,9,5,4,C03,7,9,1,10,2,15,,84,84,1,13,4,C03,120.724626,24.256866,2
5088,66000,387130000C,(04)23274275,(04)23288582,2023,8,14,7,55,臺中市,南屯區,0,1,0,5,2,6,50,4,2,1,4,4,6,6,1,1,8,3,4,2,13,59,2,8,1,1,C03,7,9,5,19,2,11,,59,59,1,13,4,C03,120.646802,24.146809,2
5089,66000,387130000C,(04)23274275,(04)23288582,2023,8,14,7,55,臺中市,西屯區,0,2,0,7,2,6,50,4,1,1,5,4,6,6,1,1,4,4,5,2,16,11,2,7,2,1,C03,7,6,1,10,2,12,,11,11,1,13,4,C03,120.642535,24.164224,2
5090,66000,387130000C,(04)23274275,(04)23288582,2023,8,14,7,56,臺中市,潭子區,0,1,0,5,3,6,60,13,9,1,4,4,6,6,4,4,1,4,5,1,17,58,2,9,2,1,C03,7,14,1,10,2,11,,58,58,1,13,4,C03,120.703707,24.20249,2
5091,66000,387130000C,(04)23274275,(04)23288582,2023,8,14,7,57,臺中市,太平區,0,1,0,5,2,6,30,13,9,1,4,4,6,6,4,4,10,5,5,2,16,7,2,5,1,1,C03,7,9,1,10,2,14,,7,7,1,6,4,C03,120.729202,24.132432,2
5092,66000,387130000C,(04)23274275,(04)23288582,2023,8,14,7,59,臺中市,北屯區,0,1,0,5,2,6,50,3,1,1,4,4,6,6,2,1,10,5,5,2,15,21,3,10,1,1,C03,7,9,1,10,2,11,,21,21,1,13,4,C03,120.714946,24.174145,2
5093,66000,387130000C,(04)23274275,(04)23288582,2023,8,14,8,1,臺中市,梧棲區,0,1,0,7,3,6,50,4,1,1,5,4,6,6,1,1,10,5,5,2,15,84,2,9,1,1,C03,7,9,1,10,2,11,,84,84,1,6,4,C03,120.527617,24.24479,2
5094,66000,387130000C,(04)23274275,(04)23288582,2023,8,14,8,3,臺中市,太平區,0,1,0,5,3,6,50,3,1,1,4,4,6,6,4,4,5,5,4,2,18,84,2,9,2,1,C03,7,9,1,10,2,14,,84,84,1,12,4,C03,120.719723,24.115327,2
5095,66000,387130000C,(04)23274275,(04)23288582,2023,8,14,8,4,臺中市,南屯區,0,0,0,7,,,50,,,,,,,,,,,,,,,7,,,,,C03,,,1,,1,,,7,,1,13,4,C03,120.620761,24.145181,3
5096,66000,387130000C,(04)23274275,(04)23288582,2023,8,14,8,6,臺中市,南區,0,1,0,5,3,6,50,13,9,1,4,4,6,6,4,4,1,5,5,2,18,84,2,9,1,1,C03,7,9,1,10,2,12,,84,84,1,12,4,C03,120.678278,24.133497,2
5097,66000,387130000C,(04)23274275,(04)23288582,2023,8,14,8,7,臺中市,豐原區,0,1,0,6,3,6,50,3,4,1,5,4,6,6,1,1,5,5,4,2,17,40,2,5,1,1,C03,7,8,1,10,2,14,,40,40,1,13,4,C03,120.727615,24.244836,2
5098,66000,387130000C,(04)23274275,(04)23288582,2023,8,14,8,10,臺中市,大雅區,0,0,0,6,,,50,,,,,,,,,,,,,,17,8,,,,,B12,,,1,,2,,,8,,1,12,4,B12,120.64676,24.224894,3
5099,66000,387130000C,(04)23274275,(04)23288582,2023,8,14,8,10,臺中市,大雅區,0,0,0,6,3,6,30,4,9,1,4,4,6,6,4,4,10,5,5,2,12,8,,,,,C03,,,1,,11,,,8,,1,12,4,C03,120.651612,24.219139,3
5100,66000,387130000C,(04)23274275,(04)23288582,2023,8,14,8,10,臺中市,龍井區,0,0,0,7,,,50,,,,,,,,,,,,,,14,49,,,,,B12,,,1,,1,,,49,,1,6,4,B12,120.575904,24.175748,4
5101,66000,387130000C,(04)23274275,(04)23288582,2023,8,14,8,12,臺中市,西區,0,1,0,6,2,6,50,4,2,1,4,4,6,6,1,1,5,4,4,2,13,7,3,10,1,1,C03,7,9,1,10,2,11,,7,7,1,12,4,C03,120.667305,24.140607,2
5102,66000,387130000C,(04)23274275,(04)23288582,2023,8,14,8,12,臺中市,南區,0,1,0,5,3,6,50,13,9,1,4,4,6,6,4,4,10,5,5,2,18,84,2,9,1,1,C03,7,9,1,10,2,12,,84,84,1,12,4,C03,120.653289,24.121969,2
5103,66000,387130000C,(04)23274275,(04)23288582,2023,8,14,8,17,臺中市,東區,0,1,0,5,2,6,50,3,1,1,4,4,6,6,4,4,10,5,5,2,18,13,2,9,2,1,C03,7,9,1,10,2,14,,13,13,1,12,4,C03,120.701236,24.144113,2
5104,66000,387130000C,(04)23274275,(04)23288582,2023,8,14,8,17,臺中市,石岡區,0,0,0,5,,,30,,,,,,,,,,,,,,,59,,,,,B03,,,1,,2,,,59,,1,12,4,B03,120.804325,24.2694,3
5105,66000,387130000C,(04)23274275,(04)23288582,2023,8,14,8,19,臺中市,南屯區,0,0,0,7,,,40,,,,,,,,,,,,,,12,59,,,,,B02,,,5,,1,,,59,,1,6,4,B02,120.638932,24.148559,3
5106,66000,387130000C,(04)23274275,(04)23288582,2023,8,14,8,21,臺中市,西區,0,0,0,7,,,50,,,,,,,,,,,,,,13,59,,,,,B12,,,1,,1,,,59,,1,12,4,B12,120.662369,24.157003,3
5107,66000,387130000C,(04)23274275,(04)23288582,2023,8,14,8,22,臺中市,西屯區,0,0,0,7,,,50,,,,,,,,,,,,,,,8,,,,,C03,,,1,,1,,,8,,1,13,4,C03,120.644672,24.171907,4
5108,66000,387130000C,(04)23274275,(04)23288582,2023,8,14,8,22,臺中市,太平區,0,1,0,5,3,6,30,3,1,1,4,4,6,6,4,4,10,5,5,2,18,84,2,9,2,1,F03,7,9,7,21,2,12,,84,84,1,12,4,F03,120.709125,24.123611,2
5109,66000,387130000C,(04)23274275,(04)23288582,2023,8,14,8,25,臺中市,沙鹿區,0,0,0,7,,,50,,,,,,,,,,,,,,,59,,,,,A12,,,1,,2,,,59,,1,8,4,A12,120.562122,24.245216,3
5110,66000,387130000C,(04)23274275,(04)23288582,2023,8,14,8,26,臺中市,潭子區,0,1,0,6,2,6,50,3,1,1,5,4,6,6,4,4,10,5,5,2,18,58,2,9,2,1,C03,7,9,1,10,2,14,,58,58,1,12,4,C03,120.706893,24.225687,2
5111,66000,387130000C,(04)23274275,(04)23288582,2023,8,14,8,27,臺中市,北區,0,2,0,6,1,6,50,3,1,1,4,4,6,6,4,4,10,5,5,2,16,14,2,9,1,1,C03,7,6,1,10,2,11,,14,14,1,13,4,C03,120.674583,24.159226,2
5112,66000,387130000C,(04)23274275,(04)23288582,2023,8,14,8,29,臺中市,西屯區,0,0,0,7,,,50,,,,,,,,,,,,,,,84,,,,,B03,,,1,,1,,,84,,1,13,4,B03,120.588013,24.17394,3
5113,66000,387130000C,(04)23274275,(04)23288582,2023,8,14,8,30,臺中市,西區,0,1,0,6,1,6,50,4,1,1,4,4,6,6,1,1,10,5,5,2,18,43,2,9,1,1,C03,7,9,1,10,2,14,,43,43,1,12,4,C03,120.660951,24.159175,2
5114,66000,387130000C,(04)23274275,(04)23288582,2023,8,14,8,30,臺中市,西屯區,0,0,0,7,,,30,,,,,,,,,,,,,,,58,,,,,B03,,,1,,2,,,58,,1,12,4,B03,120.642802,24.179821,3
5115,66000,387130000C,(04)23274275,(04)23288582,2023,8,14,8,30,臺中市,太平區,0,1,0,5,2,6,80,13,9,1,4,4,6,6,4,4,1,3,5,1,12,84,2,7,3,1,B03,7,9,1,8,2,5,,84,84,1,9,4,B03,120.708069,24.133161,2
5116,66000,387130000C,(04)23274275,(04)23288582,2023,8,14,8,32,臺中市,南屯區,0,1,0,7,1,6,50,13,9,1,5,4,6,6,4,4,4,4,5,2,17,84,2,9,1,1,C03,7,9,1,10,2,12,,84,84,1,13,4,C03,120.653259,24.128933,2
5117,66000,387130000C,(04)23274275,(04)23288582,2023,8,14,8,33,臺中市,大里區,0,0,0,7,,,80,,,,,,,,,,,,,,16,40,,,,,B12,,,1,,2,,,40,,1,13,4,B12,120.682325,24.080559,3
5118,66000,387130000C,(04)23274275,(04)23288582,2023,8,14,8,35,臺中市,南屯區,0,1,0,7,2,6,40,4,9,1,5,4,6,6,1,1,9,5,5,2,18,59,2,9,1,1,C03,7,9,1,10,2,15,,59,59,1,13,4,C03,120.636698,24.132626,2
5119,66000,387130000C,(04)23274275,(04)23288582,2023,8,14,8,36,臺中市,南區,0,1,0,6,3,6,50,3,2,1,4,4,6,6,2,1,1,2,5,2,18,84,2,8,1,1,C03,7,8,1,10,2,14,,84,84,1,12,4,C03,120.648654,24.119707,2
5120,66000,387130000C,(04)23274275,(04)23288582,2023,8,14,8,37,臺中市,烏日區,0,1,0,6,2,6,50,13,9,1,5,4,6,6,4,4,5,5,5,2,16,45,3,10,3,1,B03,7,11,1,8,2,7,,45,51,1,12,4,B03,120.638093,24.107787,2
5121,66000,387130000C,(04)23274275,(04)23288582,2023,8,14,8,37,臺中市,大甲區,0,2,0,7,2,6,40,5,1,1,5,4,6,6,4,4,10,5,5,2,17,12,2,9,1,1,C03,7,9,1,10,2,14,,12,12,1,12,4,C03,120.625163,24.413422,2
5122,66000,387130000C,(04)23274275,(04)23288582,2023,8,14,8,44,臺中市,西屯區,0,0,0,7,,,30,,,,,,,,,,,,,,14,82,,,,,B03,,,1,,1,,,82,,1,12,4,B03,120.660042,24.195026,3
5123,66000,387130000C,(04)23274275,(04)23288582,2023,8,14,8,50,臺中市,南屯區,0,1,0,7,1,6,50,4,2,1,5,4,6,6,1,1,5,4,4,2,13,7,2,9,5,4,C03,7,9,1,10,2,11,,7,7,1,13,4,C03,120.643495,24.153897,2
5124,66000,387130000C,(04)23274275,(04)23288582,2023,8,14,8,51,臺中市,中區,0,1,0,7,1,6,50,13,9,1,5,4,6,6,4,4,5,4,5,2,18,59,2,9,1,1,C03,7,9,1,10,2,12,,59,59,1,12,4,C03,120.681422,24.136956,2
5125,66000,387130000C,(04)23274275,(04)23288582,2023,8,14,8,56,臺中市,北區,0,0,0,6,,,30,,,,,,,,,,,,,,17,84,,,,,B03,,,1,,1,,,84,,1,12,4,B03,120.686004,24.155615,3
5126,66000,387130000C,(04)23274275,(04)23288582,2023,8,14,8,56,臺中市,西屯區,0,1,0,6,2,6,50,3,1,1,5,4,6,6,4,4,1,4,5,2,16,14,3,10,3,1,B02,7,5,1,8,2,5,,14,14,1,13,4,B02,120.638708,24.169633,2
5127,66000,387130000C,(04)23274275,(04)23288582,2023,8,14,8,57,臺中市,大里區,0,1,0,5,2,6,50,5,1,1,4,4,6,6,4,4,5,4,4,2,16,12,3,10,3,1,B03,7,6,1,8,2,1,,12,12,1,6,4,B03,120.675801,24.097783,2
5128,66000,387130000C,(04)23274275,(04)23288582,2023,8,14,8,59,臺中市,清水區,0,0,0,7,,,70,,,,,,,,,,,,,,,59,,,,,B03,,,1,,2,,,59,,1,6,4,B03,120.596298,24.303385,3
5129,66000,387130000C,(04)23274275,(04)23288582,2023,8,14,9,0,臺中市,北區,0,1,0,7,2,6,50,4,1,1,4,4,6,6,4,4,1,4,5,2,18,84,2,9,5,1,C03,7,9,1,10,2,14,,84,84,1,13,4,C03,120.693686,24.156392,2
5130,66000,387130000C,(04)23274275,(04)23288582,2023,8,14,9,0,臺中市,西屯區,0,1,0,7,2,6,30,4,1,1,5,4,6,6,4,4,10,5,5,2,15,20,2,9,5,1,C03,7,9,1,10,2,11,,20,20,1,13,4,C03,120.605465,24.186471,2
5131,66000,387130000C,(04)23274275,(04)23288582,2023,8,14,9,8,臺中市,北區,0,1,0,6,2,6,40,4,1,1,4,4,6,6,1,1,1,2,4,2,16,45,3,10,3,1,B03,7,11,1,8,2,4,,45,45,1,13,4,B03,120.678313,24.163112,2
5132,66000,387130000C,(04)23274275,(04)23288582,2023,8,14,9,16,臺中市,北屯區,0,1,0,7,1,6,50,4,1,1,4,4,6,6,2,1,10,5,5,2,17,22,3,10,5,4,B03,7,5,1,8,2,5,,22,22,1,6,4,B03,120.703886,24.159574,2
5133,66000,387130000C,(04)23274275,(04)23288582,2023,8,14,9,16,臺中市,太平區,0,1,0,5,3,6,50,4,1,1,4,4,6,6,4,4,5,5,5,1,18,84,2,9,2,1,C03,7,9,1,10,2,12,,84,84,1,12,4,C03,120.726009,24.13639,2
5134,66000,387130000C,(04)23274275,(04)23288582,2023,8,14,9,19,臺中市,北屯區,0,0,0,7,,,50,,,,,,,,,,,,,,,84,,,,,B03,,,1,,1,,,84,,1,12,4,B03,120.688541,24.172966,3
5135,66000,387130000C,(04)23274275,(04)23288582,2023,8,14,9,21,臺中市,北屯區,0,0,0,7,,,30,,,,,,,,,,,,,,17,84,,,,,B12,,,1,8,9,,,84,84,1,12,4,B12,120.725417,24.177183,4
5136,66000,387130000C,(04)23274275,(04)23288582,2023,8,14,9,22,臺中市,北屯區,0,3,0,6,2,6,50,3,1,1,5,4,6,6,1,1,1,5,5,2,16,27,2,1,3,1,B03,7,5,1,8,2,4,,27,27,1,13,4,B03,120.72183,24.185313,2
5137,66000,387130000C,(04)23274275,(04)23288582,2023,8,14,9,26,臺中市,太平區,0,0,0,7,,,50,,,,,,,,,,,,,,,39,,,,,C03,,,1,,1,,,39,,1,13,4,C03,120.715343,24.149063,3
5138,66000,387130000C,(04)23274275,(04)23288582,2023,8,14,9,28,臺中市,外埔區,0,0,0,7,1,6,50,4,1,1,5,4,6,6,1,1,10,5,5,1,15,87,,,,,B03,,,1,,5,,,87,,1,12,4,B03,120.648911,24.324447,3
5139,66000,387130000C,(04)23274275,(04)23288582,2023,8,14,9,30,臺中市,龍井區,0,0,0,7,,,50,,,,,,,,,,,,,,,49,,,,,A12,,,1,,9,,,49,,1,6,4,A12,120.563871,24.192901,3
5140,66000,387130000C,(04)23274275,(04)23288582,2023,8,14,9,33,臺中市,大里區,0,0,0,5,,,50,,,,,,,,,,,,,,13,7,,,,,B03,,,1,,2,,,7,,1,6,4,B03,120.681907,24.109891,4
5141,66000,387130000C,(04)23274275,(04)23288582,2023,8,14,9,34,臺中市,南屯區,0,0,0,7,,,40,,,,,,,,,,,,,,9,4,,,,,C03,,,1,,2,,,4,,1,6,4,C03,120.64082,24.141906,3
5142,66000,387130000C,(04)23274275,(04)23288582,2023,8,14,9,36,臺中市,北屯區,0,0,0,7,,,50,,,,,,,,,,,,,,13,7,,,,,B12,,,1,,2,,,7,,1,13,4,B12,120.687222,24.169309,3
5143,66000,387130000C,(04)23274275,(04)23288582,2023,8,14,9,36,臺中市,西屯區,0,0,0,7,,,50,,,,,,,,,,,,,,,21,,,,,C03,,,1,,9,,,21,,2,13,4,C03,120.619549,24.169032,3
5144,66000,387130000C,(04)23274275,(04)23288582,2023,8,14,9,39,臺中市,西區,0,0,0,7,,,50,,,,,,,,,,,,,,30,84,,,,,A11,,,1,,9,,,84,,1,6,4,A11,120.658207,24.144353,3
5145,66000,387130000C,(04)23274275,(04)23288582,2023,8,14,9,39,臺中市,南屯區,0,0,0,7,,,50,,,,,,,,,,,,,,,59,,,,,B03,,,1,,1,,,59,59,1,13,5,B03,120.61536,24.147757,3
5146,66000,387130000C,(04)23274275,(04)23288582,2023,8,14,9,39,臺中市,西屯區,0,0,0,7,,,50,,,,,,,,,,,,,,12,35,,,,,B03,,,1,,2,,,35,,1,12,4,B03,120.609608,24.184261,3
5147,66000,387130000C,(04)23274275,(04)23288582,2023,8,14,9,42,臺中市,南區,0,1,0,6,2,6,50,4,2,1,5,4,6,6,2,1,10,5,5,2,12,7,2,9,2,1,C03,7,9,1,10,2,11,14,7,7,1,12,4,C03,120.655457,24.115199,2
5148,66000,387130000C,(04)23274275,(04)23288582,2023,8,14,9,47,臺中市,西屯區,0,1,0,7,2,6,50,13,7,1,5,4,6,6,4,4,4,4,4,2,16,39,3,10,3,1,B03,7,6,1,8,2,1,,39,39,1,13,4,B03,120.592982,24.180073,2
5149,66000,387130000C,(04)23274275,(04)23288582,2023,8,14,9,51,臺中市,大雅區,0,0,0,6,2,6,30,3,2,1,5,4,6,6,4,4,10,5,5,1,15,11,,,,,B03,,,1,,2,,,11,,1,12,4,B03,120.671468,24.212177,3
5150,66000,387130000C,(04)23274275,(04)23288582,2023,8,14,9,53,臺中市,南區,0,1,0,6,3,6,30,4,1,1,4,4,6,6,4,4,10,5,5,2,16,14,2,8,1,1,C03,7,6,1,10,2,12,,14,14,1,12,4,C03,120.656362,24.127823,2
5151,66000,387130000C,(04)23274275,(04)23288582,2023,8,14,9,54,臺中市,北屯區,0,0,0,7,,,50,,,,,,,,,,,,,,,59,,,,,B03,,,1,,2,,,59,59,1,6,4,B03,120.700349,24.164629,3
5152,66000,387130000C,(04)23274275,(04)23288582,2023,8,14,9,59,臺中市,大里區,0,1,0,5,2,6,50,4,1,1,4,4,6,6,1,1,10,5,5,1,16,11,3,10,3,1,B03,7,5,3,19,2,6,,11,11,1,13,4,B03,120.69577,24.087915,2
5153,66000,387130000C,(04)23274275,(04)23288582,2023,8,14,10,0,臺中市,烏日區,0,0,0,7,,,30,,,,,,,,,,,,,,13,7,,,,,B01,,,1,,1,,,7,,1,12,4,B01,120.616655,24.113803,4
5154,66000,387130000C,(04)23274275,(04)23288582,2023,8,14,10,5,臺中市,北區,0,0,0,5,,,,,,,,,,,,,,,,,17,86,,,,,,,,,,,,,86,,1,,,,120.670379,24.156459,3
5155,66000,387130000C,(04)23274275,(04)23288582,2023,8,14,10,6,臺中市,太平區,0,0,0,5,,,50,,,,,,,,,,,,,,16,78,,,,,B12,,,1,,2,,,78,,1,12,4,B12,120.703792,24.153801,3
5156,66000,387130000C,(04)23274275,(04)23288582,2023,8,14,10,10,臺中市,西區,0,1,0,7,2,6,50,4,1,1,5,4,6,6,1,1,10,5,5,2,16,48,2,9,1,1,C04,7,6,1,10,2,14,,48,48,1,13,4,C04,120.673186,24.140944,2
5157,66000,387130000C,(04)23274275,(04)23288582,2023,8,14,10,12,臺中市,西屯區,0,1,0,7,2,6,70,13,7,1,5,4,6,6,4,4,1,4,1,2,9,76,3,10,3,1,A04,7,14,1,2,2,2,,76,76,1,6,4,A04,120.623366,24.179203,2
5158,66000,387130000C,(04)23274275,(04)23288582,2023,8,14,10,20,臺中市,北屯區,0,0,0,5,,,50,,,,,,,,,,,,,,,119,,,,,C03,,,1,,1,,,87,119,1,13,4,C03,120.68562,24.171033,3
5159,66000,387130000C,(04)23274275,(04)23288582,2023,8,14,10,20,臺中市,西屯區,0,0,0,7,,,50,,,,,,,,,,,,,,,58,,,,,C03,,,1,,2,,,58,,1,12,4,C03,120.615727,24.186388,3
5160,66000,387130000C,(04)23274275,(04)23288582,2023,8,14,10,28,臺中市,沙鹿區,0,0,0,7,,,40,,,,,,,,,,,,,,,50,,,,,A21,,,1,,2,,,50,50,1,12,5,A21,120.559186,24.210661,3
5161,66000,387130000C,(04)23274275,(04)23288582,2023,8,14,10,30,臺中市,北區,0,0,0,7,,,50,,,,,,,,,,,,,,30,49,,,,,B12,,,1,,1,,,49,,1,13,4,B12,120.684151,24.160379,3
5162,66000,387130000C,(04)23274275,(04)23288582,2023,8,14,10,30,臺中市,沙鹿區,0,0,0,7,,,50,,,,,,,,,,,,,,,48,,,,,A31,,,1,,2,,,48,,1,6,4,A31,120.569585,24.198601,3
5163,66000,387130000C,(04)23274275,(04)23288582,2023,8,14,10,33,臺中市,北區,0,0,0,7,,,50,,,,,,,,,,,,,,16,11,,,,,C03,,,1,,1,,,11,,1,13,5,C03,120.685395,24.152786,3
5164,66000,387130000C,(04)23274275,(04)23288582,2023,8,14,10,34,臺中市,西區,0,0,0,7,,,50,,,,,,,,,,,,,,11,8,,,,,B03,,,1,,9,,,8,8,1,13,4,B03,120.669337,24.134416,3
5165,66000,387130000C,(04)23274275,(04)23288582,2023,8,14,10,34,臺中市,北屯區,0,0,0,7,,,40,,,,,,,,,,,,,,,49,,,,,B03,,,1,,1,,,49,,1,13,4,B03,120.668491,24.188133,3
5166,66000,387130000C,(04)23274275,(04)23288582,2023,8,14,10,36,臺中市,南區,0,0,0,6,,,50,,,,,,,,,,,,,,,7,,,,,B03,,,1,,2,,,7,,1,12,4,B03,120.650118,24.120638,3
5167,66000,387130000C,(04)23274275,(04)23288582,2023,8,14,10,40,臺中市,神岡區,0,1,0,7,1,6,50,13,9,1,5,4,6,6,4,4,9,4,5,1,17,49,3,10,3,1,B03,7,2,1,8,2,7,,49,49,1,6,4,B03,120.671526,24.257491,2
5168,66000,387130000C,(04)23274275,(04)23288582,2023,8,14,10,43,臺中市,潭子區,0,0,0,7,,,50,,,,,,,,,,,,,,,39,,,,,A12,,,1,,2,,,39,,1,13,4,A12,120.702514,24.193999,3
5169,66000,387130000C,(04)23274275,(04)23288582,2023,8,14,10,43,臺中市,南屯區,0,0,0,7,,,40,,,,,,,,,,,,,,,59,,,,,B03,,,1,,1,,,59,,1,13,4,B03,120.62364,24.149224,3
5170,66000,387130000C,(04)23274275,(04)23288582,2023,8,14,10,43,臺中市,沙鹿區,0,1,0,7,3,6,50,13,9,1,5,4,6,3,1,1,5,5,5,2,1,84,3,10,3,1,B03,7,9,1,8,9,2,,84,84,1,13,4,B03,120.558352,24.234809,2
5171,66000,387130000C,(04)23274275,(04)23288582,2023,8,14,10,44,臺中市,西區,0,1,0,6,1,6,50,13,9,1,5,4,6,6,4,4,1,4,5,2,17,76,3,10,3,1,B03,7,14,1,8,2,2,,76,76,1,12,4,B03,120.661893,24.140178,2
5172,66000,387130000C,(04)23274275,(04)23288582,2023,8,14,10,45,臺中市,中區,0,0,0,7,,,50,,,,,,,,,,,,,,,59,,,,,B03,,,5,,2,,,59,,1,12,4,B03,120.680732,24.138669,3
5173,66000,387130000C,(04)23274275,(04)23288582,2023,8,14,10,47,臺中市,西屯區,0,0,0,7,,,50,,,,,,,,,,,,,,,40,,,,,C03,,,1,,1,,,40,,1,13,4,C03,120.637663,24.170126,3