序號,縣市別代碼,機關代碼,市話,傳真,年,月,日,時,分,縣市,區,死亡數量,受傷數量,2-30,天候,光線,道路類別,速限,道路型態,事故位置,路面鋪裝,路面狀態,路面缺陷,障礙物,視距,號誌種類,號誌動作,分向設施,快車道或一般車道間,快慢車道間,路面邊線,事故類型及型態,主要肇因,受傷程度,主要傷處,保護裝備,行動電話,當事者區分(類別),車輛用途,當事者行動狀態,駕駛資格情形,駕駛執照種類,飲酒情形,車輛撞擊部位最初,車輛撞擊部位其他,肇事因素個別,肇事因素主要,肇事逃逸,職業,旅次目的,車種,GPS座標X,GPS座標Y,事故類別
5174,66000,387130000C,(04)23274275,(04)23288582,2023,8,14,10,49,臺中市,北區,0,0,0,6,,,50,,,,,,,,,,,,,,13,56,,,,,B03,,,1,,2,,,56,,1,12,4,B03,120.678544,24.148044,3
5175,66000,387130000C,(04)23274275,(04)23288582,2023,8,14,10,50,臺中市,大雅區,0,2,0,6,1,6,50,4,19,1,5,4,6,6,1,1,1,4,4,1,1,10,2,9,2,1,C03,7,6,1,10,2,11,,10,20,1,12,4,C03,120.648355,24.221185,2
5176,66000,387130000C,(04)23274275,(04)23288582,2023,8,14,10,51,臺中市,大雅區,0,0,0,6,2,6,60,13,9,1,5,4,6,6,4,4,3,4,5,1,12,8,,,,,B12,,,1,,1,,,8,,1,12,4,B12,120.650439,24.211173,3
5177,66000,387130000C,(04)23274275,(04)23288582,2023,8,14,10,53,臺中市,西屯區,0,1,0,7,3,6,40,13,8,1,5,4,6,6,4,4,1,4,1,2,12,40,3,10,3,1,B03,7,8,1,8,2,7,,40,40,1,12,4,B03,120.65709,24.159314,2
5178,66000,387130000C,(04)23274275,(04)23288582,2023,8,14,10,54,臺中市,西屯區,0,0,0,7,,,30,,,,,,,,,,,,,,,84,,,,,B02,,,1,,9,,,84,,1,13,4,B02,120.648153,24.176384,3
5179,66000,387130000C,(04)23274275,(04)23288582,2023,8,14,10,54,臺中市,豐原區,0,0,0,7,,,50,,,,,,,,,,,,,,13,7,,,,,B03,,,1,,2,,,7,,1,12,4,B03,120.749545,24.268486,3
5180,66000,387130000C,(04)23274275,(04)23288582,2023,8,14,10,58,臺中市,西屯區,0,0,0,7,,,50,,,,,,,,,,,,,,,42,,,,,B03,,,1,,2,,,42,,1,13,4,B03,120.625506,24.178439,3
5181,66000,387130000C,(04)23274275,(04)23288582,2023,8,14,10,58,臺中市,太平區,0,1,0,7,2,6,50,3,2,1,5,4,6,6,1,1,5,4,5,1,16,48,2,9,1,1,C03,7,6,1,10,2,14,,48,48,1,12,4,C03,120.715929,24.127472,2
5182,66000,387130000C,(04)23274275,(04)23288582,2023,8,14,11,1,臺中市,南屯區,0,0,0,7,,,50,,,,,,,,,,,,,,,50,,,,,B03,,,1,,1,,,50,,1,13,4,B03,120.627552,24.118262,3
5183,66000,387130000C,(04)23274275,(04)23288582,2023,8,14,11,4,臺中市,大里區,0,1,0,7,3,6,50,4,2,1,5,4,6,6,1,1,5,4,5,1,13,7,2,8,5,4,C03,7,9,1,10,2,11,,7,7,1,13,4,C03,120.689873,24.11659,2
5184,66000,387130000C,(04)23274275,(04)23288582,2023,8,14,11,5,臺中市,大肚區,0,0,0,7,,,50,,,,,,,,,,,,,,,84,,,,,B03,,,1,,2,,,84,84,1,13,4,B03,120.545877,24.148944,3
5185,66000,387130000C,(04)23274275,(04)23288582,2023,8,14,11,5,臺中市,東勢區,0,0,0,5,,,30,,,,,,,,,,,,,,,84,,,,,A12,,,1,,1,,,84,,1,12,4,A12,120.860975,24.190624,3
5186,66000,387130000C,(04)23274275,(04)23288582,2023,8,14,11,8,臺中市,龍井區,0,0,0,7,,,50,,,,,,,,,,,,,,9,109,,,,,H04,,,7,,2,,,109,,1,13,4,H04,120.595253,24.186498,4
5187,66000,387130000C,(04)23274275,(04)23288582,2023,8,14,11,9,臺中市,南屯區,0,2,0,7,2,6,30,3,1,1,5,4,6,6,4,4,1,4,5,2,16,13,2,9,2,1,C03,7,5,1,10,2,14,,13,13,1,6,4,C03,120.615394,24.146262,2
5188,66000,387130000C,(04)23274275,(04)23288582,2023,8,14,11,11,臺中市,北區,0,0,0,7,,,50,,,,,,,,,,,,,,17,84,,,,,B12,,,1,,2,,,84,,1,13,4,B12,120.683007,24.159315,3
5189,66000,387130000C,(04)23274275,(04)23288582,2023,8,14,11,13,臺中市,潭子區,0,0,0,7,,,50,,,,,,,,,,,,,,,11,,,,,B03,,,1,,2,,,11,,1,13,4,B03,120.704344,24.211585,3
5190,66000,387130000C,(04)23274275,(04)23288582,2023,8,14,11,14,臺中市,潭子區,0,2,0,7,3,6,80,10,9,1,5,4,6,6,4,4,1,4,5,1,17,7,3,10,3,1,B12,7,9,1,8,2,1,,7,7,1,13,4,B12,120.696555,24.201,2
5191,66000,387130000C,(04)23274275,(04)23288582,2023,8,14,11,15,臺中市,大雅區,0,0,0,6,,,30,,,,,,,,,,,,,,,20,,,,,B03,,,1,,2,,,20,,1,12,4,B03,120.670721,24.24008,3
5192,66000,387130000C,(04)23274275,(04)23288582,2023,8,14,11,26,臺中市,大雅區,0,0,0,5,,,50,,,,,,,,,,,,,,17,50,,,,,B12,,,1,,2,,,50,50,1,12,4,B12,120.648879,24.226142,3
5193,66000,387130000C,(04)23274275,(04)23288582,2023,8,14,11,32,臺中市,龍井區,0,1,0,5,3,6,70,13,7,1,4,4,6,6,4,4,1,4,4,1,17,84,3,10,5,4,G03,7,8,6,20,2,17,,84,84,1,6,4,G03,120.544436,24.185726,2
5194,66000,387130000C,(04)23274275,(04)23288582,2023,8,14,11,33,臺中市,豐原區,0,2,0,7,2,6,50,13,7,1,5,4,6,6,4,4,4,3,4,2,13,7,2,9,1,1,C03,7,9,1,10,2,11,,7,7,1,13,4,C03,120.719904,24.250461,2
5195,66000,387130000C,(04)23274275,(04)23288582,2023,8,14,11,34,臺中市,南屯區,0,0,0,7,,,50,,,,,,,,,,,,,,,51,,,,,B03,,,1,,9,,,51,,2,13,5,B03,120.637588,24.147107,3
5196,66000,387130000C,(04)23274275,(04)23288582,2023,8,14,11,35,臺中市,北屯區,0,0,0,7,,,50,,,,,,,,,,,,,,13,26,,,,,B03,,,1,,2,,,26,26,1,13,4,B03,120.699208,24.175883,3
5197,66000,387130000C,(04)23274275,(04)23288582,2023,8,14,11,40,臺中市,清水區,0,0,0,5,,,50,,,,,,,,,,,,,,16,47,,,,,B03,,,1,,2,,,47,,1,12,4,B03,120.567249,24.270021,3
5198,66000,387130000C,(04)23274275,(04)23288582,2023,8,14,11,44,臺中市,西屯區,0,0,0,5,,,40,,,,,,,,,,,,,,,84,,,,,B03,,,1,,1,,,84,,1,13,4,B03,120.629845,24.163005,3
5199,66000,387130000C,(04)23274275,(04)23288582,2023,8,14,11,45,臺中市,南屯區,0,0,0,7,,,40,,,,,,,,,,,,,,,59,,,,,C03,,,1,,1,,,59,,1,13,4,C03,120.633262,24.123785,3
5200,66000,387130000C,(04)23274275,(04)23288582,2023,8,14,11,45,臺中市,大肚區,0,1,0,6,3,6,40,13,14,1,5,4,6,6,4,4,1,4,4,1,17,84,2,7,1,1,C03,7,9,1,10,2,11,,84,84,1,12,4,C03,120.542484,24.168555,2
5201,66000,387130000C,(04)23274275,(04)23288582,2023,8,14,11,45,臺中市,豐原區,0,2,0,6,3,6,50,4,1,1,5,4,6,6,4,4,5,5,4,2,15,20,2,7,1,1,C03,7,9,1,10,2,11,,20,20,1,13,4,C03,120.726538,24.249108,2
5202,66000,387130000C,(04)23274275,(04)23288582,2023,8,14,11,49,臺中市,北區,0,1,0,5,2,6,50,3,1,1,4,4,6,6,4,4,3,5,5,2,12,20,3,10,3,1,B03,7,5,1,8,2,2,,20,20,1,12,4,B03,120.679842,24.162946,2
5203,66000,387130000C,(04)23274275,(04)23288582,2023,8,14,11,50,臺中市,大里區,0,0,0,7,,,30,,,,,,,,,,,,,,12,8,,,,,B03,,,1,,2,,,8,,1,13,4,B03,120.686858,24.108287,3
5204,66000,387130000C,(04)23274275,(04)23288582,2023,8,14,11,55,臺中市,南屯區,0,1,0,5,1,6,30,3,19,1,4,4,6,6,4,4,5,5,5,2,3,10,3,10,3,1,A11,7,5,1,2,2,4,,10,10,2,13,4,A11,120.606582,24.135684,2
5205,66000,387130000C,(04)23274275,(04)23288582,2023,8,14,11,55,臺中市,神岡區,0,0,0,5,,,50,,,,,,,,,,,,,,,49,,,,,B12,,,1,,2,,,49,,1,13,4,B12,120.682158,24.250823,3
5206,66000,387130000C,(04)23274275,(04)23288582,2023,8,14,11,56,臺中市,北屯區,0,1,0,5,1,6,50,4,1,1,4,4,6,6,2,1,10,5,5,2,17,51,3,10,5,4,B03,7,1,1,8,2,5,,51,51,1,6,4,B03,120.67965,24.172812,2
5207,66000,387130000C,(04)23274275,(04)23288582,2023,8,14,11,58,臺中市,北屯區,0,0,0,5,,,50,,,,,,,,,,,,,,,84,,,,,B03,,,1,,1,,,84,,1,12,4,B03,120.681517,24.1923,3
5208,66000,387130000C,(04)23274275,(04)23288582,2023,8,14,12,5,臺中市,西區,0,1,0,5,2,6,40,4,8,1,4,4,6,6,2,1,3,4,3,2,17,84,3,10,5,1,B03,7,9,1,8,2,6,,87,84,1,6,4,B03,120.664208,24.154416,2
5209,66000,387130000C,(04)23274275,(04)23288582,2023,8,14,12,5,臺中市,南屯區,0,1,0,5,2,6,50,4,1,1,4,4,6,6,2,1,5,2,5,2,18,84,2,9,1,1,C03,7,9,1,10,2,12,,84,84,1,5,4,C03,120.646536,24.134684,2
5210,66000,387130000C,(04)23274275,(04)23288582,2023,8,14,12,5,臺中市,大甲區,0,0,0,5,,,50,,,,,,,,,,,,,,13,84,,,,,B03,,,1,,2,,,84,,1,6,4,B03,120.621503,24.34441,3
5211,66000,387130000C,(04)23274275,(04)23288582,2023,8,14,12,6,臺中市,南區,0,1,0,5,2,6,50,13,24,1,4,4,6,6,4,4,5,5,5,2,17,84,2,9,2,1,C03,7,9,1,10,2,11,,84,84,1,12,4,C03,120.663276,24.11688,2
5212,66000,387130000C,(04)23274275,(04)23288582,2023,8,14,12,7,臺中市,西屯區,0,0,0,5,,,50,,,,,,,,,,,,,,13,58,,,,,B03,,,1,,2,,,58,,1,12,4,B03,120.650004,24.175381,3
5213,66000,387130000C,(04)23274275,(04)23288582,2023,8,14,12,7,臺中市,太平區,0,0,0,5,,,50,,,,,,,,,,,,,,,47,,,,,B03,,,1,,1,,,47,,1,13,4,B03,120.71525,24.149068,3
5214,66000,387130000C,(04)23274275,(04)23288582,2023,8,14,12,8,臺中市,龍井區,0,0,0,7,,,40,,,,,,,,,,,,,,17,59,,,,,B03,,,1,,2,,,59,,1,13,4,B03,120.592599,24.190948,4
5215,66000,387130000C,(04)23274275,(04)23288582,2023,8,14,12,9,臺中市,后里區,0,0,0,6,2,6,50,13,14,1,4,4,6,6,4,4,5,5,5,1,14,49,3,10,3,1,B12,7,2,1,8,2,3,,49,49,1,12,4,B12,120.716599,24.306753,3
5216,66000,387130000C,(04)23274275,(04)23288582,2023,8,14,12,10,臺中市,東區,0,0,0,7,3,6,50,13,7,1,5,4,6,6,4,4,10,4,5,2,13,84,3,10,3,1,B02,7,9,1,8,2,1,,84,84,1,12,4,B02,120.692852,24.135826,3
5217,66000,387130000C,(04)23274275,(04)23288582,2023,8,14,12,20,臺中市,大雅區,0,0,0,6,,,50,,,,,,,,,,,,,,,1,,,,,C03,,,2,,2,,,1,,1,12,4,C03,120.648547,24.240186,3
5218,66000,387130000C,(04)23274275,(04)23288582,2023,8,14,12,20,臺中市,南屯區,0,0,0,5,,,0,,,,,,,,,,,,,,,84,,,,,C03,,,1,,11,,,84,,1,13,4,C03,120.650543,24.148766,3
5219,66000,387130000C,(04)23274275,(04)23288582,2023,8,14,12,20,臺中市,太平區,0,0,0,5,,,50,,,,,,,,,,,,,,16,84,,,,,B03,,,1,,1,,,84,,1,12,4,B03,120.707082,24.150962,3
5220,66000,387130000C,(04)23274275,(04)23288582,2023,8,14,12,20,臺中市,太平區,0,1,0,5,3,6,50,3,1,1,4,4,6,6,4,4,5,5,5,2,16,14,2,9,2,1,C03,7,6,1,10,2,12,,14,14,1,12,4,C03,120.714128,24.152522,2
5221,66000,387130000C,(04)23274275,(04)23288582,2023,8,14,12,20,臺中市,烏日區,0,0,0,5,,,50,,,,,,,,,,,,,,14,49,,,,,B03,,,1,,2,,,49,,1,12,4,B03,120.589472,24.111202,3
5222,66000,387130000C,(04)23274275,(04)23288582,2023,8,14,12,21,臺中市,太平區,0,1,0,5,2,6,50,4,1,1,4,4,6,6,1,1,10,5,5,2,13,7,3,10,3,1,B03,7,9,1,8,2,1,,7,7,1,12,4,B03,120.718469,24.129158,2
5223,66000,387130000C,(04)23274275,(04)23288582,2023,8,14,12,21,臺中市,大肚區,0,0,0,7,,,50,,,,,,,,,,,,,,,84,,,,,A12,,,1,,2,,,84,84,1,6,4,A12,120.577092,24.118579,3
5224,66000,387130000C,(04)23274275,(04)23288582,2023,8,14,12,32,臺中市,西屯區,0,0,0,5,,,30,,,,,,,,,,,,,,15,12,,,,,B03,,,1,,1,,,12,,1,13,4,B03,120.646595,24.165141,3
5225,66000,387130000C,(04)23274275,(04)23288582,2023,8,14,12,33,臺中市,北屯區,0,0,0,7,,,50,,,,,,,,,,,,,,,59,,,,,B03,,,1,,1,,,59,59,1,6,4,B03,120.721609,24.18214,3
5226,66000,387130000C,(04)23274275,(04)23288582,2023,8,14,12,33,臺中市,梧棲區,0,0,0,6,,,70,,,,,,,,,,,,,,13,59,,,,,B03,,,1,,2,,,59,59,1,6,4,B03,120.528189,24.252838,3
5227,66000,387130000C,(04)23274275,(04)23288582,2023,8,14,12,35,臺中市,西區,0,0,0,5,,,50,,,,,,,,,,,,,,14,49,,,,,B12,,,1,,1,,,49,,1,12,4,B12,120.651733,24.146624,3
5228,66000,387130000C,(04)23274275,(04)23288582,2023,8,14,12,41,臺中市,西區,0,1,0,5,2,6,50,4,1,1,4,4,3,6,1,1,9,4,5,2,15,21,2,8,1,1,C03,7,9,1,10,2,11,,87,21,1,12,4,C03,120.673843,24.1404,2
5229,66000,387130000C,(04)23274275,(04)23288582,2023,8,14,12,42,臺中市,西屯區,0,1,0,5,2,6,50,13,7,1,4,4,6,6,4,4,3,4,4,2,17,51,3,10,5,1,B03,7,1,1,8,2,16,,51,51,1,13,4,B03,120.652856,24.2049,2
5230,66000,387130000C,(04)23274275,(04)23288582,2023,8,14,12,44,臺中市,西區,0,0,0,5,,,30,,,,,,,,,,,,,,,84,,,,,B03,,,1,,2,,,84,,1,13,4,B03,120.655805,24.150249,3
5231,66000,387130000C,(04)23274275,(04)23288582,2023,8,14,12,54,臺中市,中區,0,0,0,5,,,50,,,,,,,,,,,,,,12,40,,,,,B03,,,1,,2,,,40,,1,13,4,B03,120.682485,24.138387,3
5232,66000,387130000C,(04)23274275,(04)23288582,2023,8,14,12,55,臺中市,大里區,0,0,0,5,,,50,,,,,,,,,,,,,,,50,,,,,B12,,,1,,2,,,50,,2,12,4,B12,120.703264,24.093349,3
5233,66000,387130000C,(04)23274275,(04)23288582,2023,8,14,12,55,臺中市,東勢區,0,0,0,5,,,50,,,,,,,,,,,,,,,84,,,,,B03,,,1,,1,,,84,,1,12,4,B03,120.830407,24.250351,3
5234,66000,387130000C,(04)23274275,(04)23288582,2023,8,14,12,56,臺中市,西屯區,0,1,0,5,2,6,50,4,1,1,4,4,6,6,1,1,1,4,5,2,16,47,3,10,5,4,B03,7,5,1,8,1,5,,47,47,1,12,4,B03,120.661043,24.171538,2
5235,66000,387130000C,(04)23274275,(04)23288582,2023,8,14,13,0,臺中市,西區,0,0,0,5,,,50,,,,,,,,,,,,,,,40,,,,,B03,,,1,,1,,,40,,1,6,4,B03,120.679284,24.138263,3
5236,66000,387130000C,(04)23274275,(04)23288582,2023,8,14,13,0,臺中市,沙鹿區,0,1,0,7,3,6,50,4,1,1,5,4,6,6,2,1,10,5,5,2,15,21,2,1,3,1,B03,7,9,1,8,2,1,,21,21,1,5,4,B03,120.575215,24.226738,2
5237,66000,387130000C,(04)23274275,(04)23288582,2023,8,14,13,1,臺中市,北屯區,0,2,0,5,2,6,50,13,7,1,4,4,6,6,4,4,5,5,4,2,3,95,2,9,6,5,H01,8,16,7,21,2,17,,95,95,1,12,5,H01,120.69483,24.173458,2
5238,66000,387130000C,(04)23274275,(04)23288582,2023,8,14,13,2,臺中市,太平區,0,1,0,5,3,6,30,3,1,1,4,4,6,6,1,1,5,5,5,2,17,23,2,9,2,1,C03,7,6,1,10,2,16,,23,23,1,12,4,C03,120.719193,24.124938,2
5239,66000,387130000C,(04)23274275,(04)23288582,2023,8,14,13,7,臺中市,西屯區,0,1,0,7,3,6,30,13,9,1,5,4,6,6,4,4,10,5,5,2,17,51,3,10,5,4,B12,7,1,1,8,2,2,,51,51,1,12,4,B12,120.62158,24.183218,2
5240,66000,387130000C,(04)23274275,(04)23288582,2023,8,14,13,15,臺中市,大雅區,0,0,0,6,,,50,,,,,,,,,,,,,,,35,,,,,B03,,,1,,2,,,35,,1,12,4,B03,120.654179,24.229162,3
5241,66000,387130000C,(04)23274275,(04)23288582,2023,8,14,13,25,臺中市,中區,0,1,0,5,1,6,50,4,1,1,4,4,6,6,1,1,10,5,5,2,17,8,3,10,2,1,C03,7,9,1,10,2,14,,8,8,1,12,4,C03,120.677298,24.140263,2
5242,66000,387130000C,(04)23274275,(04)23288582,2023,8,14,13,25,臺中市,豐原區,0,1,0,5,3,6,50,3,1,1,4,4,6,6,4,4,10,5,5,2,17,20,3,10,5,4,B03,7,11,1,8,2,4,,20,20,1,13,4,B03,120.73855,24.255827,2
5243,66000,387130000C,(04)23274275,(04)23288582,2023,8,14,13,26,臺中市,南屯區,0,0,0,5,,,50,,,,,,,,,,,,,,13,8,,,,,B12,,,1,,1,,,8,,1,12,4,B12,120.633248,24.124221,3
5244,66000,387130000C,(04)23274275,(04)23288582,2023,8,14,13,26,臺中市,北屯區,0,0,0,7,,,50,,,,,,,,,,,,,,,13,,,,,B03,,,1,,1,,,13,,1,6,4,B03,120.714878,24.170291,3
5245,66000,387130000C,(04)23274275,(04)23288582,2023,8,14,13,26,臺中市,太平區,0,0,0,7,,,30,,,,,,,,,,,,,,,59,,,,,B03,,,1,,2,,,59,,1,13,4,B03,120.733688,24.117277,3
5246,66000,387130000C,(04)23274275,(04)23288582,2023,8,14,13,32,臺中市,梧棲區,0,1,0,7,2,6,50,4,1,1,5,4,6,6,4,4,10,5,5,2,15,15,2,9,1,1,C03,7,9,1,10,2,12,,15,15,1,6,4,C03,120.531402,24.250828,2
5247,66000,387130000C,(04)23274275,(04)23288582,2023,8,14,13,35,臺中市,西區,0,1,0,5,2,6,50,4,1,2,4,4,6,6,4,4,10,5,5,2,15,6,2,9,1,1,C03,7,9,1,10,2,11,,6,6,1,12,4,C03,120.67364,24.150956,2
5248,66000,387130000C,(04)23274275,(04)23288582,2023,8,14,13,35,臺中市,西屯區,0,0,0,7,,,50,,,,,,,,,,,,,,12,1,,,,,B01,,,1,,1,,,1,,1,12,4,B01,120.64353,24.165647,3
5249,66000,387130000C,(04)23274275,(04)23288582,2023,8,14,13,36,臺中市,梧棲區,0,0,0,6,,,50,,,,,,,,,,,,,,12,51,,,,,B03,,,1,,2,,,51,,1,6,4,B03,120.550723,24.252904,3
5250,66000,387130000C,(04)23274275,(04)23288582,2023,8,14,13,38,臺中市,西區,0,1,0,6,2,6,50,4,1,1,4,4,6,6,2,1,10,5,5,2,13,7,2,9,1,1,C03,7,9,1,8,2,12,,7,7,1,13,4,C03,120.671449,24.145378,2
5251,66000,387130000C,(04)23274275,(04)23288582,2023,8,14,13,38,臺中市,西區,0,0,0,5,,,50,,,,,,,,,,,,,,12,20,,,,,B03,,,1,,1,,,20,,1,13,4,B03,120.660041,24.157889,3
5252,66000,387130000C,(04)23274275,(04)23288582,2023,8,14,13,41,臺中市,北區,0,0,0,5,,,50,,,,,,,,,,,,,,13,7,,,,,B03,,,1,,1,,,7,,1,12,4,B03,120.677771,24.151774,3
5253,66000,387130000C,(04)23274275,(04)23288582,2023,8,14,13,44,臺中市,北屯區,0,1,0,5,2,6,50,3,2,1,4,4,6,6,4,4,5,5,5,2,16,39,3,10,3,1,B12,7,9,1,8,2,8,,39,39,1,13,4,B12,120.692219,24.166104,2
5254,66000,387130000C,(04)23274275,(04)23288582,2023,8,14,13,45,臺中市,南屯區,0,1,0,5,2,6,50,4,8,1,4,4,6,6,1,1,5,4,4,2,18,84,2,9,1,1,C03,7,9,1,10,2,12,,84,84,1,13,4,C03,120.643821,24.153671,2
5255,66000,387130000C,(04)23274275,(04)23288582,2023,8,14,13,48,臺中市,北區,0,2,0,5,2,6,50,13,7,1,4,4,6,6,1,1,1,4,4,2,17,84,2,9,1,1,C03,7,7,1,10,2,14,,84,84,1,12,4,C03,120.682507,24.14637,2
5256,66000,387130000C,(04)23274275,(04)23288582,2023,8,14,13,57,臺中市,西區,0,0,0,5,,,60,,,,,,,,,,,,,,,40,,,,,B03,,,1,,1,,,40,,1,6,4,B03,120.671879,24.149002,3
5257,66000,387130000C,(04)23274275,(04)23288582,2023,8,14,13,58,臺中市,潭子區,0,1,0,5,3,6,50,18,9,1,4,4,6,6,4,4,3,4,5,2,17,20,3,10,3,1,B03,7,15,1,8,2,4,,20,20,1,13,4,B03,120.718723,24.197288,2
5258,66000,387130000C,(04)23274275,(04)23288582,2023,8,14,13,58,臺中市,太平區,0,0,0,5,,,30,,,,,,,,,,,,,,,49,,,,,B03,,,1,,2,,,49,,1,13,4,B03,120.737895,24.145971,3
5259,66000,387130000C,(04)23274275,(04)23288582,2023,8,14,14,1,臺中市,大里區,0,0,0,5,,,50,,,,,,,,,,,,,,17,59,,,,,B13,,,1,,2,,,59,59,1,6,4,B13,120.687925,24.101379,3
5260,66000,387130000C,(04)23274275,(04)23288582,2023,8,14,14,2,臺中市,南屯區,0,0,0,5,,,50,,,,,,,,,,,,,,,49,,,,,C03,,,1,,9,,,87,49,1,13,4,C03,120.635277,24.146063,3
5261,66000,387130000C,(04)23274275,(04)23288582,2023,8,14,14,5,臺中市,南屯區,0,0,0,5,,,50,,,,,,,,,,,,,,12,8,,,,,C03,,,1,,2,,,8,,1,6,4,C03,120.649537,24.151227,3
5262,66000,387130000C,(04)23274275,(04)23288582,2023,8,14,14,10,臺中市,太平區,0,0,0,5,,,50,,,,,,,,,,,,,,16,51,,,,,B03,,,1,,2,,,51,,1,12,4,B03,120.715228,24.149019,3
5263,66000,387130000C,(04)23274275,(04)23288582,2023,8,14,14,15,臺中市,北區,0,2,0,5,2,6,50,4,1,1,4,4,6,6,1,1,5,4,4,2,16,48,2,9,5,1,C03,7,6,1,10,2,12,,48,48,1,13,4,C03,120.680948,24.159108,2
5264,66000,387130000C,(04)23274275,(04)23288582,2023,8,14,14,17,臺中市,南屯區,0,1,0,5,2,6,40,13,8,1,4,4,6,6,1,1,3,2,2,2,18,84,2,9,5,4,C03,7,9,1,10,2,12,,84,84,1,13,4,C03,120.612114,24.150294,2
5265,66000,387130000C,(04)23274275,(04)23288582,2023,8,14,14,23,臺中市,西屯區,0,1,0,5,2,6,50,13,9,1,4,4,6,6,4,4,9,4,5,2,16,51,3,10,5,4,B03,7,1,1,8,1,2,,51,51,1,12,4,B03,120.654163,24.156689,2
5266,66000,387130000C,(04)23274275,(04)23288582,2023,8,14,14,28,臺中市,潭子區,0,2,0,5,2,6,50,4,2,1,4,4,6,6,2,1,5,4,5,1,12,39,3,10,2,1,C03,7,7,1,10,2,12,,39,40,1,13,4,C03,120.722619,24.204066,2
5267,66000,387130000C,(04)23274275,(04)23288582,2023,8,14,14,30,臺中市,西屯區,0,2,0,5,2,6,40,4,1,1,4,4,6,6,2,1,10,5,5,2,13,7,2,8,1,1,C03,7,9,1,10,2,11,12,7,7,1,12,4,C03,120.655911,24.158976,2
5268,66000,387130000C,(04)23274275,(04)23288582,2023,8,14,14,32,臺中市,西屯區,0,0,0,7,,,30,,,,,,,,,,,,,,,84,,,,,C03,,,1,,1,,,84,,1,13,4,C03,120.617433,24.189524,3
5269,66000,387130000C,(04)23274275,(04)23288582,2023,8,14,14,33,臺中市,大里區,0,1,0,5,3,6,50,4,1,1,4,4,6,6,2,1,3,4,5,1,16,20,3,10,5,4,B03,7,5,1,8,2,5,,20,20,1,13,4,B03,120.680574,24.109227,2
5270,66000,387130000C,(04)23274275,(04)23288582,2023,8,14,14,39,臺中市,中區,0,2,0,5,2,6,50,5,1,1,4,4,6,6,1,1,10,5,5,2,18,59,2,9,1,1,C03,7,9,1,10,2,12,,59,59,1,12,4,C03,120.681568,24.144743,2
5271,66000,387130000C,(04)23274275,(04)23288582,2023,8,14,14,43,臺中市,西屯區,0,1,0,6,3,6,40,3,8,1,4,4,6,6,4,4,1,4,1,2,18,84,2,9,2,1,C03,7,9,1,10,2,14,,84,84,1,12,4,C03,120.651598,24.16135,2
5272,66000,387130000C,(04)23274275,(04)23288582,2023,8,14,14,45,臺中市,沙鹿區,0,2,0,7,2,6,50,11,9,1,5,4,6,6,4,4,4,3,4,2,11,39,3,10,3,1,A11,7,9,1,3,2,7,,39,39,1,12,4,A11,120.590658,24.244481,2
5273,66000,387130000C,(04)23274275,(04)23288582,2023,8,14,14,46,臺中市,龍井區,0,0,0,7,2,6,50,13,7,1,5,4,6,6,1,1,4,4,1,2,13,7,,,,,B12,,,1,,2,,,7,,1,12,4,B12,120.585471,24.186178,3
5274,66000,387130000C,(04)23274275,(04)23288582,2023,8,14,14,48,臺中市,豐原區,0,1,0,5,2,6,50,3,2,1,4,4,6,6,4,4,4,5,4,2,16,14,3,10,3,1,B03,7,6,1,8,2,8,,14,14,1,6,4,B03,120.710902,24.239567,2
5275,66000,387130000C,(04)23274275,(04)23288582,2023,8,14,14,49,臺中市,豐原區,0,0,0,7,1,6,60,3,1,1,5,4,6,6,2,1,1,1,1,1,16,8,3,10,5,4,B03,8,9,1,8,2,4,,8,8,1,13,5,B03,120.701355,24.249076,3
5276,66000,387130000C,(04)23274275,(04)23288582,2023,8,14,14,50,臺中市,豐原區,0,0,0,7,,,30,,,,,,,,,,,,,,14,49,,,,,C03,,,3,,2,,,49,,1,13,4,C03,120.723386,24.244418,3
5277,66000,387130000C,(04)23274275,(04)23288582,2023,8,14,14,57,臺中市,豐原區,0,1,0,5,2,6,30,13,9,1,4,4,6,6,4,4,10,5,5,1,11,8,3,10,3,1,B03,7,9,1,8,2,4,,8,8,1,12,4,B03,120.737473,24.242354,2
5278,66000,387130000C,(04)23274275,(04)23288582,2023,8,14,15,0,臺中市,太平區,0,0,0,5,,,30,,,,,,,,,,,,,,,59,,,,,B12,,,1,,2,,,59,,1,13,4,B12,120.732559,24.133759,3
5279,66000,387130000C,(04)23274275,(04)23288582,2023,8,14,15,3,臺中市,南屯區,0,0,0,7,,,30,,,,,,,,,,,,,,,84,,,,,B03,,,1,,1,,,84,,1,13,4,B03,120.643461,24.139457,3
5280,66000,387130000C,(04)23274275,(04)23288582,2023,8,14,15,3,臺中市,大里區,0,1,0,5,3,6,50,4,1,1,4,4,6,6,4,4,10,5,5,2,18,58,2,9,1,1,C03,7,9,1,10,2,12,,58,58,1,6,4,C03,120.67626,24.102545,2
5281,66000,387130000C,(04)23274275,(04)23288582,2023,8,14,15,4,臺中市,南屯區,0,1,0,6,3,6,50,4,1,1,5,4,6,6,2,1,10,5,5,2,12,20,2,1,2,1,C03,7,1,1,10,2,13,,20,20,1,12,4,C03,120.620854,24.13999,2