序號,縣市別代碼,機關代碼,市話,傳真,年,月,日,時,分,縣市,區,死亡數量,受傷數量,2-30,天候,光線,道路類別,速限,道路型態,事故位置,路面鋪裝,路面狀態,路面缺陷,障礙物,視距,號誌種類,號誌動作,分向設施,快車道或一般車道間,快慢車道間,路面邊線,事故類型及型態,主要肇因,受傷程度,主要傷處,保護裝備,行動電話,當事者區分(類別),車輛用途,當事者行動狀態,駕駛資格情形,駕駛執照種類,飲酒情形,車輛撞擊部位最初,車輛撞擊部位其他,肇事因素個別,肇事因素主要,肇事逃逸,職業,旅次目的,車種,GPS座標X,GPS座標Y,事故類別
5282,66000,387130000C,(04)23274275,(04)23288582,2023,8,14,15,5,臺中市,北區,0,0,0,5,2,6,30,13,9,1,4,4,6,6,4,4,10,5,5,2,14,49,3,10,3,1,B03,7,2,1,8,1,3,,49,49,1,12,4,B03,120.68804,24.153346,3
5283,66000,387130000C,(04)23274275,(04)23288582,2023,8,14,15,13,臺中市,沙鹿區,0,1,0,7,3,6,50,13,9,1,5,4,6,6,4,4,9,5,5,2,17,51,3,10,2,1,C03,7,1,1,10,2,13,,51,51,1,13,4,C03,120.579454,24.217925,2
5284,66000,387130000C,(04)23274275,(04)23288582,2023,8,14,15,20,臺中市,西屯區,0,1,0,5,2,6,50,13,24,1,4,4,6,6,4,4,1,4,4,2,18,84,2,9,1,1,C03,7,8,1,10,2,14,,84,84,1,13,4,C03,120.639446,24.160687,2
5285,66000,387130000C,(04)23274275,(04)23288582,2023,8,14,15,20,臺中市,烏日區,0,1,0,6,1,6,40,7,9,1,5,3,5,6,4,4,1,4,5,2,30,85,2,9,1,1,C03,7,9,1,10,2,11,14,85,115,1,12,4,C03,120.61183,24.112451,2
5286,66000,387130000C,(04)23274275,(04)23288582,2023,8,14,15,23,臺中市,西區,0,1,0,6,2,6,50,13,9,1,4,4,6,6,4,4,5,5,5,2,18,43,2,9,1,1,C03,7,9,1,10,2,14,,43,43,1,6,4,C03,120.667742,24.141592,2
5287,66000,387130000C,(04)23274275,(04)23288582,2023,8,14,15,25,臺中市,南區,0,0,0,6,,,40,,,,,,,,,,,,,,,49,,,,,B12,,,1,,2,,,49,,1,12,4,B12,120.655052,24.117807,3
5288,66000,387130000C,(04)23274275,(04)23288582,2023,8,14,15,31,臺中市,西屯區,0,0,0,7,,,30,,,,,,,,,,,,,,,49,,,,,B03,,,1,,1,,,49,,1,13,4,B03,120.711945,24.171458,3
5289,66000,387130000C,(04)23274275,(04)23288582,2023,8,14,15,36,臺中市,潭子區,0,0,0,7,,,50,,,,,,,,,,,,,,,20,,,,,B03,,,1,,2,,,20,,1,12,4,B03,120.705398,24.225963,3
5290,66000,387130000C,(04)23274275,(04)23288582,2023,8,14,15,38,臺中市,烏日區,0,0,0,5,,,70,,,,,,,,,,,,,,9,50,,,,,B03,,,1,,2,,,50,,1,12,4,B03,120.606541,24.10861,3
5291,66000,387130000C,(04)23274275,(04)23288582,2023,8,14,15,39,臺中市,南區,0,0,0,7,3,6,50,13,9,1,4,4,6,6,1,1,1,4,5,2,13,84,3,10,3,1,B03,7,15,1,8,1,1,,84,84,1,12,4,B03,120.670095,24.119043,3
5292,66000,387130000C,(04)23274275,(04)23288582,2023,8,14,15,41,臺中市,東區,0,1,0,5,3,6,40,13,8,1,4,4,6,6,4,4,3,4,4,2,13,53,2,9,2,1,C03,7,9,5,19,6,11,,53,53,1,6,4,C03,120.690174,24.131081,2
5293,66000,387130000C,(04)23274275,(04)23288582,2023,8,14,15,41,臺中市,南屯區,0,1,0,6,2,6,50,13,7,1,5,4,6,6,4,4,1,2,1,2,13,84,3,10,3,1,A21,7,9,1,1,2,1,,84,84,1,6,4,A21,120.611952,24.150769,2
5294,66000,387130000C,(04)23274275,(04)23288582,2023,8,14,15,45,臺中市,南屯區,0,0,0,7,,,40,,,,,,,,,,,,,,,84,,,,,B12,,,1,,1,,,84,,1,13,4,B12,120.623341,24.149597,3
5295,66000,387130000C,(04)23274275,(04)23288582,2023,8,14,15,45,臺中市,大里區,0,0,0,5,,,50,,,,,,,,,,,,,,13,7,,,,,B03,,,1,,1,,,7,,1,6,4,B03,120.692277,24.091157,3
5296,66000,387130000C,(04)23274275,(04)23288582,2023,8,14,15,48,臺中市,北區,0,1,0,6,3,6,50,3,2,1,5,4,6,6,4,4,3,2,4,2,17,76,3,10,5,4,B03,7,13,1,8,2,16,,76,76,1,13,4,B03,120.682548,24.147351,2
5297,66000,387130000C,(04)23274275,(04)23288582,2023,8,14,15,55,臺中市,潭子區,0,3,0,6,3,6,50,4,9,1,4,4,6,6,1,1,10,5,5,2,17,59,2,9,2,1,C02,7,9,3,19,2,11,,59,59,1,12,4,C02,120.710369,24.210337,2
5298,66000,387130000C,(04)23274275,(04)23288582,2023,8,14,15,55,臺中市,北屯區,0,0,0,6,,,50,,,,,,,,,,,,,,13,84,,,,,C03,,,1,,1,,,84,,1,12,5,C03,120.698356,24.170115,3
5299,66000,387130000C,(04)23274275,(04)23288582,2023,8,14,16,10,臺中市,西屯區,0,0,0,7,,,50,,,,,,,,,,,,,,17,40,,,,,B03,,,1,,1,,,40,,1,13,4,B03,120.662738,24.172404,3
5300,66000,387130000C,(04)23274275,(04)23288582,2023,8,14,16,11,臺中市,北屯區,0,1,0,6,3,9,50,4,1,1,4,4,6,6,1,1,10,5,5,2,16,11,3,10,3,1,B03,7,5,1,8,2,2,,11,11,1,12,4,B03,120.704454,24.164862,2
5301,66000,387130000C,(04)23274275,(04)23288582,2023,8,14,16,16,臺中市,大里區,0,0,0,5,,,50,,,,,,,,,,,,,,,49,,,,,B12,,,1,,2,,,49,,1,6,4,B12,120.706721,24.095182,3
5302,66000,387130000C,(04)23274275,(04)23288582,2023,8,14,16,18,臺中市,大雅區,0,0,0,7,,,50,,,,,,,,,,,,,,,7,,,,,B12,,,1,,2,,,7,,1,12,4,B12,120.648105,24.216497,3
5303,66000,387130000C,(04)23274275,(04)23288582,2023,8,14,16,21,臺中市,大甲區,0,1,0,7,3,6,50,4,1,1,5,4,6,6,1,1,10,5,5,2,13,84,3,10,3,1,A02,7,9,1,2,2,1,,84,7,1,6,4,A02,120.625369,24.345957,2
5304,66000,387130000C,(04)23274275,(04)23288582,2023,8,14,16,24,臺中市,東區,0,1,0,6,1,6,50,13,9,1,5,4,6,6,4,4,9,4,5,2,12,7,3,10,3,1,B03,7,14,1,8,2,6,,87,7,1,12,4,B03,120.699214,24.147505,2
5305,66000,387130000C,(04)23274275,(04)23288582,2023,8,14,16,25,臺中市,北屯區,0,0,0,7,,,50,,,,,,,,,,,,,,14,49,,,,,B12,,,1,,1,,,49,,1,6,4,B12,120.702366,24.165216,3
5306,66000,387130000C,(04)23274275,(04)23288582,2023,8,14,16,31,臺中市,西區,0,2,0,7,2,6,50,3,9,1,5,4,6,6,4,4,10,4,5,2,3,95,2,9,6,5,H01,8,18,7,21,10,17,,95,95,1,6,5,H01,120.662313,24.150871,2
5307,66000,387130000C,(04)23274275,(04)23288582,2023,8,14,16,33,臺中市,北區,0,1,0,7,1,6,50,3,2,1,5,4,6,6,4,4,10,4,5,2,10,4,3,10,3,1,B03,7,9,1,8,2,5,,4,4,1,12,4,B03,120.676822,24.148783,2
5308,66000,387130000C,(04)23274275,(04)23288582,2023,8,14,16,33,臺中市,大里區,0,0,0,7,,,30,,,,,,,,,,,,,,14,49,,,,,B12,,,1,,2,,,49,,1,12,4,B12,120.684565,24.092797,3
5309,66000,387130000C,(04)23274275,(04)23288582,2023,8,14,16,35,臺中市,潭子區,0,1,0,7,3,6,50,3,1,1,5,4,6,6,4,4,5,4,4,2,17,11,3,10,2,1,C03,7,6,1,10,2,13,,11,11,1,13,4,C03,120.704441,24.213024,2
5310,66000,387130000C,(04)23274275,(04)23288582,2023,8,14,16,40,臺中市,西屯區,0,0,0,7,,,50,,,,,,,,,,,,,,,49,,,,,B12,,,1,,2,,,49,,1,12,4,B12,120.625175,24.180989,3
5311,66000,387130000C,(04)23274275,(04)23288582,2023,8,14,16,40,臺中市,烏日區,0,0,0,7,,,30,,,,,,,,,,,,,,14,49,,,,,A12,,,1,,2,,,49,,1,12,4,A12,120.647267,24.083689,3
5312,66000,387130000C,(04)23274275,(04)23288582,2023,8,14,16,41,臺中市,南屯區,0,0,0,7,,,30,,,,,,,,,,,,,,11,8,,,,,B03,,,1,,1,,,8,,1,6,4,B03,120.624166,24.12789,4
5313,66000,387130000C,(04)23274275,(04)23288582,2023,8,14,16,48,臺中市,太平區,0,0,0,7,,,50,,,,,,,,,,,,,,,84,,,,,B03,,,1,,2,,,84,,1,12,4,B03,120.711097,24.126682,3
5314,66000,387130000C,(04)23274275,(04)23288582,2023,8,14,16,50,臺中市,東區,0,0,0,7,,,50,,,,,,,,,,,,,,,84,,,,,B12,,,1,,2,,,84,,1,13,4,B12,120.698651,24.131091,3
5315,66000,387130000C,(04)23274275,(04)23288582,2023,8,14,16,52,臺中市,東勢區,0,1,0,7,3,6,50,13,14,1,5,4,6,6,4,4,5,5,5,1,17,39,3,10,3,1,B12,7,11,1,8,2,16,,39,39,1,13,4,B12,120.82969,24.254079,2
5316,66000,387130000C,(04)23274275,(04)23288582,2023,8,14,16,55,臺中市,西區,0,1,0,7,1,6,50,4,1,1,5,4,6,6,4,4,10,5,5,2,15,15,2,9,2,1,C03,7,9,1,10,2,11,,15,15,1,12,4,C03,120.658897,24.152539,2
5317,66000,387130000C,(04)23274275,(04)23288582,2023,8,14,16,55,臺中市,南區,0,0,0,7,,,50,,,,,,,,,,,,,,,58,,,,,B03,,,1,,2,,,58,,1,12,4,B03,120.662589,24.120495,3
5318,66000,387130000C,(04)23274275,(04)23288582,2023,8,14,16,57,臺中市,北屯區,0,1,0,6,2,6,50,4,1,1,4,4,6,6,2,1,3,4,5,2,12,26,3,10,3,1,B03,7,5,1,8,2,5,,26,26,1,13,4,B03,120.692794,24.162343,2
5319,66000,387130000C,(04)23274275,(04)23288582,2023,8,14,16,58,臺中市,西屯區,0,1,0,7,3,6,30,13,9,1,5,4,6,6,4,4,10,5,5,2,17,59,3,10,1,1,C03,7,9,1,10,1,12,,59,59,1,12,4,C03,120.647571,24.182044,2
5320,66000,387130000C,(04)23274275,(04)23288582,2023,8,14,17,1,臺中市,潭子區,0,3,0,6,3,6,50,13,9,1,5,4,6,6,4,4,9,4,5,2,17,51,2,9,1,1,C03,7,1,1,10,2,11,,51,51,1,13,4,C03,120.70197,24.189186,2
5321,66000,387130000C,(04)23274275,(04)23288582,2023,8,14,17,4,臺中市,豐原區,0,0,0,7,,,50,,,,,,,,,,,,,,12,8,,,,,C03,,,1,,2,,,8,,1,13,4,C03,120.725068,24.24639,3
5322,66000,387130000C,(04)23274275,(04)23288582,2023,8,14,17,6,臺中市,南屯區,0,0,0,6,,,50,,,,,,,,,,,,,,13,59,,,,,B03,,,1,,1,,,59,,1,12,4,B03,120.64673,24.135265,3
5323,66000,387130000C,(04)23274275,(04)23288582,2023,8,14,17,6,臺中市,太平區,0,1,0,6,2,6,50,4,1,1,4,4,6,6,4,4,10,5,5,2,15,20,2,9,1,1,C03,7,9,1,10,2,11,14,20,20,1,12,4,C03,120.718565,24.113739,2
5324,66000,387130000C,(04)23274275,(04)23288582,2023,8,14,17,7,臺中市,南屯區,0,0,0,7,,,50,,,,,,,,,,,,,,13,56,,,,,B03,,,1,,1,,,56,56,1,12,4,B03,120.64028,24.135058,3
5325,66000,387130000C,(04)23274275,(04)23288582,2023,8,14,17,7,臺中市,西屯區,0,0,0,7,,,50,,,,,,,,,,,,,,17,84,,,,,B02,,,1,,2,,,84,84,1,13,4,B02,120.64807,24.168157,3
5326,66000,387130000C,(04)23274275,(04)23288582,2023,8,14,17,8,臺中市,梧棲區,0,2,0,7,2,6,30,3,1,1,5,4,6,6,4,4,10,5,5,2,3,98,2,9,6,5,H04,8,20,7,21,2,17,,98,98,1,12,5,H04,120.539928,24.241686,2
5327,66000,387130000C,(04)23274275,(04)23288582,2023,8,14,17,9,臺中市,霧峰區,0,1,0,6,2,6,30,4,1,1,4,4,6,6,4,4,10,5,4,1,17,12,3,10,3,1,B03,7,5,1,8,2,16,,12,12,1,6,4,B03,120.69843,24.062436,2
5328,66000,387130000C,(04)23274275,(04)23288582,2023,8,14,17,10,臺中市,西屯區,0,1,0,7,2,6,50,4,1,1,5,4,6,6,2,1,10,5,5,2,11,26,2,1,1,1,C03,7,5,1,10,1,14,,26,26,1,13,4,C03,120.657382,24.163178,2
5329,66000,387130000C,(04)23274275,(04)23288582,2023,8,14,17,10,臺中市,大里區,0,1,0,7,3,6,50,3,1,1,5,4,6,6,4,4,10,5,5,2,17,58,2,9,1,1,C03,7,9,1,10,2,14,,58,58,1,6,4,C03,120.67902,24.096616,2
5330,66000,387130000C,(04)23274275,(04)23288582,2023,8,14,17,11,臺中市,神岡區,0,1,0,7,1,6,30,4,1,1,5,4,6,6,4,4,10,5,5,2,15,15,2,9,1,4,C03,7,9,1,10,2,12,,15,15,1,12,4,C03,120.651839,24.2608,2
5331,66000,387130000C,(04)23274275,(04)23288582,2023,8,14,17,12,臺中市,北區,0,0,0,7,,,50,,,,,,,,,,,,,,13,7,,,,,B12,,,1,,2,,,7,,1,13,4,B12,120.671502,24.162767,3
5332,66000,387130000C,(04)23274275,(04)23288582,2023,8,14,17,15,臺中市,沙鹿區,0,2,0,7,2,6,50,13,9,1,5,4,6,6,4,4,8,4,5,2,17,87,2,8,1,1,C03,7,9,1,10,2,14,,87,87,1,12,4,C03,120.575555,24.226179,2
5333,66000,387130000C,(04)23274275,(04)23288582,2023,8,14,17,18,臺中市,大肚區,0,1,0,7,2,6,50,13,9,1,5,4,6,6,4,4,9,4,5,1,16,20,2,9,1,1,C03,7,11,1,10,2,12,,20,20,1,12,4,C03,120.575694,24.162274,2
5334,66000,387130000C,(04)23274275,(04)23288582,2023,8,14,17,19,臺中市,西屯區,0,0,0,7,,,50,,,,,,,,,,,,,,,84,,,,,B03,,,1,,1,,,84,,1,13,4,B03,120.593372,24.169997,3
5335,66000,387130000C,(04)23274275,(04)23288582,2023,8,14,17,20,臺中市,西屯區,0,1,0,7,3,6,40,4,1,1,5,4,6,6,1,1,10,5,5,2,17,11,2,9,1,1,C03,7,6,2,19,2,12,,11,11,1,12,4,C03,120.646397,24.167884,2
5336,66000,387130000C,(04)23274275,(04)23288582,2023,8,14,17,22,臺中市,大里區,0,1,0,7,2,6,50,13,8,1,5,4,6,6,4,4,1,4,4,1,16,47,3,10,3,1,B03,7,5,1,8,2,5,,47,47,1,12,4,B03,120.667963,24.104919,2
5337,66000,387130000C,(04)23274275,(04)23288582,2023,8,14,17,27,臺中市,大雅區,0,1,0,7,3,6,30,3,1,1,5,4,6,6,4,4,10,5,5,2,17,1,2,8,2,1,C03,7,4,1,10,2,11,,1,1,1,12,4,C03,120.665327,24.211945,2
5338,66000,387130000C,(04)23274275,(04)23288582,2023,8,14,17,27,臺中市,東區,0,1,0,5,2,6,50,3,1,1,4,4,6,6,2,1,10,5,5,2,16,47,3,10,3,1,B03,7,5,1,8,2,2,,47,47,1,12,4,B03,120.694453,24.151108,2
5339,66000,387130000C,(04)23274275,(04)23288582,2023,8,14,17,27,臺中市,西屯區,0,0,0,7,,,80,,,,,,,,,,,,,,17,40,,,,,A12,,,1,,2,,,40,40,1,13,4,A12,120.650531,24.197406,3
5340,66000,387130000C,(04)23274275,(04)23288582,2023,8,14,17,29,臺中市,西屯區,0,2,0,7,3,6,50,13,9,1,5,4,6,6,4,4,10,5,5,2,11,1,3,10,1,1,C03,7,4,1,10,2,14,,1,1,1,12,4,C03,120.644979,24.172578,2
5341,66000,387130000C,(04)23274275,(04)23288582,2023,8,14,17,29,臺中市,梧棲區,0,1,0,7,2,6,30,4,1,1,5,4,6,6,1,1,5,5,5,1,15,21,2,9,2,1,C03,7,9,1,10,2,11,,21,21,1,6,4,C03,120.543444,24.261644,2
5342,66000,387130000C,(04)23274275,(04)23288582,2023,8,14,17,30,臺中市,太平區,0,0,0,7,,,30,,,,,,,,,,,,,,,84,,,,,A12,,,1,,2,,,84,,1,13,4,A12,120.718801,24.148054,3
5343,66000,387130000C,(04)23274275,(04)23288582,2023,8,14,17,32,臺中市,西屯區,0,0,0,7,,,30,,,,,,,,,,,,,,14,49,,,,,B03,,,1,,1,,,49,,1,13,4,B03,120.649311,24.165741,3
5344,66000,387130000C,(04)23274275,(04)23288582,2023,8,14,17,34,臺中市,北區,0,1,0,7,3,6,50,5,1,1,5,4,6,6,1,1,1,2,5,2,16,36,2,9,2,1,C03,7,6,1,10,2,14,,36,36,1,12,4,C03,120.686324,24.154697,2
5345,66000,387130000C,(04)23274275,(04)23288582,2023,8,14,17,40,臺中市,和平區,0,1,0,5,3,9,50,11,9,1,4,4,6,6,4,4,4,1,5,1,17,85,3,10,5,4,B12,7,9,1,7,9,5,,85,85,1,12,4,B12,120.926091,24.181751,2
5346,66000,387130000C,(04)23274275,(04)23288582,2023,8,14,17,41,臺中市,大里區,0,1,0,7,3,6,50,4,1,1,5,4,6,6,1,1,10,5,5,2,16,8,2,8,1,1,C03,7,9,1,10,2,11,,8,8,1,6,4,C03,120.690563,24.090073,2
5347,66000,387130000C,(04)23274275,(04)23288582,2023,8,14,17,43,臺中市,北屯區,0,0,0,7,,,50,,,,,,,,,,,,,,,84,,,,,B03,,,1,,1,,,84,,1,12,4,B03,120.703273,24.169427,3
5348,66000,387130000C,(04)23274275,(04)23288582,2023,8,14,17,45,臺中市,北屯區,0,3,0,6,3,6,30,4,1,1,4,4,6,6,4,4,10,5,5,2,15,15,2,9,2,1,C03,7,9,1,10,2,11,,15,15,1,12,4,C03,120.697607,24.162952,2
5349,66000,387130000C,(04)23274275,(04)23288582,2023,8,14,17,45,臺中市,大里區,0,0,0,7,,,30,,,,,,,,,,,,,,14,49,,,,,B03,,,1,,2,,,49,,1,6,4,B03,120.676023,24.09646,3
5350,66000,387130000C,(04)23274275,(04)23288582,2023,8,14,17,46,臺中市,東勢區,0,0,0,7,3,6,50,3,9,1,5,4,6,6,4,4,5,5,5,1,14,49,,,,,B03,,,1,,2,,,49,,1,12,4,B03,120.830201,24.250683,3
5351,66000,387130000C,(04)23274275,(04)23288582,2023,8,14,17,47,臺中市,西屯區,0,1,0,7,2,6,40,13,8,1,5,4,6,6,4,4,9,4,4,2,17,51,3,10,5,4,B03,7,1,1,8,2,8,,51,51,1,13,4,B03,120.58804,24.169626,2
5352,66000,387130000C,(04)23274275,(04)23288582,2023,8,14,17,48,臺中市,北屯區,0,0,0,7,,,50,,,,,,,,,,,,,,13,7,,,,,B03,,,1,,1,,,7,,1,6,4,B03,120.690377,24.175691,3
5353,66000,387130000C,(04)23274275,(04)23288582,2023,8,14,17,49,臺中市,沙鹿區,0,0,0,7,,,40,,,,,,,,,,,,,,,10,,,,,C03,,,1,,2,,,10,,1,13,4,C03,120.564207,24.239371,3
5354,66000,387130000C,(04)23274275,(04)23288582,2023,8,14,17,50,臺中市,太平區,0,0,0,7,,,50,,,,,,,,,,,,,,,84,,,,,C03,,,1,,2,,,84,,1,12,4,C03,120.724966,24.10534,3
5355,66000,387130000C,(04)23274275,(04)23288582,2023,8,14,17,51,臺中市,西區,0,1,0,7,2,6,40,13,8,1,5,4,6,6,4,4,5,4,4,2,18,56,2,9,1,1,C03,7,15,1,10,2,16,,56,85,1,13,4,C03,120.669574,24.134176,2
5356,66000,387130000C,(04)23274275,(04)23288582,2023,8,14,17,54,臺中市,南區,0,0,0,7,,,50,,,,,,,,,,,,,,,86,,,,,,,,,,,,,86,,1,,,,120.690529,24.133099,3
5357,66000,387130000C,(04)23274275,(04)23288582,2023,8,14,17,55,臺中市,南屯區,0,2,0,6,2,6,50,3,1,1,5,4,6,6,4,4,5,5,5,2,15,51,2,9,1,1,C03,7,1,1,10,2,14,,51,51,1,6,4,C03,120.611798,24.141958,2
5358,66000,387130000C,(04)23274275,(04)23288582,2023,8,14,17,57,臺中市,南屯區,0,0,0,7,,,50,,,,,,,,,,,,,,,84,,,,,C03,,,1,,1,,,84,,1,13,4,C03,120.63318,24.144691,3
5359,66000,387130000C,(04)23274275,(04)23288582,2023,8,14,17,57,臺中市,大里區,0,0,0,7,,,30,,,,,,,,,,,,,,,51,,,,,B12,,,1,,2,,,51,,1,12,4,B12,120.677072,24.09712,3
5360,66000,387130000C,(04)23274275,(04)23288582,2023,8,14,17,58,臺中市,南屯區,0,1,0,6,3,9,50,13,9,1,5,4,6,6,4,4,5,4,5,2,12,8,3,10,2,1,C03,7,10,1,10,1,12,,8,8,1,12,4,C03,120.647126,24.147026,2
5361,66000,387130000C,(04)23274275,(04)23288582,2023,8,14,17,58,臺中市,西屯區,0,0,0,7,,,50,,,,,,,,,,,,,,17,84,,,,,B03,,,1,,1,,,84,84,1,13,4,B03,120.638129,24.164268,3
5362,66000,387130000C,(04)23274275,(04)23288582,2023,8,14,18,2,臺中市,沙鹿區,0,1,0,7,2,6,60,4,1,1,5,4,6,6,1,1,10,5,5,2,17,11,3,10,3,1,B03,7,5,1,8,2,2,,11,11,1,6,4,B03,120.562421,24.240505,2
5363,66000,387130000C,(04)23274275,(04)23288582,2023,8,14,18,9,臺中市,南區,0,2,0,6,2,6,50,4,1,1,5,4,6,6,1,1,10,5,5,2,17,84,2,9,2,1,C03,7,9,1,10,2,12,,84,84,1,13,4,C03,120.649358,24.112956,2
5364,66000,387130000C,(04)23274275,(04)23288582,2023,8,14,18,11,臺中市,北屯區,0,0,0,7,,,50,,,,,,,,,,,,,,12,84,,,,,B03,,,1,,2,,,84,84,1,13,4,B03,120.687153,24.185975,3
5365,66000,387130000C,(04)23274275,(04)23288582,2023,8,14,18,15,臺中市,西屯區,0,0,0,7,,,50,,,,,,,,,,,,,,17,40,,,,,B02,,,1,,2,,,40,,1,12,4,B02,120.639581,24.1692,3
5366,66000,387130000C,(04)23274275,(04)23288582,2023,8,14,18,22,臺中市,烏日區,0,0,0,7,,,40,,,,,,,,,,,,,,23,58,,,,,B03,,,1,,2,,,58,,1,6,4,B03,120.634497,24.09475,3
5367,66000,387130000C,(04)23274275,(04)23288582,2023,8,14,18,23,臺中市,霧峰區,0,1,0,7,2,6,50,4,19,1,5,4,6,6,2,1,1,5,5,1,1,10,3,10,3,1,B03,7,6,1,8,2,1,,10,10,1,6,4,B03,120.696627,24.070157,2
5368,66000,387130000C,(04)23274275,(04)23288582,2023,8,14,18,24,臺中市,北屯區,0,1,0,7,2,6,30,13,9,1,5,4,6,6,4,4,10,5,5,2,13,7,2,9,1,1,C04,7,9,1,10,2,11,,7,7,1,12,4,C04,120.684161,24.173998,2
5369,66000,387130000C,(04)23274275,(04)23288582,2023,8,14,18,29,臺中市,西屯區,0,0,0,7,,,50,,,,,,,,,,,,,,,84,,,,,B03,,,1,,1,,,84,,1,12,4,B03,120.636965,24.171456,3
5370,66000,387130000C,(04)23274275,(04)23288582,2023,8,14,18,31,臺中市,梧棲區,0,0,0,7,,,40,,,,,,,,,,,,,,13,7,,,,,B03,,,1,,1,,,7,,1,6,4,B03,120.525598,24.224652,3
5371,66000,387130000C,(04)23274275,(04)23288582,2023,8,14,18,32,臺中市,太平區,0,0,0,5,,,50,,,,,,,,,,,,,,17,84,,,,,B03,,,1,,2,,,84,,1,12,4,B03,120.724564,24.149605,3
5372,66000,387130000C,(04)23274275,(04)23288582,2023,8,14,18,34,臺中市,東勢區,0,0,0,7,,,50,,,,,,,,,,,,,,35,50,,,,,B03,,,1,,2,,,50,,1,13,4,B03,120.827967,24.258059,3
5373,66000,387130000C,(04)23274275,(04)23288582,2023,8,14,18,35,臺中市,南區,0,1,0,7,1,6,40,3,1,1,5,4,6,6,1,1,10,5,5,2,13,7,2,8,2,1,C03,7,9,1,10,2,11,,7,7,1,12,4,C03,120.679293,24.125653,2
5374,66000,387130000C,(04)23274275,(04)23288582,2023,8,14,18,37,臺中市,北區,0,2,0,7,1,6,50,5,1,1,5,4,6,6,1,1,5,4,5,2,12,40,3,10,1,1,C03,7,8,1,10,2,14,,40,40,1,12,4,C03,120.681796,24.144577,2
5375,66000,387130000C,(04)23274275,(04)23288582,2023,8,14,18,46,臺中市,南屯區,0,0,0,7,,,50,,,,,,,,,,,,,,,7,,,,,C03,,,1,,1,,,7,,1,12,4,C03,120.646587,24.139156,3
5376,66000,387130000C,(04)23274275,(04)23288582,2023,8,14,18,48,臺中市,南屯區,0,0,0,7,,,50,,,,,,,,,,,,,,12,59,,,,,A04,,,1,,1,,,59,59,1,6,4,A04,120.634834,24.146429,3
5377,66000,387130000C,(04)23274275,(04)23288582,2023,8,14,18,50,臺中市,東區,0,1,0,7,2,6,50,13,9,1,5,4,6,6,4,4,9,4,5,2,13,7,2,8,1,1,C03,7,9,1,10,2,11,,7,7,1,13,4,C03,120.707891,24.146135,2
5378,66000,387130000C,(04)23274275,(04)23288582,2023,8,14,18,51,臺中市,太平區,0,0,0,7,,,50,,,,,,,,,,,,,,,84,,,,,B03,,,1,,2,,,84,,1,12,4,B03,120.710725,24.141557,3
5379,66000,387130000C,(04)23274275,(04)23288582,2023,8,14,18,55,臺中市,西屯區,0,0,0,7,,,50,,,,,,,,,,,,,,12,7,,,,,B03,,,1,,1,,,7,,1,13,4,B03,120.613785,24.173447,3
5380,66000,387130000C,(04)23274275,(04)23288582,2023,8,14,18,57,臺中市,南屯區,0,0,0,7,,,50,,,,,,,,,,,,,,,84,,,,,B03,,,1,,1,,,84,,1,13,4,B03,120.646357,24.139383,3
5381,66000,387130000C,(04)23274275,(04)23288582,2023,8,14,19,0,臺中市,大里區,0,0,0,7,,,80,,,,,,,,,,,,,,13,59,,,,,B03,,,1,,2,,,59,59,1,6,4,B03,120.693138,24.10395,3
5382,66000,387130000C,(04)23274275,(04)23288582,2023,8,14,19,0,臺中市,龍井區,0,2,0,7,3,6,30,13,9,1,5,4,6,6,4,4,10,5,5,1,2,6,2,9,1,1,C03,7,9,1,10,2,11,,6,6,1,12,4,C03,120.535022,24.190395,2
5383,66000,387130000C,(04)23274275,(04)23288582,2023,8,14,19,1,臺中市,豐原區,0,0,0,7,,,50,,,,,,,,,,,,,,13,59,,,,,B03,,,1,,2,,,59,,1,13,4,B03,120.757671,24.275559,3
5384,66000,387130000C,(04)23274275,(04)23288582,2023,8,14,19,5,臺中市,北區,0,0,0,6,,,50,,,,,,,,,,,,,,,59,,,,,B03,,,1,,2,,,59,,1,13,4,B03,120.677303,24.151254,3
5385,66000,387130000C,(04)23274275,(04)23288582,2023,8,14,19,5,臺中市,大甲區,0,2,0,7,1,6,30,4,1,1,5,4,6,6,1,1,10,5,5,2,16,11,2,9,2,1,C03,7,6,1,10,2,14,,11,11,1,6,4,C03,120.617569,24.343536,2
5386,66000,387130000C,(04)23274275,(04)23288582,2023,8,14,19,9,臺中市,北屯區,0,2,0,7,2,6,50,13,7,1,5,4,6,6,4,4,1,3,4,1,13,7,2,9,1,1,C03,7,9,1,10,2,11,,7,7,1,12,4,C03,120.685679,24.175769,2
5387,66000,387130000C,(04)23274275,(04)23288582,2023,8,14,19,17,臺中市,南屯區,0,2,0,6,1,6,50,4,1,1,5,4,6,6,2,1,10,5,5,2,15,21,2,9,2,1,C03,7,9,1,10,2,11,,21,21,1,12,4,C03,120.637744,24.132241,2
5388,66000,387130000C,(04)23274275,(04)23288582,2023,8,14,19,18,臺中市,大雅區,0,1,0,7,1,6,30,5,2,1,5,4,6,6,4,4,10,5,5,2,18,6,2,9,1,1,C03,7,9,1,10,2,14,,6,6,1,13,4,C03,120.626286,24.209763,2