序號,縣市別代碼,機關代碼,市話,傳真,年,月,日,時,分,縣市,區,死亡數量,受傷數量,2-30,天候,光線,道路類別,速限,道路型態,事故位置,路面鋪裝,路面狀態,路面缺陷,障礙物,視距,號誌種類,號誌動作,分向設施,快車道或一般車道間,快慢車道間,路面邊線,事故類型及型態,主要肇因,受傷程度,主要傷處,保護裝備,行動電話,當事者區分(類別),車輛用途,當事者行動狀態,駕駛資格情形,駕駛執照種類,飲酒情形,車輛撞擊部位最初,車輛撞擊部位其他,肇事因素個別,肇事因素主要,肇事逃逸,職業,旅次目的,車種,GPS座標X,GPS座標Y,事故類別
5389,66000,387130000C,(04)23274275,(04)23288582,2023,8,14,19,18,臺中市,西區,0,1,0,6,1,6,50,4,1,1,5,4,6,6,4,4,10,5,5,2,16,38,3,10,3,1,B01,7,6,1,4,2,8,,38,38,1,12,4,B01,120.674075,24.147116,2
5390,66000,387130000C,(04)23274275,(04)23288582,2023,8,14,19,27,臺中市,烏日區,0,0,0,7,,,50,,,,,,,,,,,,,,2,40,,,,,B02,,,1,,2,,,40,,1,6,4,B02,120.649146,24.093525,3
5391,66000,387130000C,(04)23274275,(04)23288582,2023,8,14,19,35,臺中市,北區,0,2,0,7,1,6,50,13,7,1,5,4,6,6,4,4,9,5,4,2,13,7,2,7,1,1,C03,7,9,3,19,2,11,,7,7,1,12,4,C03,120.677313,24.170138,2
5392,66000,387130000C,(04)23274275,(04)23288582,2023,8,14,19,40,臺中市,北區,0,0,0,7,,,50,,,,,,,,,,,,,,,39,,,,,B03,,,1,,1,,,39,,1,13,4,B03,120.678258,24.166995,3
5393,66000,387130000C,(04)23274275,(04)23288582,2023,8,14,19,40,臺中市,沙鹿區,0,0,0,7,,,50,,,,,,,,,,,,,,13,45,,,,,C03,,,1,,2,,,45,,1,12,4,C03,120.562846,24.24686,4
5394,66000,387130000C,(04)23274275,(04)23288582,2023,8,14,19,43,臺中市,神岡區,0,2,0,7,1,6,30,4,1,1,5,4,6,6,4,4,5,5,5,1,16,14,2,8,1,1,C04,7,6,1,11,2,13,,14,14,1,12,4,C04,120.654862,24.279885,2
5395,66000,387130000C,(04)23274275,(04)23288582,2023,8,14,19,50,臺中市,北屯區,0,0,0,7,,,30,,,,,,,,,,,,,,14,49,,,,,B12,,,1,,2,,,49,49,1,12,4,B12,120.722303,24.177256,3
5396,66000,387130000C,(04)23274275,(04)23288582,2023,8,14,19,51,臺中市,北屯區,0,1,0,7,1,6,50,3,1,1,5,4,6,6,4,4,10,5,5,2,16,14,3,10,3,1,B12,7,6,1,7,2,2,,14,14,1,12,4,B12,120.67479,24.182129,2
5397,66000,387130000C,(04)23274275,(04)23288582,2023,8,14,19,56,臺中市,沙鹿區,0,2,0,7,2,6,50,4,1,1,5,4,6,6,1,1,10,5,5,2,17,11,2,9,2,1,C03,7,5,1,10,2,12,,11,11,1,12,4,C03,120.559828,24.238001,2
5398,66000,387130000C,(04)23274275,(04)23288582,2023,8,14,20,0,臺中市,沙鹿區,0,0,0,7,1,6,60,4,9,1,5,4,6,6,1,1,1,3,4,1,16,45,,,,,B02,,,1,,1,,,45,,1,12,4,B02,120.597591,24.249998,3
5399,66000,387130000C,(04)23274275,(04)23288582,2023,8,14,20,4,臺中市,沙鹿區,0,0,0,7,,,40,,,,,,,,,,,,,,,49,,,,,B02,,,1,,1,,,49,,1,6,4,B02,120.558649,24.234634,3
5400,66000,387130000C,(04)23274275,(04)23288582,2023,8,14,20,11,臺中市,龍井區,0,0,0,7,,,50,,,,,,,,,,,,,,13,7,,,,,B03,,,1,,2,,,7,,1,12,4,B03,120.573047,24.191958,3
5401,66000,387130000C,(04)23274275,(04)23288582,2023,8,14,20,12,臺中市,大雅區,0,3,0,7,1,6,50,3,1,1,5,4,6,6,3,1,10,5,5,2,9,84,2,9,2,1,C03,7,9,1,10,2,11,,84,84,1,12,4,C03,120.660011,24.231471,2
5402,66000,387130000C,(04)23274275,(04)23288582,2023,8,14,20,13,臺中市,東區,0,1,0,7,1,6,50,3,1,1,5,4,6,6,4,4,9,4,5,2,12,47,3,10,3,1,B03,7,5,1,8,2,4,,47,47,1,12,4,B03,120.710611,24.141796,2
5403,66000,387130000C,(04)23274275,(04)23288582,2023,8,14,20,17,臺中市,大里區,0,0,0,7,,,50,,,,,,,,,,,,,,,85,,,,,B03,,,1,,2,,,85,,1,12,4,B03,120.701287,24.106711,3
5404,66000,387130000C,(04)23274275,(04)23288582,2023,8,14,20,23,臺中市,大甲區,0,1,0,7,1,6,50,13,9,1,5,4,6,6,4,4,5,5,5,1,27,55,2,9,2,1,C03,7,9,1,10,2,11,,55,55,1,6,2,C03,120.612475,24.341329,2
5405,66000,387130000C,(04)23274275,(04)23288582,2023,8,14,20,33,臺中市,南屯區,0,0,0,7,,,50,,,,,,,,,,,,,,9,119,,,,,,,,,,,,,119,,1,,,,120.639711,24.150336,3
5406,66000,387130000C,(04)23274275,(04)23288582,2023,8,14,20,35,臺中市,后里區,0,0,0,7,,,50,,,,,,,,,,,,,,17,87,,,,,B03,,,1,,1,,,87,,1,6,4,B03,120.697274,24.310725,3
5407,66000,387130000C,(04)23274275,(04)23288582,2023,8,14,20,38,臺中市,豐原區,0,0,0,7,,,50,,,,,,,,,,,,,,13,7,,,,,B03,,,1,,2,,,7,,1,13,4,B03,120.744535,24.264695,3
5408,66000,387130000C,(04)23274275,(04)23288582,2023,8,14,20,52,臺中市,大甲區,0,1,0,7,1,6,50,13,9,1,5,4,6,6,4,4,9,5,4,2,12,51,2,9,2,1,C03,7,9,1,10,2,12,,87,51,1,6,4,C03,120.648013,24.408324,2
5409,66000,387130000C,(04)23274275,(04)23288582,2023,8,14,20,55,臺中市,潭子區,0,0,0,7,,,40,,,,,,,,,,,,,,,45,,,,,B03,,,1,,2,,,45,,1,12,4,B03,120.685932,24.210197,3
5410,66000,387130000C,(04)23274275,(04)23288582,2023,8,14,20,55,臺中市,太平區,0,2,0,7,1,6,50,3,7,1,5,4,6,6,4,4,5,5,5,1,28,119,,,,,,,,,,,,,119,119,1,,,,120.704124,24.115322,2
5411,66000,387130000C,(04)23274275,(04)23288582,2023,8,14,20,59,臺中市,南屯區,0,1,0,7,1,6,50,4,1,1,5,4,6,6,1,1,1,4,4,2,11,87,3,10,5,4,B03,7,6,1,8,2,5,,87,87,1,13,4,B03,120.6514,24.150796,2
5412,66000,387130000C,(04)23274275,(04)23288582,2023,8,14,21,7,臺中市,烏日區,0,0,0,7,1,6,30,13,9,1,5,4,6,6,4,4,10,5,5,2,17,8,,,,,B03,,,1,,2,,,8,,1,12,4,B03,120.604342,24.115256,3
5413,66000,387130000C,(04)23274275,(04)23288582,2023,8,14,21,12,臺中市,西屯區,0,0,0,7,,,50,,,,,,,,,,,,,,,84,,,,,B03,,,1,,1,,,84,,1,12,4,B03,120.640368,24.166729,3
5414,66000,387130000C,(04)23274275,(04)23288582,2023,8,14,21,31,臺中市,北屯區,0,1,0,7,1,6,50,13,7,1,5,4,6,6,4,4,1,4,4,2,13,7,2,9,1,1,C03,7,9,1,10,2,11,,7,7,1,12,4,C03,120.660065,24.192169,2
5415,66000,387130000C,(04)23274275,(04)23288582,2023,8,14,21,35,臺中市,大里區,0,2,0,7,1,6,50,13,8,1,5,4,6,6,4,4,5,2,5,1,3,95,2,9,6,5,H01,8,18,7,21,2,17,,95,95,1,6,5,H01,120.689779,24.113766,2
5416,66000,387130000C,(04)23274275,(04)23288582,2023,8,14,21,46,臺中市,北區,0,3,0,6,1,6,50,4,2,1,5,4,6,6,2,1,5,4,5,2,12,20,2,7,5,4,C03,7,6,2,19,2,14,,20,20,1,13,4,C03,120.682365,24.163041,2
5417,66000,387130000C,(04)23274275,(04)23288582,2023,8,14,21,56,臺中市,石岡區,0,0,0,7,,,70,,,,,,,,,,,,,,13,61,,,,,B03,,,1,,2,,,61,,1,12,4,B03,120.783466,24.274744,3
5418,66000,387130000C,(04)23274275,(04)23288582,2023,8,14,22,8,臺中市,大里區,0,1,0,7,1,6,50,4,2,1,5,4,6,6,1,1,10,5,5,1,15,61,3,10,1,2,C03,7,9,1,10,2,11,,61,61,1,12,4,C03,120.68955,24.116496,2
5419,66000,387130000C,(04)23274275,(04)23288582,2023,8,14,22,21,臺中市,西屯區,0,0,0,7,,,30,,,,,,,,,,,,,,,84,,,,,B03,,,1,,1,,,84,84,1,13,4,B03,120.646289,24.182829,3
5420,66000,387130000C,(04)23274275,(04)23288582,2023,8,14,22,34,臺中市,東區,0,1,0,7,2,6,40,13,8,1,5,4,6,6,4,4,1,4,4,2,12,8,2,9,2,1,C03,7,9,1,10,2,12,,8,8,1,6,4,C03,120.690142,24.126858,2
5421,66000,387130000C,(04)23274275,(04)23288582,2023,8,14,22,35,臺中市,沙鹿區,0,0,0,7,,,60,,,,,,,,,,,,,,14,82,,,,,B03,,,1,,9,,,82,,1,12,4,B03,120.58025,24.219737,3
5422,66000,387130000C,(04)23274275,(04)23288582,2023,8,14,23,29,臺中市,南區,0,0,0,7,,,50,,,,,,,,,,,,,,13,84,,,,,B03,,,1,8,2,,,84,84,1,12,4,B03,120.684235,24.122342,4
5423,66000,387130000C,(04)23274275,(04)23288582,2023,8,14,23,33,臺中市,北屯區,0,1,0,7,1,6,50,13,9,1,5,4,6,6,4,4,10,5,5,2,17,59,2,9,5,4,C03,7,9,1,10,2,11,,59,59,1,13,4,C03,120.702473,24.166476,2
5424,66000,387130000C,(04)23274275,(04)23288582,2023,8,14,23,42,臺中市,大里區,0,2,0,6,1,6,50,3,1,1,5,4,6,6,3,1,10,5,5,2,16,24,3,10,3,1,B03,7,6,1,8,2,7,,24,24,1,6,4,B03,120.719348,24.097766,2
5425,66000,387130000C,(04)23274275,(04)23288582,2023,8,14,23,42,臺中市,太平區,0,0,0,7,,,40,,,,,,,,,,,,,,16,32,,,,,B03,,,3,,2,,,32,,1,12,4,B03,120.716184,24.133943,3
5426,66000,387130000C,(04)23274275,(04)23288582,2023,8,14,23,43,臺中市,西屯區,0,1,0,7,1,6,50,5,1,1,5,4,5,6,1,1,9,4,1,2,17,84,3,10,3,1,B03,7,5,1,8,2,4,,84,84,1,12,4,B03,120.643561,24.166169,2
5427,66000,387130000C,(04)23274275,(04)23288582,2023,8,15,0,30,臺中市,清水區,0,0,0,7,,,70,,,,,,,,,,,,,,,12,,,,,B03,,,1,,2,,,12,,1,12,4,B03,120.578721,24.301016,3
5428,66000,387130000C,(04)23274275,(04)23288582,2023,8,15,2,4,臺中市,西區,0,0,0,7,3,6,50,18,23,1,5,4,6,6,4,4,10,5,5,2,17,87,,,,,C03,,,1,,1,,,87,,1,12,4,C03,120.665157,24.128686,3
5429,66000,387130000C,(04)23274275,(04)23288582,2023,8,15,3,0,臺中市,大雅區,0,2,0,7,3,6,30,4,1,1,5,4,6,6,3,1,5,5,5,1,15,20,2,9,1,1,F03,7,9,7,21,2,12,,20,20,1,13,4,F03,120.657126,24.225169,2
5430,66000,387130000C,(04)23274275,(04)23288582,2023,8,15,6,35,臺中市,南區,0,0,0,7,,,40,,,,,,,,,,,,,,,49,,,,,B11,,,1,,2,,,49,,1,12,4,B11,120.669138,24.114546,3
5431,66000,387130000C,(04)23274275,(04)23288582,2023,8,15,6,40,臺中市,東區,0,0,0,7,,,50,,,,,,,,,,,,,,12,87,,,,,B02,,,1,,9,,,87,,1,12,4,B02,120.688442,24.145574,3
5432,66000,387130000C,(04)23274275,(04)23288582,2023,8,15,6,51,臺中市,北區,0,1,0,7,2,6,50,13,9,1,5,4,6,6,2,1,3,4,5,2,18,84,3,10,3,1,B03,7,7,1,8,2,16,,40,84,1,12,4,B03,120.674507,24.162862,2
5433,66000,387130000C,(04)23274275,(04)23288582,2023,8,15,6,53,臺中市,太平區,0,0,0,6,,,80,,,,,,,,,,,,,,17,75,,,,,A41,,,1,,2,,,75,,1,6,4,A41,120.706015,24.129255,3
5434,66000,387130000C,(04)23274275,(04)23288582,2023,8,15,6,55,臺中市,豐原區,0,1,0,7,2,6,50,4,1,1,5,4,6,6,2,1,10,5,5,2,16,11,2,9,5,4,C03,7,6,1,10,2,11,,11,11,1,12,4,C03,120.71563,24.251408,2
5435,66000,387130000C,(04)23274275,(04)23288582,2023,8,15,7,0,臺中市,北屯區,0,0,0,7,,,50,,,,,,,,,,,,,,12,2,,,,,B03,,,1,,1,,,2,2,1,12,4,B03,120.719475,24.163003,3
5436,66000,387130000C,(04)23274275,(04)23288582,2023,8,15,7,3,臺中市,大甲區,0,2,0,7,2,6,50,3,1,1,5,4,6,6,4,4,10,5,5,2,16,45,2,7,1,1,C03,7,11,1,10,2,14,,45,45,1,6,4,C03,120.627026,24.350313,2
5437,66000,387130000C,(04)23274275,(04)23288582,2023,8,15,7,5,臺中市,北屯區,0,3,0,6,2,6,30,13,9,1,5,4,6,6,4,4,10,5,5,2,11,51,2,9,1,1,C03,7,1,1,10,2,14,,51,51,1,13,4,C03,120.684794,24.196861,2
5438,66000,387130000C,(04)23274275,(04)23288582,2023,8,15,7,6,臺中市,南屯區,0,0,0,5,,,50,,,,,,,,,,,,,,13,59,,,,,B03,,,1,,1,,,59,59,1,13,4,B03,120.612764,24.13896,4
5439,66000,387130000C,(04)23274275,(04)23288582,2023,8,15,7,7,臺中市,北屯區,0,0,0,7,,,50,,,,,,,,,,,,,,13,84,,,,,B03,,,1,8,1,,,84,84,1,12,4,B03,120.730227,24.17385,3
5440,66000,387130000C,(04)23274275,(04)23288582,2023,8,15,7,16,臺中市,北屯區,0,0,0,7,,,50,,,,,,,,,,,,,,,82,,,,,A11,,,1,,2,,,82,82,1,6,4,A11,120.676181,24.201317,3
5441,66000,387130000C,(04)23274275,(04)23288582,2023,8,15,7,17,臺中市,大雅區,0,1,0,5,2,6,60,13,8,1,4,4,6,6,4,4,3,4,4,1,17,40,3,10,3,1,B03,7,7,1,8,2,6,,40,40,1,12,4,B03,120.649649,24.213725,2
5442,66000,387130000C,(04)23274275,(04)23288582,2023,8,15,7,24,臺中市,沙鹿區,0,0,0,7,,,70,,,,,,,,,,,,,,,40,,,,,B03,,,1,,2,,,40,40,1,13,4,B03,120.562915,24.239943,3
5443,66000,387130000C,(04)23274275,(04)23288582,2023,8,15,7,25,臺中市,西屯區,0,0,0,5,,,80,,,,,,,,,,,,,,,87,,,,,B03,,,1,,2,,,87,87,1,12,4,B03,120.627985,24.161173,3
5444,66000,387130000C,(04)23274275,(04)23288582,2023,8,15,7,30,臺中市,大里區,0,0,0,6,,,80,,,,,,,,,,,,,,13,7,,,,,B03,,,1,,2,,,7,,1,13,4,B03,120.690704,24.098029,3
5445,66000,387130000C,(04)23274275,(04)23288582,2023,8,15,7,33,臺中市,西屯區,0,0,0,7,,,80,,,,,,,,,,,,,,,87,,,,,C02,,,1,,2,,,87,87,1,13,4,C02,120.634424,24.176068,3
5446,66000,387130000C,(04)23274275,(04)23288582,2023,8,15,7,35,臺中市,北屯區,0,1,0,6,3,6,50,3,1,1,5,4,6,6,1,1,10,5,5,2,12,40,3,10,2,1,C03,7,7,1,10,2,12,,40,40,1,6,4,C03,120.702429,24.164764,2
5447,66000,387130000C,(04)23274275,(04)23288582,2023,8,15,7,36,臺中市,西區,0,1,0,7,3,6,50,4,1,1,5,4,6,6,1,1,10,5,5,2,16,11,2,9,1,1,C03,7,6,1,10,2,12,,11,11,1,6,4,C03,120.668623,24.138022,2
5448,66000,387130000C,(04)23274275,(04)23288582,2023,8,15,7,37,臺中市,西區,0,1,0,5,1,6,50,4,1,1,4,4,6,6,1,1,10,5,5,2,17,43,2,9,1,1,C03,7,9,1,10,2,14,,43,43,1,12,4,C03,120.667305,24.140607,2
5449,66000,387130000C,(04)23274275,(04)23288582,2023,8,15,7,38,臺中市,烏日區,0,0,0,7,,,50,,,,,,,,,,,,,,,7,,,,,B03,,,1,,2,,,7,,1,12,4,B03,120.607868,24.118422,3
5450,66000,387130000C,(04)23274275,(04)23288582,2023,8,15,7,38,臺中市,豐原區,0,1,0,6,2,6,50,4,1,1,4,4,6,6,1,1,10,5,5,2,18,84,2,9,1,1,C03,7,9,1,10,2,14,,84,84,1,13,4,C03,120.703123,24.249458,2
5451,66000,387130000C,(04)23274275,(04)23288582,2023,8,15,7,39,臺中市,南屯區,0,2,0,7,1,6,50,4,1,1,5,4,6,6,4,4,5,5,5,2,17,85,3,10,1,1,C03,7,5,1,10,2,14,,85,85,1,13,2,C03,120.635601,24.141355,2
5452,66000,387130000C,(04)23274275,(04)23288582,2023,8,15,7,39,臺中市,梧棲區,0,0,0,7,,,30,,,,,,,,,,,,,,,20,,,,,C03,,,1,,2,,,20,,1,12,4,C03,120.541745,24.24626,4
5453,66000,387130000C,(04)23274275,(04)23288582,2023,8,15,7,40,臺中市,西屯區,0,1,0,7,2,6,50,13,9,1,5,4,6,6,4,4,5,4,5,2,16,51,3,10,3,1,B03,7,1,1,8,2,8,,51,51,1,13,4,B03,120.621655,24.178555,2
5454,66000,387130000C,(04)23274275,(04)23288582,2023,8,15,7,40,臺中市,大里區,0,1,0,5,3,6,60,13,8,1,4,4,6,6,4,4,1,4,4,2,12,40,3,10,1,1,C03,7,7,1,10,2,13,,40,40,1,6,4,C03,120.668809,24.103715,2
5455,66000,387130000C,(04)23274275,(04)23288582,2023,8,15,7,41,臺中市,西區,0,0,0,7,,,50,,,,,,,,,,,,,,,50,,,,,B03,,,1,,1,,,50,,1,12,4,B03,120.66019,24.135132,3
5456,66000,387130000C,(04)23274275,(04)23288582,2023,8,15,7,46,臺中市,西屯區,0,0,0,7,,,50,,,,,,,,,,,,,,12,50,,,,,B03,,,1,,1,,,50,,1,12,4,B03,120.651094,24.158041,3
5457,66000,387130000C,(04)23274275,(04)23288582,2023,8,15,7,46,臺中市,大甲區,0,1,0,7,2,6,50,4,1,1,5,4,6,6,4,4,10,5,5,2,17,59,2,7,1,1,C03,7,9,1,10,2,14,,59,59,1,13,4,C03,120.624641,24.343838,2
5458,66000,387130000C,(04)23274275,(04)23288582,2023,8,15,7,50,臺中市,南屯區,0,1,0,7,2,6,40,13,9,1,5,4,6,6,1,1,9,5,5,2,12,7,3,10,1,1,C03,7,9,1,10,2,11,,7,7,1,13,4,C03,120.648618,24.148962,2
5459,66000,387130000C,(04)23274275,(04)23288582,2023,8,15,7,51,臺中市,神岡區,0,1,0,6,2,6,50,13,7,1,4,4,6,6,4,4,5,4,4,2,13,7,3,10,2,1,F03,7,9,7,21,2,11,,7,7,1,13,4,F03,120.677812,24.25016,2
5460,66000,387130000C,(04)23274275,(04)23288582,2023,8,15,7,53,臺中市,北屯區,0,1,0,5,3,6,50,3,1,1,4,4,6,6,4,4,10,5,5,2,16,14,3,10,3,1,B03,7,6,1,8,2,1,,14,14,1,12,4,B03,120.720319,24.178201,2
5461,66000,387130000C,(04)23274275,(04)23288582,2023,8,15,7,54,臺中市,烏日區,0,0,0,7,,,30,,,,,,,,,,,,,,,84,,,,,B03,,,1,,2,,,84,,1,12,4,B03,120.637998,24.103912,3
5462,66000,387130000C,(04)23274275,(04)23288582,2023,8,15,7,55,臺中市,豐原區,0,0,0,5,1,2,50,17,9,1,4,4,6,6,4,4,4,3,5,1,11,4,3,10,3,1,B03,7,9,1,8,2,4,,4,4,1,12,4,B03,120.742433,24.251632,3
5463,66000,387130000C,(04)23274275,(04)23288582,2023,8,15,7,55,臺中市,神岡區,0,1,0,5,1,6,50,13,9,1,4,4,6,6,1,1,9,4,5,1,18,84,2,9,1,1,C03,7,9,1,10,2,15,,84,84,1,6,4,C03,120.68308,24.259267,2
5464,66000,387130000C,(04)23274275,(04)23288582,2023,8,15,7,56,臺中市,西屯區,0,0,0,7,,,50,,,,,,,,,,,,,,,40,,,,,B03,,,1,,1,,,40,,1,13,4,B03,120.624956,24.180805,3
5465,66000,387130000C,(04)23274275,(04)23288582,2023,8,15,7,58,臺中市,豐原區,0,1,0,7,2,6,50,4,1,1,5,4,6,6,1,1,10,5,5,2,16,45,3,10,3,1,B03,7,11,1,8,2,8,,45,45,1,13,4,B03,120.722482,24.252071,2
5466,66000,387130000C,(04)23274275,(04)23288582,2023,8,15,8,0,臺中市,大雅區,0,1,0,6,3,6,50,13,9,1,4,4,6,6,4,4,8,3,5,1,17,40,3,10,3,1,B12,7,15,1,8,2,5,,40,40,1,12,4,B12,120.647741,24.226537,2
5467,66000,387130000C,(04)23274275,(04)23288582,2023,8,15,8,1,臺中市,潭子區,0,1,0,5,2,6,60,4,1,1,4,4,6,6,1,1,1,4,4,1,17,59,2,9,2,1,F03,7,9,7,21,2,16,,59,59,1,13,4,F03,120.709032,24.233201,2
5468,66000,387130000C,(04)23274275,(04)23288582,2023,8,15,8,1,臺中市,清水區,0,0,0,7,,,50,,,,,,,,,,,,,,,8,,,,,B03,,,1,,1,,,8,8,1,12,4,B03,120.572932,24.264919,3
5469,66000,387130000C,(04)23274275,(04)23288582,2023,8,15,8,2,臺中市,北區,0,0,0,7,,,50,,,,,,,,,,,,,,14,49,,,,,B12,,,1,,2,,,49,,1,13,4,B12,120.696145,24.16001,3
5470,66000,387130000C,(04)23274275,(04)23288582,2023,8,15,8,6,臺中市,大雅區,0,1,0,6,1,6,50,3,1,1,5,4,6,6,4,4,5,5,5,1,17,14,3,10,3,1,B03,7,6,1,8,2,8,,14,14,1,12,4,B03,120.657236,24.22451,2
5471,66000,387130000C,(04)23274275,(04)23288582,2023,8,15,8,7,臺中市,太平區,0,1,0,7,2,6,50,5,1,1,5,4,6,6,1,1,10,5,5,2,12,8,3,10,3,1,B03,7,9,1,7,2,2,,8,8,1,13,4,B03,120.721229,24.118986,2
5472,66000,387130000C,(04)23274275,(04)23288582,2023,8,15,8,8,臺中市,西屯區,0,0,0,7,,,50,,,,,,,,,,,,,,,84,,,,,B03,,,1,,1,,,84,84,1,12,4,B03,120.615268,24.182938,3
5473,66000,387130000C,(04)23274275,(04)23288582,2023,8,15,8,14,臺中市,南屯區,0,1,0,7,2,6,40,13,8,1,5,4,6,6,4,4,1,5,5,2,18,59,2,9,2,1,C03,7,9,1,10,2,14,,59,59,1,6,4,C03,120.589642,24.159411,2
5474,66000,387130000C,(04)23274275,(04)23288582,2023,8,15,8,15,臺中市,梧棲區,0,2,0,7,1,6,30,4,1,1,5,4,6,6,4,4,10,5,5,2,15,20,2,9,5,4,C03,7,9,1,10,2,11,,20,20,1,12,4,C03,120.546865,24.224349,2
5475,66000,387130000C,(04)23274275,(04)23288582,2023,8,15,8,16,臺中市,烏日區,0,3,0,6,3,6,50,13,9,1,5,4,6,6,4,4,5,4,5,1,16,51,2,8,2,1,C03,7,1,1,10,2,14,,51,51,1,12,4,C03,120.642473,24.065073,2
5476,66000,387130000C,(04)23274275,(04)23288582,2023,8,15,8,17,臺中市,北屯區,0,0,0,7,,,50,,,,,,,,,,,,,,13,7,,,,,B03,,,1,,1,,,7,,1,13,4,B03,120.694315,24.164928,3
5477,66000,387130000C,(04)23274275,(04)23288582,2023,8,15,8,19,臺中市,大肚區,0,0,0,7,,,50,,,,,,,,,,,,,,,40,,,,,C03,,,1,,2,,,40,,1,12,4,C03,120.545297,24.154681,3
5478,66000,387130000C,(04)23274275,(04)23288582,2023,8,15,8,25,臺中市,東勢區,0,1,0,6,2,6,60,3,1,1,5,4,6,6,1,1,1,5,5,2,17,14,3,10,5,4,B12,7,5,1,8,2,2,,14,14,1,12,4,B12,120.824543,24.257415,2
5479,66000,387130000C,(04)23274275,(04)23288582,2023,8,15,8,27,臺中市,北屯區,0,1,0,7,2,6,50,3,1,1,5,4,6,6,4,4,10,5,5,2,13,7,2,9,5,4,C03,7,9,1,10,2,11,,7,7,1,12,4,C03,120.694685,24.170189,2
5480,66000,387130000C,(04)23274275,(04)23288582,2023,8,15,8,27,臺中市,西屯區,0,1,0,6,3,6,40,4,1,1,4,4,6,6,2,1,10,5,5,2,18,84,2,9,5,4,C03,7,9,1,10,2,12,,84,84,1,13,4,C03,120.637962,24.17272,2
5481,66000,387130000C,(04)23274275,(04)23288582,2023,8,15,8,27,臺中市,烏日區,0,1,0,7,2,6,60,13,8,1,5,4,6,6,4,4,1,4,4,1,17,7,3,10,1,1,C03,7,9,1,10,2,11,,7,7,1,5,4,C03,120.620542,24.105282,2
5482,66000,387130000C,(04)23274275,(04)23288582,2023,8,15,8,31,臺中市,東區,0,0,0,6,,,50,,,,,,,,,,,,,,16,84,,,,,B03,,,1,,2,,,84,,1,12,4,B03,120.684942,24.121982,3
5483,66000,387130000C,(04)23274275,(04)23288582,2023,8,15,8,34,臺中市,北區,0,1,0,6,2,6,50,3,1,1,5,4,6,6,4,4,1,5,5,2,16,14,3,10,3,1,B03,7,5,1,8,2,2,,14,14,1,12,4,B03,120.68399,24.165392,2
5484,66000,387130000C,(04)23274275,(04)23288582,2023,8,15,8,34,臺中市,北屯區,0,0,0,7,,,50,,,,,,,,,,,,,,,85,,,,,B12,,,1,,1,,,85,85,1,6,4,B12,120.721871,24.182011,4
5485,66000,387130000C,(04)23274275,(04)23288582,2023,8,15,8,36,臺中市,烏日區,0,1,0,6,3,6,60,13,9,1,5,4,6,6,4,4,1,4,4,1,16,47,3,10,3,1,B03,7,5,1,8,2,5,,47,47,1,12,4,B03,120.632715,24.105734,2
5486,66000,387130000C,(04)23274275,(04)23288582,2023,8,15,8,37,臺中市,西屯區,0,0,0,7,,,50,,,,,,,,,,,,,,12,8,,,,,B03,,,1,,1,,,8,,1,12,4,B03,120.638644,24.158253,3
5487,66000,387130000C,(04)23274275,(04)23288582,2023,8,15,8,37,臺中市,西屯區,0,0,0,7,,,50,,,,,,,,,,,,,,17,84,,,,,B12,,,1,,1,,,84,,1,13,4,B12,120.642433,24.176976,3
5488,66000,387130000C,(04)23274275,(04)23288582,2023,8,15,8,38,臺中市,豐原區,0,1,0,7,2,6,50,3,1,1,5,4,6,6,4,4,3,4,4,1,17,45,3,10,3,1,B12,7,11,1,8,3,2,,45,45,1,13,4,B12,120.755598,24.27487,2
5489,66000,387130000C,(04)23274275,(04)23288582,2023,8,15,8,39,臺中市,北區,0,0,0,7,,,50,,,,,,,,,,,,,,12,8,,,,,C03,,,1,,1,,,8,,1,13,4,C03,120.673773,24.165153,3
5490,66000,387130000C,(04)23274275,(04)23288582,2023,8,15,8,39,臺中市,東區,0,0,0,7,3,6,50,4,1,1,5,4,6,6,1,1,10,5,5,2,17,87,3,10,3,1,B03,7,5,1,8,2,2,,87,87,1,12,4,B03,120.687858,24.13653,3
5491,66000,387130000C,(04)23274275,(04)23288582,2023,8,15,8,42,臺中市,豐原區,0,1,0,6,2,6,50,5,2,1,5,4,6,6,1,1,5,5,5,2,13,7,3,10,3,1,B03,7,9,1,8,9,1,,7,7,1,13,4,B03,120.719394,24.247927,2
5492,66000,387130000C,(04)23274275,(04)23288582,2023,8,15,8,44,臺中市,大里區,0,0,0,7,,,50,,,,,,,,,,,,,,,47,,,,,B03,,,1,,2,,,47,,1,13,4,B03,120.698006,24.093651,3
5493,66000,387130000C,(04)23274275,(04)23288582,2023,8,15,8,44,臺中市,大里區,0,1,0,7,2,6,50,13,9,1,5,4,6,6,1,1,8,3,1,1,13,7,3,10,1,1,C03,7,9,1,10,2,14,,7,7,1,5,4,C03,120.690975,24.092022,2
5494,66000,387130000C,(04)23274275,(04)23288582,2023,8,15,8,47,臺中市,大里區,0,1,0,7,3,6,50,4,1,1,5,4,6,6,1,1,1,4,1,1,15,21,3,10,1,1,F03,7,9,7,21,2,11,,21,21,1,3,4,F03,120.682098,24.080292,2
5495,66000,387130000C,(04)23274275,(04)23288582,2023,8,15,8,48,臺中市,東區,0,0,0,7,,,50,,,,,,,,,,,,,,,8,,,,,C03,,,1,,2,,,8,,1,13,4,C03,120.682924,24.135196,3