序號,縣市別代碼,機關代碼,市話,傳真,年,月,日,時,分,縣市,區,死亡數量,受傷數量,2-30,天候,光線,道路類別,速限,道路型態,事故位置,路面鋪裝,路面狀態,路面缺陷,障礙物,視距,號誌種類,號誌動作,分向設施,快車道或一般車道間,快慢車道間,路面邊線,事故類型及型態,主要肇因,受傷程度,主要傷處,保護裝備,行動電話,當事者區分(類別),車輛用途,當事者行動狀態,駕駛資格情形,駕駛執照種類,飲酒情形,車輛撞擊部位最初,車輛撞擊部位其他,肇事因素個別,肇事因素主要,肇事逃逸,職業,旅次目的,車種,GPS座標X,GPS座標Y,事故類別
5496,66000,387130000C,(04)23274275,(04)23288582,2023,8,15,8,48,臺中市,清水區,0,0,0,7,,,40,,,,,,,,,,,,,,17,50,,,,,B03,,,1,,1,,,50,,1,12,4,B03,120.573848,24.265728,3
5497,66000,387130000C,(04)23274275,(04)23288582,2023,8,15,8,49,臺中市,西屯區,0,0,0,7,,,50,,,,,,,,,,,,,,,8,,,,,B03,,,2,,1,,,8,,1,13,4,B03,120.65777,24.15806,3
5498,66000,387130000C,(04)23274275,(04)23288582,2023,8,15,8,52,臺中市,大甲區,0,1,0,7,2,6,50,4,1,1,5,4,6,6,4,4,10,5,5,2,15,15,3,10,3,1,B03,7,9,1,8,2,1,,15,15,1,6,4,B03,120.641252,24.410742,2
5499,66000,387130000C,(04)23274275,(04)23288582,2023,8,15,8,55,臺中市,霧峰區,0,0,0,7,,,50,,,,,,,,,,,,,,,11,,,,,B03,,,1,,2,,,11,11,1,13,4,B03,120.696361,24.059649,3
5500,66000,387130000C,(04)23274275,(04)23288582,2023,8,15,8,56,臺中市,北屯區,0,0,0,7,,,50,,,,,,,,,,,,,,13,7,,,,,B03,,,1,,1,,,7,7,1,6,4,B03,120.692564,24.168811,3
5501,66000,387130000C,(04)23274275,(04)23288582,2023,8,15,8,56,臺中市,西屯區,0,0,0,7,,,50,,,,,,,,,,,,,,,87,,,,,B12,,,1,,1,,,87,87,1,13,4,B12,120.655019,24.200269,3
5502,66000,387130000C,(04)23274275,(04)23288582,2023,8,15,8,59,臺中市,西區,0,2,0,6,3,6,40,4,1,1,5,4,6,6,1,1,10,5,5,2,12,8,2,7,1,1,C03,7,9,1,10,2,12,,8,8,1,6,4,C03,120.674883,24.149191,2
5503,66000,387130000C,(04)23274275,(04)23288582,2023,8,15,9,0,臺中市,南屯區,0,1,0,6,3,6,50,4,1,1,4,4,6,6,1,1,10,5,5,2,16,11,3,10,3,1,B03,7,5,1,8,2,6,,11,11,1,13,4,B03,120.633937,24.159476,2
5504,66000,387130000C,(04)23274275,(04)23288582,2023,8,15,9,0,臺中市,北屯區,0,2,0,6,3,6,50,3,9,1,5,4,6,6,4,4,5,4,5,2,13,84,2,3,3,1,B03,7,9,1,8,2,1,,84,84,1,12,4,B03,120.766457,24.198672,2
5505,66000,387130000C,(04)23274275,(04)23288582,2023,8,15,9,2,臺中市,西屯區,0,0,0,7,,,40,,,,,,,,,,,,,,,40,,,,,B03,,,1,,1,,,40,,1,12,4,B03,120.63905,24.168952,3
5506,66000,387130000C,(04)23274275,(04)23288582,2023,8,15,9,4,臺中市,西屯區,0,0,0,6,,,50,,,,,,,,,,,,,,,7,,,,,B03,,,1,,1,,,7,7,1,13,4,B03,120.663313,24.172541,3
5507,66000,387130000C,(04)23274275,(04)23288582,2023,8,15,9,6,臺中市,西屯區,0,1,0,7,2,6,50,4,2,1,5,4,6,6,2,1,10,5,5,2,13,7,2,9,5,1,C03,7,9,1,10,2,14,,7,7,1,13,4,C03,120.661043,24.171538,2
5508,66000,387130000C,(04)23274275,(04)23288582,2023,8,15,9,6,臺中市,沙鹿區,0,0,0,7,,,40,,,,,,,,,,,,,,,7,,,,,C03,,,1,,2,,,7,,1,13,4,C03,120.567657,24.203124,3
5509,66000,387130000C,(04)23274275,(04)23288582,2023,8,15,9,7,臺中市,太平區,0,1,0,5,3,6,30,3,1,1,4,4,6,6,4,4,10,5,5,2,16,51,2,8,2,1,C03,7,1,1,10,2,11,,51,51,1,12,4,C03,120.73734,24.128004,2
5510,66000,387130000C,(04)23274275,(04)23288582,2023,8,15,9,8,臺中市,西屯區,0,0,0,7,,,30,,,,,,,,,,,,,,9,49,,,,,B02,,,1,,2,,,49,,1,12,4,B02,120.624767,24.179293,3
5511,66000,387130000C,(04)23274275,(04)23288582,2023,8,15,9,10,臺中市,中區,0,1,0,5,1,6,50,13,9,1,4,4,6,6,4,4,5,4,5,2,18,43,2,9,1,1,C04,7,9,1,10,2,12,,43,43,1,12,4,C04,120.680093,24.142015,2
5512,66000,387130000C,(04)23274275,(04)23288582,2023,8,15,9,10,臺中市,梧棲區,0,2,0,7,1,6,30,4,1,1,5,4,6,6,4,4,10,5,5,1,17,7,2,9,5,4,C03,7,9,1,10,2,11,,7,7,1,12,4,C03,120.537637,24.235153,2
5513,66000,387130000C,(04)23274275,(04)23288582,2023,8,15,9,17,臺中市,西屯區,0,0,0,7,,,40,,,,,,,,,,,,,,21,50,,,,,B02,,,1,,2,,,50,,1,13,4,B02,120.650089,24.177494,3
5514,66000,387130000C,(04)23274275,(04)23288582,2023,8,15,9,18,臺中市,西屯區,0,1,0,7,2,6,50,3,1,1,5,4,6,6,1,1,10,5,5,2,17,11,3,10,5,4,B03,7,5,1,8,1,2,,11,11,1,12,4,B03,120.652893,24.204169,2
5515,66000,387130000C,(04)23274275,(04)23288582,2023,8,15,9,18,臺中市,烏日區,0,0,0,7,,,50,,,,,,,,,,,,,,,7,,,,,B12,,,1,,2,,,7,,1,12,4,B12,120.618663,24.103417,3
5516,66000,387130000C,(04)23274275,(04)23288582,2023,8,15,9,21,臺中市,東區,0,1,0,5,3,6,50,4,1,1,4,4,6,6,1,1,10,5,5,2,17,84,3,10,1,1,C03,7,5,3,19,9,12,,84,84,1,13,4,C03,120.697163,24.133145,2
5517,66000,387130000C,(04)23274275,(04)23288582,2023,8,15,9,25,臺中市,西屯區,0,0,0,7,,,50,,,,,,,,,,,,,,,8,,,,,B03,,,1,,1,,,8,,1,12,4,B03,120.645545,24.172416,3
5518,66000,387130000C,(04)23274275,(04)23288582,2023,8,15,9,26,臺中市,潭子區,0,1,0,5,3,6,50,13,9,1,4,4,6,6,4,4,9,5,5,2,17,51,3,10,3,1,B03,7,1,1,8,2,1,,51,51,1,13,4,B03,120.700861,24.213399,2
5519,66000,387130000C,(04)23274275,(04)23288582,2023,8,15,9,27,臺中市,神岡區,0,0,0,7,,,30,,,,,,,,,,,,,,,61,,,,,B03,,,1,,2,,,61,,1,13,4,B03,120.658178,24.249554,3
5520,66000,387130000C,(04)23274275,(04)23288582,2023,8,15,9,30,臺中市,東區,0,1,0,5,3,6,50,4,1,1,4,4,6,6,1,1,10,5,5,2,30,84,2,9,1,1,C03,7,9,1,10,2,11,,84,84,1,12,4,C03,120.697163,24.133145,2
5521,66000,387130000C,(04)23274275,(04)23288582,2023,8,15,9,30,臺中市,南屯區,0,0,0,7,,,40,,,,,,,,,,,,,,,51,,,,,B03,,,1,,1,,,51,51,1,13,4,B03,120.612066,24.137172,3
5522,66000,387130000C,(04)23274275,(04)23288582,2023,8,15,9,30,臺中市,太平區,0,0,0,7,,,50,,,,,,,,,,,,,,14,49,,,,,B03,,,1,,1,,,49,,1,6,4,B03,120.711935,24.143464,3
5523,66000,387130000C,(04)23274275,(04)23288582,2023,8,15,9,32,臺中市,潭子區,0,0,0,7,2,6,50,13,14,1,5,4,6,6,4,4,8,4,5,1,8,59,,,,,B03,,,1,,2,,,59,,1,13,4,B03,120.700427,24.213059,3
5524,66000,387130000C,(04)23274275,(04)23288582,2023,8,15,9,37,臺中市,大雅區,0,1,0,7,2,6,70,13,8,1,5,4,6,6,4,4,3,4,4,1,17,40,3,10,4,1,B03,7,7,1,8,1,16,,40,40,1,12,4,B03,120.639539,24.231957,2
5525,66000,387130000C,(04)23274275,(04)23288582,2023,8,15,9,38,臺中市,豐原區,0,2,0,5,2,6,50,13,8,1,4,4,6,6,4,4,5,5,4,2,12,1,2,9,1,1,C03,7,4,1,10,2,12,,1,1,1,13,4,C03,120.715456,24.249063,2
5526,66000,387130000C,(04)23274275,(04)23288582,2023,8,15,9,39,臺中市,西區,0,1,0,7,2,6,50,3,1,1,4,4,6,6,4,4,10,5,5,2,16,51,2,9,1,1,C03,7,9,1,10,2,11,,87,51,1,12,4,C03,120.65947,24.146708,2
5527,66000,387130000C,(04)23274275,(04)23288582,2023,8,15,9,40,臺中市,西屯區,0,0,0,7,,,50,,,,,,,,,,,,,,,84,,,,,B03,,,1,,1,,,84,,1,13,4,B03,120.638012,24.175202,3
5528,66000,387130000C,(04)23274275,(04)23288582,2023,8,15,9,41,臺中市,潭子區,0,1,0,5,3,6,60,3,4,1,4,4,6,6,1,1,1,4,5,1,18,84,2,7,2,1,C03,7,12,1,10,2,12,,84,84,1,13,4,C03,120.705385,24.209873,2
5529,66000,387130000C,(04)23274275,(04)23288582,2023,8,15,9,43,臺中市,西屯區,0,0,0,7,,,1,,,,,,,,,,,,,,14,39,,,,,B11,,,1,,2,,,39,,1,12,4,B11,120.634173,24.177822,3
5530,66000,387130000C,(04)23274275,(04)23288582,2023,8,15,9,45,臺中市,南屯區,0,0,0,7,,,40,,,,,,,,,,,,,,,21,,,,,B03,,,1,,2,,,21,,1,13,4,B03,120.647815,24.143772,3
5531,66000,387130000C,(04)23274275,(04)23288582,2023,8,15,9,47,臺中市,東區,0,1,0,5,3,6,50,3,2,1,4,4,6,6,4,4,5,5,5,2,12,84,2,8,1,1,C03,7,9,1,10,2,12,,84,84,1,12,4,C03,120.701218,24.143324,2
5532,66000,387130000C,(04)23274275,(04)23288582,2023,8,15,9,48,臺中市,北區,0,1,0,6,2,6,50,3,1,1,4,4,6,6,4,4,10,5,5,2,16,14,3,10,3,1,B03,7,6,1,8,2,5,,14,14,1,13,4,B03,120.672806,24.170086,2
5533,66000,387130000C,(04)23274275,(04)23288582,2023,8,15,9,49,臺中市,沙鹿區,0,0,0,7,,,50,,,,,,,,,,,,,,,20,,,,,C03,,,1,,2,,,20,,1,6,4,C03,120.558911,24.231332,3
5534,66000,387130000C,(04)23274275,(04)23288582,2023,8,15,9,50,臺中市,西屯區,0,1,0,7,2,6,50,3,20,1,4,4,6,6,4,4,5,4,4,2,3,10,3,10,2,1,C03,7,9,1,10,2,11,,10,10,1,13,4,C03,120.667185,24.178179,2
5535,66000,387130000C,(04)23274275,(04)23288582,2023,8,15,9,50,臺中市,西屯區,0,0,0,7,,,30,,,,,,,,,,,,,,,49,,,,,B03,,,1,,1,,,49,,1,13,4,B03,120.640792,24.172949,3
5536,66000,387130000C,(04)23274275,(04)23288582,2023,8,15,9,51,臺中市,西區,0,0,0,7,,,50,,,,,,,,,,,,,,9,84,,,,,B03,,,1,,1,,,84,,1,12,4,B03,120.652811,24.147512,3
5537,66000,387130000C,(04)23274275,(04)23288582,2023,8,15,9,53,臺中市,烏日區,0,3,0,7,3,6,40,13,8,1,5,4,6,6,4,4,10,5,3,1,13,7,2,9,1,1,C03,7,9,1,10,2,11,,7,7,1,12,4,C03,120.5839,24.111697,2
5538,66000,387130000C,(04)23274275,(04)23288582,2023,8,15,9,54,臺中市,西區,0,1,0,6,3,6,50,4,2,1,5,4,6,6,1,1,1,4,5,2,13,84,3,10,1,1,C03,7,9,3,19,2,13,,84,84,1,6,4,C03,120.675801,24.133122,2
5539,66000,387130000C,(04)23274275,(04)23288582,2023,8,15,9,54,臺中市,北區,0,0,0,6,,,50,,,,,,,,,,,,,,17,85,,,,,B03,,,1,,1,,,85,,1,12,4,B03,120.66832,24.169248,4
5540,66000,387130000C,(04)23274275,(04)23288582,2023,8,15,9,54,臺中市,清水區,0,1,0,7,2,9,30,4,2,1,5,4,6,6,4,4,9,5,5,1,17,15,2,9,1,1,C03,7,9,1,10,2,12,,15,15,1,12,4,C03,120.554694,24.291923,2
5541,66000,387130000C,(04)23274275,(04)23288582,2023,8,15,9,56,臺中市,豐原區,0,1,0,5,2,6,50,4,1,1,4,4,6,6,1,1,10,5,5,2,16,51,3,10,1,1,C03,7,1,3,19,9,14,,51,51,1,13,4,C03,120.715277,24.251372,2
5542,66000,387130000C,(04)23274275,(04)23288582,2023,8,15,9,57,臺中市,北屯區,0,1,0,7,3,6,50,4,1,1,5,4,6,6,4,4,10,5,5,2,16,14,3,10,3,1,B12,7,5,1,8,2,2,,14,14,1,12,4,B12,120.714668,24.178211,2
5543,66000,387130000C,(04)23274275,(04)23288582,2023,8,15,9,57,臺中市,大里區,0,0,0,7,,,60,,,,,,,,,,,,,,,7,,,,,B13,,,1,,2,,,7,,1,13,4,B13,120.676281,24.086055,3
5544,66000,387130000C,(04)23274275,(04)23288582,2023,8,15,9,58,臺中市,北區,0,0,0,7,,,50,,,,,,,,,,,,,,15,15,,,,,B03,,,1,,1,,,15,,1,13,4,B03,120.693686,24.156392,3
5545,66000,387130000C,(04)23274275,(04)23288582,2023,8,15,9,59,臺中市,烏日區,0,0,0,7,,,50,,,,,,,,,,,,,,,49,,,,,B11,,,1,,2,,,49,,1,12,4,B11,120.644121,24.110312,3
5546,66000,387130000C,(04)23274275,(04)23288582,2023,8,15,10,0,臺中市,南區,0,0,0,5,,,50,,,,,,,,,,,,,,,49,,,,,B12,,,1,,9,,,49,,1,13,4,B12,120.672698,24.130437,3
5547,66000,387130000C,(04)23274275,(04)23288582,2023,8,15,10,0,臺中市,西屯區,0,1,0,7,2,6,40,5,1,1,5,4,6,6,1,1,10,5,5,2,17,84,2,9,5,4,C03,7,9,2,19,2,12,,84,84,1,12,4,C03,120.665466,24.167088,2
5548,66000,387130000C,(04)23274275,(04)23288582,2023,8,15,10,1,臺中市,南屯區,0,0,0,7,,,50,,,,,,,,,,,,,,,35,,,,,B03,,,1,,1,,,35,35,1,13,4,B03,120.637724,24.142453,3
5549,66000,387130000C,(04)23274275,(04)23288582,2023,8,15,10,5,臺中市,北區,0,1,0,6,2,6,50,3,1,1,4,4,6,6,1,1,10,5,5,2,18,84,2,9,1,1,C03,7,5,1,10,2,16,,84,84,1,13,4,C03,120.682261,24.152422,2
5550,66000,387130000C,(04)23274275,(04)23288582,2023,8,15,10,10,臺中市,梧棲區,0,0,0,7,,,50,,,,,,,,,,,,,,,50,,,,,B03,,,1,,1,,,50,,1,12,4,B03,120.545448,24.244905,3
5551,66000,387130000C,(04)23274275,(04)23288582,2023,8,15,10,12,臺中市,大甲區,0,3,0,7,2,6,50,4,1,1,5,4,6,6,4,4,10,5,5,2,16,51,2,7,1,1,C03,7,1,1,10,2,14,,51,51,1,6,4,C03,120.62522,24.34896,2
5552,66000,387130000C,(04)23274275,(04)23288582,2023,8,15,10,15,臺中市,北屯區,0,0,0,5,,,40,,,,,,,,,,,,,,,85,,,,,B03,,,1,,10,,,85,85,1,12,4,B03,120.691124,24.170492,3
5553,66000,387130000C,(04)23274275,(04)23288582,2023,8,15,10,15,臺中市,大里區,0,1,0,7,3,6,30,4,1,1,5,4,6,6,4,4,10,5,5,2,15,15,3,10,3,1,A11,7,9,1,3,2,5,,15,15,1,6,4,A11,120.666318,24.093853,2
5554,66000,387130000C,(04)23274275,(04)23288582,2023,8,15,10,17,臺中市,西屯區,0,0,0,7,,,50,,,,,,,,,,,,,,,7,,,,,B11,,,1,,1,,,7,,1,12,4,B11,120.655821,24.19954,3
5555,66000,387130000C,(04)23274275,(04)23288582,2023,8,15,10,20,臺中市,西區,0,0,0,7,,,50,,,,,,,,,,,,,,13,59,,,,,B03,,,1,,1,,,59,,1,12,4,B03,120.657786,24.140178,3
5556,66000,387130000C,(04)23274275,(04)23288582,2023,8,15,10,21,臺中市,大里區,0,0,0,7,,,50,,,,,,,,,,,,,,13,59,,,,,B03,,,1,,2,,,59,,1,13,4,B03,120.676448,24.109592,3
5557,66000,387130000C,(04)23274275,(04)23288582,2023,8,15,10,21,臺中市,沙鹿區,0,0,0,7,,,40,,,,,,,,,,,,,,,7,,,,,B03,,,1,,2,,,7,,1,13,4,B03,120.569453,24.202096,3
5558,66000,387130000C,(04)23274275,(04)23288582,2023,8,15,10,26,臺中市,太平區,0,2,0,7,2,6,50,13,8,1,5,4,6,6,4,4,5,4,4,1,12,8,3,10,3,1,B03,7,9,1,8,2,5,,8,8,1,13,4,B03,120.725608,24.149895,2
5559,66000,387130000C,(04)23274275,(04)23288582,2023,8,15,10,29,臺中市,北屯區,0,1,0,7,2,6,15,4,1,1,5,4,6,6,4,4,10,5,5,2,15,12,3,10,3,1,B12,7,9,1,8,2,8,,12,12,1,13,4,B12,120.680502,24.180582,2
5560,66000,387130000C,(04)23274275,(04)23288582,2023,8,15,10,37,臺中市,北屯區,0,1,0,7,2,6,50,4,3,1,5,4,6,6,2,1,10,5,5,2,14,49,3,10,5,4,B03,7,2,1,8,2,7,,49,49,1,12,4,B03,120.664059,24.18557,2
5561,66000,387130000C,(04)23274275,(04)23288582,2023,8,15,10,37,臺中市,豐原區,0,0,0,7,,,30,,,,,,,,,,,,,,14,49,,,,,B03,,,1,,2,,,49,,1,13,4,B03,120.699682,24.245345,3
5562,66000,387130000C,(04)23274275,(04)23288582,2023,8,15,10,49,臺中市,沙鹿區,0,1,0,7,2,6,50,13,7,1,5,4,6,6,4,4,1,4,4,2,12,1,3,10,3,1,B03,7,9,1,8,2,2,,1,1,1,12,4,B03,120.5538,24.218022,2
5563,66000,387130000C,(04)23274275,(04)23288582,2023,8,15,10,51,臺中市,西區,0,1,0,7,2,6,50,4,1,1,5,4,6,6,1,1,10,5,5,2,16,47,3,10,1,1,C03,7,5,1,10,2,13,,47,47,1,12,4,C03,120.655113,24.146705,2
5564,66000,387130000C,(04)23274275,(04)23288582,2023,8,15,10,52,臺中市,西屯區,0,0,0,7,,,,,,,,,,,,,,,,,,119,,,,,,,,,,,,,119,,1,,,,120.652326,24.20438,3
5565,66000,387130000C,(04)23274275,(04)23288582,2023,8,15,10,54,臺中市,霧峰區,0,0,0,7,,,40,,,,,,,,,,,,,,,14,,,,,B12,,,1,,2,,,14,,1,6,4,B12,120.713153,24.078809,3
5566,66000,387130000C,(04)23274275,(04)23288582,2023,8,15,10,55,臺中市,烏日區,0,1,0,6,3,6,30,13,9,1,5,4,6,6,4,4,10,5,5,1,14,49,3,10,3,1,B03,7,2,1,8,2,6,,49,49,1,12,4,B03,120.588494,24.129318,2
5567,66000,387130000C,(04)23274275,(04)23288582,2023,8,15,10,57,臺中市,潭子區,0,4,0,7,2,6,60,3,2,1,5,4,6,6,4,4,3,4,4,1,16,14,2,9,2,1,C03,7,5,1,10,2,13,,14,14,1,12,4,C03,120.704977,24.215014,2
5568,66000,387130000C,(04)23274275,(04)23288582,2023,8,15,11,2,臺中市,大甲區,0,1,0,7,3,6,50,4,1,1,5,4,6,6,4,4,10,5,5,2,17,47,3,10,3,1,B03,7,5,1,8,2,2,,47,47,1,13,4,B03,120.625882,24.347051,2
5569,66000,387130000C,(04)23274275,(04)23288582,2023,8,15,11,3,臺中市,南屯區,0,2,0,7,2,6,50,3,1,1,5,4,6,6,4,4,10,5,5,2,16,14,2,9,2,1,C03,7,6,1,10,2,12,,14,14,1,6,4,C03,120.609769,24.139141,2
5570,66000,387130000C,(04)23274275,(04)23288582,2023,8,15,11,8,臺中市,大里區,0,0,0,7,,,50,,,,,,,,,,,,,,,26,,,,,B03,,,1,,2,,,26,,1,13,4,B03,120.698172,24.090006,3
5571,66000,387130000C,(04)23274275,(04)23288582,2023,8,15,11,10,臺中市,大甲區,0,0,0,7,,,50,,,,,,,,,,,,,,,40,,,,,B03,,,1,,1,,,40,40,1,12,4,B03,120.624794,24.340269,3
5572,66000,387130000C,(04)23274275,(04)23288582,2023,8,15,11,11,臺中市,北屯區,0,0,0,7,,,30,,,,,,,,,,,,,,,49,,,,,B03,,,1,,1,,,49,,1,12,4,B03,120.704043,24.168465,3
5573,66000,387130000C,(04)23274275,(04)23288582,2023,8,15,11,13,臺中市,北區,0,1,0,7,2,6,50,4,2,1,5,4,6,6,1,1,5,5,5,2,17,4,3,10,5,1,C03,7,5,3,19,2,11,,4,4,1,13,4,C03,120.67543,24.165469,2
5574,66000,387130000C,(04)23274275,(04)23288582,2023,8,15,11,15,臺中市,龍井區,0,1,0,5,2,6,30,4,1,1,4,4,6,6,4,4,10,5,5,2,17,39,2,9,1,1,C03,7,9,1,10,2,12,,39,39,1,13,4,C03,120.578179,24.180868,2
5575,66000,387130000C,(04)23274275,(04)23288582,2023,8,15,11,16,臺中市,烏日區,0,0,0,7,,,30,,,,,,,,,,,,,,,20,,,,,B03,,,1,,2,,,20,,1,12,4,B03,120.634184,24.075998,3
5576,66000,387130000C,(04)23274275,(04)23288582,2023,8,15,11,20,臺中市,太平區,0,0,0,7,,,50,,,,,,,,,,,,,,,59,,,,,B01,,,1,,2,,,59,,1,12,4,B01,120.713045,24.125552,3
5577,66000,387130000C,(04)23274275,(04)23288582,2023,8,15,11,21,臺中市,東區,0,0,0,7,,,40,,,,,,,,,,,,,,,40,,,,,C03,,,3,,1,,,40,,1,12,4,C03,120.68996,24.132359,3
5578,66000,387130000C,(04)23274275,(04)23288582,2023,8,15,11,24,臺中市,西屯區,0,0,0,5,,,40,,,,,,,,,,,,,,13,59,,,,,B03,,,1,,1,,,59,,1,12,4,B03,120.632674,24.171439,3
5579,66000,387130000C,(04)23274275,(04)23288582,2023,8,15,11,29,臺中市,西屯區,0,2,0,5,2,6,50,3,1,1,4,4,6,6,1,1,1,4,4,2,16,11,2,9,2,1,C03,7,5,1,10,2,12,,11,11,1,13,4,C03,120.640803,24.16505,2
5580,66000,387130000C,(04)23274275,(04)23288582,2023,8,15,11,30,臺中市,東區,0,0,0,7,3,6,50,13,9,1,4,4,6,6,4,4,10,5,5,2,14,49,3,10,3,1,B12,7,2,1,8,2,3,,49,49,1,12,4,B12,120.708521,24.134991,3
5581,66000,387130000C,(04)23274275,(04)23288582,2023,8,15,11,30,臺中市,西屯區,0,2,0,5,2,6,50,13,9,1,4,4,6,6,4,4,3,4,5,2,13,84,2,9,5,1,C03,7,9,1,10,2,13,,84,84,1,13,4,C03,120.641738,24.173266,2
5582,66000,387130000C,(04)23274275,(04)23288582,2023,8,15,11,31,臺中市,北屯區,0,2,0,7,2,6,50,13,7,1,5,4,6,6,4,4,5,5,4,2,16,39,2,9,1,1,C03,7,11,3,19,2,14,,39,39,1,12,2,C03,120.690405,24.179434,2
5583,66000,387130000C,(04)23274275,(04)23288582,2023,8,15,11,32,臺中市,西屯區,0,1,0,5,2,6,50,4,1,1,4,4,6,6,1,1,10,5,5,2,17,84,3,10,5,4,B03,7,6,1,8,2,8,,84,84,1,12,4,B03,120.624856,24.17983,2
5584,66000,387130000C,(04)23274275,(04)23288582,2023,8,15,11,34,臺中市,西區,0,1,0,6,2,6,50,4,2,1,5,4,6,6,2,1,5,5,5,2,12,8,2,8,1,1,C03,7,9,1,10,2,14,,8,8,1,13,4,C03,120.664335,24.146517,2
5585,66000,387130000C,(04)23274275,(04)23288582,2023,8,15,11,41,臺中市,大雅區,0,1,0,5,3,6,50,5,1,1,4,4,6,6,1,1,10,5,5,2,17,11,3,10,3,1,B03,7,6,1,8,2,2,,11,11,1,12,4,B03,120.664942,24.234449,2
5586,66000,387130000C,(04)23274275,(04)23288582,2023,8,15,11,42,臺中市,大里區,0,1,0,7,3,6,50,3,1,1,5,4,6,6,4,4,10,5,5,2,16,14,3,10,1,1,F03,7,6,7,21,2,14,,14,14,1,6,4,F03,120.682959,24.105791,2
5587,66000,387130000C,(04)23274275,(04)23288582,2023,8,15,11,43,臺中市,潭子區,0,1,0,6,3,6,50,13,9,1,5,4,6,6,3,1,5,5,5,1,12,8,3,10,3,1,B03,7,4,1,8,2,2,,8,8,1,13,4,B03,120.673522,24.205896,2
5588,66000,387130000C,(04)23274275,(04)23288582,2023,8,15,11,47,臺中市,豐原區,0,2,0,6,2,6,50,3,2,1,5,4,6,6,4,4,5,4,5,1,16,45,2,9,1,1,C03,7,11,1,10,2,13,,45,45,1,13,4,C03,120.724011,24.228145,2
5589,66000,387130000C,(04)23274275,(04)23288582,2023,8,15,11,48,臺中市,梧棲區,0,0,0,7,,,50,,,,,,,,,,,,,,23,59,,,,,B03,,,1,,2,,,59,,1,6,4,B03,120.528978,24.25006,3
5590,66000,387130000C,(04)23274275,(04)23288582,2023,8,15,11,49,臺中市,北屯區,0,1,0,5,2,6,40,13,8,1,4,4,6,6,4,4,5,5,4,2,17,76,3,10,5,1,B03,7,13,1,8,2,4,,76,76,1,13,4,B03,120.682481,24.194793,2
5591,66000,387130000C,(04)23274275,(04)23288582,2023,8,15,11,50,臺中市,北屯區,0,0,0,7,,,50,,,,,,,,,,,,,,17,84,,,,,B12,,,1,8,2,,,84,84,1,12,4,B12,120.711957,24.167111,3
5592,66000,387130000C,(04)23274275,(04)23288582,2023,8,15,11,54,臺中市,南屯區,0,1,0,5,3,6,50,13,9,1,4,4,6,6,4,4,1,4,5,2,13,59,2,9,2,1,C03,7,9,3,19,2,11,,59,59,1,13,4,C03,120.615899,24.146917,2
5593,66000,387130000C,(04)23274275,(04)23288582,2023,8,15,11,55,臺中市,西屯區,0,1,0,5,2,6,30,4,1,1,4,4,6,6,4,4,10,5,5,2,16,14,3,10,3,1,B03,7,6,1,8,2,4,,14,14,1,12,4,B03,120.646236,24.184424,2
5594,66000,387130000C,(04)23274275,(04)23288582,2023,8,15,11,57,臺中市,南屯區,0,2,0,5,2,6,50,4,1,1,4,4,6,6,1,1,3,4,5,2,15,21,2,9,1,1,C03,7,9,1,10,2,11,,21,21,1,13,4,C03,120.640641,24.142577,2
5595,66000,387130000C,(04)23274275,(04)23288582,2023,8,15,11,57,臺中市,北屯區,0,1,0,5,2,6,50,13,9,1,4,4,6,6,4,4,1,4,5,2,13,7,2,9,1,1,C03,7,9,1,10,2,11,,7,7,1,12,4,C03,120.673084,24.174276,2
5596,66000,387130000C,(04)23274275,(04)23288582,2023,8,15,12,0,臺中市,北屯區,0,0,0,7,,,50,,,,,,,,,,,,,,13,84,,,,,B03,,,1,,2,,,84,84,1,12,4,B03,120.776064,24.198648,3
5597,66000,387130000C,(04)23274275,(04)23288582,2023,8,15,12,0,臺中市,神岡區,0,1,0,5,1,6,30,4,1,1,4,4,6,6,4,4,10,5,5,2,17,84,2,9,1,1,C03,7,6,1,10,2,15,,84,84,1,6,4,C03,120.658699,24.257699,2
5598,66000,387130000C,(04)23274275,(04)23288582,2023,8,15,12,2,臺中市,霧峰區,0,0,0,5,,,50,,,,,,,,,,,,,,,45,,,,,B12,,,1,,2,,,45,,1,6,4,B12,120.705804,24.076341,3
5599,66000,387130000C,(04)23274275,(04)23288582,2023,8,15,12,5,臺中市,清水區,0,1,0,7,3,6,50,13,9,1,5,4,6,6,4,4,5,5,5,1,17,59,3,10,3,1,B02,7,9,1,8,2,5,,59,59,1,12,4,B02,120.571424,24.269498,2
5600,66000,387130000C,(04)23274275,(04)23288582,2023,8,15,12,5,臺中市,大甲區,0,1,0,7,3,6,50,3,1,1,5,4,1,6,1,1,10,5,5,1,12,47,3,10,3,1,B03,7,5,1,8,2,2,,47,47,1,9,4,B03,120.617564,24.343529,2
5601,66000,387130000C,(04)23274275,(04)23288582,2023,8,15,12,6,臺中市,北屯區,0,0,0,7,,,40,,,,,,,,,,,,,,13,7,,,,,B13,,,1,,2,,,7,7,1,13,4,B13,120.683451,24.200881,3
5602,66000,387130000C,(04)23274275,(04)23288582,2023,8,15,12,6,臺中市,大里區,0,1,0,6,2,6,50,13,8,1,5,4,6,6,4,4,5,5,4,1,17,76,3,10,3,1,A42,7,14,1,8,2,6,,76,76,1,13,4,A42,120.681098,24.109511,2