序號,縣市別代碼,機關代碼,市話,傳真,年,月,日,時,分,縣市,區,死亡數量,受傷數量,2-30,天候,光線,道路類別,速限,道路型態,事故位置,路面鋪裝,路面狀態,路面缺陷,障礙物,視距,號誌種類,號誌動作,分向設施,快車道或一般車道間,快慢車道間,路面邊線,事故類型及型態,主要肇因,受傷程度,主要傷處,保護裝備,行動電話,當事者區分(類別),車輛用途,當事者行動狀態,駕駛資格情形,駕駛執照種類,飲酒情形,車輛撞擊部位最初,車輛撞擊部位其他,肇事因素個別,肇事因素主要,肇事逃逸,職業,旅次目的,車種,GPS座標X,GPS座標Y,事故類別
5603,66000,387130000C,(04)23274275,(04)23288582,2023,8,15,12,10,臺中市,東區,0,0,0,5,3,6,50,3,1,1,4,4,6,6,4,4,10,5,5,2,17,84,3,10,3,1,B03,7,5,1,8,1,2,,84,84,1,12,4,B03,120.695913,24.151457,3
5604,66000,387130000C,(04)23274275,(04)23288582,2023,8,15,12,10,臺中市,南屯區,0,0,0,7,,,40,,,,,,,,,,,,,,,47,,,,,B03,,,1,,1,,,47,,1,13,4,B03,120.648049,24.136855,3
5605,66000,387130000C,(04)23274275,(04)23288582,2023,8,15,12,10,臺中市,西屯區,0,1,0,6,3,6,50,4,1,1,5,4,6,6,2,1,10,5,5,2,17,23,3,10,5,4,B03,7,6,1,8,2,1,,23,23,1,13,4,B03,120.655361,24.158211,2
5606,66000,387130000C,(04)23274275,(04)23288582,2023,8,15,12,10,臺中市,西屯區,0,1,0,5,2,6,50,13,8,1,4,4,6,6,4,4,3,5,4,2,18,84,2,9,5,1,C03,7,9,1,10,2,12,,84,84,1,13,4,C03,120.598532,24.180442,2
5607,66000,387130000C,(04)23274275,(04)23288582,2023,8,15,12,12,臺中市,大雅區,0,1,0,5,2,6,70,13,8,1,4,4,6,6,4,4,3,4,4,1,17,40,2,8,2,1,C03,7,9,1,10,2,14,,87,40,1,12,4,C03,120.637956,24.233512,2
5608,66000,387130000C,(04)23274275,(04)23288582,2023,8,15,12,12,臺中市,太平區,0,0,0,5,,,30,,,,,,,,,,,,,,10,41,,,,,F03,,,7,,2,,,41,,1,6,4,F03,120.710809,24.128693,3
5609,66000,387130000C,(04)23274275,(04)23288582,2023,8,15,12,13,臺中市,西屯區,0,0,0,5,,,30,,,,,,,,,,,,,,13,7,,,,,B12,,,1,,2,,,7,,1,12,4,B12,120.627644,24.187553,3
5610,66000,387130000C,(04)23274275,(04)23288582,2023,8,15,12,14,臺中市,烏日區,0,1,0,7,2,6,30,12,9,1,5,4,6,6,4,4,10,5,5,2,17,84,3,10,3,1,B03,7,9,1,8,2,1,,84,41,1,6,4,B03,120.589978,24.124278,2
5611,66000,387130000C,(04)23274275,(04)23288582,2023,8,15,12,15,臺中市,西區,0,2,0,7,3,6,50,4,1,1,5,4,6,6,4,4,10,5,5,2,15,39,2,9,1,1,C03,7,9,1,10,2,11,,39,39,1,6,4,C03,120.676843,24.137832,2
5612,66000,387130000C,(04)23274275,(04)23288582,2023,8,15,12,15,臺中市,西屯區,0,0,0,7,,,50,,,,,,,,,,,,,,14,49,,,,,B03,,,1,,1,,,49,,1,13,4,B03,120.666827,24.175075,3
5613,66000,387130000C,(04)23274275,(04)23288582,2023,8,15,12,19,臺中市,南屯區,0,0,0,7,,,50,,,,,,,,,,,,,,,58,,,,,B03,,,1,,2,,,58,,1,12,4,B03,120.649938,24.140002,3
5614,66000,387130000C,(04)23274275,(04)23288582,2023,8,15,12,20,臺中市,大雅區,0,1,0,5,3,6,50,3,1,1,4,4,6,6,4,4,10,5,5,2,16,14,3,10,3,1,B03,7,6,1,8,2,5,,14,14,1,12,4,B03,120.654653,24.229971,2
5615,66000,387130000C,(04)23274275,(04)23288582,2023,8,15,12,21,臺中市,南屯區,0,0,0,7,,,60,,,,,,,,,,,,,,13,84,,,,,B03,,,1,,2,,,84,,1,6,4,B03,120.585375,24.166733,3
5616,66000,387130000C,(04)23274275,(04)23288582,2023,8,15,12,28,臺中市,太平區,0,0,0,7,,,50,,,,,,,,,,,,,,,51,,,,,A02,,,1,,2,,,87,51,1,12,4,A02,120.717918,24.1288,3
5617,66000,387130000C,(04)23274275,(04)23288582,2023,8,15,12,30,臺中市,大里區,0,0,0,7,,,50,,,,,,,,,,,,,,,50,,,,,B03,,,1,,9,,,50,50,2,13,4,B03,120.703194,24.107994,3
5618,66000,387130000C,(04)23274275,(04)23288582,2023,8,15,12,31,臺中市,南屯區,0,1,0,7,2,6,50,4,1,1,5,4,6,6,4,4,5,5,5,2,15,12,3,10,5,4,B01,7,9,1,8,2,5,,6,12,1,12,4,B01,120.653952,24.143828,2
5619,66000,387130000C,(04)23274275,(04)23288582,2023,8,15,12,32,臺中市,西屯區,0,1,0,6,2,6,50,4,1,1,4,4,6,6,2,1,10,5,5,2,16,11,3,10,3,1,B03,7,5,1,8,2,5,,11,11,1,12,4,B03,120.650669,24.1664,2
5620,66000,387130000C,(04)23274275,(04)23288582,2023,8,15,12,34,臺中市,北區,0,1,0,7,2,6,50,3,1,1,5,4,6,6,1,1,10,5,5,2,16,32,2,9,1,1,C03,7,11,1,10,2,14,,32,32,1,13,4,C03,120.684085,24.149878,2
5621,66000,387130000C,(04)23274275,(04)23288582,2023,8,15,12,38,臺中市,沙鹿區,0,0,0,7,,,50,,,,,,,,,,,,,,10,41,,,,,C03,,,1,,2,,,41,41,1,6,2,C03,120.570815,24.255133,3
5622,66000,387130000C,(04)23274275,(04)23288582,2023,8,15,12,43,臺中市,大里區,0,0,0,7,,,40,,,,,,,,,,,,,,,8,,,,,B03,,,1,,2,,,8,,1,13,4,B03,120.664149,24.086366,3
5623,66000,387130000C,(04)23274275,(04)23288582,2023,8,15,12,45,臺中市,西區,0,0,0,7,,,50,,,,,,,,,,,,,,16,13,,,,,B03,,,1,,1,,,13,,1,12,4,B03,120.676126,24.135716,3
5624,66000,387130000C,(04)23274275,(04)23288582,2023,8,15,12,47,臺中市,北屯區,0,1,0,7,2,6,50,3,1,1,5,4,6,6,4,4,5,5,5,2,17,45,3,10,3,1,B03,7,11,1,8,2,5,,45,45,1,12,4,B03,120.693275,24.164838,2
5625,66000,387130000C,(04)23274275,(04)23288582,2023,8,15,12,49,臺中市,西屯區,0,1,0,6,3,6,50,4,1,1,4,4,6,6,2,1,10,5,5,2,17,11,3,10,5,4,B03,7,6,1,8,2,6,,11,11,1,13,4,B03,120.641103,24.173546,2
5626,66000,387130000C,(04)23274275,(04)23288582,2023,8,15,12,52,臺中市,南屯區,0,0,0,7,,,40,,,,,,,,,,,,,,14,49,,,,,B12,,,1,,1,,,49,,1,13,4,B12,120.636502,24.145659,4
5627,66000,387130000C,(04)23274275,(04)23288582,2023,8,15,12,53,臺中市,北區,0,1,0,6,2,6,50,4,7,1,5,4,6,6,1,1,1,4,4,2,13,59,3,10,3,1,B03,7,9,1,16,2,1,,59,59,1,12,4,B03,120.68134,24.152752,2
5628,66000,387130000C,(04)23274275,(04)23288582,2023,8,15,12,55,臺中市,南屯區,0,1,0,7,2,6,50,3,9,1,5,4,6,6,4,4,9,5,5,2,17,51,3,10,3,1,B03,7,1,1,8,2,4,,51,51,1,13,4,B03,120.643497,24.146151,2
5629,66000,387130000C,(04)23274275,(04)23288582,2023,8,15,12,55,臺中市,北屯區,0,1,0,7,2,6,50,3,2,1,5,4,6,6,4,4,1,4,5,2,17,51,3,10,3,1,B03,7,1,1,8,2,7,,51,51,1,12,4,B03,120.699122,24.182794,2
5630,66000,387130000C,(04)23274275,(04)23288582,2023,8,15,12,58,臺中市,西屯區,0,0,0,7,,,50,,,,,,,,,,,,,,,40,,,,,B03,,,1,,1,,,40,,1,12,4,B03,120.647523,24.158733,3
5631,66000,387130000C,(04)23274275,(04)23288582,2023,8,15,12,58,臺中市,大甲區,0,0,0,7,,,60,,,,,,,,,,,,,,17,45,,,,,B03,,,1,,2,,,45,,1,13,4,B03,120.61616,24.335919,3
5632,66000,387130000C,(04)23274275,(04)23288582,2023,8,15,13,15,臺中市,沙鹿區,0,0,0,7,2,6,50,13,9,1,5,4,6,6,4,4,4,4,4,1,12,7,,,,,C03,,,1,,2,,,7,,1,12,4,C03,120.576386,24.224838,3
5633,66000,387130000C,(04)23274275,(04)23288582,2023,8,15,13,21,臺中市,北屯區,0,1,0,7,2,6,40,13,8,1,5,4,6,6,4,4,3,4,4,2,17,20,3,10,3,1,B12,7,3,1,8,2,6,,20,20,1,13,4,B12,120.718838,24.182447,2
5634,66000,387130000C,(04)23274275,(04)23288582,2023,8,15,13,21,臺中市,西屯區,0,1,0,7,2,6,50,13,7,1,5,4,6,6,4,4,5,4,4,2,13,61,3,10,2,2,C03,7,9,1,10,1,11,,61,61,1,13,4,C03,120.651643,24.170122,2
5635,66000,387130000C,(04)23274275,(04)23288582,2023,8,15,13,24,臺中市,神岡區,0,0,0,7,,,30,,,,,,,,,,,,,,14,49,,,,,A11,,,1,,2,,,49,,1,12,4,A11,120.650838,24.255955,3
5636,66000,387130000C,(04)23274275,(04)23288582,2023,8,15,13,25,臺中市,東勢區,0,0,0,7,,,50,,,,,,,,,,,,,,,84,,,,,B03,,,1,,1,,,84,,1,12,4,B03,120.838647,24.17213,3
5637,66000,387130000C,(04)23274275,(04)23288582,2023,8,15,13,26,臺中市,西屯區,0,1,0,7,2,6,50,13,7,1,5,4,6,6,4,4,5,5,4,2,13,84,3,10,5,4,B03,7,9,1,8,1,1,,84,7,1,12,4,B03,120.647036,24.171714,2
5638,66000,387130000C,(04)23274275,(04)23288582,2023,8,15,13,28,臺中市,霧峰區,0,1,0,7,2,6,50,3,1,1,5,4,6,6,4,4,5,5,5,2,11,48,3,10,3,1,B02,7,6,1,8,2,8,,48,48,1,13,4,B02,120.667296,24.069815,2
5639,66000,387130000C,(04)23274275,(04)23288582,2023,8,15,13,31,臺中市,西屯區,0,0,0,7,,,50,,,,,,,,,,,,,,,84,,,,,B12,,,1,,1,,,84,,1,12,4,B12,120.627931,24.202222,3
5640,66000,387130000C,(04)23274275,(04)23288582,2023,8,15,13,31,臺中市,沙鹿區,0,1,0,7,2,6,50,4,1,1,5,4,6,6,4,4,10,5,5,2,15,12,2,7,2,1,C03,7,9,1,10,2,11,,12,12,1,6,4,C03,120.565136,24.250441,2
5641,66000,387130000C,(04)23274275,(04)23288582,2023,8,15,13,32,臺中市,外埔區,0,1,0,7,2,6,30,13,14,1,5,4,6,6,4,4,10,5,5,1,19,84,2,9,2,1,C03,7,9,1,10,8,12,,84,84,1,12,4,C03,120.68498,24.3434,2
5642,66000,387130000C,(04)23274275,(04)23288582,2023,8,15,13,40,臺中市,西屯區,0,1,0,7,3,6,50,13,9,1,5,4,6,6,4,4,5,5,5,2,17,51,3,10,5,4,B12,7,1,1,8,1,8,,51,51,1,13,4,B12,120.650375,24.164791,2
5643,66000,387130000C,(04)23274275,(04)23288582,2023,8,15,13,42,臺中市,大甲區,0,1,0,7,3,6,50,4,1,1,5,4,6,6,4,4,10,5,5,2,15,12,2,9,1,1,C03,7,9,1,10,2,11,,12,12,1,13,4,C03,120.648399,24.403261,2
5644,66000,387130000C,(04)23274275,(04)23288582,2023,8,15,13,49,臺中市,西屯區,0,0,0,7,,,60,,,,,,,,,,,,,,13,7,,,,,B03,,,1,,1,,,7,,1,12,4,B03,120.629044,24.206074,3
5645,66000,387130000C,(04)23274275,(04)23288582,2023,8,15,13,55,臺中市,南屯區,0,0,0,7,,,50,,,,,,,,,,,,,,,49,,,,,B03,,,1,,2,,,49,,1,12,4,B03,120.6505,24.129643,3
5646,66000,387130000C,(04)23274275,(04)23288582,2023,8,15,13,57,臺中市,西區,0,1,0,7,2,6,50,4,19,1,5,4,6,6,1,1,10,5,5,2,2,21,3,10,1,1,C03,7,9,1,10,2,11,,21,21,1,13,4,C03,120.652997,24.146726,2
5647,66000,387130000C,(04)23274275,(04)23288582,2023,8,15,13,59,臺中市,南屯區,0,0,0,7,,,50,,,,,,,,,,,,,,13,59,,,,,B03,,,1,,2,,,59,,1,6,4,B03,120.644912,24.140091,3
5648,66000,387130000C,(04)23274275,(04)23288582,2023,8,15,14,0,臺中市,潭子區,0,0,0,7,2,6,20,13,9,1,5,4,6,6,4,4,10,5,5,2,14,49,,,,,A12,,,1,,2,,,49,,1,13,4,A12,120.699415,24.204207,3
5649,66000,387130000C,(04)23274275,(04)23288582,2023,8,15,14,0,臺中市,北區,0,0,0,7,,,40,,,,,,,,,,,,,,35,87,,,,,B03,,,1,,1,,,87,,1,13,4,B03,120.674208,24.170168,3
5650,66000,387130000C,(04)23274275,(04)23288582,2023,8,15,14,0,臺中市,南屯區,0,2,0,7,2,6,50,3,1,1,5,4,6,6,1,1,4,4,4,2,12,84,2,9,5,4,C03,7,9,1,10,2,12,,84,84,1,13,4,C03,120.613599,24.139002,2
5651,66000,387130000C,(04)23274275,(04)23288582,2023,8,15,14,3,臺中市,潭子區,0,0,0,7,,,60,,,,,,,,,,,,,,,7,,,,,B03,,,1,,2,,,7,,1,12,4,B03,120.705749,24.218166,3
5652,66000,387130000C,(04)23274275,(04)23288582,2023,8,15,14,9,臺中市,西區,0,1,0,7,3,6,50,5,1,1,5,4,6,6,1,1,10,5,5,2,16,11,3,10,3,1,B03,7,6,1,8,2,1,,11,11,1,6,4,B03,120.672327,24.150967,2
5653,66000,387130000C,(04)23274275,(04)23288582,2023,8,15,14,10,臺中市,大里區,0,0,0,7,,,50,,,,,,,,,,,,,,13,84,,,,,C03,,,1,,2,,,84,,1,6,4,C03,120.684308,24.117101,3
5654,66000,387130000C,(04)23274275,(04)23288582,2023,8,15,14,14,臺中市,東區,0,0,0,7,2,6,50,5,1,1,5,4,6,6,1,1,10,5,5,2,17,45,3,10,3,1,B03,7,11,1,8,2,7,,45,45,1,12,4,B03,120.705568,24.130358,3
5655,66000,387130000C,(04)23274275,(04)23288582,2023,8,15,14,19,臺中市,南區,0,0,0,7,,,50,,,,,,,,,,,,,,14,49,,,,,B12,,,1,,2,,,49,,1,12,4,B12,120.67355,24.12974,3
5656,66000,387130000C,(04)23274275,(04)23288582,2023,8,15,14,20,臺中市,東區,0,1,0,7,2,6,50,3,1,1,5,4,6,2,4,4,10,5,5,2,17,14,2,9,1,1,C03,7,6,1,10,2,11,,14,14,1,13,4,C03,120.706023,24.136084,2
5657,66000,387130000C,(04)23274275,(04)23288582,2023,8,15,14,21,臺中市,大雅區,0,1,0,7,3,6,50,3,1,1,5,4,6,6,4,4,10,5,5,2,17,1,2,8,2,1,C03,7,4,1,10,2,14,,1,1,1,12,4,C03,120.631087,24.211072,2
5658,66000,387130000C,(04)23274275,(04)23288582,2023,8,15,14,27,臺中市,西屯區,0,0,0,7,,,50,,,,,,,,,,,,,,,59,,,,,B03,,,1,,1,,,59,,1,13,4,B03,120.64008,24.160468,3
5659,66000,387130000C,(04)23274275,(04)23288582,2023,8,15,14,34,臺中市,西屯區,0,2,0,7,2,6,40,13,8,1,5,4,6,6,4,4,5,4,4,2,3,58,2,9,1,1,C03,7,9,1,10,2,11,12,58,58,1,12,4,C03,120.640503,24.18672,2
5660,66000,387130000C,(04)23274275,(04)23288582,2023,8,15,14,35,臺中市,西屯區,0,2,0,7,2,6,50,13,11,1,5,4,6,6,4,4,5,4,4,2,17,26,2,9,5,4,C04,7,6,1,11,2,12,,26,26,1,12,4,C04,120.666625,24.172021,2
5661,66000,387130000C,(04)23274275,(04)23288582,2023,8,15,14,41,臺中市,北屯區,0,0,0,7,,,50,,,,,,,,,,,,,,12,40,,,,,B03,,,1,8,2,,,40,40,1,12,4,B03,120.6931,24.171364,3
5662,66000,387130000C,(04)23274275,(04)23288582,2023,8,15,14,42,臺中市,大雅區,0,0,0,7,,,30,,,,,,,,,,,,,,30,8,,,,,B13,,,1,,2,,,8,,1,13,4,B13,120.634065,24.23574,3
5663,66000,387130000C,(04)23274275,(04)23288582,2023,8,15,14,43,臺中市,西區,0,0,0,7,,,50,,,,,,,,,,,,,,13,59,,,,,C03,,,1,,1,,,59,,1,12,4,C03,120.657387,24.152526,3
5664,66000,387130000C,(04)23274275,(04)23288582,2023,8,15,14,43,臺中市,西屯區,0,0,0,7,,,30,,,,,,,,,,,,,,,7,,,,,C03,,,1,,1,,,7,,1,13,4,C03,120.646182,24.174951,3
5665,66000,387130000C,(04)23274275,(04)23288582,2023,8,15,14,44,臺中市,西屯區,0,0,0,7,,,70,,,,,,,,,,,,,,17,84,,,,,A12,,,1,,1,,,84,,1,12,4,A12,120.625506,24.178439,3
5666,66000,387130000C,(04)23274275,(04)23288582,2023,8,15,14,45,臺中市,北區,0,0,0,7,,,50,,,,,,,,,,,,,,,59,,,,,B03,,,1,,1,,,59,,1,12,4,B03,120.664255,24.161763,3
5667,66000,387130000C,(04)23274275,(04)23288582,2023,8,15,14,45,臺中市,南屯區,0,1,0,7,2,6,50,11,7,1,5,4,6,6,4,4,5,4,4,2,17,1,3,10,3,1,B12,7,4,5,19,9,2,,1,1,2,13,4,B12,120.638184,24.139817,2
5668,66000,387130000C,(04)23274275,(04)23288582,2023,8,15,14,49,臺中市,西屯區,0,1,0,7,2,6,40,4,1,1,5,4,6,6,1,1,5,4,4,2,17,85,3,10,2,1,C03,7,15,1,10,1,11,,85,85,1,13,4,C03,120.63976,24.186537,2
5669,66000,387130000C,(04)23274275,(04)23288582,2023,8,15,14,52,臺中市,西區,0,0,0,7,,,50,,,,,,,,,,,,,,17,84,,,,,C03,,,1,,2,,,84,,1,12,4,C03,120.662744,24.156091,3
5670,66000,387130000C,(04)23274275,(04)23288582,2023,8,15,14,53,臺中市,西區,0,1,0,7,2,6,50,13,9,1,5,4,6,6,4,4,5,4,5,2,16,20,3,10,3,1,B03,7,5,1,8,2,2,,20,20,1,13,4,B03,120.67952,24.138324,2
5671,66000,387130000C,(04)23274275,(04)23288582,2023,8,15,14,54,臺中市,南屯區,0,0,0,7,,,50,,,,,,,,,,,,,,,49,,,,,B03,,,1,,1,,,49,,1,12,4,B03,120.646452,24.151478,3
5672,66000,387130000C,(04)23274275,(04)23288582,2023,8,15,14,58,臺中市,北屯區,0,1,0,7,2,6,50,3,1,1,5,4,6,6,2,1,10,5,5,2,13,84,2,9,1,1,C03,7,9,3,19,2,11,,84,84,1,12,4,C03,120.697531,24.164954,2
5673,66000,387130000C,(04)23274275,(04)23288582,2023,8,15,14,58,臺中市,太平區,0,0,0,7,,,50,,,,,,,,,,,,,,,84,,,,,C03,,,1,,1,,,84,,1,12,4,C03,120.716178,24.147131,3
5674,66000,387130000C,(04)23274275,(04)23288582,2023,8,15,14,58,臺中市,豐原區,0,1,0,7,3,6,50,13,9,1,5,4,6,6,4,4,5,5,5,2,13,7,2,9,5,1,C03,7,9,1,10,2,11,,7,7,1,13,4,C03,120.752991,24.22714,2
5675,66000,387130000C,(04)23274275,(04)23288582,2023,8,15,15,0,臺中市,西區,0,1,0,7,2,6,50,4,2,1,5,4,6,6,1,1,5,5,5,2,17,75,3,10,1,1,C03,7,9,1,10,2,14,,75,75,1,13,4,C03,120.653863,24.152323,2
5676,66000,387130000C,(04)23274275,(04)23288582,2023,8,15,15,0,臺中市,西區,0,0,0,7,,,50,,,,,,,,,,,,,,,7,,,,,B03,,,1,,1,,,7,,1,6,4,B03,120.67647,24.140857,3
5677,66000,387130000C,(04)23274275,(04)23288582,2023,8,15,15,0,臺中市,大里區,0,0,0,7,,,50,,,,,,,,,,,,,,12,8,,,,,B02,,,2,,2,,,8,,1,13,4,B02,120.698686,24.085015,3
5678,66000,387130000C,(04)23274275,(04)23288582,2023,8,15,15,0,臺中市,清水區,0,0,0,7,,,50,,,,,,,,,,,,,,13,8,,,,,B03,,,1,,2,,,8,,1,6,4,B03,120.561806,24.272071,3
5679,66000,387130000C,(04)23274275,(04)23288582,2023,8,15,15,5,臺中市,南屯區,0,0,0,7,,,1,,,,,,,,,,,,,,25,84,,,,,B03,,,1,,2,,,84,,1,6,4,B03,120.641356,24.134848,3
5680,66000,387130000C,(04)23274275,(04)23288582,2023,8,15,15,9,臺中市,大甲區,0,0,0,7,,,50,,,,,,,,,,,,,,,51,,,,,B03,,,1,,1,,,51,,1,13,4,B03,120.617354,24.346985,3
5681,66000,387130000C,(04)23274275,(04)23288582,2023,8,15,15,10,臺中市,西屯區,0,1,0,7,2,6,40,13,8,1,5,4,6,6,4,4,1,4,1,2,16,47,3,10,3,1,B03,7,5,1,8,2,2,,47,47,1,13,4,B03,120.634007,24.177513,2
5682,66000,387130000C,(04)23274275,(04)23288582,2023,8,15,15,16,臺中市,南區,0,1,0,7,2,6,50,4,1,1,5,4,6,6,3,1,10,5,5,2,14,49,3,10,3,1,B03,7,2,1,8,2,3,,49,49,1,12,4,B03,120.666817,24.115707,2
5683,66000,387130000C,(04)23274275,(04)23288582,2023,8,15,15,17,臺中市,北區,0,0,0,7,,,50,,,,,,,,,,,,,,17,51,,,,,B03,,,1,,1,,,51,,1,12,4,B03,120.685336,24.152102,3
5684,66000,387130000C,(04)23274275,(04)23288582,2023,8,15,15,17,臺中市,大里區,0,0,0,7,,,40,,,,,,,,,,,,,,10,48,,,,,B03,,,1,,2,,,48,,1,6,4,B03,120.703993,24.09773,3
5685,66000,387130000C,(04)23274275,(04)23288582,2023,8,15,15,23,臺中市,豐原區,0,1,0,7,3,6,30,13,9,1,5,4,6,6,4,4,10,5,5,2,17,84,3,10,5,4,B03,7,9,1,8,2,8,,87,84,1,13,4,B03,120.713425,24.248346,2
5686,66000,387130000C,(04)23274275,(04)23288582,2023,8,15,15,25,臺中市,南屯區,0,0,0,7,,,50,,,,,,,,,,,,,,,84,,,,,B03,,,1,,2,,,84,,1,13,4,B03,120.634149,24.144801,3
5687,66000,387130000C,(04)23274275,(04)23288582,2023,8,15,15,26,臺中市,清水區,0,4,0,7,3,6,50,3,1,1,5,4,6,6,4,4,9,4,5,1,16,20,2,9,2,1,C03,7,6,1,10,2,14,,20,20,1,12,4,C03,120.565943,24.272855,2
5688,66000,387130000C,(04)23274275,(04)23288582,2023,8,15,15,27,臺中市,西屯區,0,0,0,7,,,40,,,,,,,,,,,,,,9,86,,,,,,,,,,,,,86,,1,,,,120.614448,24.192104,3
5689,66000,387130000C,(04)23274275,(04)23288582,2023,8,15,15,30,臺中市,西區,0,0,0,7,,,40,,,,,,,,,,,,,,13,58,,,,,B13,,,1,,1,,,58,,1,12,4,B13,120.659418,24.157498,3
5690,66000,387130000C,(04)23274275,(04)23288582,2023,8,15,15,31,臺中市,北屯區,0,0,0,7,,,50,,,,,,,,,,,,,,13,7,,,,,B12,,,1,,1,,,7,,1,12,4,B12,120.718921,24.163172,3
5691,66000,387130000C,(04)23274275,(04)23288582,2023,8,15,15,36,臺中市,梧棲區,0,1,0,7,2,6,30,3,1,1,5,4,6,6,4,4,10,5,5,2,16,14,3,10,3,1,B03,7,6,1,8,2,1,,14,14,1,6,4,B03,120.546139,24.247014,2
5692,66000,387130000C,(04)23274275,(04)23288582,2023,8,15,15,40,臺中市,清水區,0,1,0,7,2,6,30,13,9,1,5,4,6,6,4,4,10,5,5,2,14,49,3,10,3,1,B03,7,2,1,8,2,3,,49,49,1,6,4,B03,120.562399,24.266346,2
5693,66000,387130000C,(04)23274275,(04)23288582,2023,8,15,15,41,臺中市,北區,0,2,0,7,2,6,50,4,2,1,5,4,6,6,1,1,1,4,5,2,13,59,2,8,1,1,C03,7,9,1,10,2,11,,59,59,1,12,2,C03,120.673356,24.166885,2
5694,66000,387130000C,(04)23274275,(04)23288582,2023,8,15,15,42,臺中市,西屯區,0,0,0,7,,,50,,,,,,,,,,,,,,,7,,,,,B03,,,1,,1,,,7,,1,13,4,B03,120.595143,24.190912,3
5695,66000,387130000C,(04)23274275,(04)23288582,2023,8,15,15,44,臺中市,太平區,0,0,0,7,,,50,,,,,,,,,,,,,,13,59,,,,,B12,,,1,,2,,,59,,1,6,4,B12,120.708412,24.128462,3
5696,66000,387130000C,(04)23274275,(04)23288582,2023,8,15,15,47,臺中市,大里區,0,0,0,7,,,50,,,,,,,,,,,,,,16,11,,,,,B03,,,1,,2,,,11,,1,13,4,B03,120.708812,24.086731,3
5697,66000,387130000C,(04)23274275,(04)23288582,2023,8,15,15,47,臺中市,后里區,0,1,0,7,2,6,50,3,2,1,5,4,6,6,4,4,5,5,5,1,16,48,3,10,3,1,B03,7,6,1,8,2,1,,48,48,1,12,4,B03,120.720578,24.30653,2
5698,66000,387130000C,(04)23274275,(04)23288582,2023,8,15,16,0,臺中市,神岡區,0,2,0,7,1,6,30,11,9,1,5,4,6,6,4,4,5,5,5,2,16,41,2,9,1,4,C03,7,5,1,10,2,14,,41,41,1,12,4,C03,120.656855,24.267154,2
5699,66000,387130000C,(04)23274275,(04)23288582,2023,8,15,16,0,臺中市,神岡區,0,1,0,7,2,6,50,13,8,1,5,4,6,6,4,4,5,5,4,2,16,47,3,10,3,1,B12,7,5,1,8,2,5,,47,47,1,13,4,B12,120.712625,24.256492,2
5700,66000,387130000C,(04)23274275,(04)23288582,2023,8,15,16,3,臺中市,大雅區,0,0,0,7,,,30,,,,,,,,,,,,,,25,8,,,,,A11,,,1,,9,,,8,,1,13,4,A11,120.633019,24.241033,3
5701,66000,387130000C,(04)23274275,(04)23288582,2023,8,15,16,3,臺中市,西區,0,1,0,7,2,6,50,4,1,1,5,4,6,6,2,1,10,5,5,2,13,7,2,9,1,1,C03,7,12,1,10,2,11,,7,7,1,13,4,C03,120.65722,24.142868,2
5702,66000,387130000C,(04)23274275,(04)23288582,2023,8,15,16,5,臺中市,西區,0,0,0,7,,,50,,,,,,,,,,,,,,,4,,,,,B03,,,1,,1,,,4,,1,6,4,B03,120.664922,24.153228,3
5703,66000,387130000C,(04)23274275,(04)23288582,2023,8,15,16,5,臺中市,北屯區,0,0,0,7,,,50,,,,,,,,,,,,,,,84,,,,,B03,,,1,,1,,,84,,1,12,4,B03,120.776222,24.198682,3
5704,66000,387130000C,(04)23274275,(04)23288582,2023,8,15,16,10,臺中市,豐原區,0,1,0,7,3,6,30,3,9,1,5,4,6,6,4,4,10,5,5,2,17,14,2,9,5,1,C03,7,6,1,10,2,14,,14,14,1,13,4,C03,120.714579,24.246624,2
5705,66000,387130000C,(04)23274275,(04)23288582,2023,8,15,16,11,臺中市,潭子區,0,2,0,7,2,6,50,13,9,1,5,4,6,6,4,4,9,4,4,2,17,59,2,9,3,1,B03,7,9,1,8,2,1,,59,59,1,12,4,B03,120.678841,24.204129,2
5706,66000,387130000C,(04)23274275,(04)23288582,2023,8,15,16,16,臺中市,北屯區,0,1,0,7,2,6,50,4,1,1,5,4,6,6,4,4,10,5,5,2,16,84,2,9,1,1,C03,7,4,1,10,2,12,,84,1,1,12,4,C03,120.690372,24.174749,2
5707,66000,387130000C,(04)23274275,(04)23288582,2023,8,15,16,17,臺中市,西區,0,0,0,7,,,50,,,,,,,,,,,,,,30,50,,,,,B03,,,1,,9,,,50,,1,12,4,B03,120.655291,24.151167,3
5708,66000,387130000C,(04)23274275,(04)23288582,2023,8,15,16,18,臺中市,大里區,0,0,0,7,,,50,,,,,,,,,,,,,,,45,,,,,B03,,,1,,2,,,45,,1,12,4,B03,120.686183,24.111569,3
5709,66000,387130000C,(04)23274275,(04)23288582,2023,8,15,16,20,臺中市,西屯區,0,1,0,7,2,6,40,3,1,1,5,4,6,6,2,1,10,5,5,2,17,11,3,10,5,4,B03,7,5,3,19,2,6,,11,11,1,13,4,B03,120.639069,24.168932,2