序號,縣市別代碼,機關代碼,市話,傳真,年,月,日,時,分,縣市,區,死亡數量,受傷數量,2-30,天候,光線,道路類別,速限,道路型態,事故位置,路面鋪裝,路面狀態,路面缺陷,障礙物,視距,號誌種類,號誌動作,分向設施,快車道或一般車道間,快慢車道間,路面邊線,事故類型及型態,主要肇因,受傷程度,主要傷處,保護裝備,行動電話,當事者區分(類別),車輛用途,當事者行動狀態,駕駛資格情形,駕駛執照種類,飲酒情形,車輛撞擊部位最初,車輛撞擊部位其他,肇事因素個別,肇事因素主要,肇事逃逸,職業,旅次目的,車種,GPS座標X,GPS座標Y,事故類別
5710,66000,387130000C,(04)23274275,(04)23288582,2023,8,15,16,22,臺中市,北屯區,0,2,0,7,2,6,50,4,1,1,5,4,6,6,1,1,1,2,5,2,15,21,2,9,2,1,C03,7,9,3,19,2,11,,21,21,1,12,4,C03,120.687639,24.185449,2
5711,66000,387130000C,(04)23274275,(04)23288582,2023,8,15,16,23,臺中市,西屯區,0,0,0,7,,,50,,,,,,,,,,,,,,,119,,,,,,,,,,,,,119,,1,,,,120.621646,24.185663,3
5712,66000,387130000C,(04)23274275,(04)23288582,2023,8,15,16,24,臺中市,南區,0,1,0,7,3,6,50,13,8,1,5,4,6,6,4,4,5,4,4,2,12,51,3,10,3,1,B03,7,1,1,8,2,8,,51,51,1,6,4,B03,120.674375,24.128398,2
5713,66000,387130000C,(04)23274275,(04)23288582,2023,8,15,16,26,臺中市,神岡區,0,1,0,7,2,6,40,11,8,1,5,4,6,6,4,4,1,4,4,1,17,5,2,9,2,1,C03,7,9,1,10,2,14,,5,5,1,13,4,C03,120.691096,24.231873,2
5714,66000,387130000C,(04)23274275,(04)23288582,2023,8,15,16,27,臺中市,北區,0,1,0,7,3,6,50,4,9,1,5,4,6,6,4,4,5,4,4,1,11,11,3,10,5,4,B03,7,6,1,8,2,2,,11,11,1,13,4,B03,120.667561,24.153802,2
5715,66000,387130000C,(04)23274275,(04)23288582,2023,8,15,16,27,臺中市,北屯區,0,0,0,7,,,40,,,,,,,,,,,,,,13,84,,,,,B03,,,1,,1,,,84,,1,12,4,B03,120.719363,24.163423,3
5716,66000,387130000C,(04)23274275,(04)23288582,2023,8,15,16,28,臺中市,南屯區,0,0,0,7,,,50,,,,,,,,,,,,,,,48,,,,,B02,,,1,,1,,,48,,1,12,4,B02,120.62267,24.140394,3
5717,66000,387130000C,(04)23274275,(04)23288582,2023,8,15,16,30,臺中市,西屯區,0,0,0,7,,,30,,,,,,,,,,,,,,12,56,,,,,B03,,,1,,1,,,56,,1,13,4,B03,120.648565,24.200642,3
5718,66000,387130000C,(04)23274275,(04)23288582,2023,8,15,16,36,臺中市,北屯區,0,3,0,7,3,6,50,3,1,1,5,4,6,6,4,4,10,5,5,2,16,20,2,9,2,1,C03,7,9,1,10,2,12,,37,20,1,12,4,C03,120.693096,24.162699,2
5719,66000,387130000C,(04)23274275,(04)23288582,2023,8,15,16,37,臺中市,南屯區,0,0,0,7,,,50,,,,,,,,,,,,,,12,8,,,,,B03,,,1,,2,,,8,,1,6,4,B03,120.637144,24.142766,3
5720,66000,387130000C,(04)23274275,(04)23288582,2023,8,15,16,37,臺中市,神岡區,0,1,0,7,1,6,50,13,9,1,5,4,6,6,4,4,5,5,5,1,12,59,2,9,1,4,C03,7,9,1,10,2,12,,59,59,1,12,4,C03,120.655463,24.255425,2
5721,66000,387130000C,(04)23274275,(04)23288582,2023,8,15,16,39,臺中市,南區,0,0,0,7,2,6,50,4,2,1,5,4,6,6,2,1,3,2,5,2,16,11,3,10,3,1,B03,7,5,1,8,2,2,,11,11,1,12,4,B03,120.650118,24.120638,3
5722,66000,387130000C,(04)23274275,(04)23288582,2023,8,15,16,39,臺中市,神岡區,0,1,0,7,2,6,30,4,2,1,5,4,6,6,1,1,5,5,5,1,17,48,3,10,3,1,B03,7,6,1,8,2,8,,48,48,1,13,4,B03,120.699015,24.272128,2
5723,66000,387130000C,(04)23274275,(04)23288582,2023,8,15,16,40,臺中市,潭子區,0,0,0,7,,,50,,,,,,,,,,,,,,,59,,,,,B03,,,1,,2,,,59,,1,12,4,B03,120.719805,24.218185,3
5724,66000,387130000C,(04)23274275,(04)23288582,2023,8,15,16,41,臺中市,西區,0,1,0,7,1,6,50,13,8,1,5,4,6,6,4,4,5,5,4,2,17,40,3,10,1,1,C03,7,7,5,10,2,13,,40,40,1,12,4,C03,120.663885,24.157554,2
5725,66000,387130000C,(04)23274275,(04)23288582,2023,8,15,16,41,臺中市,東區,0,1,0,7,2,6,50,3,1,1,5,4,6,6,1,1,10,5,5,2,17,45,3,10,3,1,B03,7,11,1,8,2,1,,45,45,1,12,4,B03,120.692464,24.145377,2
5726,66000,387130000C,(04)23274275,(04)23288582,2023,8,15,16,42,臺中市,大甲區,0,0,0,7,3,6,60,3,1,1,5,4,6,6,1,1,1,4,5,1,13,7,3,10,3,1,B03,7,9,1,8,2,8,,7,7,1,13,4,B03,120.618939,24.354169,3
5727,66000,387130000C,(04)23274275,(04)23288582,2023,8,15,16,43,臺中市,南屯區,0,0,0,7,,,50,,,,,,,,,,,,,,,51,,,,,B03,,,1,,1,,,51,51,1,13,4,B03,120.633681,24.152381,3
5728,66000,387130000C,(04)23274275,(04)23288582,2023,8,15,16,45,臺中市,北區,0,0,0,7,,,50,,,,,,,,,,,,,,17,84,,,,,B03,,,1,,2,,,84,,1,12,4,B03,120.672214,24.166634,3
5729,66000,387130000C,(04)23274275,(04)23288582,2023,8,15,16,49,臺中市,西屯區,0,0,0,7,,,50,,,,,,,,,,,,,,,40,,,,,A02,,,1,,1,,,40,,1,13,4,A02,120.607485,24.195133,3
5730,66000,387130000C,(04)23274275,(04)23288582,2023,8,15,16,50,臺中市,大雅區,0,1,0,7,2,6,50,13,9,1,5,4,6,6,4,4,9,5,5,1,17,7,2,9,1,1,C03,7,9,1,10,2,12,,7,7,1,13,4,C03,120.649634,24.2238,2
5731,66000,387130000C,(04)23274275,(04)23288582,2023,8,15,16,50,臺中市,南區,0,1,0,7,2,6,50,13,8,1,5,4,6,6,4,4,5,5,4,2,17,84,3,10,2,1,C03,7,7,1,10,2,12,,84,84,1,12,4,C03,120.680549,24.128767,2
5732,66000,387130000C,(04)23274275,(04)23288582,2023,8,15,16,50,臺中市,北屯區,0,0,0,7,,,80,,,,,,,,,,,,,,13,59,,,,,B12,,,1,,2,,,59,59,1,6,4,B12,120.720755,24.172345,3
5733,66000,387130000C,(04)23274275,(04)23288582,2023,8,15,16,54,臺中市,梧棲區,0,0,0,7,,,40,,,,,,,,,,,,,,13,7,,,,,B03,,,1,,1,,,7,,1,6,4,B03,120.513096,24.22721,3
5734,66000,387130000C,(04)23274275,(04)23288582,2023,8,15,16,55,臺中市,東區,0,3,0,7,2,6,40,5,1,1,5,4,6,6,2,1,10,5,5,2,12,1,2,9,1,1,C03,7,9,1,10,1,14,,1,1,1,12,4,C03,120.692492,24.147777,2
5735,66000,387130000C,(04)23274275,(04)23288582,2023,8,15,17,1,臺中市,南屯區,0,2,0,7,2,6,50,3,2,1,5,4,6,6,4,4,1,3,4,2,12,51,3,10,3,1,B03,7,1,1,8,2,4,,51,51,1,12,4,B03,120.633526,24.153556,2
5736,66000,387130000C,(04)23274275,(04)23288582,2023,8,15,17,2,臺中市,北屯區,0,1,0,7,2,6,50,13,9,1,5,4,6,6,4,4,1,4,5,2,13,7,2,9,1,1,C03,7,9,1,10,2,14,,7,7,1,12,4,C03,120.698369,24.174023,2
5737,66000,387130000C,(04)23274275,(04)23288582,2023,8,15,17,3,臺中市,北屯區,0,0,0,7,,,80,,,,,,,,,,,,,,13,59,,,,,B03,,,1,,1,,,59,59,1,6,4,B03,120.720781,24.169433,3
5738,66000,387130000C,(04)23274275,(04)23288582,2023,8,15,17,5,臺中市,大雅區,0,1,0,7,2,6,50,3,2,1,5,4,6,6,4,4,1,4,4,1,16,14,3,10,3,1,B03,7,5,1,5,2,2,,14,14,1,13,4,B03,120.64391,24.227485,2
5739,66000,387130000C,(04)23274275,(04)23288582,2023,8,15,17,5,臺中市,霧峰區,0,0,0,7,,,50,,,,,,,,,,,,,,,59,,,,,B03,,,1,,2,,,59,59,1,6,4,B03,120.664937,24.060225,3
5740,66000,387130000C,(04)23274275,(04)23288582,2023,8,15,17,6,臺中市,梧棲區,0,1,0,7,3,6,30,3,1,1,5,4,6,6,4,4,10,5,5,2,17,51,2,9,1,1,C03,7,1,1,10,2,12,,51,51,1,6,4,C03,120.520298,24.232941,2
5741,66000,387130000C,(04)23274275,(04)23288582,2023,8,15,17,7,臺中市,北屯區,0,0,0,7,,,50,,,,,,,,,,,,,,15,15,,,,,B03,,,1,,2,,,15,,1,12,4,B03,120.725371,24.165362,3
5742,66000,387130000C,(04)23274275,(04)23288582,2023,8,15,17,7,臺中市,烏日區,0,0,0,7,,,30,,,,,,,,,,,,,,,49,,,,,B12,,,3,,2,,,49,,1,12,4,B12,120.643948,24.063463,3
5743,66000,387130000C,(04)23274275,(04)23288582,2023,8,15,17,8,臺中市,中區,0,0,0,7,,,50,,,,,,,,,,,,,,17,84,,,,,C03,,,1,,1,,,84,,1,12,4,C03,120.682593,24.141246,4
5744,66000,387130000C,(04)23274275,(04)23288582,2023,8,15,17,8,臺中市,大肚區,0,1,0,7,2,6,70,13,8,1,5,4,6,6,4,4,1,4,4,1,16,47,3,10,3,1,B03,7,5,1,8,2,2,,47,47,1,12,4,B03,120.55113,24.137808,2
5745,66000,387130000C,(04)23274275,(04)23288582,2023,8,15,17,9,臺中市,大雅區,0,2,0,7,3,6,50,4,1,1,5,4,6,6,4,4,5,5,5,1,15,15,2,9,1,1,C03,7,9,1,10,2,11,,15,15,1,13,4,C03,120.644926,24.228593,2
5746,66000,387130000C,(04)23274275,(04)23288582,2023,8,15,17,10,臺中市,南屯區,0,2,0,7,2,6,50,3,1,1,5,4,6,6,4,4,5,5,5,2,16,12,2,9,1,1,C03,7,6,3,19,9,11,,12,12,1,12,4,C03,120.643659,24.146139,2
5747,66000,387130000C,(04)23274275,(04)23288582,2023,8,15,17,10,臺中市,大里區,0,0,0,7,,,50,,,,,,,,,,,,,,13,84,,,,,B03,,,1,,2,,,84,84,1,13,4,B03,120.696168,24.079803,3
5748,66000,387130000C,(04)23274275,(04)23288582,2023,8,15,17,10,臺中市,沙鹿區,0,0,0,7,,,50,,,,,,,,,,,,,,,14,,,,,C03,,,1,,1,,,14,,1,6,4,C03,120.560963,24.237811,3
5749,66000,387130000C,(04)23274275,(04)23288582,2023,8,15,17,12,臺中市,南屯區,0,0,0,7,,,50,4,,,,,,,,,,,,,,49,,,,,C03,,,1,,1,,,49,,1,6,4,C03,120.627679,24.142984,3
5750,66000,387130000C,(04)23274275,(04)23288582,2023,8,15,17,12,臺中市,南屯區,0,0,0,7,,,50,,,,,,,,,,,,,,12,8,,,,,B03,,,1,,1,,,8,,1,12,4,B03,120.634766,24.150988,3
5751,66000,387130000C,(04)23274275,(04)23288582,2023,8,15,17,14,臺中市,北區,0,0,0,7,,,50,,,,,,,,,,,,,,17,20,,,,,C03,,,3,,2,,,20,,1,13,4,C03,120.688589,24.155333,3
5752,66000,387130000C,(04)23274275,(04)23288582,2023,8,15,17,16,臺中市,梧棲區,0,1,0,7,2,6,50,13,8,1,5,4,6,6,4,4,5,4,4,1,13,7,3,10,2,1,C03,7,9,1,10,2,11,,7,7,1,6,4,C03,120.534962,24.258012,2
5753,66000,387130000C,(04)23274275,(04)23288582,2023,8,15,17,17,臺中市,南區,0,1,0,7,3,6,50,4,1,1,5,4,6,6,2,1,3,5,5,2,17,11,3,10,3,1,B03,7,6,1,8,2,5,,11,11,1,6,4,B03,120.679273,24.126395,2
5754,66000,387130000C,(04)23274275,(04)23288582,2023,8,15,17,18,臺中市,北區,0,1,0,7,2,6,30,4,2,1,5,4,6,6,1,1,1,4,5,2,30,119,,,,,,,,,,,,,119,119,1,,,,120.666376,24.159164,2
5755,66000,387130000C,(04)23274275,(04)23288582,2023,8,15,17,18,臺中市,北屯區,0,0,0,7,,,40,,,,,,,,,,,,,,13,84,,,,,B03,,,1,,1,,,84,,1,12,4,B03,120.712689,24.164332,3
5756,66000,387130000C,(04)23274275,(04)23288582,2023,8,15,17,18,臺中市,霧峰區,0,0,0,7,,,50,,,,,,,,,,,,,,,48,,,,,C03,,,1,,2,,,48,,1,5,4,C03,120.684471,24.050971,3
5757,66000,387130000C,(04)23274275,(04)23288582,2023,8,15,17,20,臺中市,西屯區,0,1,0,7,2,6,50,13,9,1,5,4,6,6,4,4,5,4,5,2,18,59,2,9,5,4,C03,7,9,2,19,2,14,,59,59,1,13,4,C03,120.63834,24.203176,2
5758,66000,387130000C,(04)23274275,(04)23288582,2023,8,15,17,20,臺中市,沙鹿區,0,1,0,7,2,6,50,5,1,1,5,4,6,6,1,1,10,5,5,2,13,7,2,9,2,1,C03,7,9,1,10,2,11,,7,7,1,6,4,C03,120.556135,24.220955,2
5759,66000,387130000C,(04)23274275,(04)23288582,2023,8,15,17,21,臺中市,大雅區,0,0,0,7,,,50,,,,,,,,,,,,,,,14,,,,,C03,,,1,,2,,,14,,1,13,4,C03,120.669287,24.221202,3
5760,66000,387130000C,(04)23274275,(04)23288582,2023,8,15,17,23,臺中市,烏日區,0,1,0,7,2,6,50,4,1,1,5,4,6,6,4,4,10,5,5,2,12,47,3,10,3,1,B03,7,5,1,8,2,6,,47,47,1,12,4,B03,120.640414,24.095083,2
5761,66000,387130000C,(04)23274275,(04)23288582,2023,8,15,17,25,臺中市,大里區,0,1,0,7,2,6,50,4,2,1,5,4,6,6,1,1,10,5,5,1,13,7,2,9,1,1,C03,7,9,1,10,2,11,,7,7,1,12,4,C03,120.701169,24.100307,2
5762,66000,387130000C,(04)23274275,(04)23288582,2023,8,15,17,25,臺中市,烏日區,0,0,0,7,,,70,,,,,,,,,,,,,,9,8,,,,,C03,,,1,,2,,,8,,1,6,2,C03,120.606833,24.108396,3
5763,66000,387130000C,(04)23274275,(04)23288582,2023,8,15,17,27,臺中市,神岡區,0,0,0,7,,,50,,,,,,,,,,,,,,,7,,,,,B03,,,1,,1,,,7,,1,12,4,B03,120.696754,24.235912,3
5764,66000,387130000C,(04)23274275,(04)23288582,2023,8,15,17,31,臺中市,西區,0,1,0,7,2,6,50,3,1,1,5,4,6,6,4,4,10,5,5,2,16,14,2,8,1,1,C03,7,6,3,19,2,11,,14,14,1,6,4,C03,120.656177,24.14554,2
5765,66000,387130000C,(04)23274275,(04)23288582,2023,8,15,17,32,臺中市,豐原區,0,2,0,7,2,6,50,4,9,1,5,4,6,6,1,1,5,4,5,1,12,1,2,8,1,1,C03,7,9,1,10,2,14,,1,1,2,13,4,C03,120.720393,24.265587,2
5766,66000,387130000C,(04)23274275,(04)23288582,2023,8,15,17,33,臺中市,大雅區,0,1,0,7,3,6,30,13,9,1,5,4,6,6,4,4,10,5,5,2,12,87,3,10,3,1,B03,7,13,1,8,2,4,,87,87,1,13,4,B03,120.649705,24.226166,2
5767,66000,387130000C,(04)23274275,(04)23288582,2023,8,15,17,35,臺中市,北區,0,0,0,7,,,50,,,,,,,,,,,,,,17,84,,,,,C03,,,1,,2,,,84,,1,12,4,C03,120.669392,24.173343,3
5768,66000,387130000C,(04)23274275,(04)23288582,2023,8,15,17,35,臺中市,烏日區,0,0,0,7,,,50,,,,,,,,,,,,,,,40,,,,,B03,,,1,,2,,,40,,1,12,4,B03,120.587287,24.113192,3
5769,66000,387130000C,(04)23274275,(04)23288582,2023,8,15,17,35,臺中市,沙鹿區,0,0,0,7,2,6,30,11,9,1,5,4,6,6,4,4,4,4,5,2,10,59,,,,,B03,,,1,,2,,,59,59,1,11,4,B03,120.550573,24.231673,3
5770,66000,387130000C,(04)23274275,(04)23288582,2023,8,15,17,37,臺中市,北屯區,0,0,0,7,,,50,,,,,,,,,,,,,,13,84,,,,,B03,,,1,,1,,,84,,1,12,4,B03,120.711138,24.175845,3
5771,66000,387130000C,(04)23274275,(04)23288582,2023,8,15,17,38,臺中市,北區,0,1,0,7,2,6,50,13,9,1,5,4,6,6,2,1,5,4,4,2,13,84,3,10,3,1,B01,7,6,1,4,2,8,,84,84,1,12,4,B01,120.688894,24.152943,2
5772,66000,387130000C,(04)23274275,(04)23288582,2023,8,15,17,38,臺中市,南區,0,1,0,6,2,6,50,4,1,1,5,4,6,6,1,1,10,5,5,2,17,20,3,10,3,1,B03,7,6,1,8,2,8,,20,20,1,12,4,B03,120.652645,24.119918,2
5773,66000,387130000C,(04)23274275,(04)23288582,2023,8,15,17,41,臺中市,西屯區,0,1,0,7,3,6,50,13,9,1,5,4,6,6,4,4,1,4,5,1,17,84,3,10,5,4,B01,7,9,1,8,1,4,,84,84,1,13,4,B01,120.647466,24.164481,2
5774,66000,387130000C,(04)23274275,(04)23288582,2023,8,15,17,41,臺中市,豐原區,0,1,0,7,2,6,50,4,2,1,5,4,6,6,2,1,1,5,5,2,18,90,2,9,1,1,C03,7,9,1,10,2,14,11,90,90,1,13,4,C03,120.723969,24.245023,2
5775,66000,387130000C,(04)23274275,(04)23288582,2023,8,15,17,42,臺中市,東區,0,0,0,7,2,6,50,13,9,1,5,4,6,6,4,4,5,4,5,2,13,84,3,10,3,1,B03,7,15,1,8,2,1,,84,84,1,12,4,B03,120.693172,24.142987,3
5776,66000,387130000C,(04)23274275,(04)23288582,2023,8,15,17,42,臺中市,霧峰區,0,1,0,7,2,6,50,11,9,1,5,4,6,6,4,4,4,5,5,1,30,84,2,9,2,1,C03,7,9,1,10,2,15,,84,84,1,13,4,C03,120.688898,24.056509,2
5777,66000,387130000C,(04)23274275,(04)23288582,2023,8,15,17,44,臺中市,大里區,0,1,0,7,3,6,50,13,9,1,5,4,6,6,4,4,9,5,5,1,16,51,3,10,5,4,B12,7,1,1,8,2,4,,51,51,1,6,4,B12,120.700796,24.082868,2
5778,66000,387130000C,(04)23274275,(04)23288582,2023,8,15,17,45,臺中市,西屯區,0,0,0,7,,,50,,,,,,,,,,,,,,14,49,,,,,B12,,,1,,1,,,49,,1,13,4,B12,120.649018,24.161562,3
5779,66000,387130000C,(04)23274275,(04)23288582,2023,8,15,17,45,臺中市,太平區,0,0,0,7,,,50,,,,,,,,,,,,,,,7,,,,,C03,,,1,,1,,,7,,1,13,4,C03,120.715961,24.148798,3
5780,66000,387130000C,(04)23274275,(04)23288582,2023,8,15,17,47,臺中市,西區,0,0,0,7,,,40,,,,,,,,,,,,,,14,49,,,,,B12,,,1,,1,,,49,,1,12,4,B12,120.657265,24.141255,3
5781,66000,387130000C,(04)23274275,(04)23288582,2023,8,15,17,47,臺中市,南屯區,0,1,0,7,2,6,50,13,7,1,5,4,6,6,1,1,5,4,4,2,13,7,2,7,1,1,C03,7,9,1,10,2,11,,7,7,1,12,4,C03,120.629584,24.117927,2
5782,66000,387130000C,(04)23274275,(04)23288582,2023,8,15,17,47,臺中市,神岡區,0,1,0,7,1,6,30,5,1,1,5,4,6,6,1,1,5,5,5,1,17,20,2,8,1,4,C03,7,6,1,10,2,14,,20,20,1,12,4,C03,120.682934,24.269387,2
5783,66000,387130000C,(04)23274275,(04)23288582,2023,8,15,17,48,臺中市,太平區,0,1,0,7,2,6,50,4,1,1,5,4,6,6,1,1,5,5,5,2,13,84,3,10,3,1,B03,7,9,1,8,2,5,,84,84,1,12,4,B03,120.716869,24.131566,2
5784,66000,387130000C,(04)23274275,(04)23288582,2023,8,15,17,50,臺中市,潭子區,0,0,0,7,,,30,,,,,,,,,,,,,,,8,,,,,B03,,,1,,1,,,8,,1,12,4,B03,120.699497,24.211049,3
5785,66000,387130000C,(04)23274275,(04)23288582,2023,8,15,17,52,臺中市,西屯區,0,3,0,7,1,6,50,13,9,1,5,4,6,6,4,4,10,4,5,2,17,20,2,9,5,4,C03,7,6,1,10,2,13,,20,20,1,13,4,C03,120.618907,24.184707,2
5786,66000,387130000C,(04)23274275,(04)23288582,2023,8,15,17,56,臺中市,大甲區,0,1,0,7,3,6,50,4,2,1,5,4,6,6,3,1,4,5,5,2,16,11,2,9,1,1,C03,7,6,1,10,2,12,,11,11,1,13,4,C03,120.637925,24.408594,2
5787,66000,387130000C,(04)23274275,(04)23288582,2023,8,15,17,56,臺中市,豐原區,0,0,0,7,,,50,,,,,,,,,,,,,,,58,,,,,B03,,,1,,2,,,58,,1,13,4,B03,120.713754,24.260452,3
5788,66000,387130000C,(04)23274275,(04)23288582,2023,8,15,17,57,臺中市,西屯區,0,0,0,7,,,50,,,,,,,,,,,,,,13,59,,,,,B03,,,1,,2,,,59,,1,13,4,B03,120.627626,24.183973,3
5789,66000,387130000C,(04)23274275,(04)23288582,2023,8,15,17,59,臺中市,太平區,0,1,0,7,3,6,30,4,1,1,5,4,6,6,4,4,10,5,5,2,15,12,3,10,3,1,B03,7,9,1,8,2,8,,12,12,1,13,4,B03,120.723745,24.140805,2
5790,66000,387130000C,(04)23274275,(04)23288582,2023,8,15,18,0,臺中市,大雅區,0,0,0,7,,,30,,,,,,,,,,,,,,,51,,,,,B03,,,1,,2,,,51,,1,12,4,B03,120.668527,24.236426,3
5791,66000,387130000C,(04)23274275,(04)23288582,2023,8,15,18,0,臺中市,西屯區,0,0,0,7,,,50,,,,,,,,,,,,,,,84,,,,,C03,,,1,,1,,,84,,1,13,4,C03,120.666493,24.172913,3
5792,66000,387130000C,(04)23274275,(04)23288582,2023,8,15,18,2,臺中市,北屯區,0,2,0,7,2,6,50,3,1,1,5,4,6,6,4,4,5,5,5,2,17,34,2,9,1,1,C03,7,9,1,10,2,12,,34,34,1,12,4,C03,120.690932,24.181016,2
5793,66000,387130000C,(04)23274275,(04)23288582,2023,8,15,18,5,臺中市,豐原區,0,0,0,7,,,50,,,,,,,,,,,,,,14,49,,,,,B03,,,1,,2,,,49,,1,13,4,B03,120.7335,24.251596,3
5794,66000,387130000C,(04)23274275,(04)23288582,2023,8,15,18,7,臺中市,南屯區,0,0,0,7,,,50,,,,,,,,,,,,,,,84,,,,,C02,,,1,,1,,,84,,1,13,4,C02,120.633105,24.123636,3
5795,66000,387130000C,(04)23274275,(04)23288582,2023,8,15,18,8,臺中市,后里區,0,0,0,7,,,50,,,,,,,,,,,,,,12,76,,,,,B12,,,1,,2,,,76,,1,12,4,B12,120.722039,24.303868,3
5796,66000,387130000C,(04)23274275,(04)23288582,2023,8,15,18,10,臺中市,沙鹿區,0,1,0,7,1,6,50,4,2,1,5,4,6,6,4,4,10,5,5,2,17,51,2,9,1,1,C03,7,1,1,10,2,14,,51,51,1,6,4,C03,120.561165,24.237588,2
5797,66000,387130000C,(04)23274275,(04)23288582,2023,8,15,18,11,臺中市,北屯區,0,0,0,7,,,50,,,,,,,,,,,,,,13,84,,,,,C03,,,2,,1,,,84,84,1,12,4,C03,120.721669,24.180751,3
5798,66000,387130000C,(04)23274275,(04)23288582,2023,8,15,18,12,臺中市,大雅區,0,0,0,7,,,50,,,,,,,,,,,,,,16,8,,,,,B02,,,1,,2,,,8,,1,13,4,B02,120.671376,24.23852,3
5799,66000,387130000C,(04)23274275,(04)23288582,2023,8,15,18,12,臺中市,沙鹿區,0,1,0,7,2,6,60,13,7,1,5,4,6,6,4,4,1,3,4,1,17,54,2,9,2,1,C03,7,8,1,10,2,14,,54,54,1,6,4,C03,120.575922,24.250122,2
5800,66000,387130000C,(04)23274275,(04)23288582,2023,8,15,18,15,臺中市,神岡區,0,0,0,7,,,30,,,,,,,,,,,,,,16,20,,,,,B03,,,1,,2,,,20,,1,12,4,B03,120.682934,24.269387,3
5801,66000,387130000C,(04)23274275,(04)23288582,2023,8,15,18,17,臺中市,霧峰區,0,1,0,7,2,6,50,3,1,1,5,4,6,6,1,1,10,5,5,1,16,11,2,7,1,1,C03,7,6,1,10,2,12,,11,11,1,13,4,C03,120.699152,24.068532,2
5802,66000,387130000C,(04)23274275,(04)23288582,2023,8,15,18,18,臺中市,南屯區,0,0,0,7,,,50,,,,,,,,,,,,,,12,8,,,,,B03,,,1,,1,,,8,,1,12,4,B03,120.647617,24.140274,3
5803,66000,387130000C,(04)23274275,(04)23288582,2023,8,15,18,21,臺中市,烏日區,0,0,0,7,,,30,,,,,,,,,,,,,,,51,,,,,B03,,,1,,2,,,51,,1,12,4,B03,120.616684,24.113986,3
5804,66000,387130000C,(04)23274275,(04)23288582,2023,8,15,18,22,臺中市,北區,0,0,0,7,,,40,,,,,,,,,,,,,,14,49,,,,,C03,,,1,,1,,,49,,1,13,4,C03,120.676478,24.154713,3
5805,66000,387130000C,(04)23274275,(04)23288582,2023,8,15,18,23,臺中市,神岡區,0,1,0,7,3,6,50,3,1,1,5,4,6,6,4,4,10,5,5,2,13,7,2,7,5,4,C03,7,9,1,10,2,12,,7,7,1,13,4,C03,120.697653,24.244298,2
5806,66000,387130000C,(04)23274275,(04)23288582,2023,8,15,18,26,臺中市,太平區,0,1,0,7,2,6,50,4,1,1,5,4,6,6,1,1,5,5,5,2,17,84,2,9,1,1,C03,7,9,1,10,2,14,,84,84,1,12,4,C03,120.7172,24.156903,2
5807,66000,387130000C,(04)23274275,(04)23288582,2023,8,15,18,30,臺中市,南區,0,0,0,7,,,50,,,,,,,,,,,,,,,49,,,,,B03,,,1,,2,,,49,,1,12,4,B03,120.681693,24.133477,3
5808,66000,387130000C,(04)23274275,(04)23288582,2023,8,15,18,30,臺中市,太平區,0,0,0,7,,,30,,,,,,,,,,,,,,,49,,,,,B03,,,1,,2,,,49,,1,13,4,B03,120.721704,24.129626,3
5809,66000,387130000C,(04)23274275,(04)23288582,2023,8,15,18,31,臺中市,西屯區,0,1,0,7,3,6,50,13,9,1,5,4,6,6,4,4,1,5,5,2,12,40,2,9,1,1,C03,7,7,1,10,2,12,,40,40,1,12,4,C03,120.615876,24.174444,2
5810,66000,387130000C,(04)23274275,(04)23288582,2023,8,15,18,33,臺中市,烏日區,0,0,0,7,,,40,,,,,,,,,,,,,,13,7,,,,,B03,,,1,,2,,,7,,1,6,4,B03,120.616219,24.110055,3
5811,66000,387130000C,(04)23274275,(04)23288582,2023,8,15,18,35,臺中市,大里區,0,0,0,7,,,50,,,,,,,,,,,,,,13,58,,,,,A04,,,1,,2,,,58,,1,6,4,A04,120.689687,24.113095,3
5812,66000,387130000C,(04)23274275,(04)23288582,2023,8,15,18,45,臺中市,清水區,0,2,0,7,1,6,30,4,1,1,5,4,6,6,4,4,10,5,5,2,15,12,2,9,4,1,F03,7,9,7,21,2,14,,12,12,1,12,4,F03,120.564993,24.282001,2
5813,66000,387130000C,(04)23274275,(04)23288582,2023,8,15,18,48,臺中市,烏日區,0,0,0,7,,,30,,,,,,,,,,,,,,,49,,,,,B12,,,1,,2,,,49,,1,12,4,B12,120.629674,24.099669,3
5814,66000,387130000C,(04)23274275,(04)23288582,2023,8,15,18,51,臺中市,西屯區,0,0,0,7,,,40,,,,,,,,,,,,,,,20,,,,,B03,,,1,,1,,,20,,1,13,4,B03,120.651894,24.161492,3
5815,66000,387130000C,(04)23274275,(04)23288582,2023,8,15,18,52,臺中市,西屯區,0,0,0,7,,,50,,,,,,,,,,,,,,14,78,,,,,B03,,,1,,1,,,78,,1,13,4,B03,120.617627,24.18387,3
5816,66000,387130000C,(04)23274275,(04)23288582,2023,8,15,18,53,臺中市,西屯區,0,0,0,7,,,30,,,,,,,,,,,,,,,8,,,,,B03,,,1,,1,,,8,,1,13,4,B03,120.64658,24.182978,3
5817,66000,387130000C,(04)23274275,(04)23288582,2023,8,15,18,54,臺中市,西屯區,0,2,0,7,1,6,40,13,12,1,5,4,6,6,4,4,9,5,4,2,12,85,2,7,1,1,C03,7,9,1,10,2,12,,85,85,1,13,4,C03,120.62685,24.184477,2