序號,縣市別代碼,機關代碼,市話,傳真,年,月,日,時,分,縣市,區,死亡數量,受傷數量,2-30,天候,光線,道路類別,速限,道路型態,事故位置,路面鋪裝,路面狀態,路面缺陷,障礙物,視距,號誌種類,號誌動作,分向設施,快車道或一般車道間,快慢車道間,路面邊線,事故類型及型態,主要肇因,受傷程度,主要傷處,保護裝備,行動電話,當事者區分(類別),車輛用途,當事者行動狀態,駕駛資格情形,駕駛執照種類,飲酒情形,車輛撞擊部位最初,車輛撞擊部位其他,肇事因素個別,肇事因素主要,肇事逃逸,職業,旅次目的,車種,GPS座標X,GPS座標Y,事故類別
5818,66000,387130000C,(04)23274275,(04)23288582,2023,8,15,18,56,臺中市,太平區,0,1,0,7,1,6,50,3,1,1,5,4,6,6,4,4,5,5,5,2,18,84,2,9,1,1,C03,7,9,1,10,2,14,,84,84,1,12,4,C03,120.726929,24.154056,2
5819,66000,387130000C,(04)23274275,(04)23288582,2023,8,15,18,58,臺中市,北屯區,0,0,0,7,,,80,,,,,,,,,,,,,,,59,,,,,B03,,,1,,1,,,59,,1,12,4,B03,120.720716,24.169109,3
5820,66000,387130000C,(04)23274275,(04)23288582,2023,8,15,18,58,臺中市,西屯區,0,0,0,7,,,50,,,,,,,,,,,,,,,59,,,,,B03,,,1,,1,,,59,,1,12,4,B03,120.649939,24.163302,3
5821,66000,387130000C,(04)23274275,(04)23288582,2023,8,15,18,59,臺中市,西屯區,0,0,0,7,,,40,,,,,,,,,,,,,,,14,,,,,B03,,,1,,1,,,14,,1,13,4,B03,120.658608,24.163557,3
5822,66000,387130000C,(04)23274275,(04)23288582,2023,8,15,19,0,臺中市,太平區,0,2,0,7,1,6,50,4,1,1,5,4,6,6,3,1,10,5,5,2,16,34,2,9,1,1,C03,7,4,1,10,2,12,,34,34,1,5,4,C03,120.72763,24.150005,2
5823,66000,387130000C,(04)23274275,(04)23288582,2023,8,15,19,0,臺中市,沙鹿區,0,0,0,7,1,6,60,10,7,1,5,4,6,6,1,1,2,3,1,1,13,7,,,,,B02,,,1,,2,,,7,,1,12,4,B02,120.555198,24.213275,3
5824,66000,387130000C,(04)23274275,(04)23288582,2023,8,15,19,1,臺中市,西區,0,0,0,7,,,50,,,,,,,,,,,,,,,84,,,,,B13,,,1,,1,,,84,,1,6,4,B13,120.661687,24.146708,3
5825,66000,387130000C,(04)23274275,(04)23288582,2023,8,15,19,1,臺中市,北屯區,0,1,0,7,2,6,50,3,1,1,5,4,6,6,4,4,10,5,5,2,16,65,3,10,3,1,B03,7,3,1,8,2,5,,65,65,1,12,4,B03,120.741096,24.179771,2
5826,66000,387130000C,(04)23274275,(04)23288582,2023,8,15,19,3,臺中市,南屯區,0,0,0,7,,,50,,,,,,,,,,,,,,,85,,,,,B03,,,1,,2,,,85,,1,12,4,B03,120.646536,24.134684,3
5827,66000,387130000C,(04)23274275,(04)23288582,2023,8,15,19,3,臺中市,清水區,0,1,0,7,1,6,50,13,8,1,5,4,6,6,4,4,1,4,4,2,13,59,3,10,2,1,C03,7,9,1,10,2,11,,59,59,1,6,4,C03,120.578232,24.27686,2
5828,66000,387130000C,(04)23274275,(04)23288582,2023,8,15,19,9,臺中市,南區,0,0,0,7,1,6,50,4,7,1,5,4,6,6,1,1,3,2,4,2,13,84,3,10,3,1,B12,7,15,1,8,2,1,,84,84,1,12,4,B12,120.665791,24.123484,3
5829,66000,387130000C,(04)23274275,(04)23288582,2023,8,15,19,10,臺中市,沙鹿區,0,0,0,7,,,40,,,,,,,,,,,,,,,59,,,,,C03,,,1,,2,,,59,,1,6,4,C03,120.568546,24.223349,3
5830,66000,387130000C,(04)23274275,(04)23288582,2023,8,15,19,10,臺中市,豐原區,0,2,0,7,1,6,50,3,1,1,5,4,6,6,2,1,10,5,5,2,16,47,3,10,5,4,B03,7,5,1,8,2,5,,47,47,1,12,4,B03,120.728309,24.244569,2
5831,66000,387130000C,(04)23274275,(04)23288582,2023,8,15,19,16,臺中市,大里區,0,1,0,7,1,6,40,13,9,1,5,4,6,6,4,4,5,5,5,1,12,34,3,10,3,1,B12,7,4,1,8,9,2,,34,34,2,13,4,B12,120.695728,24.077689,2
5832,66000,387130000C,(04)23274275,(04)23288582,2023,8,15,19,17,臺中市,西屯區,0,0,0,7,,,50,,,,,,,,,,,,,,,26,,,,,B02,,,1,,1,,,26,26,1,13,4,B02,120.65651,24.200618,3
5833,66000,387130000C,(04)23274275,(04)23288582,2023,8,15,19,20,臺中市,南區,0,0,0,7,,,50,,,,,,,,,,,,,,,7,,,,,B03,,,1,,2,,,7,,1,12,4,B03,120.676765,24.131214,3
5834,66000,387130000C,(04)23274275,(04)23288582,2023,8,15,19,20,臺中市,清水區,0,0,0,7,,,60,,,,,,,,,,,,,,,40,,,,,A31,,,1,,2,,,40,,1,12,4,A31,120.570246,24.268721,3
5835,66000,387130000C,(04)23274275,(04)23288582,2023,8,15,19,21,臺中市,南屯區,0,0,0,7,,,60,,,,,,,,,,,,,,12,40,,,,,B03,,,1,,1,,,40,,1,6,4,B03,120.623497,24.149515,3
5836,66000,387130000C,(04)23274275,(04)23288582,2023,8,15,19,23,臺中市,烏日區,0,1,0,7,1,6,30,13,9,1,5,4,6,6,4,4,10,5,5,1,18,59,2,9,2,1,C03,7,9,1,10,2,12,,59,59,1,6,4,C03,120.633308,24.071854,2
5837,66000,387130000C,(04)23274275,(04)23288582,2023,8,15,19,25,臺中市,西屯區,0,0,0,7,,,50,,,,,,,,,,,,,,13,7,,,,,B03,,,1,,2,,,7,,1,13,4,B03,120.647353,24.159815,3
5838,66000,387130000C,(04)23274275,(04)23288582,2023,8,15,19,26,臺中市,霧峰區,0,0,0,7,3,6,30,13,9,1,5,4,6,6,4,4,10,5,5,2,16,8,3,10,5,4,B12,7,9,5,8,8,4,,8,8,1,6,4,B12,120.722983,24.076508,3
5839,66000,387130000C,(04)23274275,(04)23288582,2023,8,15,19,26,臺中市,太平區,0,0,0,7,,,50,,,,,,,,,,,,,,,14,,,,,B03,,,1,,2,,,14,,1,12,4,B03,120.715963,24.136885,3
5840,66000,387130000C,(04)23274275,(04)23288582,2023,8,15,19,28,臺中市,太平區,0,1,0,7,1,6,50,4,1,1,5,4,6,6,1,1,10,5,5,2,3,59,3,10,3,1,B12,7,6,1,8,2,1,,59,59,1,13,4,B12,120.710896,24.151066,2
5841,66000,387130000C,(04)23274275,(04)23288582,2023,8,15,19,29,臺中市,北區,0,1,0,7,1,6,50,3,2,1,5,4,6,6,4,4,5,5,5,2,17,14,3,10,1,1,C03,7,6,1,9,2,16,,14,14,1,12,4,C03,120.675446,24.152519,2
5842,66000,387130000C,(04)23274275,(04)23288582,2023,8,15,19,29,臺中市,北區,0,1,0,6,3,6,50,4,2,1,5,4,6,6,4,4,10,5,5,2,11,84,3,10,5,4,B03,7,6,1,8,2,1,,84,84,1,13,4,B03,120.686823,24.154231,2
5843,66000,387130000C,(04)23274275,(04)23288582,2023,8,15,19,32,臺中市,南屯區,0,1,0,7,1,6,50,4,19,1,5,4,6,6,1,1,3,2,5,2,9,84,3,10,5,4,B03,7,6,1,8,2,16,,84,84,1,13,4,B03,120.647044,24.143771,2
5844,66000,387130000C,(04)23274275,(04)23288582,2023,8,15,19,33,臺中市,大里區,0,1,0,7,1,6,50,3,1,1,5,4,6,6,1,1,10,5,5,1,16,25,3,10,3,1,B03,7,6,1,8,2,2,,25,25,1,12,4,B03,120.689736,24.114217,2
5845,66000,387130000C,(04)23274275,(04)23288582,2023,8,15,19,36,臺中市,西區,0,0,0,7,,,30,,,,,,,,,,,,,,17,84,,,,,B03,,,1,,2,,,84,,1,12,4,B03,120.655746,24.153211,3
5846,66000,387130000C,(04)23274275,(04)23288582,2023,8,15,19,42,臺中市,神岡區,0,0,0,7,,,1,,,,,,,,,,,,,,9,51,,,,,C03,,,1,,2,,,51,,1,12,4,C03,120.702072,24.262518,3
5847,66000,387130000C,(04)23274275,(04)23288582,2023,8,15,19,43,臺中市,北區,0,1,0,7,1,6,50,4,2,1,5,4,6,6,1,1,10,5,5,2,17,76,3,10,3,1,B03,7,13,1,8,2,4,,76,76,1,12,4,B03,120.677536,24.150592,2
5848,66000,387130000C,(04)23274275,(04)23288582,2023,8,15,19,46,臺中市,中區,0,1,0,7,1,6,50,4,1,1,5,4,6,6,2,1,10,5,5,2,15,21,3,10,3,1,B03,7,9,1,4,2,1,,21,21,1,13,4,B03,120.683277,24.137817,2
5849,66000,387130000C,(04)23274275,(04)23288582,2023,8,15,19,46,臺中市,太平區,0,1,0,7,1,6,50,4,1,1,5,4,6,6,1,1,10,5,5,2,18,59,2,9,1,1,C03,7,9,1,10,2,14,,59,59,1,12,4,C03,120.703152,24.153435,2
5850,66000,387130000C,(04)23274275,(04)23288582,2023,8,15,19,54,臺中市,南區,0,0,0,7,,,50,,,,,,,,,,,,,,,7,,,,,C03,,,1,,2,,,7,,1,6,4,C03,120.661701,24.121738,3
5851,66000,387130000C,(04)23274275,(04)23288582,2023,8,15,19,59,臺中市,北屯區,0,1,0,7,1,6,50,13,8,1,5,4,6,6,4,4,5,5,4,2,17,84,2,9,1,1,C03,7,9,1,10,2,12,,84,84,1,12,4,C03,120.681051,24.191572,2
5852,66000,387130000C,(04)23274275,(04)23288582,2023,8,15,20,5,臺中市,霧峰區,0,0,0,7,,,60,,,,,,,,,,,,,,16,11,,,,,B03,,,1,,2,,,11,,1,13,4,B03,120.696627,24.070157,3
5853,66000,387130000C,(04)23274275,(04)23288582,2023,8,15,20,12,臺中市,梧棲區,0,2,0,7,1,6,40,13,8,1,5,4,6,6,4,4,1,4,1,1,13,72,3,10,4,1,A12,7,13,1,7,2,7,,72,72,1,6,4,A12,120.54373,24.247451,2
5854,66000,387130000C,(04)23274275,(04)23288582,2023,8,15,20,20,臺中市,北屯區,0,0,0,7,,,50,,,,,,,,,,,,,,14,49,,,,,B03,,,1,,1,,,49,,1,12,4,B03,120.6809,24.171246,4
5855,66000,387130000C,(04)23274275,(04)23288582,2023,8,15,20,21,臺中市,西屯區,0,1,0,7,1,6,50,4,1,1,5,4,6,6,1,1,10,5,5,2,13,59,3,10,5,4,B03,7,9,1,8,2,1,,59,59,1,13,4,B03,120.643194,24.195986,2
5856,66000,387130000C,(04)23274275,(04)23288582,2023,8,15,20,23,臺中市,北區,0,1,0,7,1,6,50,4,1,1,5,4,6,6,2,1,10,5,5,2,13,56,3,10,3,1,B12,7,9,1,8,2,1,,56,56,1,13,4,B12,120.686222,24.166077,2
5857,66000,387130000C,(04)23274275,(04)23288582,2023,8,15,20,27,臺中市,北屯區,0,0,0,7,,,50,,,,,,,,,,,,,,,84,,,,,B03,,,1,,2,,,84,,1,12,4,B03,120.746468,24.191499,3
5858,66000,387130000C,(04)23274275,(04)23288582,2023,8,15,20,28,臺中市,西屯區,0,1,0,7,1,6,30,4,1,1,5,4,6,6,1,1,10,5,5,2,3,10,3,10,3,1,B03,7,6,1,8,2,1,,10,10,1,12,4,B03,120.649938,24.172287,2
5859,66000,387130000C,(04)23274275,(04)23288582,2023,8,15,20,29,臺中市,烏日區,0,1,0,7,1,6,50,13,7,1,5,4,6,6,4,4,5,4,4,2,17,50,3,10,3,1,B03,7,3,1,8,2,8,,50,50,1,6,4,B03,120.647484,24.096163,2
5860,66000,387130000C,(04)23274275,(04)23288582,2023,8,15,20,30,臺中市,大雅區,0,0,0,7,,,50,,,,,,,,,,,,,,13,7,,,,,B03,,,1,,2,,,7,,1,13,4,B03,120.645537,24.225221,3
5861,66000,387130000C,(04)23274275,(04)23288582,2023,8,15,20,35,臺中市,大里區,0,0,0,7,,,60,,,,,,,,,,,,,,12,2,,,,,B12,,,1,,2,,,2,,1,6,4,B12,120.670831,24.102988,3
5862,66000,387130000C,(04)23274275,(04)23288582,2023,8,15,20,49,臺中市,西屯區,0,0,0,7,,,50,,,,,,,,,,,,,,9,50,,,,,C03,,,1,,2,,,50,,1,13,4,C03,120.643691,24.176124,3
5863,66000,387130000C,(04)23274275,(04)23288582,2023,8,15,20,49,臺中市,豐原區,0,3,0,7,1,6,40,3,1,1,5,4,6,6,4,4,5,5,3,2,12,51,2,9,1,1,C03,7,1,1,10,2,14,,51,51,1,13,4,C03,120.713822,24.251152,2
5864,66000,387130000C,(04)23274275,(04)23288582,2023,8,15,20,51,臺中市,烏日區,0,0,0,7,,,50,,,,,,,,,,,,,,9,48,,,,,B03,,,1,,2,,,48,,1,6,4,B03,120.616844,24.116186,3
5865,66000,387130000C,(04)23274275,(04)23288582,2023,8,15,20,55,臺中市,西屯區,0,0,0,7,,,50,,,,,,,,,,,,,,,7,,,,,B03,,,1,,1,,,7,,1,13,4,B03,120.641381,24.162412,3
5866,66000,387130000C,(04)23274275,(04)23288582,2023,8,15,21,2,臺中市,北區,0,1,0,7,1,6,40,3,9,1,5,4,6,6,4,4,1,4,4,2,20,29,3,10,1,1,C03,7,9,1,10,2,16,,29,29,1,12,4,C03,120.694303,24.160454,2
5867,66000,387130000C,(04)23274275,(04)23288582,2023,8,15,21,5,臺中市,西屯區,0,2,0,7,2,6,50,13,9,1,5,4,6,6,4,4,5,4,4,2,16,45,3,10,3,1,B03,7,11,1,8,2,8,,45,45,1,13,4,B03,120.641506,24.168138,2
5868,66000,387130000C,(04)23274275,(04)23288582,2023,8,15,21,6,臺中市,北區,0,0,0,6,,,50,,,,,,,,,,,,,,,59,,,,,C03,,,1,,1,,,59,,1,13,4,C03,120.670502,24.161617,3
5869,66000,387130000C,(04)23274275,(04)23288582,2023,8,15,21,8,臺中市,太平區,0,0,0,7,,,50,,,,,,,,,,,,,,,119,,,,,,,,,,,,,119,,1,,,,120.720412,24.157604,3
5870,66000,387130000C,(04)23274275,(04)23288582,2023,8,15,21,14,臺中市,西屯區,0,1,0,7,1,6,50,4,1,1,5,4,6,6,1,1,10,5,5,2,17,11,3,10,5,4,B03,7,5,1,8,2,2,,11,11,1,13,4,B03,120.641018,24.167806,2
5871,66000,387130000C,(04)23274275,(04)23288582,2023,8,15,21,23,臺中市,西屯區,0,0,0,7,,,40,,,,,,,,,,,,,,,49,,,,,C03,,,1,,1,,,49,,1,12,4,C03,120.659637,24.165363,3
5872,66000,387130000C,(04)23274275,(04)23288582,2023,8,15,21,29,臺中市,沙鹿區,0,2,0,7,1,6,50,4,1,1,5,4,6,6,4,4,10,5,5,2,13,7,2,8,2,1,C03,7,6,1,10,2,12,,7,7,1,5,4,C03,120.556567,24.23243,2
5873,66000,387130000C,(04)23274275,(04)23288582,2023,8,15,21,30,臺中市,南屯區,0,0,0,7,,,50,,,,,,,,,,,,,,14,84,,,,,B03,,,1,,2,,,84,,1,6,4,B03,120.630714,24.144828,3
5874,66000,387130000C,(04)23274275,(04)23288582,2023,8,15,21,55,臺中市,北區,0,1,0,7,1,6,50,3,19,1,5,4,6,6,4,4,10,5,5,2,3,10,3,10,1,1,C02,7,9,3,19,2,12,,10,10,1,12,4,C02,120.698595,24.157441,2
5875,66000,387130000C,(04)23274275,(04)23288582,2023,8,15,21,59,臺中市,南區,0,1,0,7,1,6,50,4,1,1,5,4,6,6,2,1,5,2,4,2,30,85,2,9,1,1,C03,7,6,1,10,2,14,,85,85,1,12,4,C03,120.666828,24.122352,2
5876,66000,387130000C,(04)23274275,(04)23288582,2023,8,15,22,13,臺中市,南屯區,0,2,0,7,2,6,50,4,2,1,5,4,6,6,2,1,1,4,5,2,16,11,3,10,3,1,B02,7,5,1,8,2,2,,11,11,1,13,4,B02,120.646857,24.155511,2
5877,66000,387130000C,(04)23274275,(04)23288582,2023,8,15,22,18,臺中市,西區,0,2,0,7,1,6,50,4,1,1,5,4,6,6,2,1,10,5,5,2,17,40,2,9,1,1,C03,7,9,1,10,2,11,,87,40,1,12,4,C03,120.661725,24.144333,2
5878,66000,387130000C,(04)23274275,(04)23288582,2023,8,15,22,27,臺中市,西區,0,1,0,7,1,6,50,4,1,1,5,4,6,6,1,1,5,5,5,2,16,23,3,10,5,4,B03,7,6,1,8,2,1,,23,23,1,12,4,B03,120.661659,24.137967,2
5879,66000,387130000C,(04)23274275,(04)23288582,2023,8,15,22,49,臺中市,太平區,0,1,0,7,1,6,50,3,1,1,5,4,6,6,1,1,10,5,5,2,16,84,2,9,2,1,C03,7,9,1,10,2,14,,84,84,1,12,4,C03,120.722438,24.149329,2
5880,66000,387130000C,(04)23274275,(04)23288582,2023,8,15,22,50,臺中市,西區,0,1,0,6,1,6,50,4,1,1,5,4,6,6,1,1,10,5,5,2,17,36,3,10,5,4,C03,7,6,1,10,2,12,,36,36,1,12,4,C03,120.665275,24.147883,2
5881,66000,387130000C,(04)23274275,(04)23288582,2023,8,15,22,50,臺中市,西屯區,0,1,0,7,1,6,50,13,7,1,5,4,6,6,1,1,5,5,4,2,17,85,2,9,5,4,C03,7,9,1,10,2,14,,85,85,1,13,4,C03,120.663974,24.166313,2
5882,66000,387130000C,(04)23274275,(04)23288582,2023,8,15,23,5,臺中市,太平區,0,1,0,7,1,6,50,3,1,1,5,4,6,6,4,4,5,5,5,2,17,84,2,9,1,1,C03,7,9,1,9,2,11,12,84,84,1,12,4,C03,120.717131,24.148142,2
5883,66000,387130000C,(04)23274275,(04)23288582,2023,8,16,0,6,臺中市,大里區,0,1,0,7,1,6,30,3,1,1,5,4,6,6,4,4,9,5,5,1,16,12,3,10,2,1,C03,7,6,1,10,2,11,,12,12,1,12,4,C03,120.695602,24.091004,2
5884,66000,387130000C,(04)23274275,(04)23288582,2023,8,16,0,6,臺中市,烏日區,0,1,0,7,1,6,30,13,9,1,5,4,6,6,4,4,10,5,5,2,28,87,2,9,1,1,F01,7,9,7,21,2,11,,87,87,1,12,1,F01,120.61174,24.117125,2
5885,66000,387130000C,(04)23274275,(04)23288582,2023,8,16,0,24,臺中市,大雅區,0,1,0,7,3,6,50,4,1,1,5,4,6,6,1,1,3,4,4,2,23,8,2,9,3,1,B03,7,6,1,8,2,4,,8,8,1,13,4,B03,120.656432,24.220792,2
5886,66000,387130000C,(04)23274275,(04)23288582,2023,8,16,1,4,臺中市,北屯區,0,0,0,7,,,50,,,,,,,,,,,,,,,7,,,,,B03,,,1,,1,,,7,7,1,13,4,B03,120.668253,24.174418,3
5887,66000,387130000C,(04)23274275,(04)23288582,2023,8,16,1,6,臺中市,北區,0,0,0,7,,,50,,,,,,,,,,,,,,14,49,,,,,B03,,,1,,1,,,49,,1,13,4,B03,120.677303,24.151254,3
5888,66000,387130000C,(04)23274275,(04)23288582,2023,8,16,1,10,臺中市,大雅區,0,1,0,7,1,6,50,13,9,1,5,4,6,6,4,4,1,4,4,2,28,119,,,,,,,,,,,,,119,119,1,,,,120.65843,24.220071,2
5889,66000,387130000C,(04)23274275,(04)23288582,2023,8,16,1,23,臺中市,西屯區,0,1,0,7,1,6,50,3,1,1,5,4,6,6,4,4,10,5,5,2,17,48,3,10,3,1,B01,7,6,1,4,2,3,,48,48,1,13,4,B01,120.646449,24.175165,2
5890,66000,387130000C,(04)23274275,(04)23288582,2023,8,16,1,28,臺中市,南屯區,0,0,0,7,,,50,,,,,,,,,,,,,,,7,,,,,B12,,,1,,2,,,7,,1,13,4,B12,120.652953,24.134927,3
5891,66000,387130000C,(04)23274275,(04)23288582,2023,8,16,5,9,臺中市,南屯區,0,1,0,7,2,6,50,13,7,1,5,4,6,6,4,4,5,4,4,2,13,84,2,9,2,1,C03,7,9,1,10,2,11,,87,84,1,13,4,C03,120.617043,24.157936,2
5892,66000,387130000C,(04)23274275,(04)23288582,2023,8,16,5,13,臺中市,大雅區,0,0,0,7,,,50,,,,,,,,,,,,,,,54,,,,,B03,,,1,,2,,,54,,1,13,4,B03,120.652196,24.227169,3
5893,66000,387130000C,(04)23274275,(04)23288582,2023,8,16,5,31,臺中市,龍井區,0,1,0,6,1,6,50,5,1,1,5,4,6,6,3,1,9,5,5,2,16,2,2,9,1,1,C03,7,6,1,10,2,11,,2,2,1,12,4,C03,120.574384,24.195924,2
5894,66000,387130000C,(04)23274275,(04)23288582,2023,8,16,5,55,臺中市,大甲區,0,2,0,7,2,6,50,4,1,1,5,4,6,6,3,1,10,5,5,2,15,24,2,9,2,1,C03,7,9,1,9,2,11,,24,24,1,6,4,C03,120.625369,24.345957,2
5895,66000,387130000C,(04)23274275,(04)23288582,2023,8,16,6,17,臺中市,潭子區,0,1,0,6,2,6,50,4,2,1,5,4,6,6,1,1,5,5,5,1,17,48,3,10,3,1,B03,7,6,1,8,2,8,,48,48,1,13,4,B03,120.687519,24.225682,2
5896,66000,387130000C,(04)23274275,(04)23288582,2023,8,16,6,31,臺中市,大里區,0,2,0,6,3,6,50,4,1,1,5,4,6,6,1,1,10,5,5,2,15,21,2,9,1,1,C03,7,9,2,19,2,14,,21,21,1,13,4,C03,120.676453,24.112061,2
5897,66000,387130000C,(04)23274275,(04)23288582,2023,8,16,6,46,臺中市,龍井區,0,0,0,6,,,30,,,,,,,,,,,,,,,49,,,,,B03,,,1,,9,,,49,49,1,13,4,B03,120.586401,24.180814,3
5898,66000,387130000C,(04)23274275,(04)23288582,2023,8,16,6,56,臺中市,太平區,0,2,0,6,3,6,50,4,1,1,5,4,6,6,1,1,10,5,5,2,16,48,2,9,1,1,C03,7,6,1,10,2,14,,48,48,1,6,4,C03,120.714366,24.137841,2
5899,66000,387130000C,(04)23274275,(04)23288582,2023,8,16,6,59,臺中市,豐原區,0,0,0,7,,,50,,,,,,,,,,,,,,13,7,,,,,B12,,,1,,2,,,7,,1,13,4,B12,120.741359,24.255837,3
5900,66000,387130000C,(04)23274275,(04)23288582,2023,8,16,7,0,臺中市,豐原區,0,1,0,6,2,6,50,13,7,1,4,4,6,6,4,4,7,4,5,1,16,26,3,10,1,1,C03,7,9,1,10,2,11,,26,26,1,13,4,C03,120.718441,24.243407,2
5901,66000,387130000C,(04)23274275,(04)23288582,2023,8,16,7,5,臺中市,南屯區,0,1,0,5,2,6,50,3,1,1,4,4,6,6,1,1,10,5,5,2,17,20,2,9,1,1,C03,7,9,1,10,2,12,,84,20,1,12,4,C03,120.623888,24.152242,2
5902,66000,387130000C,(04)23274275,(04)23288582,2023,8,16,7,10,臺中市,大肚區,0,2,0,5,2,6,50,3,1,1,4,4,6,6,4,4,10,5,5,2,16,14,2,9,1,1,C03,7,6,1,10,2,12,,14,14,1,12,4,C03,120.54394,24.158997,2
5903,66000,387130000C,(04)23274275,(04)23288582,2023,8,16,7,11,臺中市,清水區,0,0,0,5,,,50,,,,,,,,,,,,,,,14,,,,,B03,,,1,,2,,,14,,1,12,4,B03,120.565164,24.292015,3
5904,66000,387130000C,(04)23274275,(04)23288582,2023,8,16,7,16,臺中市,西屯區,0,0,0,5,,,50,,,,,,,,,,,,,,,40,,,,,B03,,,1,,1,,,40,40,1,13,4,B03,120.6061,24.192723,3
5905,66000,387130000C,(04)23274275,(04)23288582,2023,8,16,7,16,臺中市,龍井區,0,0,0,5,,,50,,,,,,,,,,,,,,14,49,,,,,B03,,,1,,2,,,49,49,1,13,4,B03,120.530213,24.189238,3
5906,66000,387130000C,(04)23274275,(04)23288582,2023,8,16,7,19,臺中市,梧棲區,0,2,0,5,3,6,30,4,1,1,4,4,6,6,3,1,10,5,5,2,15,15,2,2,1,1,C03,7,9,1,10,2,11,,15,15,1,6,4,C03,120.528814,24.222648,2
5907,66000,387130000C,(04)23274275,(04)23288582,2023,8,16,7,22,臺中市,南屯區,0,0,0,5,,,40,,,,,,,,,,,,,,12,40,,,,,C02,,,1,,1,,,40,,1,13,4,C02,120.608345,24.151274,3
5908,66000,387130000C,(04)23274275,(04)23288582,2023,8,16,7,22,臺中市,大甲區,0,1,0,5,2,6,40,4,1,1,4,4,6,6,1,1,10,5,5,2,18,59,2,7,1,1,C03,7,9,1,10,2,14,,59,59,1,6,4,C03,120.6414,24.403068,2
5909,66000,387130000C,(04)23274275,(04)23288582,2023,8,16,7,25,臺中市,烏日區,0,1,0,5,3,6,30,13,9,1,4,4,6,6,4,4,10,5,5,2,18,43,2,9,1,1,C03,7,9,1,10,2,12,,43,43,1,12,4,C03,120.643156,24.095063,2
5910,66000,387130000C,(04)23274275,(04)23288582,2023,8,16,7,27,臺中市,石岡區,0,1,0,6,3,6,40,13,12,1,5,4,6,6,4,4,1,4,4,1,16,4,3,10,3,1,B03,7,11,1,8,2,2,,4,4,1,12,4,B03,120.772176,24.275178,2
5911,66000,387130000C,(04)23274275,(04)23288582,2023,8,16,7,31,臺中市,北區,0,0,0,5,,,50,,,,,,,,,,,,,,13,7,,,,,B03,,,1,,1,,,7,,1,12,4,B03,120.683471,24.153592,3
5912,66000,387130000C,(04)23274275,(04)23288582,2023,8,16,7,32,臺中市,北屯區,0,0,0,5,,,50,,,,,,,,,,,,,,12,42,,,,,A31,,,1,1,1,,,42,42,1,12,4,A31,120.719475,24.163003,3
5913,66000,387130000C,(04)23274275,(04)23288582,2023,8,16,7,32,臺中市,北屯區,0,0,0,5,,,50,,,,,,,,,,,,,,13,84,,,,,B03,,,1,,1,,,84,84,1,12,4,B03,120.688,24.172061,3
5914,66000,387130000C,(04)23274275,(04)23288582,2023,8,16,7,32,臺中市,后里區,0,1,0,5,2,6,50,4,1,1,4,4,6,1,3,1,10,5,5,1,16,11,3,10,3,1,B03,7,6,5,19,3,8,,11,11,1,12,4,B03,120.739059,24.324355,2
5915,66000,387130000C,(04)23274275,(04)23288582,2023,8,16,7,35,臺中市,南區,0,1,0,5,3,6,50,13,7,1,4,4,6,6,4,4,1,4,5,2,30,84,2,9,1,1,C03,7,9,1,10,2,12,,84,84,1,12,4,C03,120.650118,24.120638,2
5916,66000,387130000C,(04)23274275,(04)23288582,2023,8,16,7,36,臺中市,豐原區,0,2,0,5,2,6,50,4,1,1,4,4,6,6,1,1,1,3,5,2,15,21,2,9,1,1,C03,7,9,1,10,2,14,,21,21,1,6,4,C03,120.736478,24.272656,2
5917,66000,387130000C,(04)23274275,(04)23288582,2023,8,16,7,37,臺中市,北屯區,0,1,0,5,2,6,50,13,7,1,4,4,6,6,4,4,9,5,4,2,17,59,2,9,6,1,F01,7,9,7,21,2,11,,59,59,1,13,4,F01,120.692865,24.180022,2
5918,66000,387130000C,(04)23274275,(04)23288582,2023,8,16,7,40,臺中市,西屯區,0,0,0,7,,,40,,,,,,,,,,,,,,,59,,,,,C03,,,1,,1,,,59,,1,12,4,C03,120.637238,24.173594,3
5919,66000,387130000C,(04)23274275,(04)23288582,2023,8,16,7,40,臺中市,大肚區,0,2,0,5,2,6,30,4,1,1,4,4,6,6,3,1,10,5,5,2,15,24,2,9,1,1,C03,7,9,1,10,2,12,,24,24,1,12,4,C03,120.545325,24.148978,2
5920,66000,387130000C,(04)23274275,(04)23288582,2023,8,16,7,40,臺中市,沙鹿區,0,1,0,5,2,6,50,4,1,1,4,4,6,6,4,4,10,5,5,2,15,15,2,9,2,1,C03,7,9,1,10,2,12,,15,15,1,13,4,C03,120.563718,24.207691,2
5921,66000,387130000C,(04)23274275,(04)23288582,2023,8,16,7,42,臺中市,烏日區,0,0,0,5,,,30,,,,,,,,,,,,,,,49,,,,,B03,,,1,,2,,,49,,1,12,4,B03,120.61077,24.117446,3
5922,66000,387130000C,(04)23274275,(04)23288582,2023,8,16,7,42,臺中市,東勢區,0,1,0,5,3,6,50,5,1,1,4,4,6,6,1,1,10,5,5,2,18,59,2,9,2,1,C03,7,9,2,19,2,14,,59,59,1,12,4,C03,120.811738,24.3039,2
5923,66000,387130000C,(04)23274275,(04)23288582,2023,8,16,7,43,臺中市,潭子區,0,0,0,5,,,50,,,,,,,,,,,,,,2,8,,,,,C04,,,3,,9,,,8,,1,13,4,C04,120.712918,24.222809,3