序號,縣市別代碼,機關代碼,市話,傳真,年,月,日,時,分,縣市,區,死亡數量,受傷數量,2-30,天候,光線,道路類別,速限,道路型態,事故位置,路面鋪裝,路面狀態,路面缺陷,障礙物,視距,號誌種類,號誌動作,分向設施,快車道或一般車道間,快慢車道間,路面邊線,事故類型及型態,主要肇因,受傷程度,主要傷處,保護裝備,行動電話,當事者區分(類別),車輛用途,當事者行動狀態,駕駛資格情形,駕駛執照種類,飲酒情形,車輛撞擊部位最初,車輛撞擊部位其他,肇事因素個別,肇事因素主要,肇事逃逸,職業,旅次目的,車種,GPS座標X,GPS座標Y,事故類別
5924,66000,387130000C,(04)23274275,(04)23288582,2023,8,16,7,43,臺中市,神岡區,0,0,0,5,,,30,,,,,,,,,,,,,,,49,,,,,B03,,,1,,1,,,49,,1,13,4,B03,120.695067,24.248658,3
5925,66000,387130000C,(04)23274275,(04)23288582,2023,8,16,7,45,臺中市,潭子區,0,2,0,5,2,6,50,13,7,1,4,4,6,6,4,4,4,5,4,2,12,40,2,9,2,1,C03,7,8,1,10,2,12,,40,40,1,13,4,C03,120.710147,24.229791,2
5926,66000,387130000C,(04)23274275,(04)23288582,2023,8,16,7,45,臺中市,南屯區,0,1,0,5,2,6,50,13,9,1,4,4,6,6,1,1,9,5,5,2,17,88,2,7,1,1,C03,7,9,1,10,2,11,,88,88,1,13,4,C03,120.642251,24.140935,2
5927,66000,387130000C,(04)23274275,(04)23288582,2023,8,16,7,45,臺中市,西屯區,0,0,0,5,,,80,,,,,,,,,,,,,,,84,,,,,B03,,,1,,2,,,84,,1,13,4,B03,120.63436,24.175548,3
5928,66000,387130000C,(04)23274275,(04)23288582,2023,8,16,7,45,臺中市,豐原區,0,1,0,5,2,6,50,4,1,1,4,4,6,6,1,1,10,5,5,2,16,11,3,10,1,1,F03,7,6,7,21,2,13,,11,11,1,13,4,F03,120.722306,24.254021,2
5929,66000,387130000C,(04)23274275,(04)23288582,2023,8,16,7,46,臺中市,太平區,0,2,0,5,2,6,50,3,2,1,4,4,6,6,1,1,4,5,4,1,13,7,2,5,1,1,C03,7,9,1,10,2,11,,7,7,1,6,4,C03,120.728955,24.104338,2
5930,66000,387130000C,(04)23274275,(04)23288582,2023,8,16,7,46,臺中市,石岡區,0,1,0,5,3,6,70,4,2,1,4,4,6,6,1,1,1,4,4,1,13,7,3,10,3,1,B12,7,12,1,3,2,1,,7,7,1,12,4,B12,120.773924,24.27487,2
5931,66000,387130000C,(04)23274275,(04)23288582,2023,8,16,7,48,臺中市,后里區,0,1,0,5,2,6,50,4,2,1,4,4,6,6,1,1,10,5,5,2,16,48,3,10,3,1,B03,7,6,1,8,2,5,,48,48,1,6,4,B03,120.718552,24.320357,2
5932,66000,387130000C,(04)23274275,(04)23288582,2023,8,16,7,49,臺中市,太平區,0,1,0,5,3,6,50,3,1,1,4,4,6,6,4,4,5,5,5,1,16,20,2,9,2,1,C03,7,9,1,10,2,12,,20,20,1,12,4,C03,120.717918,24.1288,2
5933,66000,387130000C,(04)23274275,(04)23288582,2023,8,16,7,50,臺中市,大里區,0,1,0,6,3,6,50,3,1,1,5,4,6,6,3,1,9,4,5,1,17,24,3,10,3,1,B03,7,6,1,8,2,1,,24,24,1,6,4,B03,120.729493,24.092427,2
5934,66000,387130000C,(04)23274275,(04)23288582,2023,8,16,7,50,臺中市,梧棲區,0,0,0,7,,,40,,,,,,,,,,,,,,13,7,,,,,B03,,,1,,9,,,7,,1,6,4,B03,120.515,24.226314,3
5935,66000,387130000C,(04)23274275,(04)23288582,2023,8,16,7,51,臺中市,神岡區,0,1,0,5,3,6,50,18,9,1,3,4,6,6,4,4,1,4,5,2,17,47,2,8,1,1,C03,7,5,1,10,2,12,,47,47,1,13,4,C03,120.706839,24.275969,2
5936,66000,387130000C,(04)23274275,(04)23288582,2023,8,16,7,52,臺中市,石岡區,0,0,0,5,,,70,,,,,,,,,,,,,,13,59,,,,,B03,,,1,,2,,,59,,1,12,4,B03,120.777974,24.274294,3
5937,66000,387130000C,(04)23274275,(04)23288582,2023,8,16,7,52,臺中市,神岡區,0,0,0,5,,,50,,,,,,,,,,,,,,,51,,,,,B01,,,1,,2,,,51,,1,12,4,B01,120.690746,24.247732,3
5938,66000,387130000C,(04)23274275,(04)23288582,2023,8,16,7,53,臺中市,太平區,0,3,0,5,3,6,50,4,1,1,4,4,6,6,1,1,10,5,5,2,16,20,2,9,1,1,C03,7,6,1,10,2,11,,20,20,1,6,4,C03,120.716206,24.105861,2
5939,66000,387130000C,(04)23274275,(04)23288582,2023,8,16,7,55,臺中市,大雅區,0,0,0,5,2,6,50,13,8,1,4,4,6,6,4,4,3,4,4,2,12,8,,,,,B03,,,1,,1,,,8,,1,12,4,B03,120.662356,24.219557,3
5940,66000,387130000C,(04)23274275,(04)23288582,2023,8,16,7,55,臺中市,北區,0,1,0,5,2,6,50,5,1,1,4,4,6,6,1,1,10,5,5,2,17,39,3,10,3,1,B03,7,5,1,8,2,5,,39,39,1,13,4,B03,120.686122,24.154783,2
5941,66000,387130000C,(04)23274275,(04)23288582,2023,8,16,7,55,臺中市,南屯區,0,0,0,5,,,50,,,,,,,,,,,,,,,59,,,,,B03,,,1,,2,,,87,59,1,13,4,B03,120.613948,24.131861,3
5942,66000,387130000C,(04)23274275,(04)23288582,2023,8,16,7,56,臺中市,東區,0,0,0,5,,,50,,,,,,,,,,,,,,12,2,,,,,B03,,,1,,2,,,2,,1,13,4,B03,120.685362,24.129718,3
5943,66000,387130000C,(04)23274275,(04)23288582,2023,8,16,7,56,臺中市,北屯區,0,0,0,5,,,50,,,,,,,,,,,,,,,84,,,,,B03,,,1,,1,,,84,,1,13,4,B03,120.688653,24.200858,3
5944,66000,387130000C,(04)23274275,(04)23288582,2023,8,16,7,56,臺中市,北屯區,0,0,0,5,,,50,,,,,,,,,,,,,,13,58,,,,,B03,,,1,,2,,,58,,1,12,4,B03,120.664791,24.186166,3
5945,66000,387130000C,(04)23274275,(04)23288582,2023,8,16,7,56,臺中市,梧棲區,0,1,0,6,3,6,40,13,8,1,4,4,6,6,4,4,1,2,1,1,16,59,3,10,3,1,B12,7,6,1,8,2,16,,20,59,1,6,4,B12,120.533244,24.243413,2
5946,66000,387130000C,(04)23274275,(04)23288582,2023,8,16,7,57,臺中市,北屯區,0,1,0,5,2,6,30,13,9,1,4,4,6,6,4,4,10,5,5,2,17,59,2,9,1,1,C03,7,9,1,10,2,11,,59,59,1,13,4,C03,120.676204,24.180034,2
5947,66000,387130000C,(04)23274275,(04)23288582,2023,8,16,7,57,臺中市,大里區,0,2,0,6,2,6,50,4,1,1,4,4,6,6,1,1,10,5,5,2,17,20,2,9,5,4,F03,7,6,7,21,2,14,,20,20,1,6,4,F03,120.697947,24.090001,2
5948,66000,387130000C,(04)23274275,(04)23288582,2023,8,16,7,58,臺中市,大里區,0,0,0,5,,,50,,,,,,,,,,,,,,15,85,,,,,B03,,,1,,2,,,85,85,1,6,4,B03,120.691519,24.107131,3
5949,66000,387130000C,(04)23274275,(04)23288582,2023,8,16,7,58,臺中市,神岡區,0,1,0,7,2,6,30,3,2,1,5,4,6,6,4,4,10,5,5,1,10,1,2,9,2,1,C03,7,4,1,9,2,11,,1,1,1,13,4,C03,120.703544,24.270846,2
5950,66000,387130000C,(04)23274275,(04)23288582,2023,8,16,7,59,臺中市,太平區,0,0,0,5,,,30,,,,,,,,,,,,,,,12,,,,,B03,,,1,,2,,,12,,1,12,4,B03,120.723845,24.131001,3
5951,66000,387130000C,(04)23274275,(04)23288582,2023,8,16,8,0,臺中市,西屯區,0,1,0,5,3,6,50,13,9,1,4,4,6,6,4,4,1,4,5,2,18,84,2,9,2,1,C03,7,9,1,10,2,14,,84,84,1,12,4,C03,120.652396,24.166661,2
5952,66000,387130000C,(04)23274275,(04)23288582,2023,8,16,8,0,臺中市,太平區,0,0,0,5,,,50,,,,,,,,,,,,,,,7,,,,,B03,,,1,,2,,,7,,1,13,4,B03,120.721927,24.142424,3
5953,66000,387130000C,(04)23274275,(04)23288582,2023,8,16,8,0,臺中市,沙鹿區,0,2,0,6,2,6,30,11,9,1,4,4,6,6,4,4,10,5,5,1,17,84,2,9,5,4,C03,7,9,1,10,2,11,,84,84,1,13,4,C03,120.578774,24.23059,2
5954,66000,387130000C,(04)23274275,(04)23288582,2023,8,16,8,3,臺中市,西屯區,0,1,0,6,2,6,30,4,1,1,4,4,6,6,4,4,5,4,5,2,15,15,2,9,2,1,C03,7,9,1,10,2,12,,15,15,1,13,4,C03,120.618112,24.174842,2
5955,66000,387130000C,(04)23274275,(04)23288582,2023,8,16,8,5,臺中市,石岡區,0,0,0,7,,,70,,,,,,,,,,,,,,13,59,,,,,B03,,,1,,2,,,59,,1,12,4,B03,120.768885,24.275796,3
5956,66000,387130000C,(04)23274275,(04)23288582,2023,8,16,8,6,臺中市,潭子區,0,0,0,5,,,60,,,,,,,,,,,,,,12,2,,,,,B03,,,1,,2,,,2,2,1,13,4,B03,120.708038,24.228579,3
5957,66000,387130000C,(04)23274275,(04)23288582,2023,8,16,8,7,臺中市,西區,0,0,0,5,,,60,,,,,,,,,,,,,,,59,,,,,B03,,,1,,2,,,59,,1,12,4,B03,120.663755,24.15478,3
5958,66000,387130000C,(04)23274275,(04)23288582,2023,8,16,8,7,臺中市,霧峰區,0,1,0,5,2,6,30,13,9,1,4,4,6,6,4,4,10,5,5,1,1,8,3,10,5,4,B03,7,9,1,8,2,6,,8,8,1,6,4,B03,120.664524,24.060484,2
5959,66000,387130000C,(04)23274275,(04)23288582,2023,8,16,8,8,臺中市,西屯區,0,0,0,5,,,50,,,,,,,,,,,,,,16,20,,,,,C03,,,1,,1,,,20,,1,12,4,C03,120.657657,24.159257,3
5960,66000,387130000C,(04)23274275,(04)23288582,2023,8,16,8,9,臺中市,北屯區,0,1,0,5,2,6,40,13,8,1,4,4,6,6,4,4,5,5,4,2,17,84,3,10,5,4,B12,7,1,1,8,2,1,,84,84,1,12,4,B12,120.694166,24.170885,2
5961,66000,387130000C,(04)23274275,(04)23288582,2023,8,16,8,10,臺中市,大里區,0,0,0,7,,,50,,,,,,,,,,,,,,13,59,,,,,B03,,,1,,2,,,59,,1,13,4,B03,120.696437,24.111365,3
5962,66000,387130000C,(04)23274275,(04)23288582,2023,8,16,8,11,臺中市,北區,0,0,0,5,,,50,,,,,,,,,,,,,,,84,,,,,B03,,,1,,2,,,84,,1,12,4,B03,120.683767,24.15524,3
5963,66000,387130000C,(04)23274275,(04)23288582,2023,8,16,8,12,臺中市,龍井區,0,0,0,5,,,30,,,,,,,,,,,,,,,14,,,,,B03,,,1,,2,,,14,14,1,6,4,B03,120.589498,24.180452,3
5964,66000,387130000C,(04)23274275,(04)23288582,2023,8,16,8,18,臺中市,西屯區,0,2,0,7,2,6,50,4,1,1,5,4,6,6,1,1,10,5,5,2,17,8,2,9,5,4,C03,7,9,1,10,1,12,,8,8,1,12,4,C03,120.6673,24.17334,2
5965,66000,387130000C,(04)23274275,(04)23288582,2023,8,16,8,24,臺中市,大雅區,0,0,0,7,,,50,,,,,,,,,,,,,,,40,,,,,B03,,,1,,2,,,40,,1,12,4,B03,120.649778,24.214406,3
5966,66000,387130000C,(04)23274275,(04)23288582,2023,8,16,8,25,臺中市,大里區,0,0,0,5,,,40,,,,,,,,,,,,,,13,7,,,,,B03,,,1,,2,,,7,,1,6,4,B03,120.692071,24.101727,3
5967,66000,387130000C,(04)23274275,(04)23288582,2023,8,16,8,27,臺中市,北屯區,0,1,0,5,3,6,30,4,1,1,4,4,6,6,1,1,10,5,5,2,13,7,2,9,2,1,C03,7,9,1,10,2,11,,7,7,1,6,4,C03,120.676158,24.201303,2
5968,66000,387130000C,(04)23274275,(04)23288582,2023,8,16,8,28,臺中市,西屯區,0,1,0,5,2,6,50,13,7,1,4,4,6,6,2,1,1,4,4,2,13,85,,,,,,,,,,,,,,,,,,,120.643378,24.160015,2
5969,66000,387130000C,(04)23274275,(04)23288582,2023,8,16,8,29,臺中市,北區,0,0,0,5,,,50,,,,,,,,,,,,,,12,8,,,,,C03,,,1,,1,,,8,,1,12,4,C03,120.68722,24.15568,3
5970,66000,387130000C,(04)23274275,(04)23288582,2023,8,16,8,30,臺中市,西屯區,0,1,0,5,2,6,40,13,17,1,4,4,6,6,4,4,1,5,5,2,18,84,2,9,2,1,C03,7,9,1,10,2,14,,84,84,1,13,4,C03,120.634948,24.179291,2
5971,66000,387130000C,(04)23274275,(04)23288582,2023,8,16,8,30,臺中市,西屯區,0,1,0,5,2,6,40,13,17,1,4,4,6,6,4,4,1,4,5,2,18,84,2,9,2,1,C03,7,15,1,10,2,14,,84,84,1,13,4,C03,120.634948,24.179291,2
5972,66000,387130000C,(04)23274275,(04)23288582,2023,8,16,8,30,臺中市,太平區,0,0,0,5,,,50,,,,,,,,,,,,,,13,7,,,,,B03,,,1,,1,,,7,,1,6,4,B03,120.715276,24.136254,3
5973,66000,387130000C,(04)23274275,(04)23288582,2023,8,16,8,31,臺中市,西區,0,1,0,5,3,6,50,4,1,1,4,4,6,6,1,1,10,5,5,2,13,7,2,9,1,1,C03,7,9,1,10,2,11,,7,7,1,6,4,C03,120.671239,24.145313,2
5974,66000,387130000C,(04)23274275,(04)23288582,2023,8,16,8,38,臺中市,南區,0,1,0,5,3,6,50,5,1,1,4,4,6,6,1,1,10,5,5,2,18,84,2,7,1,1,C03,7,6,1,10,2,14,,84,84,1,12,4,C03,120.668671,24.114552,2
5975,66000,387130000C,(04)23274275,(04)23288582,2023,8,16,8,41,臺中市,太平區,0,0,0,7,,,30,,,,,,,,,,,,,,,58,,,,,C03,,,1,,2,,,58,,1,13,4,C03,120.701959,24.112495,4
5976,66000,387130000C,(04)23274275,(04)23288582,2023,8,16,8,42,臺中市,西屯區,0,0,0,5,,,50,,,,,,,,,,,,,,16,85,,,,,C03,,,1,,2,,,85,,1,12,2,C03,120.647546,24.159335,3
5977,66000,387130000C,(04)23274275,(04)23288582,2023,8,16,8,45,臺中市,西屯區,0,0,0,5,,,40,,,,,,,,,,,,,,13,7,,,,,C03,,,1,,1,,,7,,1,12,4,C03,120.63397,24.175205,3
5978,66000,387130000C,(04)23274275,(04)23288582,2023,8,16,8,45,臺中市,西屯區,0,1,0,5,3,6,40,13,8,1,4,4,6,6,4,4,1,4,1,1,18,84,2,9,5,4,C03,7,9,1,10,2,12,,84,84,1,13,4,C03,120.628836,24.161585,2
5979,66000,387130000C,(04)23274275,(04)23288582,2023,8,16,8,46,臺中市,南區,0,1,0,5,1,6,50,3,1,1,4,4,5,5,4,4,10,5,5,2,17,13,2,9,1,1,C03,7,5,1,10,2,13,,13,13,1,12,4,C03,120.654338,24.12179,2
5980,66000,387130000C,(04)23274275,(04)23288582,2023,8,16,8,47,臺中市,北區,0,1,0,5,3,6,50,3,1,1,4,4,6,6,4,4,10,5,5,2,18,43,2,9,1,1,C03,7,12,1,10,2,16,,43,43,1,12,4,C03,120.667063,24.159211,2
5981,66000,387130000C,(04)23274275,(04)23288582,2023,8,16,8,48,臺中市,烏日區,0,1,0,5,3,6,40,3,1,1,4,4,6,6,2,1,1,4,4,1,16,84,2,9,1,1,C03,7,9,1,10,2,11,14,84,84,1,12,4,C03,120.594236,24.112663,2
5982,66000,387130000C,(04)23274275,(04)23288582,2023,8,16,8,48,臺中市,沙鹿區,0,1,0,5,2,6,40,3,1,1,4,4,6,6,2,1,10,5,5,2,16,11,3,10,3,1,B03,7,5,1,8,2,5,,11,11,1,5,4,B03,120.58066,24.21714,2
5983,66000,387130000C,(04)23274275,(04)23288582,2023,8,16,8,50,臺中市,西屯區,0,0,0,7,,,50,,,,,,,,,,,,,,,7,,,,,B03,,,1,,2,,,7,,1,12,4,B03,120.588554,24.16984,3
5984,66000,387130000C,(04)23274275,(04)23288582,2023,8,16,8,52,臺中市,西區,0,1,0,7,1,6,50,4,1,1,5,4,6,6,1,1,10,5,5,2,9,10,3,10,3,1,B03,7,6,1,8,2,4,,10,10,1,12,4,B03,120.674271,24.148307,2
5985,66000,387130000C,(04)23274275,(04)23288582,2023,8,16,8,52,臺中市,北屯區,0,2,0,5,2,6,50,4,1,1,4,4,6,6,4,4,10,5,5,2,15,12,2,1,3,1,B03,7,9,1,8,2,2,,12,12,1,13,4,B03,120.679428,24.181803,2
5986,66000,387130000C,(04)23274275,(04)23288582,2023,8,16,8,53,臺中市,大雅區,0,1,0,5,2,9,50,13,9,1,4,4,6,6,4,4,5,5,5,1,13,7,2,3,2,1,C03,7,9,1,10,2,11,,7,7,1,12,4,C03,120.645806,24.211591,2
5987,66000,387130000C,(04)23274275,(04)23288582,2023,8,16,8,53,臺中市,西屯區,0,0,0,5,,,50,,,,,,,,,,,,,,,20,,,,,C03,,,1,,2,,,20,,1,12,4,C03,120.646419,24.172104,3
5988,66000,387130000C,(04)23274275,(04)23288582,2023,8,16,8,53,臺中市,大里區,0,1,0,5,3,6,50,13,9,1,4,4,6,6,4,4,1,4,1,1,13,7,3,10,1,1,C03,7,9,1,10,2,11,,7,7,1,6,4,C03,120.694283,24.089313,2
5989,66000,387130000C,(04)23274275,(04)23288582,2023,8,16,8,55,臺中市,南屯區,0,0,0,5,,,30,,,,,,,,,,,,,,,8,,,,,B03,,,1,,2,,,8,,1,12,4,B03,120.639296,24.148496,3
5990,66000,387130000C,(04)23274275,(04)23288582,2023,8,16,8,55,臺中市,北屯區,0,0,0,5,,,50,,,,,,,,,,,,,,,7,,,,,C03,,,1,,1,,,7,7,1,12,4,C03,120.698587,24.170448,3
5991,66000,387130000C,(04)23274275,(04)23288582,2023,8,16,8,55,臺中市,西屯區,0,1,0,5,3,6,50,4,2,1,4,4,6,6,2,1,8,3,4,1,17,84,2,9,1,1,C03,7,9,1,10,2,12,,84,84,1,13,4,C03,120.647873,24.169797,2
5992,66000,387130000C,(04)23274275,(04)23288582,2023,8,16,8,57,臺中市,北屯區,0,0,0,7,,,40,,,,,,,,,,,,,,9,84,,,,,B11,,,1,,9,,,84,,1,12,4,B11,120.707259,24.19749,3
5993,66000,387130000C,(04)23274275,(04)23288582,2023,8,16,8,57,臺中市,豐原區,0,0,0,5,,,50,,,,,,,,,,,,,,13,7,,,,,C03,,,1,,2,,,7,,1,13,4,C03,120.701021,24.249196,3
5994,66000,387130000C,(04)23274275,(04)23288582,2023,8,16,8,59,臺中市,南屯區,0,0,0,5,,,50,,,,,,,,,,,,,,,77,,,,,B03,,,1,,1,,,77,,1,13,4,B03,120.65187,24.150759,3
5995,66000,387130000C,(04)23274275,(04)23288582,2023,8,16,9,0,臺中市,神岡區,0,0,0,5,,,50,,,,,,,,,,,,,,,94,,,,,A11,,,1,,1,,,94,,1,13,4,A11,120.656687,24.25118,3
5996,66000,387130000C,(04)23274275,(04)23288582,2023,8,16,9,1,臺中市,烏日區,0,0,0,5,,,50,,,,,,,,,,,,,,,8,,,,,B03,,,1,,2,,,8,,1,12,4,B03,120.628707,24.101969,3
5997,66000,387130000C,(04)23274275,(04)23288582,2023,8,16,9,2,臺中市,潭子區,0,1,0,5,2,6,60,4,2,1,4,4,6,6,2,1,1,4,4,1,13,84,2,8,1,1,C03,7,12,1,10,2,11,,84,84,1,13,4,C03,120.702513,24.194427,2
5998,66000,387130000C,(04)23274275,(04)23288582,2023,8,16,9,2,臺中市,北屯區,0,1,0,5,2,6,50,4,1,1,4,4,6,6,3,1,10,5,5,2,15,24,3,10,3,1,B03,7,9,1,8,2,2,,24,24,1,13,4,B03,120.709727,24.16603,2
5999,66000,387130000C,(04)23274275,(04)23288582,2023,8,16,9,2,臺中市,北屯區,0,0,0,5,,,40,,,,,,,,,,,,,,9,8,,,,,B03,,,1,,2,,,8,8,1,6,4,B03,120.689373,24.169269,3
6000,66000,387130000C,(04)23274275,(04)23288582,2023,8,16,9,2,臺中市,西屯區,0,1,0,5,3,6,50,13,9,1,4,4,6,6,4,4,1,4,5,2,18,84,2,9,5,4,C03,7,9,1,10,2,14,,84,84,1,13,4,C03,120.647184,24.157598,2
6001,66000,387130000C,(04)23274275,(04)23288582,2023,8,16,9,3,臺中市,西屯區,0,0,0,5,,,1,,,,,,,,,,,,,,14,49,,,,,B03,,,1,,2,,,49,,1,13,4,B03,120.595222,24.182602,3
6002,66000,387130000C,(04)23274275,(04)23288582,2023,8,16,9,5,臺中市,龍井區,0,1,0,5,1,6,50,3,1,1,4,4,6,6,4,4,9,5,5,2,3,6,3,10,1,1,C03,7,9,1,10,2,11,,6,6,1,6,4,C03,120.592767,24.182241,2
6003,66000,387130000C,(04)23274275,(04)23288582,2023,8,16,9,6,臺中市,南區,0,0,0,5,3,6,50,4,1,1,5,4,6,6,4,4,10,5,5,2,15,15,3,10,3,1,B03,7,9,1,8,2,2,,15,15,1,12,4,B03,120.681798,24.125568,3
6004,66000,387130000C,(04)23274275,(04)23288582,2023,8,16,9,6,臺中市,西屯區,0,1,0,5,2,6,50,4,1,1,4,4,6,6,3,1,5,5,5,2,18,84,2,8,1,1,C03,7,9,1,10,1,16,,84,84,1,12,4,C03,120.640385,24.18365,2
6005,66000,387130000C,(04)23274275,(04)23288582,2023,8,16,9,6,臺中市,大甲區,0,1,0,5,2,6,50,4,1,1,4,4,6,6,1,1,10,5,5,2,16,47,3,10,3,1,B03,7,5,1,8,2,2,,47,47,1,6,4,B03,120.624998,24.340213,2
6006,66000,387130000C,(04)23274275,(04)23288582,2023,8,16,9,10,臺中市,大里區,0,0,0,5,,,40,,,,,,,,,,,,,,14,49,,,,,B12,,,1,,2,,,49,,1,12,4,B12,120.676624,24.096936,3
6007,66000,387130000C,(04)23274275,(04)23288582,2023,8,16,9,15,臺中市,東區,0,0,0,5,3,6,50,4,1,1,4,4,6,6,4,4,10,5,5,2,17,87,3,10,3,1,B03,7,5,1,8,2,2,,87,87,1,11,4,B03,120.698875,24.128001,3
6008,66000,387130000C,(04)23274275,(04)23288582,2023,8,16,9,20,臺中市,大甲區,0,1,0,5,2,6,50,4,1,1,4,4,6,6,4,4,10,5,5,2,15,15,2,1,2,1,C03,7,9,1,10,2,11,,15,15,1,6,4,C03,120.621823,24.348431,2
6009,66000,387130000C,(04)23274275,(04)23288582,2023,8,16,9,22,臺中市,太平區,0,1,0,5,3,6,50,3,1,1,4,4,6,6,4,4,5,5,5,1,11,84,2,9,2,1,C03,7,9,1,10,2,12,,84,84,1,5,4,C03,120.733499,24.154605,2
6010,66000,387130000C,(04)23274275,(04)23288582,2023,8,16,9,25,臺中市,南屯區,0,0,0,7,,,40,,,,,,,,,,,,,,,49,,,,,B03,,,1,,1,,,49,,1,13,4,B03,120.63887,24.145052,3
6011,66000,387130000C,(04)23274275,(04)23288582,2023,8,16,9,25,臺中市,大里區,0,1,0,5,3,6,60,13,12,1,4,4,6,6,4,4,1,4,4,2,12,40,3,10,3,1,B03,7,7,1,8,3,2,,40,40,1,6,4,B03,120.662116,24.109106,2
6012,66000,387130000C,(04)23274275,(04)23288582,2023,8,16,9,26,臺中市,大雅區,0,1,0,5,2,6,60,4,1,1,4,4,6,6,1,1,3,4,5,1,12,8,3,10,3,1,A12,7,9,1,1,2,2,,8,8,1,12,4,A12,120.668793,24.236893,2
6013,66000,387130000C,(04)23274275,(04)23288582,2023,8,16,9,28,臺中市,東勢區,0,0,0,5,,,50,,,,,,,,,,,,,,3,58,,,,,B03,,,1,,1,,,58,,1,12,4,B03,120.824561,24.267034,3
6014,66000,387130000C,(04)23274275,(04)23288582,2023,8,16,9,29,臺中市,北屯區,0,1,0,5,2,6,50,13,9,1,4,4,6,6,4,4,5,4,5,2,17,40,3,10,3,1,B03,7,7,1,8,2,2,,40,40,1,13,4,B03,120.719347,24.18346,2
6015,66000,387130000C,(04)23274275,(04)23288582,2023,8,16,9,30,臺中市,西屯區,0,1,0,5,3,6,50,13,9,1,4,4,6,6,4,4,8,3,5,1,17,84,2,9,1,1,C03,7,10,1,10,2,13,,84,84,1,13,4,C03,120.59355,24.18385,2
6016,66000,387130000C,(04)23274275,(04)23288582,2023,8,16,9,30,臺中市,大里區,0,0,0,7,,,80,,,,,,,,,,,,,,,59,,,,,B03,,,1,,2,,,59,,1,13,4,B03,120.682388,24.079527,3
6017,66000,387130000C,(04)23274275,(04)23288582,2023,8,16,9,31,臺中市,西區,0,0,0,5,,,50,,,,,,,,,,,,,,,49,,,,,B03,,,1,,2,,,49,,1,12,4,B03,120.661561,24.148129,3
6018,66000,387130000C,(04)23274275,(04)23288582,2023,8,16,9,32,臺中市,潭子區,0,0,0,5,,,50,,,,,,,,,,,,,,,7,,,,,B03,,,1,,2,,,7,,1,12,4,B03,120.721921,24.195715,3
6019,66000,387130000C,(04)23274275,(04)23288582,2023,8,16,9,32,臺中市,西屯區,0,1,0,5,2,6,50,4,1,1,4,4,6,6,1,1,10,5,5,2,12,40,2,7,1,1,C03,7,7,1,10,2,12,14,40,40,1,12,4,C03,120.637125,24.16838,2
6020,66000,387130000C,(04)23274275,(04)23288582,2023,8,16,9,32,臺中市,西屯區,0,1,0,7,2,6,70,3,1,1,5,4,6,6,1,1,10,5,5,2,17,25,3,10,5,4,B03,7,6,1,8,2,5,,25,25,1,12,4,B03,120.602633,24.182917,2
6021,66000,387130000C,(04)23274275,(04)23288582,2023,8,16,9,32,臺中市,烏日區,0,0,0,5,,,40,,,,,,,,,,,,,,13,7,,,,,B03,,,1,,2,,,7,,1,13,4,B03,120.618517,24.116708,3
6022,66000,387130000C,(04)23274275,(04)23288582,2023,8,16,9,34,臺中市,北屯區,0,0,0,5,,,50,,,,,,,,,,,,,,,7,,,,,B03,,,1,,1,,,7,7,1,12,4,B03,120.657907,24.184642,3
6023,66000,387130000C,(04)23274275,(04)23288582,2023,8,16,9,36,臺中市,潭子區,0,1,0,5,2,6,60,4,2,1,4,4,6,6,1,1,3,4,4,1,12,47,3,10,3,1,A41,7,5,1,2,2,2,,47,47,1,13,4,A41,120.705749,24.218166,2
6024,66000,387130000C,(04)23274275,(04)23288582,2023,8,16,9,37,臺中市,北區,0,1,0,5,2,6,50,4,1,1,4,4,6,6,4,4,10,5,5,2,15,12,2,9,1,1,C03,7,9,1,10,2,12,,12,12,1,13,4,C03,120.671739,24.168767,2
6025,66000,387130000C,(04)23274275,(04)23288582,2023,8,16,9,38,臺中市,太平區,0,0,0,5,,,50,,,,,,,,,,,,,,16,20,,,,,B01,,,1,,2,,,20,,1,6,4,B01,120.719333,24.120832,3
6026,66000,387130000C,(04)23274275,(04)23288582,2023,8,16,9,40,臺中市,西區,0,1,0,5,2,6,50,13,7,1,4,4,6,6,4,4,5,5,4,2,18,84,2,9,1,1,C03,7,9,1,10,2,12,,84,84,1,6,4,C03,120.669274,24.144414,2
6027,66000,387130000C,(04)23274275,(04)23288582,2023,8,16,9,42,臺中市,北屯區,0,1,0,5,2,6,50,13,9,1,4,4,6,6,4,4,9,5,5,2,18,84,2,9,1,1,C03,7,9,1,10,2,14,,84,84,1,13,4,C03,120.691427,24.165532,2
6028,66000,387130000C,(04)23274275,(04)23288582,2023,8,16,9,42,臺中市,西屯區,0,1,0,5,3,6,50,4,1,1,4,4,6,6,2,1,10,5,5,2,18,84,2,9,5,4,C04,7,9,1,10,1,12,,84,84,1,13,4,C04,120.606183,24.192544,2
6029,66000,387130000C,(04)23274275,(04)23288582,2023,8,16,9,45,臺中市,西屯區,0,0,0,7,,,50,,,,,,,,,,,,,,,84,,,,,B11,,,1,,1,,,84,,1,13,4,B11,120.646397,24.167884,3
6030,66000,387130000C,(04)23274275,(04)23288582,2023,8,16,9,50,臺中市,清水區,0,1,0,5,2,6,50,4,1,1,4,4,6,6,1,1,10,5,5,2,30,51,3,10,3,1,A02,7,1,1,1,2,15,,51,51,1,6,4,A02,120.549406,24.264537,2