序號,縣市別代碼,機關代碼,市話,傳真,年,月,日,時,分,縣市,區,死亡數量,受傷數量,2-30,天候,光線,道路類別,速限,道路型態,事故位置,路面鋪裝,路面狀態,路面缺陷,障礙物,視距,號誌種類,號誌動作,分向設施,快車道或一般車道間,快慢車道間,路面邊線,事故類型及型態,主要肇因,受傷程度,主要傷處,保護裝備,行動電話,當事者區分(類別),車輛用途,當事者行動狀態,駕駛資格情形,駕駛執照種類,飲酒情形,車輛撞擊部位最初,車輛撞擊部位其他,肇事因素個別,肇事因素主要,肇事逃逸,職業,旅次目的,車種,GPS座標X,GPS座標Y,事故類別
6031,66000,387130000C,(04)23274275,(04)23288582,2023,8,16,9,51,臺中市,北屯區,0,0,0,5,,,50,,,,,,,,,,,,,,13,84,,,,,B03,,,1,7,1,,,84,84,1,12,4,B03,120.700236,24.164967,3
6032,66000,387130000C,(04)23274275,(04)23288582,2023,8,16,9,57,臺中市,南區,0,0,0,6,,,40,,,,,,,,,,,,,,12,84,,,,,A04,,,1,,2,,,84,,1,12,4,A04,120.65458,24.114819,3
6033,66000,387130000C,(04)23274275,(04)23288582,2023,8,16,9,57,臺中市,大里區,0,2,0,5,2,6,50,13,9,1,4,4,6,6,4,4,5,4,5,1,13,7,2,9,5,4,C03,7,9,1,10,2,11,,7,7,1,6,4,C03,120.701771,24.088537,2
6034,66000,387130000C,(04)23274275,(04)23288582,2023,8,16,10,0,臺中市,后里區,0,0,0,5,1,4,40,12,7,1,4,4,6,6,1,1,5,4,4,1,13,7,,,,,B03,,,1,,1,,,7,,1,12,4,B03,120.722566,24.284106,3
6035,66000,387130000C,(04)23274275,(04)23288582,2023,8,16,10,6,臺中市,西區,0,0,0,5,,,50,,,,,,,,,,,,,,,51,,,,,B03,,,1,,1,,,51,,1,6,4,B03,120.669619,24.152126,3
6036,66000,387130000C,(04)23274275,(04)23288582,2023,8,16,10,11,臺中市,大里區,0,0,0,5,,,50,,,,,,,,,,,,,,,7,,,,,B12,,,1,,2,,,7,,1,6,4,B12,120.697105,24.095704,3
6037,66000,387130000C,(04)23274275,(04)23288582,2023,8,16,10,12,臺中市,大雅區,0,0,0,6,2,6,50,3,1,1,4,4,6,6,4,4,5,4,4,2,15,47,,,,,B12,,,1,,2,,,47,,1,12,4,B12,120.669181,24.221119,3
6038,66000,387130000C,(04)23274275,(04)23288582,2023,8,16,10,16,臺中市,西屯區,0,1,0,5,2,6,80,13,9,1,4,4,6,6,4,4,1,4,5,1,13,84,3,10,3,1,A12,7,7,1,3,2,1,,84,84,1,13,4,A12,120.634948,24.179291,2
6039,66000,387130000C,(04)23274275,(04)23288582,2023,8,16,10,17,臺中市,烏日區,0,0,0,7,,,30,,,,,,,,,,,,,,2,41,,,,,B12,,,1,,2,,,41,,1,13,4,B12,120.645804,24.071188,3
6040,66000,387130000C,(04)23274275,(04)23288582,2023,8,16,10,17,臺中市,梧棲區,0,0,0,6,,,50,,,,,,,,,,,,,,20,84,,,,,B02,,,1,,2,,,84,,1,6,4,B02,120.540199,24.25995,4
6041,66000,387130000C,(04)23274275,(04)23288582,2023,8,16,10,20,臺中市,西區,0,1,0,6,1,6,50,13,9,1,5,4,6,6,4,4,1,4,5,2,12,40,3,10,3,1,B03,7,7,1,8,2,2,,40,40,1,12,4,B03,120.655659,24.140263,2
6042,66000,387130000C,(04)23274275,(04)23288582,2023,8,16,10,20,臺中市,南區,0,1,0,7,1,6,50,4,1,1,5,4,6,6,2,1,5,5,5,2,12,4,3,10,1,1,C03,7,9,1,10,2,12,,4,4,1,12,4,C03,120.6783,24.128008,2
6043,66000,387130000C,(04)23274275,(04)23288582,2023,8,16,10,20,臺中市,南區,0,1,0,7,3,6,50,4,1,1,5,4,6,6,1,1,10,5,5,2,17,1,2,9,2,1,C03,7,9,1,10,2,14,,1,1,1,12,4,C03,120.66224,24.122571,2
6044,66000,387130000C,(04)23274275,(04)23288582,2023,8,16,10,21,臺中市,東區,0,0,0,6,,,30,,,,,,,,,,,,,,,49,,,,,B13,,,1,,2,,,49,,1,13,4,B13,120.697705,24.1348,3
6045,66000,387130000C,(04)23274275,(04)23288582,2023,8,16,10,27,臺中市,北屯區,0,0,0,5,,,50,,,,,,,,,,,,,,,7,,,,,B03,,,1,,1,,,7,,1,13,4,B03,120.701207,24.170111,3
6046,66000,387130000C,(04)23274275,(04)23288582,2023,8,16,10,27,臺中市,西屯區,0,0,0,6,,,50,,,,,,,,,,,,,,13,7,,,,,A11,,,1,,2,,,7,,1,12,4,A11,120.619111,24.181355,3
6047,66000,387130000C,(04)23274275,(04)23288582,2023,8,16,10,28,臺中市,潭子區,0,2,0,5,3,6,50,3,1,1,4,4,6,6,1,1,10,5,5,2,17,7,2,9,2,1,C03,7,9,1,10,2,11,,7,7,1,12,4,C03,120.693148,24.216023,2
6048,66000,387130000C,(04)23274275,(04)23288582,2023,8,16,10,33,臺中市,沙鹿區,0,0,0,6,,,50,,,,,,,,,,,,,,,50,,,,,B03,,,1,,2,,,50,,1,13,4,B03,120.560277,24.234827,3
6049,66000,387130000C,(04)23274275,(04)23288582,2023,8,16,10,35,臺中市,沙鹿區,0,0,0,7,,,60,,,,,,,,,,,,,,,40,,,,,B03,,,1,,2,,,40,,1,13,4,B03,120.597591,24.249998,3
6050,66000,387130000C,(04)23274275,(04)23288582,2023,8,16,10,36,臺中市,沙鹿區,0,0,0,7,,,50,,,,,,,,,,,,,,17,8,,,,,B12,,,1,,2,,,8,,1,13,4,B12,120.572678,24.226699,3
6051,66000,387130000C,(04)23274275,(04)23288582,2023,8,16,10,36,臺中市,神岡區,0,0,0,6,,,30,,,,,,,,,,,,,,,82,,,,,B02,,,1,,1,,,82,,1,13,4,B02,120.682469,24.247223,3
6052,66000,387130000C,(04)23274275,(04)23288582,2023,8,16,10,37,臺中市,潭子區,0,1,0,5,2,6,60,4,12,1,4,4,6,6,1,1,1,4,4,2,18,43,3,10,3,1,B12,7,7,1,8,2,16,,40,43,1,13,4,B12,120.705971,24.220314,2
6053,66000,387130000C,(04)23274275,(04)23288582,2023,8,16,10,41,臺中市,北屯區,0,1,0,5,2,6,30,13,9,1,4,4,6,6,4,4,1,4,5,2,17,40,3,10,3,1,A11,7,7,1,3,2,2,,40,40,1,13,4,A11,120.672526,24.200759,2
6054,66000,387130000C,(04)23274275,(04)23288582,2023,8,16,10,44,臺中市,西屯區,0,0,0,5,,,50,,,,,,,,,,,,,,,119,,,,,,,,,,,,,119,,1,,,,120.662235,24.17356,3
6055,66000,387130000C,(04)23274275,(04)23288582,2023,8,16,10,46,臺中市,西屯區,0,1,0,5,2,6,40,3,1,1,4,4,6,6,1,1,10,5,5,2,30,84,2,9,5,4,C03,7,9,1,10,2,14,,84,84,1,11,4,C03,120.661553,24.158161,2
6056,66000,387130000C,(04)23274275,(04)23288582,2023,8,16,10,52,臺中市,南區,0,1,0,6,3,6,50,4,2,1,4,4,6,6,1,1,5,5,4,2,13,59,3,10,3,1,B12,7,9,1,8,2,5,,59,59,1,12,4,B12,120.661694,24.132131,2
6057,66000,387130000C,(04)23274275,(04)23288582,2023,8,16,10,52,臺中市,西屯區,0,2,0,7,3,6,50,4,9,1,5,4,6,6,2,1,8,3,4,1,17,25,2,9,1,1,C03,7,1,1,10,2,14,,25,25,1,13,4,C03,120.621921,24.186405,2
6058,66000,387130000C,(04)23274275,(04)23288582,2023,8,16,10,55,臺中市,大里區,0,1,0,6,2,6,40,13,8,1,5,4,6,6,4,4,1,4,4,1,18,59,2,9,5,4,C03,7,9,1,10,2,16,,59,59,1,5,4,C03,120.694326,24.089685,2
6059,66000,387130000C,(04)23274275,(04)23288582,2023,8,16,10,58,臺中市,大甲區,0,0,0,5,,,50,,,,,,,,,,,,,,15,24,,,,,B03,,,1,,2,,,24,,1,6,4,B03,120.629782,24.346828,3
6060,66000,387130000C,(04)23274275,(04)23288582,2023,8,16,11,0,臺中市,西屯區,0,0,0,7,,,30,,,,,,,,,,,,,,,84,,,,,C03,,,1,,2,,,84,,1,13,4,C03,120.626877,24.186917,3
6061,66000,387130000C,(04)23274275,(04)23288582,2023,8,16,11,3,臺中市,北屯區,0,1,0,7,2,6,50,4,1,1,5,4,6,6,2,1,10,5,5,2,3,10,3,10,3,1,B12,7,6,1,2,2,1,,10,10,1,12,4,B12,120.671094,24.175055,2
6062,66000,387130000C,(04)23274275,(04)23288582,2023,8,16,11,4,臺中市,大里區,0,0,0,5,,,50,,,,,,,,,,,,,,15,24,,,,,B03,,,1,,2,,,24,,1,6,4,B03,120.676482,24.101871,3
6063,66000,387130000C,(04)23274275,(04)23288582,2023,8,16,11,4,臺中市,太平區,0,1,0,6,2,6,50,3,1,1,5,4,6,6,4,4,10,5,5,2,18,6,2,9,1,1,C03,7,9,1,10,2,12,,6,6,1,6,4,C03,120.714244,24.111209,2
6064,66000,387130000C,(04)23274275,(04)23288582,2023,8,16,11,5,臺中市,南屯區,0,1,0,5,1,6,50,4,2,1,4,4,6,6,4,4,10,5,5,2,12,45,3,10,5,4,B12,7,11,1,8,2,15,,45,45,1,13,4,B12,120.611845,24.139611,2
6065,66000,387130000C,(04)23274275,(04)23288582,2023,8,16,11,5,臺中市,烏日區,0,0,0,7,,,40,,,,,,,,,,,,,,13,7,,,,,A11,,,1,,2,,,7,,1,13,4,A11,120.607234,24.108905,3
6066,66000,387130000C,(04)23274275,(04)23288582,2023,8,16,11,6,臺中市,南屯區,0,1,0,5,2,6,40,13,8,1,4,4,6,6,4,4,1,4,4,2,30,84,2,9,1,1,C03,7,9,1,10,2,16,,84,84,1,12,4,C03,120.627357,24.151491,2
6067,66000,387130000C,(04)23274275,(04)23288582,2023,8,16,11,10,臺中市,大甲區,0,0,0,5,,,50,,,,,,,,,,,,,,,84,,,,,A12,,,1,,1,,,84,84,1,13,4,A12,120.627592,24.351079,3
6068,66000,387130000C,(04)23274275,(04)23288582,2023,8,16,11,11,臺中市,東區,0,1,0,7,1,6,50,13,7,1,5,4,6,6,4,4,5,4,4,2,12,7,3,10,3,1,B03,7,9,1,8,2,5,,7,7,1,12,4,B03,120.692323,24.145181,2
6069,66000,387130000C,(04)23274275,(04)23288582,2023,8,16,11,14,臺中市,北屯區,0,1,0,5,2,6,50,13,7,1,4,4,6,6,4,4,1,4,4,2,16,40,2,8,1,1,C03,7,8,3,19,2,14,,40,40,1,13,4,C03,120.685849,24.180904,2
6070,66000,387130000C,(04)23274275,(04)23288582,2023,8,16,11,14,臺中市,梧棲區,0,2,0,7,3,6,60,13,9,1,5,4,6,6,1,1,1,2,5,1,13,7,3,10,3,1,A31,7,9,1,1,2,1,,7,7,1,6,4,A31,120.534979,24.246178,2
6071,66000,387130000C,(04)23274275,(04)23288582,2023,8,16,11,16,臺中市,大甲區,0,0,0,5,,,50,,,,,,,,,,,,,,13,7,,,,,B03,,,1,,2,,,7,,1,13,4,B03,120.620659,24.345609,3
6072,66000,387130000C,(04)23274275,(04)23288582,2023,8,16,11,19,臺中市,北屯區,0,1,0,6,3,6,40,3,1,1,4,4,6,6,4,4,10,5,5,2,18,84,2,9,2,1,C03,7,9,1,10,2,14,,84,84,1,12,4,C03,120.690362,24.184227,2
6073,66000,387130000C,(04)23274275,(04)23288582,2023,8,16,11,21,臺中市,太平區,0,0,0,5,,,50,,,,,,,,,,,,,,13,59,,,,,A11,,,1,,2,,,59,,1,6,4,A11,120.71267,24.145886,3
6074,66000,387130000C,(04)23274275,(04)23288582,2023,8,16,11,30,臺中市,北區,0,0,0,7,,,40,,,,,,,,,,,,,,14,49,,,,,B03,,,1,,11,,,49,,1,13,4,B03,120.694731,24.158975,3
6075,66000,387130000C,(04)23274275,(04)23288582,2023,8,16,11,31,臺中市,北區,0,1,0,6,2,6,50,4,1,1,5,4,6,6,1,1,10,5,5,2,16,11,3,10,3,1,B12,7,6,1,8,2,6,,11,11,1,13,4,B12,120.670507,24.160431,2
6076,66000,387130000C,(04)23274275,(04)23288582,2023,8,16,11,33,臺中市,北區,0,0,0,7,,,40,,,,,,,,,,,,,,14,49,,,,,B03,,,1,,2,,,49,,1,13,4,B03,120.687711,24.159168,3
6077,66000,387130000C,(04)23274275,(04)23288582,2023,8,16,11,35,臺中市,西屯區,0,1,0,5,2,6,50,3,1,1,4,4,6,6,1,1,5,4,5,2,16,45,3,10,3,1,B03,7,11,1,8,2,1,,45,45,1,12,4,B03,120.603872,24.186067,2
6078,66000,387130000C,(04)23274275,(04)23288582,2023,8,16,11,36,臺中市,北區,0,1,0,6,2,6,50,4,1,1,4,4,6,6,1,1,10,5,5,2,15,21,3,10,3,1,B01,7,9,1,4,2,4,,21,21,1,12,4,B01,120.676531,24.157213,2
6079,66000,387130000C,(04)23274275,(04)23288582,2023,8,16,11,37,臺中市,豐原區,0,0,0,7,,,50,,,,,,,,,,,,,,,7,,,,,B03,,,1,,2,,,7,,1,13,4,B03,120.723504,24.252139,3
6080,66000,387130000C,(04)23274275,(04)23288582,2023,8,16,11,38,臺中市,南區,0,1,0,6,3,6,50,13,9,1,4,4,6,6,4,4,5,4,5,2,13,7,2,9,2,1,C03,7,9,1,10,2,11,,7,7,1,13,4,C03,120.663083,24.12644,2
6081,66000,387130000C,(04)23274275,(04)23288582,2023,8,16,11,41,臺中市,大里區,0,1,0,5,2,6,50,13,9,1,4,4,6,6,4,4,5,5,5,1,17,51,3,10,3,1,B03,7,1,1,8,2,8,,51,51,1,13,4,B03,120.679997,24.095412,2
6082,66000,387130000C,(04)23274275,(04)23288582,2023,8,16,11,42,臺中市,北屯區,0,0,0,7,,,30,,,,,,,,,,,,,,16,12,,,,,B12,,,1,,2,,,12,12,1,13,4,B12,120.684806,24.201466,3
6083,66000,387130000C,(04)23274275,(04)23288582,2023,8,16,11,44,臺中市,南屯區,0,0,0,5,,,50,,,,,,,,,,,,,,12,51,,,,,B03,,,1,,1,,,51,51,1,13,4,B03,120.640931,24.138351,3
6084,66000,387130000C,(04)23274275,(04)23288582,2023,8,16,11,45,臺中市,西屯區,0,0,0,5,,,30,,,,,,,,,,,,,,,8,,,,,B03,,,1,,2,,,8,,1,12,4,B03,120.665666,24.169826,3
6085,66000,387130000C,(04)23274275,(04)23288582,2023,8,16,11,47,臺中市,沙鹿區,0,3,0,5,2,6,50,4,2,1,4,4,6,6,1,1,3,3,3,1,17,36,2,9,5,4,C03,7,6,3,19,2,14,,36,36,1,13,4,C03,120.570443,24.213473,2
6086,66000,387130000C,(04)23274275,(04)23288582,2023,8,16,11,48,臺中市,北區,0,0,0,5,,,50,,,,,,,,,,,,,,,8,,,,,A12,,,1,,1,,,8,,1,13,4,A12,120.693591,24.156623,3
6087,66000,387130000C,(04)23274275,(04)23288582,2023,8,16,11,48,臺中市,西屯區,0,2,0,5,2,6,50,3,1,1,4,4,6,6,4,4,10,5,5,2,17,51,2,9,1,1,C03,7,1,1,10,2,11,12,51,51,1,12,4,C03,120.648319,24.1693,2
6088,66000,387130000C,(04)23274275,(04)23288582,2023,8,16,11,50,臺中市,北屯區,0,0,0,7,,,40,,,,,,,,,,,,,,7,51,,,,,B03,,,1,,1,,,51,51,1,12,4,B03,120.66778,24.179423,3
6089,66000,387130000C,(04)23274275,(04)23288582,2023,8,16,11,52,臺中市,西屯區,0,0,0,5,,,50,,,,,,,,,,,,,,,84,,,,,B11,,,1,,2,,,84,,1,13,4,B11,120.611832,24.193146,3
6090,66000,387130000C,(04)23274275,(04)23288582,2023,8,16,11,55,臺中市,大里區,0,2,0,5,3,6,50,3,2,1,4,4,6,6,4,4,5,2,5,1,12,85,2,9,1,1,C03,7,9,1,10,2,14,,85,85,1,6,4,C03,120.689778,24.116317,2
6091,66000,387130000C,(04)23274275,(04)23288582,2023,8,16,11,59,臺中市,西屯區,0,1,0,5,3,6,40,4,2,1,4,4,6,6,2,1,1,2,4,2,17,7,2,9,5,4,C03,7,14,1,10,2,13,,87,7,1,13,4,C03,120.639083,24.164986,2
6092,66000,387130000C,(04)23274275,(04)23288582,2023,8,16,12,0,臺中市,大里區,0,1,0,5,3,6,50,13,9,1,4,4,6,6,4,4,9,4,5,1,17,48,2,7,1,1,C03,7,6,1,10,2,14,,48,48,1,6,4,C03,120.704727,24.087832,2
6093,66000,387130000C,(04)23274275,(04)23288582,2023,8,16,12,5,臺中市,東區,0,0,0,5,3,6,50,,,1,4,4,6,6,4,4,10,5,5,2,17,76,3,10,3,1,A11,7,15,1,3,1,6,,76,76,1,12,4,A11,120.695665,24.146968,3
6094,66000,387130000C,(04)23274275,(04)23288582,2023,8,16,12,5,臺中市,北屯區,0,1,0,5,2,6,50,4,1,1,4,4,6,5,4,4,10,5,5,2,16,14,3,10,1,1,C03,7,6,1,10,2,12,,14,14,1,13,4,C03,120.687573,24.171241,2
6095,66000,387130000C,(04)23274275,(04)23288582,2023,8,16,12,8,臺中市,西區,0,2,0,5,2,6,40,13,8,1,4,4,6,6,4,4,5,4,4,2,13,7,2,9,5,4,C03,7,9,1,10,2,11,,7,7,1,12,4,C03,120.665237,24.147793,2
6096,66000,387130000C,(04)23274275,(04)23288582,2023,8,16,12,9,臺中市,南區,0,0,0,7,,,50,,,,,,,,,,,,,,,40,,,,,B03,,,1,,2,,,40,,1,12,4,B03,120.655089,24.114918,3
6097,66000,387130000C,(04)23274275,(04)23288582,2023,8,16,12,9,臺中市,大里區,0,1,0,6,2,6,50,13,9,1,5,4,6,6,1,1,3,4,5,1,12,48,2,9,5,1,C03,7,6,1,10,2,14,,48,48,1,13,4,C03,120.679243,24.114151,2
6098,66000,387130000C,(04)23274275,(04)23288582,2023,8,16,12,12,臺中市,大肚區,0,0,0,7,,,50,,,,,,,,,,,,,,9,76,,,,,B03,,,3,,2,,,76,,1,12,4,B03,120.545981,24.148965,3
6099,66000,387130000C,(04)23274275,(04)23288582,2023,8,16,12,13,臺中市,東區,0,0,0,5,,,50,,,,,,,,,,,,,,17,59,,,,,B03,,,1,,2,,,59,,1,12,4,B03,120.690982,24.140689,3
6100,66000,387130000C,(04)23274275,(04)23288582,2023,8,16,12,13,臺中市,西屯區,0,0,0,5,,,50,,,,,,,,,,,,,,13,84,,,,,B03,,,1,,1,,,84,,1,13,4,B03,120.619859,24.180546,4
6101,66000,387130000C,(04)23274275,(04)23288582,2023,8,16,12,13,臺中市,神岡區,0,1,0,5,3,6,50,4,9,1,4,4,6,6,1,1,5,5,4,2,10,21,2,8,1,1,C03,7,9,1,10,2,12,,21,21,1,13,4,C03,120.655617,24.255485,2
6102,66000,387130000C,(04)23274275,(04)23288582,2023,8,16,12,15,臺中市,南區,0,1,0,5,3,6,50,11,7,1,4,4,6,6,1,1,3,5,4,2,13,7,2,9,2,1,C03,7,9,1,10,2,11,,7,7,1,13,4,C03,120.68371,24.12409,2
6103,66000,387130000C,(04)23274275,(04)23288582,2023,8,16,12,17,臺中市,北屯區,0,0,0,5,,,50,,,,,,,,,,,,,,16,84,,,,,C02,,,1,,1,,,84,84,1,12,4,C02,120.681069,24.168519,3
6104,66000,387130000C,(04)23274275,(04)23288582,2023,8,16,12,18,臺中市,大雅區,0,1,0,5,2,6,50,3,2,1,4,4,6,6,4,4,5,5,5,1,17,6,2,9,1,1,C03,7,9,1,10,2,14,,6,83,1,13,4,C03,120.655969,24.224815,2
6105,66000,387130000C,(04)23274275,(04)23288582,2023,8,16,12,21,臺中市,北區,0,0,0,5,,,50,,,,,,,,,,,,,,13,59,,,,,B03,,,1,,1,,,59,,1,12,4,B03,120.677974,24.149018,3
6106,66000,387130000C,(04)23274275,(04)23288582,2023,8,16,12,22,臺中市,東區,0,1,0,6,3,6,50,5,1,1,4,4,6,6,1,1,10,5,5,2,12,84,2,7,1,1,C03,7,9,1,10,2,12,,84,84,1,12,4,C03,120.702456,24.131538,2
6107,66000,387130000C,(04)23274275,(04)23288582,2023,8,16,12,23,臺中市,北區,0,0,0,5,,,50,,,,,,,,,,,,,,15,24,,,,,B03,,,1,,1,,,24,,1,13,4,B03,120.673823,24.145975,3
6108,66000,387130000C,(04)23274275,(04)23288582,2023,8,16,12,23,臺中市,南屯區,0,1,0,5,1,6,40,4,1,1,4,4,5,6,1,1,5,4,4,2,18,84,2,9,1,1,C03,7,9,1,10,2,12,,84,84,1,13,4,C03,120.652941,24.150879,2
6109,66000,387130000C,(04)23274275,(04)23288582,2023,8,16,12,23,臺中市,西屯區,0,0,0,5,,,50,,,,,,,,,,,,,,13,7,,,,,B02,,,1,,1,,,7,,1,12,4,B02,120.610145,24.187037,3
6110,66000,387130000C,(04)23274275,(04)23288582,2023,8,16,12,24,臺中市,潭子區,0,2,0,5,2,6,80,13,9,1,4,4,6,6,4,4,3,3,5,1,13,7,2,8,3,1,B12,7,9,1,7,2,1,,7,7,1,12,4,B12,120.714358,24.199972,2
6111,66000,387130000C,(04)23274275,(04)23288582,2023,8,16,12,25,臺中市,潭子區,0,1,0,5,2,6,50,13,9,1,4,4,6,6,4,4,8,4,5,2,14,49,3,10,3,1,B03,7,2,1,8,2,6,,49,49,1,13,4,B03,120.692372,24.220143,2
6112,66000,387130000C,(04)23274275,(04)23288582,2023,8,16,12,25,臺中市,東區,0,0,0,5,3,6,50,13,9,1,5,4,6,6,4,4,10,5,5,2,17,84,3,10,3,1,B03,7,9,1,8,2,2,,84,84,1,12,4,B03,120.696407,24.125378,3
6113,66000,387130000C,(04)23274275,(04)23288582,2023,8,16,12,43,臺中市,潭子區,0,0,0,5,,,30,,,,,,,,,,,,,,,59,,,,,B03,,,1,,9,,,59,,1,12,4,B03,120.708342,24.215821,3
6114,66000,387130000C,(04)23274275,(04)23288582,2023,8,16,12,44,臺中市,南區,0,2,0,6,1,6,50,4,1,1,4,4,6,6,2,1,5,4,4,2,12,48,2,9,1,1,C03,7,6,1,10,2,14,,48,48,1,12,4,C03,120.666731,24.114148,2
6115,66000,387130000C,(04)23274275,(04)23288582,2023,8,16,12,51,臺中市,西區,0,2,0,5,2,6,40,3,1,1,4,4,6,6,1,1,10,5,5,2,13,7,3,10,2,1,C03,7,9,1,10,2,11,,7,7,1,12,4,C03,120.658502,24.155427,2
6116,66000,387130000C,(04)23274275,(04)23288582,2023,8,16,12,51,臺中市,北區,0,1,0,5,2,6,50,13,9,1,4,4,6,6,2,2,3,4,5,2,13,84,2,9,2,1,C03,7,9,1,10,2,11,,84,84,1,11,4,C03,120.692034,24.160529,2
6117,66000,387130000C,(04)23274275,(04)23288582,2023,8,16,12,51,臺中市,西屯區,0,1,0,6,3,6,50,3,1,1,4,4,6,6,4,4,5,5,4,2,17,14,3,10,5,4,B03,7,5,1,8,2,2,,14,14,1,13,4,B03,120.636162,24.170217,2
6118,66000,387130000C,(04)23274275,(04)23288582,2023,8,16,12,56,臺中市,新社區,0,1,0,5,3,6,50,13,9,1,4,4,6,6,4,4,9,5,5,1,17,58,3,10,3,1,B03,7,11,1,8,2,5,,58,58,1,12,4,B03,120.807552,24.254286,2
6119,66000,387130000C,(04)23274275,(04)23288582,2023,8,16,13,3,臺中市,清水區,0,1,0,5,3,6,50,4,1,1,4,4,6,6,1,1,1,4,4,2,16,8,2,8,2,1,C03,7,9,1,10,2,12,,87,8,1,12,4,C03,120.573105,24.263377,2
6120,66000,387130000C,(04)23274275,(04)23288582,2023,8,16,13,5,臺中市,神岡區,0,1,0,5,3,6,50,3,1,1,4,4,6,2,4,4,10,5,5,2,17,20,3,10,5,4,B03,7,6,1,8,2,1,,20,20,1,13,4,B03,120.656855,24.267154,2
6121,66000,387130000C,(04)23274275,(04)23288582,2023,8,16,13,7,臺中市,中區,0,0,0,5,,,50,,,,,,,,,,,,,,,84,,,,,A11,,,1,,2,,,84,,1,6,4,A11,120.680304,24.14178,3
6122,66000,387130000C,(04)23274275,(04)23288582,2023,8,16,13,12,臺中市,東區,0,1,0,5,3,6,50,13,9,1,4,4,6,6,4,4,1,4,5,2,23,84,2,9,1,1,C03,7,9,5,18,2,11,,84,84,1,13,4,C03,120.685895,24.142607,2
6123,66000,387130000C,(04)23274275,(04)23288582,2023,8,16,13,19,臺中市,西區,0,1,0,5,3,6,50,4,1,1,4,4,6,6,2,1,10,5,5,2,16,47,3,10,3,1,B03,7,5,1,8,2,2,,47,47,1,13,4,B03,120.661688,24.140163,2
6124,66000,387130000C,(04)23274275,(04)23288582,2023,8,16,13,19,臺中市,神岡區,0,0,0,5,,,50,,,,,,,,,,,,,,,8,,,,,C03,,,1,,1,,,8,,1,13,4,C03,120.696051,24.248978,3
6125,66000,387130000C,(04)23274275,(04)23288582,2023,8,16,13,23,臺中市,北屯區,0,2,0,5,3,6,50,13,9,1,4,4,6,6,4,4,1,4,5,2,17,84,2,9,2,1,C03,7,9,1,10,2,16,,84,84,1,12,4,C03,120.697235,24.170023,2
6126,66000,387130000C,(04)23274275,(04)23288582,2023,8,16,13,25,臺中市,北區,0,0,0,5,3,6,30,3,9,1,4,4,6,6,4,4,10,5,5,2,17,119,,,,,,,,,,,,,119,,1,,,,120.694182,24.154141,3
6127,66000,387130000C,(04)23274275,(04)23288582,2023,8,16,13,25,臺中市,北屯區,0,0,0,5,,,40,,,,,,,,,,,,,,17,51,,,,,A11,,,1,,1,,,51,,1,13,4,A11,120.719974,24.162726,3
6128,66000,387130000C,(04)23274275,(04)23288582,2023,8,16,13,25,臺中市,清水區,0,0,0,7,,,50,,,,,,,,,,,,,,,58,,,,,B12,,,1,,1,,,58,,1,12,4,B12,120.544048,24.263113,3
6129,66000,387130000C,(04)23274275,(04)23288582,2023,8,16,13,26,臺中市,豐原區,0,1,0,5,2,6,50,4,1,1,4,4,6,6,2,1,1,3,4,1,16,21,3,10,3,1,B03,7,9,1,8,2,8,,21,21,1,13,4,B03,120.746305,24.265582,2
6130,66000,387130000C,(04)23274275,(04)23288582,2023,8,16,13,28,臺中市,豐原區,0,1,0,5,2,6,50,13,7,1,4,4,6,6,4,4,4,5,4,2,18,6,2,9,1,1,C03,7,9,1,10,2,14,,6,6,1,6,4,C03,120.725093,24.242923,2
6131,66000,387130000C,(04)23274275,(04)23288582,2023,8,16,13,29,臺中市,北屯區,0,0,0,5,,,50,,,,,,,,,,,,,,12,8,,,,,B03,,,1,,1,,,8,,1,13,4,B03,120.685303,24.170844,3
6132,66000,387130000C,(04)23274275,(04)23288582,2023,8,16,13,30,臺中市,東區,0,1,0,5,3,6,50,4,1,1,4,4,6,6,4,4,10,5,5,2,30,84,2,9,1,1,C03,7,9,1,10,2,11,,84,84,1,12,4,C03,120.706973,24.142151,2
6133,66000,387130000C,(04)23274275,(04)23288582,2023,8,16,13,34,臺中市,豐原區,0,0,0,5,,,50,,,,,,,,,,,,,,17,8,,,,,A11,,,1,,9,,,8,,1,13,4,A11,120.720837,24.250632,3
6134,66000,387130000C,(04)23274275,(04)23288582,2023,8,16,13,36,臺中市,大里區,0,2,0,5,2,6,50,13,9,1,4,4,6,6,4,4,9,5,5,1,17,59,2,9,5,4,C03,7,9,1,10,2,16,,59,59,1,5,4,C03,120.697324,24.090362,2
6135,66000,387130000C,(04)23274275,(04)23288582,2023,8,16,13,37,臺中市,太平區,0,1,0,5,2,6,50,13,9,1,4,4,6,6,4,4,5,4,5,1,28,59,2,9,1,1,C03,7,9,1,10,2,12,,59,59,1,12,4,C03,120.712091,24.123703,2
6136,66000,387130000C,(04)23274275,(04)23288582,2023,8,16,13,48,臺中市,豐原區,0,2,0,5,2,6,50,4,2,1,4,4,6,6,3,1,4,4,5,2,11,39,2,9,1,1,C03,7,6,3,19,2,11,12,39,39,1,13,4,C03,120.706377,24.254675,2
6137,66000,387130000C,(04)23274275,(04)23288582,2023,8,16,13,50,臺中市,西屯區,0,2,0,6,2,6,30,4,1,1,4,1,6,6,4,4,5,5,5,2,15,15,2,9,2,1,C03,7,9,1,10,2,12,,15,15,1,13,4,C03,120.641518,24.17192,2