序號,縣市別代碼,機關代碼,市話,傳真,年,月,日,時,分,縣市,區,死亡數量,受傷數量,2-30,天候,光線,道路類別,速限,道路型態,事故位置,路面鋪裝,路面狀態,路面缺陷,障礙物,視距,號誌種類,號誌動作,分向設施,快車道或一般車道間,快慢車道間,路面邊線,事故類型及型態,主要肇因,受傷程度,主要傷處,保護裝備,行動電話,當事者區分(類別),車輛用途,當事者行動狀態,駕駛資格情形,駕駛執照種類,飲酒情形,車輛撞擊部位最初,車輛撞擊部位其他,肇事因素個別,肇事因素主要,肇事逃逸,職業,旅次目的,車種,GPS座標X,GPS座標Y,事故類別
6138,66000,387130000C,(04)23274275,(04)23288582,2023,8,16,13,53,臺中市,北區,0,0,0,7,,,50,,,,,,,,,,,,,,14,49,,,,,B03,,,1,,2,,,49,,1,13,4,B03,120.679882,24.167072,3
6139,66000,387130000C,(04)23274275,(04)23288582,2023,8,16,13,56,臺中市,西屯區,0,1,0,7,2,6,50,3,1,1,5,4,6,6,1,1,5,4,5,2,13,84,2,9,1,1,C03,7,9,1,10,2,11,,84,7,1,12,4,C03,120.656013,24.180062,2
6140,66000,387130000C,(04)23274275,(04)23288582,2023,8,16,13,57,臺中市,西屯區,0,0,0,7,,,40,,,,,,,,,,,,,,,84,,,,,B03,,,1,,1,,,84,,1,13,4,B03,120.6222,24.178978,3
6141,66000,387130000C,(04)23274275,(04)23288582,2023,8,16,13,59,臺中市,大里區,0,0,0,5,,,40,,,,,,,,,,,,,,,49,,,,,B03,,,1,,2,,,49,49,1,6,4,B03,120.695745,24.090494,3
6142,66000,387130000C,(04)23274275,(04)23288582,2023,8,16,14,0,臺中市,豐原區,0,0,0,5,,,50,,,,,,,,,,,,,,16,40,,,,,C03,,,1,,2,,,40,,1,6,4,C03,120.716337,24.243658,3
6143,66000,387130000C,(04)23274275,(04)23288582,2023,8,16,14,1,臺中市,北屯區,0,1,0,7,2,6,50,13,7,1,4,4,6,6,4,4,5,5,4,2,18,84,2,9,1,1,C03,7,9,1,10,2,14,,84,84,1,12,4,C03,120.691925,24.170461,2
6144,66000,387130000C,(04)23274275,(04)23288582,2023,8,16,14,2,臺中市,大雅區,0,1,0,6,2,6,50,13,9,1,4,4,6,6,4,4,5,5,5,1,13,7,3,10,3,1,B12,7,9,1,7,2,1,,7,7,1,13,4,B12,120.644911,24.222957,2
6145,66000,387130000C,(04)23274275,(04)23288582,2023,8,16,14,2,臺中市,西區,0,1,0,6,2,6,30,3,1,1,4,4,6,6,4,4,10,5,5,2,17,14,3,10,5,4,B02,7,5,1,8,2,8,,14,14,1,12,4,B02,120.656671,24.152768,2
6146,66000,387130000C,(04)23274275,(04)23288582,2023,8,16,14,5,臺中市,神岡區,0,0,0,5,,,50,,,,,,,,,,,,,,,49,,,,,B12,,,1,,2,,,49,,1,12,4,B12,120.698419,24.235524,3
6147,66000,387130000C,(04)23274275,(04)23288582,2023,8,16,14,8,臺中市,北區,0,0,0,7,,,50,,,,,,,,,,,,,,17,59,,,,,B03,,,1,,2,,,87,59,1,12,4,B03,120.685883,24.162874,3
6148,66000,387130000C,(04)23274275,(04)23288582,2023,8,16,14,11,臺中市,西屯區,0,0,0,7,,,40,,,,,,,,,,,,,,,84,,,,,A12,,,1,,2,,,84,,1,13,4,A12,120.654544,24.176284,3
6149,66000,387130000C,(04)23274275,(04)23288582,2023,8,16,14,14,臺中市,梧棲區,0,1,0,7,1,6,40,13,8,1,4,4,6,6,1,1,1,4,3,1,17,51,3,10,5,4,B03,7,1,1,8,2,15,,51,51,1,12,4,B03,120.546577,24.246142,2
6150,66000,387130000C,(04)23274275,(04)23288582,2023,8,16,14,16,臺中市,西區,0,0,0,7,,,50,,,,,,,,,,,,,,13,7,,,,,B03,,,1,,1,,,7,,1,13,4,B03,120.671161,24.134307,3
6151,66000,387130000C,(04)23274275,(04)23288582,2023,8,16,14,16,臺中市,太平區,0,2,0,6,2,6,50,4,1,1,5,4,6,6,2,1,10,5,5,2,15,21,2,9,3,1,B03,7,9,1,8,2,8,,21,21,1,12,4,B03,120.712505,24.15733,2
6152,66000,387130000C,(04)23274275,(04)23288582,2023,8,16,14,23,臺中市,梧棲區,0,0,0,7,,,50,,,,,,,,,,,,,,16,11,,,,,C03,,,1,,9,,,59,11,1,6,4,C03,120.53813,24.247321,3
6153,66000,387130000C,(04)23274275,(04)23288582,2023,8,16,14,24,臺中市,西屯區,0,1,0,6,3,6,50,3,1,1,5,4,6,6,4,4,10,5,5,2,18,84,2,9,2,1,C03,7,9,1,10,2,14,,84,84,1,12,4,C03,120.658834,24.159737,2
6154,66000,387130000C,(04)23274275,(04)23288582,2023,8,16,14,25,臺中市,南屯區,0,0,0,7,,,50,,,,,,,,,,,,,,12,40,,,,,B03,,,1,,1,,,40,,1,13,4,B03,120.625024,24.14515,3
6155,66000,387130000C,(04)23274275,(04)23288582,2023,8,16,14,26,臺中市,北屯區,0,2,0,6,2,6,50,4,1,1,5,4,6,6,4,4,10,5,5,2,16,12,2,9,1,1,C03,7,6,1,10,2,11,,12,12,1,13,4,C03,120.692201,24.18421,2
6156,66000,387130000C,(04)23274275,(04)23288582,2023,8,16,14,28,臺中市,西屯區,0,0,0,6,,,30,,,,,,,,,,,,,,16,8,,,,,B03,,,1,,1,,,8,,1,12,4,B03,120.636493,24.168913,3
6157,66000,387130000C,(04)23274275,(04)23288582,2023,8,16,14,30,臺中市,大雅區,0,0,0,7,,,50,,,,,,,,,,,,,,12,7,,,,,B03,,,1,,2,,,7,,1,13,4,B03,120.666422,24.21794,3
6158,66000,387130000C,(04)23274275,(04)23288582,2023,8,16,14,30,臺中市,清水區,0,0,0,7,,,30,,,,,,,,,,,,,,,49,,,,,B12,,,1,,11,,,49,49,1,12,4,B12,120.63081,24.292351,3
6159,66000,387130000C,(04)23274275,(04)23288582,2023,8,16,14,32,臺中市,西屯區,0,0,0,7,,,30,,,,,,,,,,,,,,,49,,,,,B03,,,1,,1,,,49,,1,13,4,B03,120.642876,24.173252,3
6160,66000,387130000C,(04)23274275,(04)23288582,2023,8,16,14,33,臺中市,大雅區,0,1,0,7,2,6,50,5,1,1,5,4,6,6,1,1,5,2,5,1,23,83,2,9,3,1,B03,7,6,1,8,2,1,,83,83,1,13,4,B03,120.653545,24.221255,2
6161,66000,387130000C,(04)23274275,(04)23288582,2023,8,16,14,35,臺中市,大甲區,0,0,0,7,,,50,,,,,,,,,,,,,,12,47,,,,,B12,,,1,,1,,,47,,1,13,4,B12,120.651987,24.383398,4
6162,66000,387130000C,(04)23274275,(04)23288582,2023,8,16,14,40,臺中市,沙鹿區,0,0,0,7,,,50,,,,,,,,,,,,,,,7,,,,,B03,,,1,,2,,,7,,1,6,4,B03,120.562313,24.25294,3
6163,66000,387130000C,(04)23274275,(04)23288582,2023,8,16,14,50,臺中市,南屯區,0,0,0,6,,,50,,,,,,,,,,,,,,,51,,,,,B03,,,1,,1,,,51,,1,12,4,B03,120.653221,24.141179,3
6164,66000,387130000C,(04)23274275,(04)23288582,2023,8,16,14,52,臺中市,東勢區,0,1,0,5,2,6,30,13,9,1,3,4,6,6,4,4,10,5,5,1,18,84,2,9,1,1,C03,7,9,1,10,2,15,,84,84,1,12,4,C03,120.858737,24.229422,2
6165,66000,387130000C,(04)23274275,(04)23288582,2023,8,16,15,0,臺中市,豐原區,0,1,0,7,2,6,50,13,7,1,5,4,6,6,1,1,5,5,4,2,13,58,3,10,3,1,B03,7,9,1,8,2,1,,58,58,1,13,4,B03,120.716279,24.261302,2
6166,66000,387130000C,(04)23274275,(04)23288582,2023,8,16,15,3,臺中市,大里區,0,1,0,7,2,6,50,13,9,1,5,4,6,6,4,4,9,5,5,1,13,58,3,10,3,1,B03,7,9,1,8,2,8,,58,58,1,13,4,B03,120.697594,24.090319,2
6167,66000,387130000C,(04)23274275,(04)23288582,2023,8,16,15,6,臺中市,太平區,0,0,0,6,,,50,,,,,,,,,,,,,,17,59,,,,,B03,,,1,,1,,,59,,1,6,4,B03,120.717584,24.152594,3
6168,66000,387130000C,(04)23274275,(04)23288582,2023,8,16,15,10,臺中市,沙鹿區,0,1,0,6,2,6,40,13,8,1,5,4,6,6,4,4,10,3,5,1,17,59,2,9,2,1,C03,7,21,1,10,2,15,,59,59,1,6,4,C03,120.575457,24.25713,2
6169,66000,387130000C,(04)23274275,(04)23288582,2023,8,16,15,12,臺中市,南屯區,0,2,0,6,2,6,50,4,1,1,5,4,6,6,2,1,1,2,4,2,16,11,2,7,3,1,B03,7,6,1,8,2,5,,11,11,1,6,4,B03,120.647789,24.150775,2
6170,66000,387130000C,(04)23274275,(04)23288582,2023,8,16,15,21,臺中市,西區,0,0,0,7,,,50,,,,,,,,,,,,,,,7,,,,,B12,,,5,,2,,,7,,1,6,4,B12,120.665874,24.134659,3
6171,66000,387130000C,(04)23274275,(04)23288582,2023,8,16,15,22,臺中市,沙鹿區,0,1,0,7,2,6,50,3,1,1,5,4,6,6,1,1,10,5,5,2,16,48,2,9,2,1,C03,7,6,1,10,2,13,,48,48,1,13,4,C03,120.575783,24.248307,2
6172,66000,387130000C,(04)23274275,(04)23288582,2023,8,16,15,26,臺中市,西屯區,0,2,0,6,2,6,50,4,2,1,4,4,6,6,2,1,5,4,5,2,12,40,3,10,5,4,B03,7,8,1,8,2,8,,40,40,1,12,4,B03,120.655193,24.16431,2
6173,66000,387130000C,(04)23274275,(04)23288582,2023,8,16,15,28,臺中市,東區,0,0,0,7,,,50,,,,,,,,,,,,,,,7,,,,,C03,,,3,,2,,,7,,1,13,5,C03,120.693742,24.139979,3
6174,66000,387130000C,(04)23274275,(04)23288582,2023,8,16,15,34,臺中市,西區,0,1,0,6,3,6,50,3,1,1,5,4,6,6,4,4,10,5,5,2,16,14,3,10,3,1,B03,7,6,1,8,2,8,,14,14,1,12,4,B03,120.66315,24.144333,2
6175,66000,387130000C,(04)23274275,(04)23288582,2023,8,16,15,45,臺中市,西屯區,0,0,0,7,,,60,,,,,,,,,,,,,,13,84,,,,,B03,,,1,,1,,,84,,1,13,4,B03,120.641018,24.167806,3
6176,66000,387130000C,(04)23274275,(04)23288582,2023,8,16,15,48,臺中市,梧棲區,0,0,0,7,,,30,,,,,,,,,,,,,,,41,,,,,B12,,,1,,1,,,41,41,1,12,4,B12,120.524235,24.226312,3
6177,66000,387130000C,(04)23274275,(04)23288582,2023,8,16,15,55,臺中市,沙鹿區,0,0,0,7,,,40,,,,,,,,,,,,,,,78,,,,,B12,,,1,,1,,,78,,1,6,4,B12,120.567892,24.236982,3
6178,66000,387130000C,(04)23274275,(04)23288582,2023,8,16,16,0,臺中市,南屯區,0,1,0,7,2,6,50,4,13,1,5,4,6,6,4,4,1,4,5,2,12,8,3,10,6,1,F01,7,9,7,21,2,12,,8,8,1,12,4,F01,120.646548,24.147762,2
6179,66000,387130000C,(04)23274275,(04)23288582,2023,8,16,16,2,臺中市,太平區,0,0,0,7,,,30,,,,,,,,,,,,,,,7,,,,,C03,,,1,,2,,,7,,1,13,4,C03,120.701365,24.148024,3
6180,66000,387130000C,(04)23274275,(04)23288582,2023,8,16,16,2,臺中市,沙鹿區,0,3,0,6,2,6,50,4,1,1,5,4,6,6,4,4,10,5,5,2,15,12,2,9,2,1,C03,7,9,1,10,2,15,,12,12,1,13,4,C03,120.558464,24.236745,2
6181,66000,387130000C,(04)23274275,(04)23288582,2023,8,16,16,3,臺中市,大雅區,0,0,0,7,,,30,,,,,,,,,,,,,,14,49,,,,,B12,,,1,,2,,,49,,1,13,4,B12,120.656859,24.217441,3
6182,66000,387130000C,(04)23274275,(04)23288582,2023,8,16,16,8,臺中市,大里區,0,0,0,7,,,30,,,,,,,,,,,,,,,49,,,,,B03,,,1,,2,,,49,,1,12,4,B03,120.664723,24.098293,3
6183,66000,387130000C,(04)23274275,(04)23288582,2023,8,16,16,15,臺中市,東勢區,0,1,0,7,2,6,40,13,9,1,5,4,6,6,4,4,10,5,5,1,14,49,3,10,5,4,B03,7,2,1,8,2,3,,49,49,1,12,4,B03,120.830732,24.252715,2
6184,66000,387130000C,(04)23274275,(04)23288582,2023,8,16,16,20,臺中市,西屯區,0,0,0,7,,,60,,,,,,,,,,,,,,13,84,,,,,B12,,,5,,1,,,84,,1,13,4,B12,120.641018,24.167806,3
6185,66000,387130000C,(04)23274275,(04)23288582,2023,8,16,16,21,臺中市,西區,0,2,0,7,2,6,30,3,1,1,5,4,6,6,4,4,10,5,5,2,17,84,2,9,5,4,C03,7,6,1,9,2,14,,84,84,1,12,4,C03,120.655724,24.135128,2
6186,66000,387130000C,(04)23274275,(04)23288582,2023,8,16,16,21,臺中市,北屯區,0,0,0,7,,,50,,,,,,,,,,,,,,9,8,,,,,B03,,,1,,1,,,8,8,1,6,4,B03,120.688834,24.176421,3
6187,66000,387130000C,(04)23274275,(04)23288582,2023,8,16,16,27,臺中市,北區,0,1,0,7,2,6,50,4,1,1,5,4,6,6,2,1,10,5,4,2,16,48,3,10,3,1,B03,7,6,1,8,2,4,,48,48,1,12,4,B03,120.670491,24.157514,2
6188,66000,387130000C,(04)23274275,(04)23288582,2023,8,16,16,28,臺中市,北區,0,0,0,6,,,50,,,,,,,,,,,,,,,59,,,,,B03,,,1,,1,,,59,,1,13,4,B03,120.676165,24.158286,3
6189,66000,387130000C,(04)23274275,(04)23288582,2023,8,16,16,40,臺中市,南屯區,0,0,0,6,,,50,,,,,,,,,,,,,,,49,,,,,B12,,,1,,2,,,49,,1,12,4,B12,120.645838,24.139405,3
6190,66000,387130000C,(04)23274275,(04)23288582,2023,8,16,16,40,臺中市,烏日區,0,0,0,7,,,60,,,,,,,,,,,,,,14,49,,,,,B03,,,1,,2,,,49,,1,13,4,B03,120.646232,24.110101,3
6191,66000,387130000C,(04)23274275,(04)23288582,2023,8,16,16,42,臺中市,西區,0,1,0,7,2,6,50,13,9,1,5,4,6,6,4,4,5,4,5,2,16,40,2,9,1,1,C03,7,7,1,10,2,13,,40,40,1,13,4,C03,120.656196,24.150794,2
6192,66000,387130000C,(04)23274275,(04)23288582,2023,8,16,16,45,臺中市,東區,0,3,0,7,2,6,50,3,1,1,5,4,3,6,4,4,10,5,5,2,16,20,2,9,1,1,C03,7,9,1,10,2,13,11,6,20,1,12,4,C03,120.697194,24.147127,2
6193,66000,387130000C,(04)23274275,(04)23288582,2023,8,16,16,50,臺中市,北區,0,1,0,7,3,6,50,3,1,1,5,4,6,6,4,4,10,5,5,2,13,7,3,10,3,1,B12,7,9,1,8,2,1,,7,7,1,13,4,B12,120.669463,24.170018,2
6194,66000,387130000C,(04)23274275,(04)23288582,2023,8,16,16,53,臺中市,烏日區,0,0,0,7,,,50,,,,,,,,,,,,,,,84,,,,,B01,,,1,,2,,,84,84,1,12,4,B01,120.6166,24.111864,3
6195,66000,387130000C,(04)23274275,(04)23288582,2023,8,16,16,58,臺中市,大雅區,0,0,0,7,,,50,,,,,,,,,,,,,,16,32,,,,,B03,,,1,,2,,,32,,1,13,4,B03,120.629059,24.206872,3
6196,66000,387130000C,(04)23274275,(04)23288582,2023,8,16,16,59,臺中市,西區,0,2,0,7,3,6,50,5,1,1,5,4,6,6,1,1,10,5,5,2,16,51,2,9,1,1,C03,7,1,1,10,2,14,,51,51,1,6,4,C03,120.658842,24.145535,2
6197,66000,387130000C,(04)23274275,(04)23288582,2023,8,16,16,59,臺中市,梧棲區,0,0,0,7,,,30,,,,,,,,,,,,,,15,51,,,,,B01,,,1,,1,,,51,51,1,6,4,B01,120.528429,24.259305,3
6198,66000,387130000C,(04)23274275,(04)23288582,2023,8,16,17,0,臺中市,外埔區,0,0,0,7,,,50,,,,,,,,,,,,,,17,109,,,,,H03,,,1,,2,,,109,,1,12,4,H03,120.637786,24.341437,3
6199,66000,387130000C,(04)23274275,(04)23288582,2023,8,16,17,6,臺中市,北屯區,0,0,0,7,,,50,,,,,,,,,,,,,,,59,,,,,B12,,,1,,1,,,59,59,1,12,4,B12,120.701475,24.180631,3
6200,66000,387130000C,(04)23274275,(04)23288582,2023,8,16,17,6,臺中市,北屯區,0,0,0,7,,,50,,,,,,,,,,,,,,16,48,,,,,B02,,,1,,2,,,48,,1,12,4,B02,120.665368,24.191184,3
6201,66000,387130000C,(04)23274275,(04)23288582,2023,8,16,17,7,臺中市,南屯區,0,0,0,7,,,40,,,,,,,,,,,,,,12,51,,,,,B03,,,1,,2,,,51,,1,6,4,B03,120.63754,24.143677,3
6202,66000,387130000C,(04)23274275,(04)23288582,2023,8,16,17,7,臺中市,太平區,0,0,0,6,,,30,,,,,,,,,,,,,,13,7,,,,,F03,,,7,,2,,,7,,1,6,4,F03,120.733365,24.105601,3
6203,66000,387130000C,(04)23274275,(04)23288582,2023,8,16,17,8,臺中市,龍井區,0,2,0,7,3,6,50,13,9,1,5,4,6,6,4,4,5,5,4,2,17,39,2,9,5,4,C03,7,6,1,10,2,11,,39,39,1,12,4,C03,120.564046,24.200539,2
6204,66000,387130000C,(04)23274275,(04)23288582,2023,8,16,17,10,臺中市,潭子區,0,2,0,7,2,6,40,4,1,1,5,4,6,6,3,1,10,5,5,2,16,20,3,10,3,1,B03,7,6,1,8,2,1,,20,20,1,12,4,B03,120.69472,24.219239,2
6205,66000,387130000C,(04)23274275,(04)23288582,2023,8,16,17,10,臺中市,大雅區,0,2,0,7,2,6,50,3,1,1,5,4,6,6,4,4,5,4,5,1,17,14,2,9,1,1,C03,7,6,1,10,2,14,,14,14,1,12,4,C03,120.624083,24.209466,2
6206,66000,387130000C,(04)23274275,(04)23288582,2023,8,16,17,13,臺中市,大雅區,0,0,0,7,,,50,,,,,,,,,,,,,,12,7,,,,,B03,,,1,,2,,,7,,1,13,4,B03,120.644118,24.208067,3
6207,66000,387130000C,(04)23274275,(04)23288582,2023,8,16,17,14,臺中市,西區,0,2,0,6,3,6,50,4,1,1,5,4,6,6,1,1,10,5,5,2,12,87,2,9,1,1,C03,7,9,1,10,2,12,,87,87,1,12,4,C03,120.663096,24.146699,2
6208,66000,387130000C,(04)23274275,(04)23288582,2023,8,16,17,15,臺中市,大雅區,0,0,0,7,,,50,,,,,,,,,,,,,,16,7,,,,,C03,,,1,,2,,,7,,1,13,4,C03,120.654654,24.249122,3
6209,66000,387130000C,(04)23274275,(04)23288582,2023,8,16,17,15,臺中市,北屯區,0,2,0,7,2,6,30,3,1,1,5,4,6,6,4,4,10,5,5,2,16,14,2,9,4,1,F01,7,6,7,21,2,14,,14,14,1,4,4,F01,120.717158,24.176193,2
6210,66000,387130000C,(04)23274275,(04)23288582,2023,8,16,17,15,臺中市,太平區,0,0,0,7,,,80,,,,,,,,,,,,,,12,40,,,,,B03,,,1,,1,,,40,,1,6,4,B03,120.718283,24.159024,3
6211,66000,387130000C,(04)23274275,(04)23288582,2023,8,16,17,15,臺中市,烏日區,0,2,0,7,2,6,50,12,9,1,5,4,6,6,4,4,4,4,5,1,17,40,2,9,2,1,C03,7,9,1,10,2,11,,58,40,1,6,4,C03,120.643866,24.083346,2
6212,66000,387130000C,(04)23274275,(04)23288582,2023,8,16,17,18,臺中市,太平區,0,1,0,6,2,6,50,3,2,1,5,4,6,6,4,4,5,5,5,1,14,49,3,10,3,1,B03,7,2,1,8,2,7,,49,49,1,12,4,B03,120.721384,24.128744,2
6213,66000,387130000C,(04)23274275,(04)23288582,2023,8,16,17,19,臺中市,龍井區,0,0,0,7,,,50,,,,,,,,,,,,,,,84,,,,,B03,,,1,,2,,,84,84,1,13,4,B03,120.581942,24.176214,3
6214,66000,387130000C,(04)23274275,(04)23288582,2023,8,16,17,19,臺中市,大甲區,0,1,0,7,3,6,50,4,1,1,5,4,6,3,4,4,10,5,5,2,15,15,2,5,2,1,C03,7,9,1,10,2,12,,15,15,1,13,4,C03,120.620479,24.351691,2
6215,66000,387130000C,(04)23274275,(04)23288582,2023,8,16,17,24,臺中市,太平區,0,1,0,7,2,6,50,4,1,1,5,4,6,6,4,4,10,5,5,2,16,14,2,8,1,1,F03,7,6,7,21,2,12,,14,14,1,13,4,F03,120.716206,24.105861,2
6216,66000,387130000C,(04)23274275,(04)23288582,2023,8,16,17,25,臺中市,南屯區,0,0,0,7,,,50,,,,,,,,,,,,,,,51,,,,,B03,,,1,,1,,,51,,1,13,4,B03,120.613599,24.139002,3
6217,66000,387130000C,(04)23274275,(04)23288582,2023,8,16,17,25,臺中市,西屯區,0,1,0,6,2,6,50,13,9,1,4,4,6,6,4,4,3,4,5,1,13,7,3,10,5,4,B03,7,9,1,8,2,5,,7,7,1,12,4,B03,120.620276,24.187514,2
6218,66000,387130000C,(04)23274275,(04)23288582,2023,8,16,17,25,臺中市,霧峰區,0,0,0,7,,,30,,,,,,,,,,,,,,,8,,,,,B03,,,1,,2,,,8,,1,13,4,B03,120.679882,24.067972,3
6219,66000,387130000C,(04)23274275,(04)23288582,2023,8,16,17,28,臺中市,北區,0,2,0,7,2,6,50,3,2,1,5,4,6,6,1,1,1,4,4,2,12,40,2,9,1,1,C03,7,7,1,10,2,12,,40,40,1,12,4,C03,120.683814,24.146173,2
6220,66000,387130000C,(04)23274275,(04)23288582,2023,8,16,17,29,臺中市,北區,0,0,0,6,,,50,,,,,,,,,,,,,,,85,,,,,C03,,,1,,2,,,85,85,1,13,4,C03,120.673189,24.171694,3
6221,66000,387130000C,(04)23274275,(04)23288582,2023,8,16,17,30,臺中市,西屯區,0,1,0,7,2,6,50,3,1,1,5,4,6,6,1,1,10,5,5,2,16,11,3,10,3,1,B12,7,6,1,8,2,5,,11,11,1,13,4,B12,120.605256,24.171538,2
6222,66000,387130000C,(04)23274275,(04)23288582,2023,8,16,17,30,臺中市,沙鹿區,0,0,0,7,,,60,,,,,,,,,,,,,,,49,,,,,B03,,,1,,2,,,49,,1,6,4,B03,120.575288,24.247375,3
6223,66000,387130000C,(04)23274275,(04)23288582,2023,8,16,17,31,臺中市,大里區,0,0,0,7,,,30,,,,,,,,,,,,,,25,8,,,,,B03,,,1,,2,,,8,,1,13,4,B03,120.686413,24.076181,3
6224,66000,387130000C,(04)23274275,(04)23288582,2023,8,16,17,34,臺中市,西區,0,1,0,7,3,6,50,13,9,1,5,4,6,6,4,4,5,5,5,2,18,84,2,9,4,1,F03,7,9,7,21,2,11,,84,84,1,13,4,F03,120.660365,24.146951,2
6225,66000,387130000C,(04)23274275,(04)23288582,2023,8,16,17,34,臺中市,西屯區,0,0,0,7,,,50,,,,,,,,,,,,,,,84,,,,,B12,,,1,,1,,,84,,1,13,4,B12,120.613849,24.174838,3
6226,66000,387130000C,(04)23274275,(04)23288582,2023,8,16,17,34,臺中市,西屯區,0,1,0,7,2,6,50,3,1,1,5,4,6,6,4,4,10,5,5,2,17,12,3,10,5,4,B03,7,5,1,8,2,4,,12,20,1,13,4,B03,120.626503,24.177643,2
6227,66000,387130000C,(04)23274275,(04)23288582,2023,8,16,17,34,臺中市,大甲區,0,1,0,7,3,6,50,5,1,1,5,4,6,6,2,1,10,5,5,2,12,8,3,10,3,1,B03,7,8,1,8,2,2,,8,8,1,13,4,B03,120.63189,24.354996,2
6228,66000,387130000C,(04)23274275,(04)23288582,2023,8,16,17,36,臺中市,烏日區,0,1,0,7,3,6,50,13,9,1,5,4,6,6,4,4,9,5,5,2,14,49,3,10,3,1,B03,7,2,1,8,2,6,,49,49,1,12,4,B03,120.598151,24.110204,2
6229,66000,387130000C,(04)23274275,(04)23288582,2023,8,16,17,37,臺中市,北區,0,1,0,7,2,6,50,13,9,1,5,4,6,6,4,4,3,4,5,2,16,40,2,8,2,1,C03,7,8,1,10,2,14,,40,40,1,13,4,C03,120.683293,24.146193,2
6230,66000,387130000C,(04)23274275,(04)23288582,2023,8,16,17,39,臺中市,北屯區,0,0,0,7,,,50,,,,,,,,,,,,,,13,59,,,,,B12,,,1,,2,,,59,,1,6,4,B12,120.685283,24.179112,3
6231,66000,387130000C,(04)23274275,(04)23288582,2023,8,16,17,40,臺中市,北區,0,1,0,7,3,6,50,5,1,1,5,4,6,6,2,1,10,5,5,2,13,7,2,9,1,1,F02,7,9,7,21,2,14,,7,7,1,13,4,F02,120.676476,24.163521,2
6232,66000,387130000C,(04)23274275,(04)23288582,2023,8,16,17,40,臺中市,大里區,0,0,0,7,,,50,,,,,,,,,,,,,,13,7,,,,,C03,,,1,,2,,,7,,1,13,4,C03,120.699228,24.085217,3
6233,66000,387130000C,(04)23274275,(04)23288582,2023,8,16,17,44,臺中市,西區,0,0,0,7,,,60,,,,,,,,,,,,,,13,7,,,,,B02,,,1,,1,,,7,,1,12,4,B02,120.662603,24.155553,3
6234,66000,387130000C,(04)23274275,(04)23288582,2023,8,16,17,44,臺中市,西屯區,0,1,0,7,2,6,80,13,9,1,5,4,6,6,4,4,3,4,5,1,13,7,2,5,3,1,B03,7,9,1,8,1,1,,7,7,1,12,4,B03,120.662314,24.200772,2
6235,66000,387130000C,(04)23274275,(04)23288582,2023,8,16,17,47,臺中市,西屯區,0,0,0,7,,,50,,,,,,,,,,,,,,13,40,,,,,B03,,,1,,1,,,40,,1,13,4,B03,120.628632,24.161746,3
6236,66000,387130000C,(04)23274275,(04)23288582,2023,8,16,17,48,臺中市,霧峰區,0,0,0,7,,,30,,,,,,,,,,,,,,,49,,,,,B03,,,1,,2,,,49,,1,13,4,B03,120.679117,24.065012,3
6237,66000,387130000C,(04)23274275,(04)23288582,2023,8,16,17,48,臺中市,烏日區,0,0,0,7,,,40,,,,,,,,,,,,,,13,7,,,,,B03,,,1,,2,,,7,,1,6,4,B03,120.661371,24.059353,3
6238,66000,387130000C,(04)23274275,(04)23288582,2023,8,16,17,49,臺中市,北屯區,0,1,0,6,2,6,50,5,1,1,5,4,6,6,4,4,10,5,5,2,12,1,3,10,1,1,C03,7,9,1,10,2,16,,1,1,1,12,4,C03,120.726938,24.173148,2
6239,66000,387130000C,(04)23274275,(04)23288582,2023,8,16,17,49,臺中市,大里區,0,0,0,7,2,6,50,13,9,1,4,4,6,6,4,4,5,5,4,1,14,50,,,,,B03,,,1,,2,,,50,,1,13,4,B03,120.686903,24.106455,3
6240,66000,387130000C,(04)23274275,(04)23288582,2023,8,16,17,50,臺中市,北區,0,0,0,7,2,6,40,4,1,1,5,4,6,6,1,1,1,4,1,2,16,59,3,10,1,1,B03,7,9,1,8,2,4,,59,59,1,12,4,B03,120.664362,24.154691,3
6241,66000,387130000C,(04)23274275,(04)23288582,2023,8,16,17,51,臺中市,太平區,0,0,0,7,,,50,,,,,,,,,,,,,,16,65,,,,,B03,,,1,,2,,,65,,1,6,4,B03,120.703152,24.14814,3
6242,66000,387130000C,(04)23274275,(04)23288582,2023,8,16,17,51,臺中市,沙鹿區,0,0,0,7,,,50,,,,,,,,,,,,,,,49,,,,,B12,,,1,,2,,,49,,1,7,4,B12,120.575215,24.226738,3
6243,66000,387130000C,(04)23274275,(04)23288582,2023,8,16,17,55,臺中市,大里區,0,3,0,7,3,6,30,4,1,1,5,4,6,6,4,4,10,5,5,2,15,15,2,9,1,1,C03,7,9,1,10,2,12,,15,15,1,13,2,C03,120.701304,24.088101,2
6244,66000,387130000C,(04)23274275,(04)23288582,2023,8,16,17,57,臺中市,太平區,0,1,0,6,2,6,50,13,9,1,5,4,6,6,4,4,5,4,5,1,17,51,3,10,3,1,B03,7,1,1,8,2,8,,51,51,1,6,4,B03,120.718071,24.133452,2
6245,66000,387130000C,(04)23274275,(04)23288582,2023,8,16,17,58,臺中市,西屯區,0,1,0,7,2,6,50,13,8,1,5,4,6,6,4,4,1,4,1,2,12,42,2,9,5,4,C03,7,7,1,10,2,14,,42,42,1,13,4,C03,120.637449,24.186748,2