序號,縣市別代碼,機關代碼,市話,傳真,年,月,日,時,分,縣市,區,死亡數量,受傷數量,2-30,天候,光線,道路類別,速限,道路型態,事故位置,路面鋪裝,路面狀態,路面缺陷,障礙物,視距,號誌種類,號誌動作,分向設施,快車道或一般車道間,快慢車道間,路面邊線,事故類型及型態,主要肇因,受傷程度,主要傷處,保護裝備,行動電話,當事者區分(類別),車輛用途,當事者行動狀態,駕駛資格情形,駕駛執照種類,飲酒情形,車輛撞擊部位最初,車輛撞擊部位其他,肇事因素個別,肇事因素主要,肇事逃逸,職業,旅次目的,車種,GPS座標X,GPS座標Y,事故類別
6246,66000,387130000C,(04)23274275,(04)23288582,2023,8,16,18,0,臺中市,南屯區,0,1,0,6,2,6,50,3,1,1,5,4,6,6,4,4,5,4,5,2,16,14,3,10,3,1,B03,7,6,1,8,2,1,,14,14,1,12,4,B03,120.634137,24.136798,2
6247,66000,387130000C,(04)23274275,(04)23288582,2023,8,16,18,3,臺中市,南區,0,0,0,7,,,50,,,,,,,,,,,,,,,84,,,,,B03,,,1,,2,,,84,,1,6,4,B03,120.665004,24.126298,3
6248,66000,387130000C,(04)23274275,(04)23288582,2023,8,16,18,4,臺中市,西屯區,0,0,0,7,,,50,,,,,,,,,,,,,,17,50,,,,,C03,,,3,,1,,,50,,1,12,4,C03,120.619412,24.187519,3
6249,66000,387130000C,(04)23274275,(04)23288582,2023,8,16,18,4,臺中市,石岡區,0,0,0,6,,,40,,,,,,,,,,,,,,,50,,,,,B03,,,1,,1,,,50,50,1,12,4,B03,120.801301,24.26882,3
6250,66000,387130000C,(04)23274275,(04)23288582,2023,8,16,18,5,臺中市,東區,0,3,0,6,1,6,50,13,9,1,5,4,6,6,4,4,5,4,5,2,17,39,2,9,2,1,C03,7,11,1,10,2,12,,39,39,1,5,4,C03,120.683383,24.133936,2
6251,66000,387130000C,(04)23274275,(04)23288582,2023,8,16,18,6,臺中市,北屯區,0,2,0,7,2,6,50,3,1,1,5,4,6,6,4,4,5,4,5,2,16,20,2,9,2,1,C03,7,6,1,10,2,12,,20,20,1,12,4,C03,120.71913,24.176712,2
6252,66000,387130000C,(04)23274275,(04)23288582,2023,8,16,18,7,臺中市,大雅區,0,0,0,7,,,50,,,,,,,,,,,,,,14,49,,,,,B03,,,1,,2,,,49,,1,13,4,B03,120.650384,24.243644,3
6253,66000,387130000C,(04)23274275,(04)23288582,2023,8,16,18,7,臺中市,大甲區,0,1,0,7,1,6,50,13,9,1,5,4,6,6,4,4,5,5,5,1,12,51,2,9,1,1,C03,7,1,1,10,2,14,,51,51,1,13,4,C03,120.623571,24.345233,2
6254,66000,387130000C,(04)23274275,(04)23288582,2023,8,16,18,9,臺中市,西屯區,0,1,0,7,2,6,50,3,1,1,5,4,6,6,2,1,10,5,5,2,16,14,3,10,3,1,B03,7,6,1,8,2,6,,14,14,1,13,4,B03,120.60449,24.173645,2
6255,66000,387130000C,(04)23274275,(04)23288582,2023,8,16,18,12,臺中市,北屯區,0,0,0,7,,,50,,,,,,,,,,,,,,14,49,,,,,B03,,,3,,1,,,49,49,1,6,4,B03,120.680365,24.1726,3
6256,66000,387130000C,(04)23274275,(04)23288582,2023,8,16,18,18,臺中市,西區,0,1,0,7,1,6,50,4,1,1,5,4,6,6,1,1,10,5,5,2,17,11,2,9,1,1,C03,7,6,1,10,2,14,,11,11,1,6,2,C03,120.655632,24.154807,2
6257,66000,387130000C,(04)23274275,(04)23288582,2023,8,16,18,20,臺中市,大里區,0,0,0,7,,,30,,,,,,,,,,,,,,,51,,,,,B03,,,1,,2,,,51,,1,12,4,B03,120.68921,24.110176,3
6258,66000,387130000C,(04)23274275,(04)23288582,2023,8,16,18,20,臺中市,太平區,0,0,0,7,,,30,,,,,,,,,,,,,,17,49,,,,,B03,,,1,,9,,,49,,1,12,4,B03,120.719138,24.117517,3
6259,66000,387130000C,(04)23274275,(04)23288582,2023,8,16,18,22,臺中市,沙鹿區,0,1,0,7,1,6,40,3,1,1,5,4,6,6,2,1,10,5,5,2,17,50,3,10,1,1,C03,7,3,1,10,2,12,,50,50,1,5,4,C03,120.578477,24.223393,2
6260,66000,387130000C,(04)23274275,(04)23288582,2023,8,16,18,23,臺中市,中區,0,0,0,7,,,50,,,,,,,,,,,,,,13,84,,,,,B03,,,1,,1,,,84,,1,12,4,B03,120.681022,24.143859,4
6261,66000,387130000C,(04)23274275,(04)23288582,2023,8,16,18,25,臺中市,西屯區,0,0,0,7,,,30,,,,,,,,,,,,,,,8,,,,,,,,,,,,,8,,1,,,,120.65531,24.156981,3
6262,66000,387130000C,(04)23274275,(04)23288582,2023,8,16,18,28,臺中市,烏日區,0,0,0,7,,,80,,,,,,,,,,,,,,13,59,,,,,B03,,,1,,2,,,59,,1,12,4,B03,120.616521,24.107356,3
6263,66000,387130000C,(04)23274275,(04)23288582,2023,8,16,18,29,臺中市,南屯區,0,0,0,6,,,50,,,,,,,,,,,,,,,7,,,,,B03,,,1,,2,,,7,,1,12,4,B03,120.623846,24.150842,3
6264,66000,387130000C,(04)23274275,(04)23288582,2023,8,16,18,29,臺中市,太平區,0,1,0,7,2,6,30,4,1,1,5,4,6,6,4,4,10,5,5,2,15,12,3,10,1,1,C03,7,9,1,8,2,12,,12,12,1,13,4,C03,120.72429,24.143365,2
6265,66000,387130000C,(04)23274275,(04)23288582,2023,8,16,18,31,臺中市,西區,0,2,0,7,1,6,40,3,19,1,5,4,6,6,4,4,10,5,5,2,3,85,2,9,2,1,C03,7,9,1,10,2,11,,85,85,1,13,4,C03,120.655132,24.149292,2
6266,66000,387130000C,(04)23274275,(04)23288582,2023,8,16,18,32,臺中市,清水區,0,2,0,7,3,6,50,4,1,1,5,4,6,6,4,4,9,4,5,1,15,20,2,7,3,1,B03,7,9,1,8,2,8,,20,20,1,12,4,B03,120.555655,24.259228,2
6267,66000,387130000C,(04)23274275,(04)23288582,2023,8,16,18,34,臺中市,東區,0,1,0,7,2,6,50,4,2,1,5,4,6,6,2,1,5,4,5,1,13,7,3,10,3,1,B03,7,5,1,4,2,5,,7,7,1,12,4,B03,120.685909,24.143155,2
6268,66000,387130000C,(04)23274275,(04)23288582,2023,8,16,18,40,臺中市,大肚區,0,0,0,7,,,60,,,,,,,,,,,,,,,7,,,,,B03,,,1,,2,,,7,,1,13,4,B03,120.582526,24.171489,3
6269,66000,387130000C,(04)23274275,(04)23288582,2023,8,16,18,43,臺中市,西屯區,0,0,0,7,,,50,,,,,,,,,,,,,,,7,,,,,C03,,,1,,1,,,7,,1,12,4,C03,120.622249,24.174137,3
6270,66000,387130000C,(04)23274275,(04)23288582,2023,8,16,18,44,臺中市,烏日區,0,0,0,7,,,50,,,,,,,,,,,,,,,8,,,,,B03,,,1,,2,,,8,,1,12,4,B03,120.646673,24.110377,3
6271,66000,387130000C,(04)23274275,(04)23288582,2023,8,16,18,49,臺中市,太平區,0,1,0,7,1,6,50,13,9,1,5,4,5,6,4,4,9,5,5,1,13,7,2,5,2,1,C03,7,9,1,10,2,11,,7,7,1,12,4,C03,120.723262,24.136173,2
6272,66000,387130000C,(04)23274275,(04)23288582,2023,8,16,18,50,臺中市,西屯區,0,1,0,7,2,6,40,13,8,1,5,4,6,6,2,1,1,4,5,2,12,40,3,10,3,1,B03,7,7,1,8,2,5,,40,40,1,13,4,B03,120.65733,24.157895,2
6273,66000,387130000C,(04)23274275,(04)23288582,2023,8,16,18,52,臺中市,西屯區,0,1,0,7,1,6,30,4,1,1,5,4,6,6,2,1,5,4,4,2,13,7,3,10,5,4,B03,7,9,1,8,2,8,,7,7,1,12,4,B03,120.637976,24.172717,2
6274,66000,387130000C,(04)23274275,(04)23288582,2023,8,16,18,53,臺中市,北屯區,0,0,0,7,,,50,,,,,,,,,,,,,,12,40,,,,,B03,,,1,,2,,,40,40,1,12,4,B03,120.766284,24.197175,3
6275,66000,387130000C,(04)23274275,(04)23288582,2023,8,16,18,54,臺中市,南區,0,1,0,7,2,6,50,3,1,1,5,4,6,6,4,4,10,5,5,2,16,12,2,8,1,1,C03,7,9,1,10,2,11,,6,12,1,12,4,C03,120.661077,24.126303,2
6276,66000,387130000C,(04)23274275,(04)23288582,2023,8,16,18,57,臺中市,南區,0,0,0,7,,,50,,,,,,,,,,,,,,,7,,,,,B03,,,1,,2,,,7,,1,6,4,B03,120.665465,24.113746,3
6277,66000,387130000C,(04)23274275,(04)23288582,2023,8,16,18,57,臺中市,南屯區,0,1,0,6,1,6,50,4,2,1,5,4,6,6,2,1,1,2,5,2,16,21,2,9,1,1,C03,7,9,1,10,2,11,14,21,21,1,6,4,C03,120.647153,24.14914,2
6278,66000,387130000C,(04)23274275,(04)23288582,2023,8,16,18,58,臺中市,后里區,0,1,0,7,1,6,50,4,9,1,5,4,6,6,4,4,9,5,5,1,13,59,2,8,2,1,C03,7,9,1,10,2,11,,59,59,1,12,4,C03,120.714289,24.324566,2
6279,66000,387130000C,(04)23274275,(04)23288582,2023,8,16,19,0,臺中市,大里區,0,0,0,7,,,60,,,,,,,,,,,,,,13,7,,,,,B03,,,1,,2,,,7,,1,6,4,B03,120.681391,24.104996,3
6280,66000,387130000C,(04)23274275,(04)23288582,2023,8,16,19,5,臺中市,梧棲區,0,2,0,7,1,6,50,13,9,1,5,4,6,6,1,1,5,5,5,2,17,84,2,9,5,4,C03,7,6,1,10,2,12,,84,84,1,12,4,C03,120.549981,24.245145,2
6281,66000,387130000C,(04)23274275,(04)23288582,2023,8,16,19,7,臺中市,北屯區,0,0,0,7,,,50,,,,,,,,,,,,,,14,49,,,,,B03,,,1,,1,,,49,,1,12,4,B03,120.715597,24.164799,3
6282,66000,387130000C,(04)23274275,(04)23288582,2023,8,16,19,8,臺中市,大里區,0,0,0,7,,,50,,,,,,,,,,,,,,,50,,,,,C03,,,1,,2,,,50,50,1,13,4,C03,120.702697,24.088569,3
6283,66000,387130000C,(04)23274275,(04)23288582,2023,8,16,19,8,臺中市,豐原區,0,0,0,7,,,50,,,,,,,,,,,,,,9,84,,,,,C03,,,5,,3,,,84,,1,13,4,C03,120.715806,24.25453,3
6284,66000,387130000C,(04)23274275,(04)23288582,2023,8,16,19,15,臺中市,大雅區,0,1,0,7,2,6,30,3,1,1,5,4,6,6,4,4,10,5,4,2,17,7,2,9,1,1,C03,7,9,1,10,2,11,,7,7,1,12,4,C03,120.645841,24.231926,2
6285,66000,387130000C,(04)23274275,(04)23288582,2023,8,16,19,17,臺中市,北屯區,0,0,0,7,,,50,,,,,,,,,,,,,,14,49,,,,,C03,,,1,,1,,,49,49,1,6,2,C03,120.691362,24.170106,3
6286,66000,387130000C,(04)23274275,(04)23288582,2023,8,16,19,17,臺中市,西屯區,0,2,0,7,1,6,50,4,1,1,5,4,6,6,1,1,10,5,5,2,16,7,2,9,1,1,C03,7,9,1,10,2,11,,7,7,1,13,2,C03,120.644986,24.180481,2
6287,66000,387130000C,(04)23274275,(04)23288582,2023,8,16,19,18,臺中市,北區,0,3,0,6,1,6,50,4,2,1,5,4,6,6,2,1,3,2,5,1,17,21,2,9,5,4,C03,7,9,1,10,2,11,,21,21,1,13,4,C03,120.670529,24.162837,2
6288,66000,387130000C,(04)23274275,(04)23288582,2023,8,16,19,25,臺中市,豐原區,0,0,0,7,,,50,,,,,,,,,,,,,,,8,,,,,B03,,,1,,2,,,8,,1,12,4,B03,120.732533,24.250684,3
6289,66000,387130000C,(04)23274275,(04)23288582,2023,8,16,19,41,臺中市,大里區,0,2,0,7,2,6,50,4,9,1,5,4,6,6,1,1,10,5,5,1,13,7,3,10,1,1,C03,7,9,1,10,2,11,,7,7,1,12,4,C03,120.68914,24.119365,2
6290,66000,387130000C,(04)23274275,(04)23288582,2023,8,16,19,43,臺中市,南區,0,1,0,7,1,6,50,3,1,1,5,4,6,6,4,4,5,5,4,2,15,13,3,10,3,1,B03,7,9,1,8,2,3,,13,13,1,12,4,B03,120.653659,24.113755,2
6291,66000,387130000C,(04)23274275,(04)23288582,2023,8,16,19,45,臺中市,大雅區,0,0,0,7,,,30,,,,,,,,,,,,,,12,8,,,,,B03,,,1,,2,,,8,,1,13,4,B03,120.673227,24.21361,3
6292,66000,387130000C,(04)23274275,(04)23288582,2023,8,16,19,50,臺中市,梧棲區,0,1,0,7,1,6,50,4,1,1,5,4,6,6,1,1,10,5,5,1,16,20,3,10,5,4,B03,7,6,1,8,2,1,,20,20,1,12,4,B03,120.527828,24.24443,2
6293,66000,387130000C,(04)23274275,(04)23288582,2023,8,16,20,15,臺中市,清水區,0,2,0,7,1,6,50,13,9,1,5,4,6,6,4,4,9,4,5,2,13,7,2,8,2,1,C03,7,9,1,10,2,11,,7,7,1,12,4,C03,120.574223,24.26894,2
6294,66000,387130000C,(04)23274275,(04)23288582,2023,8,16,20,18,臺中市,北屯區,0,1,0,7,1,6,50,3,1,1,5,4,6,6,4,4,5,5,5,2,10,51,3,10,3,1,B03,7,1,1,8,2,8,,51,51,1,12,4,B03,120.729329,24.15756,2
6295,66000,387130000C,(04)23274275,(04)23288582,2023,8,16,20,25,臺中市,大里區,0,1,0,7,1,6,50,13,12,1,5,4,6,6,4,4,5,2,4,1,17,84,3,10,1,1,C03,7,15,1,10,2,13,,84,84,1,6,4,C03,120.680592,24.109648,2
6296,66000,387130000C,(04)23274275,(04)23288582,2023,8,16,20,28,臺中市,北區,0,2,0,7,2,6,50,4,1,1,5,4,6,6,1,1,10,5,5,2,16,11,2,9,2,1,C03,7,5,1,10,2,12,,11,11,1,13,4,C03,120.670425,24.159167,2
6297,66000,387130000C,(04)23274275,(04)23288582,2023,8,16,20,31,臺中市,北屯區,0,1,0,7,1,6,50,3,1,1,5,4,6,6,4,4,10,5,5,2,17,48,3,10,3,1,B03,7,6,1,8,2,15,,48,48,1,12,4,B03,120.68899,24.172326,2
6298,66000,387130000C,(04)23274275,(04)23288582,2023,8,16,20,40,臺中市,北屯區,0,2,0,7,2,6,30,13,9,1,5,4,6,6,4,4,10,5,5,2,16,20,3,10,3,1,B03,7,11,1,8,2,4,,20,20,1,12,4,B03,120.706571,24.183815,2
6299,66000,387130000C,(04)23274275,(04)23288582,2023,8,16,20,44,臺中市,西區,0,0,0,7,1,6,50,4,2,1,5,4,6,6,1,1,5,2,5,2,12,8,,,,,B02,,,1,,1,,,8,,1,12,4,B02,120.672066,24.146163,3
6300,66000,387130000C,(04)23274275,(04)23288582,2023,8,16,20,57,臺中市,北區,0,1,0,7,1,6,50,5,1,1,5,4,6,6,2,1,10,5,5,2,13,7,2,8,1,1,C03,7,9,1,10,1,11,,7,7,1,13,4,C03,120.673889,24.17383,2
6301,66000,387130000C,(04)23274275,(04)23288582,2023,8,16,21,25,臺中市,大里區,0,2,0,7,1,6,50,3,1,1,5,4,6,6,4,4,5,4,4,1,13,53,2,9,2,1,C03,7,9,1,10,5,11,,53,53,1,13,2,C03,120.702981,24.096179,2
6302,66000,387130000C,(04)23274275,(04)23288582,2023,8,16,21,26,臺中市,中區,0,1,0,7,1,6,50,4,1,1,5,4,6,6,2,1,10,5,5,2,16,84,3,10,2,1,C03,7,5,1,10,2,12,,84,84,1,13,4,C03,120.679547,24.142469,2
6303,66000,387130000C,(04)23274275,(04)23288582,2023,8,16,21,55,臺中市,南區,0,1,0,7,2,6,50,4,1,1,5,4,6,6,2,1,10,5,5,2,16,47,3,10,3,1,B03,7,5,1,8,2,5,,47,47,1,12,4,B03,120.657407,24.125094,2
6304,66000,387130000C,(04)23274275,(04)23288582,2023,8,16,21,58,臺中市,西屯區,0,1,0,7,3,6,50,3,1,1,5,4,6,6,4,4,10,5,5,2,17,45,3,10,3,1,B03,7,11,1,8,2,8,,45,45,1,12,4,B03,120.63701,24.165691,2
6305,66000,387130000C,(04)23274275,(04)23288582,2023,8,16,22,0,臺中市,西屯區,0,0,0,7,,,30,,,,,,,,,,,,,,14,49,,,,,B02,,,1,,2,,,49,,1,12,4,B02,120.651533,24.16245,3
6306,66000,387130000C,(04)23274275,(04)23288582,2023,8,16,22,3,臺中市,大里區,0,1,0,7,1,6,50,3,2,1,5,4,6,6,4,4,1,4,5,1,16,39,3,10,3,1,B03,7,7,1,8,2,2,,39,39,1,12,4,B03,120.691907,24.101319,2
6307,66000,387130000C,(04)23274275,(04)23288582,2023,8,16,22,14,臺中市,西區,0,2,0,7,1,6,50,4,1,5,5,4,6,6,1,1,10,5,5,2,15,25,2,9,1,1,C03,7,9,6,20,2,11,,25,25,1,12,4,C03,120.657259,24.135114,2
6308,66000,387130000C,(04)23274275,(04)23288582,2023,8,16,22,16,臺中市,太平區,0,0,0,7,,,30,,,,,,,,,,,,,,,49,,,,,B03,,,1,,11,,,49,,1,12,4,B03,120.719138,24.117517,3
6309,66000,387130000C,(04)23274275,(04)23288582,2023,8,16,22,22,臺中市,豐原區,0,0,0,7,,,50,,,,,,,,,,,,,,14,87,,,,,B03,,,1,,10,,,87,,1,13,4,B03,120.721785,24.254904,3
6310,66000,387130000C,(04)23274275,(04)23288582,2023,8,16,22,35,臺中市,西區,0,1,0,7,1,6,50,13,8,1,5,4,6,6,4,4,5,4,4,2,17,40,3,10,3,1,B03,7,7,1,8,2,2,,40,40,1,12,4,B03,120.656394,24.156324,2
6311,66000,387130000C,(04)23274275,(04)23288582,2023,8,16,23,6,臺中市,北區,0,0,0,7,,,50,,,,,,,,,,,,,,13,84,,,,,B03,,,1,,2,,,84,,1,12,4,B03,120.683283,24.148338,3
6312,66000,387130000C,(04)23274275,(04)23288582,2023,8,16,23,11,臺中市,北屯區,0,1,0,7,1,6,50,4,2,1,5,4,6,6,2,1,3,2,4,2,17,68,3,10,1,1,C03,7,9,1,10,2,16,,68,68,1,12,4,C03,120.686626,24.197848,2
6313,66000,387130000C,(04)23274275,(04)23288582,2023,8,17,0,28,臺中市,北區,0,1,0,7,1,6,50,13,9,1,5,4,6,6,1,1,1,4,4,2,17,8,3,10,3,1,B03,7,9,3,19,2,2,,8,8,1,12,4,B03,120.685274,24.163754,2
6314,66000,387130000C,(04)23274275,(04)23288582,2023,8,17,0,39,臺中市,龍井區,0,0,0,7,,,50,,,,,,,,,,,,,,,59,,,,,B03,,,1,,2,,,59,,1,6,4,B03,120.5347,24.194344,3
6315,66000,387130000C,(04)23274275,(04)23288582,2023,8,17,3,13,臺中市,太平區,0,1,0,7,1,6,50,4,1,1,5,4,6,6,3,1,5,5,5,2,15,24,2,9,1,1,C03,7,9,1,10,2,11,,24,24,1,12,4,C03,120.715264,24.157047,2
6316,66000,387130000C,(04)23274275,(04)23288582,2023,8,17,3,49,臺中市,烏日區,0,1,0,7,1,6,50,13,8,1,5,4,6,6,4,4,1,5,1,1,17,59,2,9,1,1,C03,7,9,1,10,2,11,,59,59,1,12,4,C03,120.647263,24.077749,2
6317,66000,387130000C,(04)23274275,(04)23288582,2023,8,17,5,58,臺中市,大甲區,0,1,0,7,2,6,40,3,1,1,5,4,6,6,4,4,10,5,5,2,16,39,2,8,1,1,C03,7,9,3,19,2,11,,39,39,1,13,4,C03,120.630798,24.343047,2
6318,66000,387130000C,(04)23274275,(04)23288582,2023,8,17,6,0,臺中市,太平區,0,1,0,7,2,6,50,11,9,1,5,4,6,6,4,4,5,5,5,1,17,84,2,9,2,1,C03,7,6,1,10,2,12,,84,84,1,12,4,C03,120.711808,24.131685,2
6319,66000,387130000C,(04)23274275,(04)23288582,2023,8,17,6,8,臺中市,梧棲區,0,1,0,7,2,6,40,13,8,1,5,4,6,6,4,4,1,4,4,1,17,59,2,9,2,1,C03,7,9,1,10,2,11,,59,59,1,12,4,C03,120.536842,24.249655,2
6320,66000,387130000C,(04)23274275,(04)23288582,2023,8,17,6,10,臺中市,大里區,0,2,0,7,2,6,50,4,1,1,5,4,6,6,4,4,10,5,5,2,17,14,2,9,2,1,C03,7,6,1,10,2,11,,14,14,1,12,4,C03,120.711853,24.085937,2
6321,66000,387130000C,(04)23274275,(04)23288582,2023,8,17,6,47,臺中市,南區,0,0,0,7,,,50,,,,,,,,,,,,,,,7,,,,,B03,,,5,,2,,,7,,1,12,4,B03,120.667123,24.11707,3
6322,66000,387130000C,(04)23274275,(04)23288582,2023,8,17,6,56,臺中市,南屯區,0,0,0,7,,,50,,,,,,,,,,,,,,,50,,,,,B03,,,1,,1,,,50,,1,12,4,B03,120.623241,24.137107,3
6323,66000,387130000C,(04)23274275,(04)23288582,2023,8,17,6,59,臺中市,后里區,0,0,0,7,,,50,,,,,,,,,,,,,,14,49,,,,,B12,,,1,,2,,,49,,1,12,4,B12,120.727572,24.309328,3
6324,66000,387130000C,(04)23274275,(04)23288582,2023,8,17,7,1,臺中市,神岡區,0,1,0,7,2,6,30,3,1,1,5,4,6,6,4,4,10,5,5,1,11,51,3,10,3,1,B03,7,1,1,8,2,5,,51,51,1,12,4,B03,120.690058,24.264926,2
6325,66000,387130000C,(04)23274275,(04)23288582,2023,8,17,7,3,臺中市,梧棲區,0,1,0,7,2,6,30,4,1,1,5,4,6,6,3,1,10,5,5,1,17,24,2,9,2,1,C03,7,6,1,10,2,14,,24,24,1,6,4,C03,120.528857,24.222613,2
6326,66000,387130000C,(04)23274275,(04)23288582,2023,8,17,7,5,臺中市,大甲區,0,2,0,7,2,6,30,5,1,1,5,4,6,6,1,1,10,5,5,2,16,23,2,8,2,1,C03,7,6,1,10,2,11,,23,23,1,6,4,C03,120.622782,24.350907,2
6327,66000,387130000C,(04)23274275,(04)23288582,2023,8,17,7,8,臺中市,南屯區,0,1,0,7,3,6,40,13,8,1,5,4,6,6,4,4,7,5,4,2,13,59,2,9,2,1,C03,7,9,1,10,1,11,,59,59,1,12,4,C03,120.635797,24.149162,2
6328,66000,387130000C,(04)23274275,(04)23288582,2023,8,17,7,9,臺中市,龍井區,0,1,0,7,2,6,40,4,2,1,5,4,6,6,1,1,10,4,3,2,16,48,2,7,2,1,C03,7,6,1,10,9,13,,48,25,1,6,4,C03,120.505691,24.209699,2
6329,66000,387130000C,(04)23274275,(04)23288582,2023,8,17,7,12,臺中市,北屯區,0,1,0,7,3,6,50,4,1,1,5,4,6,6,2,1,10,5,5,2,16,11,3,10,3,1,B03,7,6,1,8,2,1,,11,11,1,12,4,B03,120.676309,24.193341,2
6330,66000,387130000C,(04)23274275,(04)23288582,2023,8,17,7,15,臺中市,龍井區,0,2,0,7,2,6,30,13,9,1,5,4,6,6,4,4,10,5,5,1,18,84,2,9,1,1,C03,7,9,1,10,2,14,,84,84,1,6,4,C03,120.577183,24.177565,2
6331,66000,387130000C,(04)23274275,(04)23288582,2023,8,17,7,18,臺中市,清水區,0,0,0,7,,,30,,,,,,,,,,,,,,,13,,,,,B03,,,1,,2,,,13,,1,12,4,B03,120.554139,24.267408,3
6332,66000,387130000C,(04)23274275,(04)23288582,2023,8,17,7,20,臺中市,龍井區,0,0,0,7,,,60,,,,,,,,,,,,,,23,84,,,,,A12,,,1,,2,,,84,,1,6,4,A12,120.525185,24.195948,3
6333,66000,387130000C,(04)23274275,(04)23288582,2023,8,17,7,20,臺中市,神岡區,0,1,0,7,3,6,50,13,9,1,5,4,6,6,4,4,2,4,5,1,17,86,,,,,,,,,,,,,86,86,2,,,,120.665391,24.274223,2
6334,66000,387130000C,(04)23274275,(04)23288582,2023,8,17,7,22,臺中市,北屯區,0,0,0,7,,,50,,,,,,,,,,,,,,17,84,,,,,B03,,,1,,1,,,84,,1,13,4,B03,120.67479,24.182129,3
6335,66000,387130000C,(04)23274275,(04)23288582,2023,8,17,7,25,臺中市,西屯區,0,0,0,7,,,50,,,,,,,,,,,,,,,7,,,,,B03,,,1,,1,,,7,,1,12,4,B03,120.655989,24.159095,3
6336,66000,387130000C,(04)23274275,(04)23288582,2023,8,17,7,27,臺中市,西區,0,1,0,7,3,6,50,4,2,1,5,4,6,6,1,1,10,5,5,2,12,8,3,10,3,1,B03,7,9,1,8,2,2,,8,8,1,12,4,B03,120.67095,24.1402,2
6337,66000,387130000C,(04)23274275,(04)23288582,2023,8,17,7,27,臺中市,豐原區,0,1,0,7,3,6,50,4,9,1,5,4,6,6,1,1,1,4,5,1,17,33,3,10,5,1,C03,7,8,5,19,9,14,,33,33,1,13,4,C03,120.718948,24.243416,2
6338,66000,387130000C,(04)23274275,(04)23288582,2023,8,17,7,28,臺中市,南屯區,0,2,0,7,2,6,50,4,1,1,5,4,6,6,1,1,5,4,4,2,17,23,2,9,1,1,C03,7,6,1,10,2,11,,23,23,1,12,4,C03,120.610593,24.131988,2
6339,66000,387130000C,(04)23274275,(04)23288582,2023,8,17,7,30,臺中市,沙鹿區,0,0,0,7,,,60,,,,,,,,,,,,,,,7,,,,,B03,,,3,,9,,,7,,1,13,4,B03,120.589839,24.250087,3
6340,66000,387130000C,(04)23274275,(04)23288582,2023,8,17,7,32,臺中市,北屯區,0,1,0,7,2,6,50,3,1,1,5,4,6,6,4,4,10,5,5,2,12,36,4,11,1,1,C03,7,6,6,20,11,12,,36,36,1,13,4,C03,120.733299,24.169565,2
6341,66000,387130000C,(04)23274275,(04)23288582,2023,8,17,7,33,臺中市,沙鹿區,0,0,0,7,,,30,,,,,,,,,,,,,,17,51,,,,,B03,,,1,,2,,,51,,1,13,4,B03,120.573289,24.239946,3
6342,66000,387130000C,(04)23274275,(04)23288582,2023,8,17,7,35,臺中市,豐原區,0,0,0,7,,,50,,,,,,,,,,,,,,16,39,,,,,C03,,,3,,2,,,39,,1,13,4,C03,120.725719,24.246084,3
6343,66000,387130000C,(04)23274275,(04)23288582,2023,8,17,7,39,臺中市,梧棲區,0,0,0,7,,,50,,,,,,,,,,,,,,16,4,,,,,F01,,,7,,9,,,4,,1,2,4,F01,120.538178,24.247916,3
6344,66000,387130000C,(04)23274275,(04)23288582,2023,8,17,7,39,臺中市,東勢區,0,0,0,7,,,30,,,,,,,,,,,,,,13,49,,,,,B03,,,1,,2,,,49,,1,12,4,B03,120.824634,24.266981,3
6345,66000,387130000C,(04)23274275,(04)23288582,2023,8,17,7,40,臺中市,太平區,0,1,0,7,3,6,40,13,8,1,5,4,6,6,4,4,5,4,4,1,17,42,2,8,2,1,C03,7,15,1,10,2,11,,42,42,1,12,4,C03,120.716491,24.105621,2
6346,66000,387130000C,(04)23274275,(04)23288582,2023,8,17,7,40,臺中市,外埔區,0,1,0,7,2,6,60,13,17,1,5,4,6,6,4,4,1,5,5,1,13,84,3,10,3,1,B12,7,8,1,8,2,8,,84,84,1,6,4,B12,120.640128,24.340388,2
6347,66000,387130000C,(04)23274275,(04)23288582,2023,8,17,7,45,臺中市,南屯區,0,2,0,7,1,6,50,13,7,1,5,4,6,6,4,4,5,4,4,2,17,42,2,9,1,1,C03,7,7,1,10,2,14,,42,42,1,13,4,C03,120.611737,24.135639,2
6348,66000,387130000C,(04)23274275,(04)23288582,2023,8,17,7,45,臺中市,豐原區,0,0,0,7,,,50,,,,,,,,,,,,,,,7,,,,,C03,,,1,,2,,,7,,1,13,4,C03,120.744535,24.264695,3
6349,66000,387130000C,(04)23274275,(04)23288582,2023,8,17,7,47,臺中市,石岡區,0,0,0,7,,,70,,,,,,,,,,,,,,13,7,,,,,B03,,,1,,2,,,7,,1,12,4,B03,120.772886,24.274957,3
6350,66000,387130000C,(04)23274275,(04)23288582,2023,8,17,7,48,臺中市,西區,0,2,0,7,2,6,30,4,1,1,5,4,6,1,4,4,10,5,5,2,15,15,2,9,1,1,C03,7,9,1,10,3,11,,15,15,1,12,4,C03,120.675156,24.137233,2
6351,66000,387130000C,(04)23274275,(04)23288582,2023,8,17,7,49,臺中市,大里區,0,1,0,7,3,6,40,11,12,1,5,4,6,6,4,4,5,4,4,1,17,59,2,7,5,4,C03,7,9,1,10,2,11,,59,59,1,12,4,C03,120.721506,24.092634,2