序號,縣市別代碼,機關代碼,市話,傳真,年,月,日,時,分,縣市,區,死亡數量,受傷數量,2-30,天候,光線,道路類別,速限,道路型態,事故位置,路面鋪裝,路面狀態,路面缺陷,障礙物,視距,號誌種類,號誌動作,分向設施,快車道或一般車道間,快慢車道間,路面邊線,事故類型及型態,主要肇因,受傷程度,主要傷處,保護裝備,行動電話,當事者區分(類別),車輛用途,當事者行動狀態,駕駛資格情形,駕駛執照種類,飲酒情形,車輛撞擊部位最初,車輛撞擊部位其他,肇事因素個別,肇事因素主要,肇事逃逸,職業,旅次目的,車種,GPS座標X,GPS座標Y,事故類別
6352,66000,387130000C,(04)23274275,(04)23288582,2023,8,17,7,50,臺中市,潭子區,0,1,0,6,3,6,50,3,1,1,5,4,6,6,4,4,5,5,5,1,17,39,2,7,2,1,C03,7,11,1,10,1,14,,39,39,1,13,4,C03,120.705749,24.218166,2
6353,66000,387130000C,(04)23274275,(04)23288582,2023,8,17,7,50,臺中市,后里區,0,0,0,7,2,6,50,13,9,1,5,4,6,6,4,4,5,5,5,1,13,7,,,,,C03,,,1,,2,,,7,,1,6,4,C03,120.728149,24.309253,3
6354,66000,387130000C,(04)23274275,(04)23288582,2023,8,17,7,51,臺中市,大肚區,0,0,0,7,,,50,,,,,,,,,,,,,,12,40,,,,,B03,,,1,,2,,,40,40,1,12,4,B03,120.571147,24.121101,3
6355,66000,387130000C,(04)23274275,(04)23288582,2023,8,17,7,52,臺中市,北屯區,0,0,0,7,,,50,,,,,,,,,,,,,,13,59,,,,,C03,,,1,,2,,,59,59,1,11,4,C03,120.680507,24.195944,3
6356,66000,387130000C,(04)23274275,(04)23288582,2023,8,17,7,53,臺中市,大甲區,0,1,0,7,2,6,30,11,9,1,5,4,6,6,4,4,10,5,5,2,11,58,2,7,1,1,C03,7,9,1,10,2,14,,58,58,1,6,4,C03,120.621184,24.409803,2
6357,66000,387130000C,(04)23274275,(04)23288582,2023,8,17,7,56,臺中市,南區,0,1,0,7,2,6,50,3,1,1,5,4,6,6,4,4,10,5,5,2,16,47,3,10,3,1,B03,7,5,1,8,2,5,,47,47,1,13,4,B03,120.658748,24.118096,2
6358,66000,387130000C,(04)23274275,(04)23288582,2023,8,17,7,58,臺中市,東區,0,0,0,7,,,50,,,,,,,,,,,,,,,84,,,,,B03,,,5,,9,,,84,,1,12,4,B03,120.686811,24.141427,3
6359,66000,387130000C,(04)23274275,(04)23288582,2023,8,17,7,58,臺中市,北屯區,0,0,0,7,,,30,,,,,,,,,,,,,,11,41,,,,,C03,,,1,,1,,,41,41,1,13,4,C03,120.679925,24.190156,3
6360,66000,387130000C,(04)23274275,(04)23288582,2023,8,17,8,0,臺中市,北屯區,0,0,0,7,,,50,,,,,,,,,,,,,,,84,,,,,C03,,,1,,1,,,87,,1,12,4,C03,120.694197,24.171714,3
6361,66000,387130000C,(04)23274275,(04)23288582,2023,8,17,8,1,臺中市,大肚區,0,2,0,7,2,6,50,13,9,1,5,4,6,6,4,4,9,4,5,1,16,20,2,7,1,1,C03,7,6,1,10,2,11,,20,20,1,6,4,C03,120.58123,24.168409,2
6362,66000,387130000C,(04)23274275,(04)23288582,2023,8,17,8,2,臺中市,北屯區,0,0,0,7,,,50,,,,,,,,,,,,,,13,7,,,,,C03,,,1,,1,,,7,,1,13,4,C03,120.722,24.181974,3
6363,66000,387130000C,(04)23274275,(04)23288582,2023,8,17,8,3,臺中市,南屯區,0,0,0,7,,,50,,,,,,,,,,,,,,,59,,,,,B03,,,1,,1,,,59,,1,13,4,B03,120.630193,24.146756,3
6364,66000,387130000C,(04)23274275,(04)23288582,2023,8,17,8,3,臺中市,龍井區,0,1,0,7,2,6,50,4,1,1,5,4,6,6,4,4,10,5,5,2,16,47,3,10,3,1,B03,7,5,1,8,2,2,,47,47,1,13,4,B03,120.562482,24.201124,2
6365,66000,387130000C,(04)23274275,(04)23288582,2023,8,17,8,7,臺中市,太平區,0,1,0,7,3,6,50,4,1,1,5,4,6,6,1,1,5,4,5,2,16,84,2,9,2,1,C03,7,9,1,10,2,14,,84,84,1,12,4,C03,120.71286,24.14444,2
6366,66000,387130000C,(04)23274275,(04)23288582,2023,8,17,8,7,臺中市,后里區,0,0,0,7,,,50,,,,,,,,,,,,,,16,51,,,,,B03,,,1,,1,,,51,,1,6,4,B03,120.712815,24.310445,3
6367,66000,387130000C,(04)23274275,(04)23288582,2023,8,17,8,15,臺中市,南區,0,0,0,7,,,50,,,,,,,,,,,,,,13,84,,,,,C03,,,1,,2,,,84,,1,13,4,C03,120.67209,24.11916,3
6368,66000,387130000C,(04)23274275,(04)23288582,2023,8,17,8,15,臺中市,大里區,0,0,0,7,,,30,,,,,,,,,,,,,,,8,,,,,B03,,,1,,1,,,8,,1,6,4,B03,120.67842,24.080025,3
6369,66000,387130000C,(04)23274275,(04)23288582,2023,8,17,8,15,臺中市,太平區,0,0,0,7,,,50,,,,,,,,,,,,,,13,7,,,,,B03,,,1,,2,,,7,,1,13,4,B03,120.733584,24.13458,3
6370,66000,387130000C,(04)23274275,(04)23288582,2023,8,17,8,15,臺中市,清水區,0,0,0,7,,,50,,,,,,,,,,,,,,,58,,,,,B03,,,1,,1,,,58,,1,12,4,B03,120.555279,24.294758,3
6371,66000,387130000C,(04)23274275,(04)23288582,2023,8,17,8,17,臺中市,北區,0,0,0,7,,,50,,,,,,,,,,,,,,16,40,,,,,C03,,,1,,1,,,40,,1,12,4,C03,120.686158,24.154354,3
6372,66000,387130000C,(04)23274275,(04)23288582,2023,8,17,8,19,臺中市,大里區,0,1,0,7,2,6,50,13,8,1,5,4,6,6,1,1,3,4,4,1,13,7,3,10,2,1,C03,7,9,1,10,2,11,,7,7,1,13,4,C03,120.692547,24.102836,2
6373,66000,387130000C,(04)23274275,(04)23288582,2023,8,17,8,20,臺中市,北區,0,2,0,7,2,6,50,3,1,1,5,4,6,6,4,4,10,5,5,2,16,20,2,9,1,1,C03,7,5,1,10,2,12,,20,20,1,12,4,C03,120.667661,24.17164,2
6374,66000,387130000C,(04)23274275,(04)23288582,2023,8,17,8,22,臺中市,太平區,0,1,0,7,3,6,50,13,9,1,5,4,6,6,4,4,5,4,5,1,17,59,3,10,3,1,B03,7,4,1,8,2,5,,59,59,1,12,4,B03,120.719364,24.133472,2
6375,66000,387130000C,(04)23274275,(04)23288582,2023,8,17,8,23,臺中市,北屯區,0,1,0,7,2,6,40,13,7,1,5,4,6,6,4,4,5,5,4,2,17,51,3,10,1,1,C03,7,1,1,10,2,11,,51,51,1,13,4,C03,120.700966,24.186622,2
6376,66000,387130000C,(04)23274275,(04)23288582,2023,8,17,8,24,臺中市,北區,0,1,0,7,2,6,50,4,9,1,5,4,6,6,1,1,5,5,5,2,17,76,3,10,3,1,B03,7,14,1,8,2,2,,76,76,1,13,4,B03,120.666423,24.154529,2
6377,66000,387130000C,(04)23274275,(04)23288582,2023,8,17,8,25,臺中市,豐原區,0,0,0,7,,,50,,,,,,,,,,,,,,,48,,,,,C03,,,1,,2,,,48,,1,13,4,C03,120.731159,24.270734,3
6378,66000,387130000C,(04)23274275,(04)23288582,2023,8,17,8,26,臺中市,潭子區,0,0,0,7,,,60,,,,,,,,,,,,,,,40,,,,,B03,,,1,,2,,,40,,1,13,4,B03,120.70535,24.214878,3
6379,66000,387130000C,(04)23274275,(04)23288582,2023,8,17,8,27,臺中市,潭子區,0,0,0,7,,,60,,,,,,,,,,,,,,,8,,,,,B03,,,1,,2,,,8,,1,13,4,B03,120.689923,24.225138,3
6380,66000,387130000C,(04)23274275,(04)23288582,2023,8,17,8,28,臺中市,北區,0,2,0,7,1,6,50,4,2,1,5,4,6,6,1,1,10,5,5,2,17,40,2,9,1,1,C03,7,7,1,10,2,11,,40,40,1,12,4,C03,120.665441,24.166175,2
6381,66000,387130000C,(04)23274275,(04)23288582,2023,8,17,8,32,臺中市,北區,0,0,0,7,,,50,,,,,,,,,,,,,,16,40,,,,,C03,,,1,,2,,,40,,1,12,4,C03,120.671982,24.170702,3
6382,66000,387130000C,(04)23274275,(04)23288582,2023,8,17,8,32,臺中市,南屯區,0,0,0,7,,,50,,,,,,,,,,,,,,13,59,,,,,B03,,,1,,1,,,59,,1,12,4,B03,120.624147,24.149373,3
6383,66000,387130000C,(04)23274275,(04)23288582,2023,8,17,8,35,臺中市,北屯區,0,2,0,7,2,6,50,4,1,1,5,4,6,6,2,1,1,4,5,2,13,84,2,9,2,1,C03,7,9,1,10,2,11,,84,84,1,13,4,C03,120.667106,24.173206,2
6384,66000,387130000C,(04)23274275,(04)23288582,2023,8,17,8,38,臺中市,龍井區,0,2,0,7,2,6,50,4,1,1,5,4,6,6,1,1,10,5,5,2,15,21,2,9,1,1,C03,7,9,1,10,2,14,,21,21,1,6,4,C03,120.585038,24.184413,2
6385,66000,387130000C,(04)23274275,(04)23288582,2023,8,17,8,39,臺中市,西區,0,1,0,7,3,6,50,4,1,1,5,4,6,6,1,1,10,5,5,2,13,7,2,8,1,1,C03,7,9,1,10,2,11,,7,7,1,6,4,C03,120.657399,24.136569,2
6386,66000,387130000C,(04)23274275,(04)23288582,2023,8,17,8,41,臺中市,西區,0,0,0,7,,,50,,,,,,,,,,,,,,13,56,,,,,B12,,,1,,1,,,56,,1,13,4,B12,120.662175,24.146726,3
6387,66000,387130000C,(04)23274275,(04)23288582,2023,8,17,8,44,臺中市,西區,0,1,0,7,3,6,50,3,1,1,5,4,6,6,2,1,10,5,5,2,17,51,2,8,4,1,F01,7,1,7,21,1,11,,51,51,1,13,4,F01,120.665757,24.140083,2
6388,66000,387130000C,(04)23274275,(04)23288582,2023,8,17,8,44,臺中市,北屯區,0,2,0,7,3,6,50,4,1,1,5,4,6,6,1,1,10,5,5,2,13,7,2,8,2,1,C03,7,9,1,10,2,11,,7,7,1,12,4,C03,120.702336,24.169863,2
6389,66000,387130000C,(04)23274275,(04)23288582,2023,8,17,8,44,臺中市,烏日區,0,0,0,7,,,50,,,,,,,,,,,,,,16,32,,,,,B03,,,1,,2,,,32,,1,13,4,B03,120.646766,24.0946,3
6390,66000,387130000C,(04)23274275,(04)23288582,2023,8,17,8,48,臺中市,梧棲區,0,1,0,7,2,6,50,13,9,1,5,4,6,6,4,4,5,4,4,2,17,50,3,10,3,1,A41,7,3,1,1,2,16,,50,50,1,6,4,A41,120.531613,24.257235,2
6391,66000,387130000C,(04)23274275,(04)23288582,2023,8,17,8,53,臺中市,南屯區,0,0,0,7,,,30,,,,,,,,,,,,,,,50,,,,,B12,,,5,,2,,,50,,1,12,4,B12,120.625578,24.151181,3
6392,66000,387130000C,(04)23274275,(04)23288582,2023,8,17,8,55,臺中市,南屯區,0,1,0,7,2,6,50,4,1,1,5,4,6,6,1,1,5,5,5,2,17,20,3,10,3,1,B03,7,6,1,8,2,2,,20,20,1,13,4,B03,120.626871,24.116357,2
6393,66000,387130000C,(04)23274275,(04)23288582,2023,8,17,8,55,臺中市,大里區,0,0,0,7,,,30,,,,,,,,,,,,,,,51,,,,,B03,,,1,,2,,,51,51,1,12,4,B03,120.703616,24.094333,3
6394,66000,387130000C,(04)23274275,(04)23288582,2023,8,17,8,56,臺中市,北屯區,0,1,0,7,3,6,50,3,1,1,5,4,6,6,2,1,10,5,5,2,16,84,3,10,3,1,B03,7,6,1,8,2,8,,84,84,1,12,4,B03,120.733325,24.170166,2
6395,66000,387130000C,(04)23274275,(04)23288582,2023,8,17,9,3,臺中市,龍井區,0,2,0,7,2,6,30,13,9,1,5,4,6,6,4,4,10,5,5,2,16,84,2,9,1,1,C03,7,6,1,10,2,14,,87,7,1,13,4,C03,120.547327,24.210767,2
6396,66000,387130000C,(04)23274275,(04)23288582,2023,8,17,9,4,臺中市,西屯區,0,0,0,7,,,50,,,,,,,,,,,,,,,84,,,,,B12,,,1,,1,,,84,,1,13,4,B12,120.623068,24.186078,3
6397,66000,387130000C,(04)23274275,(04)23288582,2023,8,17,9,10,臺中市,南屯區,0,0,0,7,,,40,,,,,,,,,,,,,,,59,,,,,B03,,,1,,1,,,59,,1,13,4,B03,120.644532,24.124975,3
6398,66000,387130000C,(04)23274275,(04)23288582,2023,8,17,9,20,臺中市,東區,0,0,0,7,3,6,50,4,1,1,5,4,6,6,1,1,,5,5,2,30,87,3,10,1,1,C03,7,9,1,10,1,14,,87,87,1,12,4,C03,120.698033,24.147964,3
6399,66000,387130000C,(04)23274275,(04)23288582,2023,8,17,9,23,臺中市,豐原區,0,0,0,7,,,50,,,,,,,,,,,,,,,20,,,,,B03,,,1,,2,,,20,,1,13,4,B03,120.730954,24.242384,3
6400,66000,387130000C,(04)23274275,(04)23288582,2023,8,17,9,25,臺中市,南屯區,0,0,0,7,,,50,,,,,,,,,,,,,,12,51,,,,,B03,,,1,,1,,,51,,1,12,4,B03,120.649725,24.140644,3
6401,66000,387130000C,(04)23274275,(04)23288582,2023,8,17,9,26,臺中市,龍井區,0,1,0,7,2,6,50,4,1,1,5,4,6,6,4,4,10,5,5,2,15,15,2,9,2,1,C03,7,9,3,19,2,12,,15,15,1,13,4,C03,120.547696,24.193686,2
6402,66000,387130000C,(04)23274275,(04)23288582,2023,8,17,9,26,臺中市,后里區,0,1,0,7,1,6,50,3,1,1,5,4,6,6,1,1,10,5,5,2,16,20,3,10,1,1,C03,7,5,1,10,2,13,,20,20,1,12,4,C03,120.716141,24.306836,2
6403,66000,387130000C,(04)23274275,(04)23288582,2023,8,17,9,30,臺中市,東區,0,0,0,7,3,6,50,13,9,1,5,4,6,6,4,4,10,5,5,2,17,84,3,10,3,1,G03,7,9,1,7,2,8,,84,84,1,12,4,G03,120.695345,24.126604,3
6404,66000,387130000C,(04)23274275,(04)23288582,2023,8,17,9,39,臺中市,西區,0,1,0,7,3,6,50,5,1,1,5,4,6,6,1,1,10,5,5,2,16,48,2,9,1,1,C03,7,6,1,10,2,14,,48,48,1,12,4,C03,120.668775,24.13206,2
6405,66000,387130000C,(04)23274275,(04)23288582,2023,8,17,9,44,臺中市,太平區,0,2,0,7,2,6,50,13,9,1,5,4,6,6,4,4,9,5,5,2,16,7,2,9,1,1,C03,7,9,1,10,2,11,,7,7,1,6,4,C03,120.71473,24.152244,2
6406,66000,387130000C,(04)23274275,(04)23288582,2023,8,17,9,47,臺中市,大甲區,0,1,0,7,2,6,50,13,9,1,5,4,6,6,4,4,9,5,5,1,17,59,2,7,1,1,C03,7,9,3,19,2,11,12,59,59,1,6,4,C03,120.624431,24.34726,2
6407,66000,387130000C,(04)23274275,(04)23288582,2023,8,17,9,53,臺中市,北屯區,0,0,0,7,,,50,,,,,,,,,,,,,,17,35,,,,,B12,,,1,,1,,,35,,1,12,4,B12,120.697284,24.169065,3
6408,66000,387130000C,(04)23274275,(04)23288582,2023,8,17,10,0,臺中市,太平區,0,1,0,7,3,6,40,3,1,1,5,4,6,6,3,1,10,5,5,2,16,11,3,10,3,1,B12,7,6,1,8,2,6,,11,11,1,12,4,B12,120.742253,24.132698,2
6409,66000,387130000C,(04)23274275,(04)23288582,2023,8,17,10,2,臺中市,太平區,0,0,0,7,,,30,,,,,,,,,,,,,,,50,,,,,B12,,,1,,2,,,50,,1,12,4,B12,120.70601,24.125516,3
6410,66000,387130000C,(04)23274275,(04)23288582,2023,8,17,10,11,臺中市,北屯區,0,1,0,7,3,6,50,13,9,1,5,4,6,6,4,4,5,4,5,2,12,40,2,9,2,1,C03,7,8,1,10,2,14,,40,40,1,12,4,C03,120.665673,24.182727,2
6411,66000,387130000C,(04)23274275,(04)23288582,2023,8,17,10,14,臺中市,南屯區,0,2,0,7,2,6,30,4,1,1,5,4,6,6,3,1,10,5,5,2,15,20,2,9,1,1,C03,7,9,2,19,2,14,,20,20,1,12,4,C03,120.612766,24.138962,2
6412,66000,387130000C,(04)23274275,(04)23288582,2023,8,17,10,14,臺中市,北屯區,0,1,0,7,3,6,50,3,1,1,5,4,6,6,4,4,1,5,5,2,16,14,3,10,3,1,B01,7,5,1,4,2,8,,14,14,1,12,4,B01,120.720464,24.162869,2
6413,66000,387130000C,(04)23274275,(04)23288582,2023,8,17,10,15,臺中市,西屯區,0,0,0,7,,,40,,,,,,,,,,,,,,,49,,,,,B03,,,1,,2,,,49,,1,13,4,B03,120.646272,24.172781,3
6414,66000,387130000C,(04)23274275,(04)23288582,2023,8,17,10,17,臺中市,北屯區,0,0,0,7,,,40,,,,,,,,,,,,,,13,7,,,,,B03,,,1,,1,,,7,,1,13,4,B03,120.719026,24.162048,3
6415,66000,387130000C,(04)23274275,(04)23288582,2023,8,17,10,20,臺中市,大里區,0,1,0,6,2,6,50,5,1,1,5,4,6,6,1,1,1,2,5,1,15,21,3,10,3,1,A41,7,9,1,1,2,5,,21,21,1,6,4,A41,120.666556,24.096673,2
6416,66000,387130000C,(04)23274275,(04)23288582,2023,8,17,10,23,臺中市,霧峰區,0,0,0,7,,,50,,,,,,,,,,,,,,,45,,,,,B03,,,1,,2,,,45,45,1,12,4,B03,120.696627,24.070157,3
6417,66000,387130000C,(04)23274275,(04)23288582,2023,8,17,10,24,臺中市,太平區,0,0,0,7,,,40,,,,,,,,,,,,,,,76,,,,,B03,,,1,,2,,,76,,1,13,4,B03,120.730569,24.111174,3
6418,66000,387130000C,(04)23274275,(04)23288582,2023,8,17,10,25,臺中市,北屯區,0,0,0,7,,,50,,,,,,,,,,,,,,14,49,,,,,B12,,,1,,1,,,49,49,1,13,4,B12,120.720063,24.172143,3
6419,66000,387130000C,(04)23274275,(04)23288582,2023,8,17,10,25,臺中市,北屯區,0,0,0,7,,,50,,,,,,,,,,,,,,17,72,,,,,B12,,,1,,1,,,72,,1,13,4,B12,120.690334,24.172129,3
6420,66000,387130000C,(04)23274275,(04)23288582,2023,8,17,10,29,臺中市,西區,0,0,0,7,,,30,,,,,,,,,,,,,,,59,,,,,B03,,,1,,1,,,59,,1,12,4,B03,120.663528,24.129733,3
6421,66000,387130000C,(04)23274275,(04)23288582,2023,8,17,10,38,臺中市,北屯區,0,0,0,7,,,50,,,,,,,,,,,,,,12,35,,,,,C03,,,1,,2,,,35,35,1,12,4,C03,120.685498,24.172177,4
6422,66000,387130000C,(04)23274275,(04)23288582,2023,8,17,10,38,臺中市,沙鹿區,0,0,0,7,,,60,,,,,,,,,,,,,,,6,,,,,A12,,,1,,2,,,6,,1,13,4,A12,120.60079,24.249871,3
6423,66000,387130000C,(04)23274275,(04)23288582,2023,8,17,10,39,臺中市,南屯區,0,0,0,7,,,50,,,,,,,,,,,,,,,59,,,,,B03,,,1,,1,,,59,,1,13,4,B03,120.640573,24.144852,3
6424,66000,387130000C,(04)23274275,(04)23288582,2023,8,17,10,42,臺中市,北屯區,0,0,0,7,,,60,,,,,,,,,,,,,,,7,,,,,B03,,,1,,1,,,7,7,1,12,4,B03,120.720464,24.162869,3
6425,66000,387130000C,(04)23274275,(04)23288582,2023,8,17,10,53,臺中市,北屯區,0,1,0,7,3,6,0,13,21,4,5,4,6,6,4,4,10,5,5,2,17,28,2,9,2,1,C03,7,9,1,10,2,11,,28,28,1,13,4,C03,120.693116,24.171499,2
6426,66000,387130000C,(04)23274275,(04)23288582,2023,8,17,10,55,臺中市,神岡區,0,1,0,7,2,6,50,4,1,1,5,4,6,6,2,1,1,4,4,1,16,11,3,10,3,1,B03,7,6,1,8,2,2,,11,11,1,12,4,B03,120.696037,24.248379,2
6427,66000,387130000C,(04)23274275,(04)23288582,2023,8,17,10,57,臺中市,新社區,0,1,0,7,2,6,30,11,9,1,5,4,6,5,4,4,10,5,5,2,11,84,3,10,3,1,B03,7,9,1,8,2,8,,84,84,1,12,4,B03,120.806702,24.202659,2
6428,66000,387130000C,(04)23274275,(04)23288582,2023,8,17,10,59,臺中市,北屯區,0,2,0,7,2,6,50,4,1,1,5,4,6,6,4,4,10,5,5,2,17,14,2,8,4,1,F03,7,6,7,21,2,11,,14,14,1,6,4,F03,120.69331,24.164903,2
6429,66000,387130000C,(04)23274275,(04)23288582,2023,8,17,11,1,臺中市,東勢區,0,1,0,7,2,6,50,5,1,1,5,4,6,6,1,1,10,5,5,2,11,84,2,7,1,1,C03,7,15,3,19,2,11,,84,84,1,12,4,C03,120.826964,24.25535,2
6430,66000,387130000C,(04)23274275,(04)23288582,2023,8,17,11,3,臺中市,大里區,0,1,0,7,2,6,50,3,1,1,5,4,6,6,4,4,10,5,5,2,17,14,3,10,5,4,B03,7,5,1,8,2,6,,14,14,1,6,4,B03,120.717354,24.095826,2
6431,66000,387130000C,(04)23274275,(04)23288582,2023,8,17,11,10,臺中市,大里區,0,1,0,7,2,6,30,13,9,1,5,4,6,6,4,4,10,5,5,2,30,59,2,9,1,1,C03,7,9,1,10,2,12,,59,59,1,13,4,C03,120.688022,24.113589,2
6432,66000,387130000C,(04)23274275,(04)23288582,2023,8,17,11,11,臺中市,梧棲區,0,0,0,7,,,30,,,,,,,,,,,,,,16,14,,,,,B03,,,1,,2,,,14,,1,6,4,B03,120.557597,24.257052,3
6433,66000,387130000C,(04)23274275,(04)23288582,2023,8,17,11,20,臺中市,北屯區,0,1,0,7,2,6,40,4,1,1,5,4,6,6,1,1,5,5,4,2,16,23,2,9,6,1,F01,7,6,7,21,2,14,,23,23,1,13,4,F01,120.663059,24.182751,2
6434,66000,387130000C,(04)23274275,(04)23288582,2023,8,17,11,20,臺中市,神岡區,0,1,0,7,3,6,30,13,9,1,5,4,6,6,4,4,10,5,5,2,17,42,3,10,3,1,A12,7,15,1,7,2,15,,42,42,1,13,4,A12,120.703926,24.270993,2
6435,66000,387130000C,(04)23274275,(04)23288582,2023,8,17,11,31,臺中市,西屯區,0,2,0,7,3,6,40,3,2,1,5,4,6,6,2,1,1,3,1,1,17,87,2,9,1,1,C03,7,9,1,10,2,12,,87,87,1,13,4,C03,120.616508,24.182689,2
6436,66000,387130000C,(04)23274275,(04)23288582,2023,8,17,11,37,臺中市,西屯區,0,0,0,7,,,50,,,,,,,,,,,,,,,84,,,,,C03,,,1,,1,,,84,,1,13,4,C03,120.606437,24.192696,3
6437,66000,387130000C,(04)23274275,(04)23288582,2023,8,17,11,40,臺中市,北區,0,1,0,7,2,6,30,3,1,1,5,4,6,6,4,4,1,4,5,2,17,13,3,10,2,1,C03,7,5,1,10,2,14,,13,13,1,13,4,C03,120.684916,24.167886,2
6438,66000,387130000C,(04)23274275,(04)23288582,2023,8,17,11,42,臺中市,豐原區,0,1,0,7,2,6,50,4,1,1,5,4,6,6,1,1,5,5,5,2,15,21,3,10,1,1,C03,7,9,3,19,2,12,,21,21,1,6,4,C03,120.723504,24.252139,2
6439,66000,387130000C,(04)23274275,(04)23288582,2023,8,17,11,43,臺中市,烏日區,0,0,0,7,,,40,,,,,,,,,,,,,,,49,,,,,B12,,,1,,1,,,49,,1,6,4,B12,120.649578,24.063903,3
6440,66000,387130000C,(04)23274275,(04)23288582,2023,8,17,11,46,臺中市,大里區,0,2,0,7,3,6,50,13,7,1,5,4,6,6,4,4,5,4,4,2,17,7,2,9,1,1,C03,7,9,1,10,2,11,,7,7,1,12,4,C03,120.703691,24.092548,2
6441,66000,387130000C,(04)23274275,(04)23288582,2023,8,17,11,48,臺中市,沙鹿區,0,2,0,7,2,6,40,4,1,1,5,4,6,6,1,1,10,5,5,2,16,47,2,8,2,1,C03,7,5,1,10,9,12,,47,47,1,12,4,C03,120.553021,24.217208,2
6442,66000,387130000C,(04)23274275,(04)23288582,2023,8,17,11,50,臺中市,南屯區,0,0,0,7,,,40,,,,,,,,,,,,,,,59,,,,,B03,,,1,,2,,,59,59,1,13,4,B03,120.636906,24.147378,3
6443,66000,387130000C,(04)23274275,(04)23288582,2023,8,17,11,52,臺中市,大雅區,0,0,0,7,,,50,,,,,,,,,,,,,,12,7,,,,,A12,,,1,,2,,,7,,1,13,4,A12,120.651029,24.209847,3
6444,66000,387130000C,(04)23274275,(04)23288582,2023,8,17,11,53,臺中市,南屯區,0,0,0,7,,,50,,,,,,,,,,,,,,12,26,,,,,B03,,,3,,1,,,26,,1,12,4,B03,120.637724,24.142453,3
6445,66000,387130000C,(04)23274275,(04)23288582,2023,8,17,12,0,臺中市,北屯區,0,0,0,7,,,50,,,,,,,,,,,,,,12,77,,,,,C03,,,1,,1,,,77,77,1,13,4,C03,120.689776,24.190876,3
6446,66000,387130000C,(04)23274275,(04)23288582,2023,8,17,12,1,臺中市,太平區,0,1,0,7,2,6,50,13,9,1,5,4,6,6,4,4,5,2,5,2,18,59,2,9,1,1,C03,7,9,1,10,2,14,,59,59,1,6,4,C03,120.700571,24.147974,2
6447,66000,387130000C,(04)23274275,(04)23288582,2023,8,17,12,3,臺中市,西屯區,0,0,0,7,,,50,,,,,,,,,,,,,,,40,,,,,B03,,,1,,2,,,40,,1,13,4,B03,120.641018,24.167806,3
6448,66000,387130000C,(04)23274275,(04)23288582,2023,8,17,12,7,臺中市,北屯區,0,1,0,7,3,6,50,4,1,1,5,4,6,6,4,4,10,5,5,2,13,7,2,9,2,1,C03,7,9,1,10,2,11,,7,7,1,12,4,C03,120.685025,24.193468,2
6449,66000,387130000C,(04)23274275,(04)23288582,2023,8,17,12,10,臺中市,南區,0,0,0,7,3,6,50,13,7,1,5,4,6,6,4,4,,4,5,2,12,84,3,10,3,1,B12,7,9,1,8,2,2,,84,84,1,12,4,B12,120.666824,24.119158,3
6450,66000,387130000C,(04)23274275,(04)23288582,2023,8,17,12,10,臺中市,北屯區,0,0,0,7,,,50,,,,,,,,,,,,,,13,84,,,,,B13,,,1,,1,,,84,,1,12,4,B13,120.721702,24.182236,3
6451,66000,387130000C,(04)23274275,(04)23288582,2023,8,17,12,10,臺中市,大肚區,0,0,0,7,,,30,,,,,,,,,,,,,,,51,,,,,B03,,,1,,2,,,51,,1,12,4,B03,120.554944,24.141706,3
6452,66000,387130000C,(04)23274275,(04)23288582,2023,8,17,12,15,臺中市,南屯區,0,2,0,7,2,6,50,13,9,1,5,4,6,6,4,4,5,4,5,2,13,7,2,9,1,1,C03,7,9,1,10,2,11,,7,7,1,12,4,C03,120.649847,24.148208,2
6453,66000,387130000C,(04)23274275,(04)23288582,2023,8,17,12,20,臺中市,西區,0,0,0,7,,,40,,,,,,,,,,,,,,,8,,,,,B03,,,1,,1,,,8,,1,6,4,B03,120.665022,24.148874,3
6454,66000,387130000C,(04)23274275,(04)23288582,2023,8,17,12,20,臺中市,南屯區,0,1,0,7,2,6,50,13,9,1,5,4,6,6,4,4,9,5,5,2,17,45,3,10,3,1,B03,7,11,1,8,2,4,,45,45,1,13,4,B03,120.624006,24.145677,2
6455,66000,387130000C,(04)23274275,(04)23288582,2023,8,17,12,24,臺中市,西區,0,1,0,7,2,6,40,4,1,1,5,4,6,6,1,1,10,5,5,2,17,84,2,9,5,4,C03,7,9,1,10,2,11,,84,84,1,12,4,C03,120.671879,24.149002,2
6456,66000,387130000C,(04)23274275,(04)23288582,2023,8,17,12,27,臺中市,西屯區,0,0,0,7,,,50,,,,,,,,,,,,,,13,7,,,,,C03,,,1,,2,,,7,,1,12,2,C03,120.652808,24.160021,3
6457,66000,387130000C,(04)23274275,(04)23288582,2023,8,17,12,29,臺中市,清水區,0,0,0,7,,,60,,,,,,,,,,,,,,,25,,,,,B03,,,1,,2,,,25,,1,12,4,B03,120.549496,24.276508,3
6458,66000,387130000C,(04)23274275,(04)23288582,2023,8,17,12,30,臺中市,大雅區,0,0,0,7,,,50,,,,,,,,,,,,,,16,68,,,,,B13,,,1,,2,,,68,,1,13,4,B13,120.650504,24.219019,3