序號,縣市別代碼,機關代碼,市話,傳真,年,月,日,時,分,縣市,區,死亡數量,受傷數量,2-30,天候,光線,道路類別,速限,道路型態,事故位置,路面鋪裝,路面狀態,路面缺陷,障礙物,視距,號誌種類,號誌動作,分向設施,快車道或一般車道間,快慢車道間,路面邊線,事故類型及型態,主要肇因,受傷程度,主要傷處,保護裝備,行動電話,當事者區分(類別),車輛用途,當事者行動狀態,駕駛資格情形,駕駛執照種類,飲酒情形,車輛撞擊部位最初,車輛撞擊部位其他,肇事因素個別,肇事因素主要,肇事逃逸,職業,旅次目的,車種,GPS座標X,GPS座標Y,事故類別
6459,66000,387130000C,(04)23274275,(04)23288582,2023,8,17,12,33,臺中市,西屯區,0,1,0,7,3,6,50,4,1,1,5,4,6,6,2,1,10,5,5,2,12,8,2,9,1,1,C03,7,9,1,10,2,14,,8,8,1,12,4,C03,120.650041,24.162855,2
6460,66000,387130000C,(04)23274275,(04)23288582,2023,8,17,12,33,臺中市,龍井區,0,1,0,7,2,6,50,13,9,1,5,4,6,6,4,4,9,5,5,1,17,43,2,9,2,1,C03,7,9,1,10,2,14,,43,41,1,6,2,C03,120.513195,24.211197,2
6461,66000,387130000C,(04)23274275,(04)23288582,2023,8,17,12,34,臺中市,西屯區,0,1,0,7,3,6,50,13,9,1,5,4,6,6,4,4,1,3,5,1,17,7,2,9,1,1,C03,7,9,1,10,2,11,,7,84,1,13,4,C03,120.642131,24.173009,2
6462,66000,387130000C,(04)23274275,(04)23288582,2023,8,17,12,40,臺中市,北屯區,0,3,0,7,2,6,50,13,9,1,5,4,6,6,4,4,1,4,5,2,13,7,2,9,2,1,C03,7,9,1,10,2,11,,7,7,1,6,4,C03,120.692655,24.1618,2
6463,66000,387130000C,(04)23274275,(04)23288582,2023,8,17,12,40,臺中市,豐原區,0,0,0,7,,,50,,,,,,,,,,,,,,14,49,,,,,B12,,,1,,2,,,49,,1,13,4,B12,120.733891,24.252822,3
6464,66000,387130000C,(04)23274275,(04)23288582,2023,8,17,12,43,臺中市,北區,0,0,0,7,,,50,,,,,,,,,,,,,,13,59,,,,,B03,,,1,,1,,,59,,1,12,4,B03,120.663439,24.162738,3
6465,66000,387130000C,(04)23274275,(04)23288582,2023,8,17,12,43,臺中市,豐原區,0,1,0,7,2,6,50,13,9,1,5,4,6,6,4,4,4,5,5,1,12,39,3,10,3,1,B03,7,11,1,8,2,4,,39,39,1,13,4,B03,120.730957,24.248989,2
6466,66000,387130000C,(04)23274275,(04)23288582,2023,8,17,12,52,臺中市,太平區,0,0,0,7,,,40,,,,,,,,,,,,,,,49,,,,,B12,,,1,,2,,,49,,1,12,4,B12,120.719505,24.105663,3
6467,66000,387130000C,(04)23274275,(04)23288582,2023,8,17,12,56,臺中市,北區,0,1,0,7,2,6,30,4,1,1,5,4,6,6,4,4,10,5,5,2,15,15,2,8,2,1,C03,7,9,1,10,2,11,,15,15,1,12,4,C03,120.669866,24.160436,2
6468,66000,387130000C,(04)23274275,(04)23288582,2023,8,17,12,57,臺中市,沙鹿區,0,2,0,7,2,6,50,5,2,1,5,4,6,6,1,1,3,3,3,1,17,20,3,10,5,4,B02,7,5,1,8,2,2,,20,20,1,13,4,B02,120.569563,24.237414,2
6469,66000,387130000C,(04)23274275,(04)23288582,2023,8,17,13,0,臺中市,北區,0,0,0,7,,,50,,,,,,,,,,,,,,14,49,,,,,B03,,,1,,1,,,49,,1,12,4,B03,120.667032,24.165331,3
6470,66000,387130000C,(04)23274275,(04)23288582,2023,8,17,13,2,臺中市,太平區,0,1,0,7,2,6,50,3,1,1,5,4,6,6,4,4,10,5,5,2,17,4,2,9,1,1,F03,7,6,7,21,2,11,,4,4,1,12,4,F03,120.707699,24.125164,2
6471,66000,387130000C,(04)23274275,(04)23288582,2023,8,17,13,8,臺中市,西屯區,0,0,0,7,,,50,,,,,,,,,,,,,,,84,,,,,B03,,,1,,2,,,84,,1,13,4,B03,120.606243,24.187327,3
6472,66000,387130000C,(04)23274275,(04)23288582,2023,8,17,13,10,臺中市,沙鹿區,0,0,0,7,,,50,,,,,,,,,,,,,,,84,,,,,F01,,,7,,2,,,84,,1,6,4,F01,120.564793,24.248844,4
6473,66000,387130000C,(04)23274275,(04)23288582,2023,8,17,13,15,臺中市,南屯區,0,1,0,7,2,6,40,13,8,1,5,4,6,6,4,4,9,5,4,2,17,58,2,9,2,1,C03,7,9,1,10,2,11,,58,58,1,12,4,C03,120.633498,24.155642,2
6474,66000,387130000C,(04)23274275,(04)23288582,2023,8,17,13,15,臺中市,西屯區,0,0,0,7,,,50,,,,,,,,,,,,,,13,59,,,,,B03,,,1,,1,,,59,,1,12,4,B03,120.646531,24.157749,3
6475,66000,387130000C,(04)23274275,(04)23288582,2023,8,17,13,16,臺中市,大里區,0,0,0,7,1,6,50,13,9,1,4,4,6,6,4,4,5,5,5,2,12,50,,,,,B03,,,1,,2,,,50,,1,13,4,B03,120.701486,24.10669,3
6476,66000,387130000C,(04)23274275,(04)23288582,2023,8,17,13,22,臺中市,西屯區,0,0,0,7,,,50,,,,,,,,,,,,,,,85,,,,,C03,,,1,,1,,,85,,1,13,4,C03,120.61045,24.188754,3
6477,66000,387130000C,(04)23274275,(04)23288582,2023,8,17,13,28,臺中市,龍井區,0,2,0,7,2,6,50,13,9,1,5,4,6,6,4,4,9,5,5,1,10,59,2,9,3,1,B03,7,9,1,8,2,1,,59,59,1,13,4,B03,120.559074,24.185034,2
6478,66000,387130000C,(04)23274275,(04)23288582,2023,8,17,13,29,臺中市,南區,0,0,0,7,3,6,50,3,1,1,5,4,6,6,1,1,10,4,4,2,13,84,3,10,3,1,B03,7,9,1,8,2,1,,84,84,1,12,4,B03,120.661716,24.109198,3
6479,66000,387130000C,(04)23274275,(04)23288582,2023,8,17,13,40,臺中市,北屯區,0,0,0,7,,,30,,,,,,,,,,,,,,,84,,,,,C03,,,1,,2,,,84,84,1,12,4,C03,120.669754,24.200732,3
6480,66000,387130000C,(04)23274275,(04)23288582,2023,8,17,13,43,臺中市,西屯區,0,0,0,7,,,50,,,,,,,,,,,,,,14,49,,,,,B03,,,1,,1,,,49,,1,12,4,B03,120.64499,24.172972,3
6481,66000,387130000C,(04)23274275,(04)23288582,2023,8,17,13,48,臺中市,西屯區,0,0,0,7,,,70,,,,,,,,,,,,,,,40,,,,,B03,,,1,,1,,,40,,1,12,4,B03,120.616508,24.182689,3
6482,66000,387130000C,(04)23274275,(04)23288582,2023,8,17,13,49,臺中市,太平區,0,0,0,7,,,50,,,,,,,,,,,,,,13,7,,,,,C03,,,1,,1,,,7,,1,6,4,C03,120.712303,24.125998,3
6483,66000,387130000C,(04)23274275,(04)23288582,2023,8,17,13,52,臺中市,大里區,0,1,0,7,2,6,50,11,9,1,5,4,6,6,4,4,5,5,4,2,17,59,2,9,2,1,C03,7,9,1,10,2,11,,59,59,1,13,4,C03,120.69232,24.114966,2
6484,66000,387130000C,(04)23274275,(04)23288582,2023,8,17,13,53,臺中市,南屯區,0,1,0,7,2,6,50,4,1,1,5,4,6,6,2,1,5,3,5,2,17,6,3,10,3,1,B03,7,6,1,8,2,16,,11,6,1,12,4,B03,120.653004,24.152332,2
6485,66000,387130000C,(04)23274275,(04)23288582,2023,8,17,13,58,臺中市,北屯區,0,0,0,7,,,30,,,,,,,,,,,,,,16,24,,,,,B03,,,1,,2,,,24,24,1,12,4,B03,120.738123,24.178365,3
6486,66000,387130000C,(04)23274275,(04)23288582,2023,8,17,14,0,臺中市,西區,0,0,0,7,,,50,,,,,,,,,,,,,,13,59,,,,,B12,,,1,,1,,,59,,1,12,4,B12,120.65704,24.155749,3
6487,66000,387130000C,(04)23274275,(04)23288582,2023,8,17,14,0,臺中市,東區,0,0,0,6,3,6,50,18,24,1,5,4,6,6,4,4,10,5,5,2,17,87,3,10,1,1,C03,7,13,1,10,1,14,,87,87,1,12,4,C03,120.691203,24.134727,3
6488,66000,387130000C,(04)23274275,(04)23288582,2023,8,17,14,0,臺中市,北屯區,0,0,0,7,,,50,,,,,,,,,,,,,,14,49,,,,,B03,,,1,,1,,,49,49,1,6,4,B03,120.721888,24.1816,3
6489,66000,387130000C,(04)23274275,(04)23288582,2023,8,17,14,0,臺中市,沙鹿區,0,0,0,7,,,30,,,,,,,,,,,,,,17,43,,,,,B03,,,1,,2,,,43,43,1,5,4,B03,120.567987,24.198219,3
6490,66000,387130000C,(04)23274275,(04)23288582,2023,8,17,14,13,臺中市,南屯區,0,0,0,7,,,40,,,,,,,,,,,,,,14,50,,,,,B03,,,1,,1,,,50,,1,12,4,B03,120.636233,24.156453,3
6491,66000,387130000C,(04)23274275,(04)23288582,2023,8,17,14,19,臺中市,大雅區,0,0,0,7,,,50,,,,,,,,,,,,,,12,8,,,,,B12,,,1,,1,,,8,,1,13,4,B12,120.649851,24.223972,3
6492,66000,387130000C,(04)23274275,(04)23288582,2023,8,17,14,19,臺中市,北屯區,0,1,0,7,3,6,50,13,9,1,5,4,6,6,4,4,5,4,5,2,13,59,2,9,1,1,C03,7,9,1,10,2,11,,59,59,1,13,4,C03,120.729069,24.176672,2
6493,66000,387130000C,(04)23274275,(04)23288582,2023,8,17,14,23,臺中市,北屯區,0,1,0,7,2,6,50,13,8,1,5,4,6,6,4,4,1,4,4,2,12,51,3,10,3,1,B01,7,1,1,8,2,8,,51,51,1,6,4,B01,120.686412,24.183899,2
6494,66000,387130000C,(04)23274275,(04)23288582,2023,8,17,14,26,臺中市,北區,0,0,0,7,,,0,,,,,,,,,,,,,,17,39,,,,,B03,,,1,,2,,,39,,1,13,4,B03,120.69222,24.161657,3
6495,66000,387130000C,(04)23274275,(04)23288582,2023,8,17,14,37,臺中市,南區,0,1,0,6,2,6,50,3,1,1,5,4,6,6,1,1,10,5,5,2,16,14,3,10,3,1,B03,7,5,1,8,2,2,,14,14,1,13,4,B03,120.648483,24.122923,2
6496,66000,387130000C,(04)23274275,(04)23288582,2023,8,17,14,42,臺中市,北區,0,1,0,7,2,6,50,4,1,1,5,4,6,6,2,1,5,4,5,2,15,21,3,10,3,1,B03,7,9,1,8,2,1,,21,21,1,12,4,B03,120.682335,24.153988,2
6497,66000,387130000C,(04)23274275,(04)23288582,2023,8,17,14,44,臺中市,西屯區,0,0,0,7,,,50,,,,,,,,,,,,,,,49,,,,,B12,,,1,,1,,,49,,1,13,4,B12,120.594798,24.16415,3
6498,66000,387130000C,(04)23274275,(04)23288582,2023,8,17,14,48,臺中市,北屯區,0,0,0,7,,,50,,,,,,,,,,,,,,13,84,,,,,B11,,,1,,1,,,84,84,1,13,4,B11,120.700136,24.164975,3
6499,66000,387130000C,(04)23274275,(04)23288582,2023,8,17,14,48,臺中市,西屯區,0,0,0,5,,,40,,,,,,,,,,,,,,9,84,,,,,B03,,,1,,1,,,84,,1,12,4,B03,120.61123,24.192052,3
6500,66000,387130000C,(04)23274275,(04)23288582,2023,8,17,14,50,臺中市,南區,0,0,0,5,,,50,,,,,,,,,,,,,,20,84,,,,,B03,,,1,,2,,,84,,1,6,4,B03,120.657871,24.123906,3
6501,66000,387130000C,(04)23274275,(04)23288582,2023,8,17,14,51,臺中市,太平區,0,1,0,7,3,6,50,13,7,1,5,4,6,6,4,4,9,4,4,2,12,42,3,10,3,1,B03,7,9,1,8,2,2,,87,42,1,12,4,B03,120.717795,24.131372,2
6502,66000,387130000C,(04)23274275,(04)23288582,2023,8,17,14,55,臺中市,北屯區,0,3,0,7,3,6,50,13,9,1,5,4,6,6,4,4,1,4,5,2,13,7,2,9,2,1,C03,7,9,1,10,2,11,,7,7,1,12,4,C03,120.696732,24.168301,2
6503,66000,387130000C,(04)23274275,(04)23288582,2023,8,17,15,0,臺中市,北區,0,2,0,6,2,6,50,4,1,1,5,4,6,6,1,1,5,4,4,2,13,7,2,7,1,1,C03,7,9,1,10,2,11,,7,59,1,12,4,C03,120.680948,24.159108,2
6504,66000,387130000C,(04)23274275,(04)23288582,2023,8,17,15,0,臺中市,神岡區,0,1,0,7,1,6,50,4,1,1,5,4,6,6,1,1,5,4,4,2,17,21,3,10,1,1,C01,7,9,1,9,2,11,,21,21,1,6,4,C01,120.701294,24.251356,2
6505,66000,387130000C,(04)23274275,(04)23288582,2023,8,17,15,3,臺中市,石岡區,0,1,0,7,2,6,70,13,8,1,5,4,6,6,4,4,1,4,4,1,17,59,2,9,1,4,C03,7,9,1,10,2,11,,59,59,1,13,4,C03,120.815633,24.260329,2
6506,66000,387130000C,(04)23274275,(04)23288582,2023,8,17,15,5,臺中市,北區,0,1,0,7,3,6,40,3,1,1,5,4,6,6,4,4,2,4,4,2,17,56,2,7,1,1,C03,7,9,1,10,2,11,,56,56,1,13,4,C03,120.688813,24.157171,2
6507,66000,387130000C,(04)23274275,(04)23288582,2023,8,17,15,9,臺中市,南區,0,0,0,7,,,50,,,,,,,,,,,,,,17,119,,,,,B12,,,1,8,11,,,85,119,1,13,4,B12,120.676827,24.127324,3
6508,66000,387130000C,(04)23274275,(04)23288582,2023,8,17,15,9,臺中市,東區,0,0,0,5,,,50,,,,,,,,,,,,,,,84,,,,,C03,,,1,,9,,,84,,1,12,4,C03,120.690947,24.13439,3
6509,66000,387130000C,(04)23274275,(04)23288582,2023,8,17,15,10,臺中市,東區,0,1,0,6,2,6,30,13,9,1,5,4,6,6,4,4,10,5,5,2,17,1,3,10,3,1,B03,7,4,1,8,2,6,,1,1,1,12,4,B03,120.686797,24.138101,2
6510,66000,387130000C,(04)23274275,(04)23288582,2023,8,17,15,15,臺中市,霧峰區,0,0,0,5,,,30,,,,,,,,,,,,,,,59,,,,,B03,,,1,,2,,,59,59,1,6,4,B03,120.666023,24.071544,3
6511,66000,387130000C,(04)23274275,(04)23288582,2023,8,17,15,20,臺中市,西屯區,0,0,0,7,,,50,,,,,,,,,,,,,,12,40,,,,,B03,,,1,,1,,,40,,1,13,4,B03,120.647008,24.164398,3
6512,66000,387130000C,(04)23274275,(04)23288582,2023,8,17,15,25,臺中市,北屯區,0,1,0,5,2,6,50,4,1,1,4,4,6,6,2,1,10,5,5,2,18,5,2,9,2,1,C03,7,9,1,10,2,12,,5,5,1,6,4,C03,120.686232,24.183651,2
6513,66000,387130000C,(04)23274275,(04)23288582,2023,8,17,15,25,臺中市,西屯區,0,1,0,5,3,6,40,4,1,1,4,4,6,6,1,1,8,4,4,1,17,84,2,9,5,4,C03,7,9,1,10,2,12,,84,84,1,13,4,C03,120.646397,24.167884,2
6514,66000,387130000C,(04)23274275,(04)23288582,2023,8,17,15,27,臺中市,西屯區,0,1,0,5,2,6,30,5,1,1,4,4,6,6,3,1,10,5,5,2,15,24,3,10,5,4,B03,7,9,1,8,2,2,,24,24,1,12,4,B03,120.650251,24.169196,2
6515,66000,387130000C,(04)23274275,(04)23288582,2023,8,17,15,27,臺中市,豐原區,0,0,0,6,,,50,,,,,,,,,,,,,,,11,,,,,B03,,,1,,2,,,11,,1,13,4,B03,120.709364,24.248679,3
6516,66000,387130000C,(04)23274275,(04)23288582,2023,8,17,15,29,臺中市,沙鹿區,0,3,0,7,3,6,50,4,1,1,5,4,6,6,4,4,10,5,5,2,15,12,2,8,1,1,C03,7,9,1,11,2,11,,12,12,1,13,4,C03,120.561156,24.238817,2
6517,66000,387130000C,(04)23274275,(04)23288582,2023,8,17,15,31,臺中市,太平區,0,1,0,5,2,6,50,4,1,1,4,4,6,6,4,4,10,5,5,2,15,20,3,10,3,1,B03,7,9,1,8,2,8,,20,20,1,6,4,B03,120.718178,24.130287,2
6518,66000,387130000C,(04)23274275,(04)23288582,2023,8,17,15,36,臺中市,西區,0,0,0,5,2,6,50,4,2,1,4,4,6,6,1,1,5,4,4,2,13,84,,,,,B03,,,1,,1,,,84,,1,13,4,B03,120.661678,24.136547,3
6519,66000,387130000C,(04)23274275,(04)23288582,2023,8,17,15,38,臺中市,大里區,0,0,0,5,,,30,,,,,,,,,,,,,,,12,,,,,B12,,,1,,2,,,12,12,1,13,4,B12,120.703576,24.092083,3
6520,66000,387130000C,(04)23274275,(04)23288582,2023,8,17,15,39,臺中市,西屯區,0,0,0,5,,,50,,,,,,,,,,,,,,,84,,,,,A12,,,1,,1,,,84,84,1,13,4,A12,120.649447,24.21391,3
6521,66000,387130000C,(04)23274275,(04)23288582,2023,8,17,15,40,臺中市,南屯區,0,0,0,5,,,50,,,,,,,,,,,,,,,59,,,,,B01,,,1,,2,,,59,,1,12,4,B01,120.651203,24.154089,3
6522,66000,387130000C,(04)23274275,(04)23288582,2023,8,17,15,44,臺中市,西屯區,0,1,0,5,2,6,50,4,1,1,4,4,6,6,1,1,10,5,5,2,30,59,2,9,5,4,C03,7,9,1,10,1,15,,59,59,1,12,4,C03,120.648843,24.174845,2
6523,66000,387130000C,(04)23274275,(04)23288582,2023,8,17,15,45,臺中市,北屯區,0,1,0,5,2,6,50,3,1,1,4,4,6,6,4,4,10,5,5,2,17,14,3,10,4,1,B03,7,5,1,8,2,1,,14,14,1,6,4,B03,120.733293,24.165378,2
6524,66000,387130000C,(04)23274275,(04)23288582,2023,8,17,15,48,臺中市,太平區,0,1,0,5,2,6,30,13,9,1,4,4,6,6,4,4,5,5,5,1,17,76,3,10,5,4,B03,7,15,1,8,2,4,,76,76,1,6,4,B03,120.721097,24.100646,2
6525,66000,387130000C,(04)23274275,(04)23288582,2023,8,17,15,50,臺中市,北屯區,0,1,0,5,2,6,50,13,9,1,4,4,6,6,4,4,9,4,4,2,17,45,3,10,3,1,B03,7,11,1,8,2,6,,45,45,1,12,4,B03,120.670729,24.178437,2
6526,66000,387130000C,(04)23274275,(04)23288582,2023,8,17,15,56,臺中市,潭子區,0,1,0,5,2,6,40,3,1,1,4,4,6,6,4,4,10,5,5,2,16,20,3,10,3,1,B03,7,6,1,8,2,4,,20,20,1,12,4,B03,120.701394,24.223034,2
6527,66000,387130000C,(04)23274275,(04)23288582,2023,8,17,15,56,臺中市,西屯區,0,1,0,5,2,6,50,13,9,1,4,4,6,6,3,1,10,5,5,2,18,84,2,9,5,4,C03,7,9,1,10,2,12,,84,84,1,12,4,C03,120.646413,24.178629,2
6528,66000,387130000C,(04)23274275,(04)23288582,2023,8,17,16,0,臺中市,西屯區,0,1,0,5,2,6,30,11,9,1,4,4,6,6,4,4,10,5,5,1,18,84,2,7,5,4,C03,7,9,1,10,2,12,,84,84,1,12,4,C03,120.628505,24.175986,2
6529,66000,387130000C,(04)23274275,(04)23288582,2023,8,17,16,0,臺中市,豐原區,0,1,0,5,2,6,50,13,9,1,4,3,6,6,1,1,3,4,5,1,18,84,2,9,1,1,C03,7,9,1,10,2,14,,84,84,1,13,4,C03,120.71043,24.237253,2
6530,66000,387130000C,(04)23274275,(04)23288582,2023,8,17,16,2,臺中市,南屯區,0,1,0,5,2,6,50,13,8,1,4,4,6,6,4,4,5,5,4,2,17,20,3,10,3,1,B03,7,5,1,8,2,2,,20,20,1,12,4,B03,120.652467,24.130736,2
6531,66000,387130000C,(04)23274275,(04)23288582,2023,8,17,16,3,臺中市,西屯區,0,0,0,5,,,50,,,,,,,,,,,,,,12,84,,,,,A02,,,1,,9,,,84,,1,12,4,A02,120.637022,24.17218,3
6532,66000,387130000C,(04)23274275,(04)23288582,2023,8,17,16,4,臺中市,大里區,0,0,0,5,,,50,,,,,,,,,,,,,,17,84,,,,,C03,,,1,,2,,,84,84,1,13,4,C03,120.694299,24.100297,3
6533,66000,387130000C,(04)23274275,(04)23288582,2023,8,17,16,5,臺中市,西屯區,0,1,0,5,2,6,30,3,1,1,4,4,6,6,2,1,10,5,5,2,18,84,2,9,2,1,C03,7,6,1,10,2,15,,84,84,1,13,4,C03,120.648151,24.182031,2
6534,66000,387130000C,(04)23274275,(04)23288582,2023,8,17,16,7,臺中市,梧棲區,0,1,0,7,2,6,70,4,1,1,5,4,6,6,1,1,10,5,5,2,16,25,3,10,3,1,B03,7,6,1,8,2,6,,25,25,1,6,4,B03,120.549835,24.239695,2
6535,66000,387130000C,(04)23274275,(04)23288582,2023,8,17,16,9,臺中市,豐原區,0,0,0,7,,,50,,,,,,,,,,,,,,13,54,,,,,B03,,,1,,2,,,54,,1,13,4,B03,120.749071,24.269019,3
6536,66000,387130000C,(04)23274275,(04)23288582,2023,8,17,16,10,臺中市,潭子區,0,1,0,5,2,6,50,4,8,1,4,4,6,6,1,1,5,4,4,2,12,76,3,10,5,1,B03,7,13,1,8,2,8,,76,76,1,13,4,B03,120.692418,24.224777,2
6537,66000,387130000C,(04)23274275,(04)23288582,2023,8,17,16,10,臺中市,大里區,0,0,0,5,,,50,,,,,,,,,,,,,,,49,,,,,B03,,,1,,2,,,49,,1,12,4,B03,120.683098,24.110206,3
6538,66000,387130000C,(04)23274275,(04)23288582,2023,8,17,16,12,臺中市,大雅區,0,1,0,5,2,6,50,3,1,1,4,4,6,6,4,4,10,4,5,1,17,20,3,10,3,1,B03,7,5,1,8,2,2,,20,20,1,12,4,B03,120.644771,24.226989,2
6539,66000,387130000C,(04)23274275,(04)23288582,2023,8,17,16,15,臺中市,大里區,0,0,0,,,,50,,,,,,,,,,,,,,,11,,,,,B03,,,,,,,,11,11,1,6,4,B03,120.684812,24.102333,3
6540,66000,387130000C,(04)23274275,(04)23288582,2023,8,17,16,20,臺中市,南屯區,0,1,0,5,2,6,50,4,1,1,4,4,6,6,1,1,5,5,5,2,18,59,2,9,1,1,C03,7,9,1,10,2,12,,59,59,1,12,4,C03,120.649972,24.129493,2
6541,66000,387130000C,(04)23274275,(04)23288582,2023,8,17,16,20,臺中市,北屯區,0,0,0,5,,,50,,,,,,,,,,,,,,13,7,,,,,C03,,,1,,1,,,7,7,1,6,4,C03,120.721619,24.182653,3
6542,66000,387130000C,(04)23274275,(04)23288582,2023,8,17,16,22,臺中市,北屯區,0,0,0,5,,,60,,,,,,,,,,,,,,13,7,,,,,B03,,,1,,1,,,7,,1,12,4,B03,120.719768,24.163093,3
6543,66000,387130000C,(04)23274275,(04)23288582,2023,8,17,16,24,臺中市,南區,0,1,0,5,2,6,50,4,1,1,4,4,6,6,2,1,10,5,5,2,17,85,2,8,5,4,C03,7,9,1,10,2,15,,85,85,1,13,4,C03,120.669051,24.128577,2
6544,66000,387130000C,(04)23274275,(04)23288582,2023,8,17,16,30,臺中市,沙鹿區,0,1,0,7,1,6,30,4,1,1,5,4,6,6,4,4,10,5,5,2,15,15,3,10,3,1,B03,7,9,1,7,2,5,,15,15,1,6,4,B03,120.565032,24.208352,2
6545,66000,387130000C,(04)23274275,(04)23288582,2023,8,17,16,31,臺中市,東勢區,0,0,0,7,,,40,,,,,,,,,,,,,,17,59,,,,,B03,,,1,,2,,,59,,1,12,4,B03,120.830731,24.251996,3
6546,66000,387130000C,(04)23274275,(04)23288582,2023,8,17,16,32,臺中市,西屯區,0,1,0,7,2,6,50,3,1,1,5,4,6,6,1,1,10,5,5,2,17,11,3,10,5,4,B12,7,6,1,8,2,2,,11,11,1,13,4,B12,120.62109,24.172852,2
6547,66000,387130000C,(04)23274275,(04)23288582,2023,8,17,16,33,臺中市,西屯區,0,0,0,5,,,40,,,,,,,,,,,,,,,7,,,,,B12,,,1,,1,,,7,,1,12,4,B12,120.646061,24.164357,3
6548,66000,387130000C,(04)23274275,(04)23288582,2023,8,17,16,34,臺中市,沙鹿區,0,0,0,7,,,50,,,,,,,,,,,,,,17,85,,,,,C03,,,1,,9,,,85,,1,6,4,C03,120.58176,24.2135,3
6549,66000,387130000C,(04)23274275,(04)23288582,2023,8,17,16,35,臺中市,南屯區,0,1,0,6,2,6,50,4,1,1,4,4,6,6,2,1,10,5,5,2,16,11,3,10,3,1,B03,7,6,1,8,2,2,,11,11,1,13,4,B03,120.6357,24.148511,2
6550,66000,387130000C,(04)23274275,(04)23288582,2023,8,17,16,35,臺中市,霧峰區,0,0,0,7,,,50,,,,,,,,,,,,,,,11,,,,,B03,,,1,,2,,,11,11,1,6,4,B03,120.69809,24.059439,3
6551,66000,387130000C,(04)23274275,(04)23288582,2023,8,17,16,38,臺中市,太平區,0,2,0,6,2,6,30,4,1,1,4,4,6,6,3,1,10,5,5,2,15,12,2,8,1,1,C03,7,9,1,10,2,11,,12,12,1,6,4,C03,120.718321,24.131553,2
6552,66000,387130000C,(04)23274275,(04)23288582,2023,8,17,16,40,臺中市,西屯區,0,0,0,7,,,50,,,,,,,,,,,,,,,7,,,,,B03,,,1,,1,,,7,,1,13,4,B03,120.606079,24.188898,3
6553,66000,387130000C,(04)23274275,(04)23288582,2023,8,17,16,45,臺中市,清水區,0,0,0,7,,,50,,,,,,,,,,,,,,,58,,,,,C03,,,1,,2,,,58,58,1,12,4,C03,120.570839,24.278188,3
6554,66000,387130000C,(04)23274275,(04)23288582,2023,8,17,16,47,臺中市,豐原區,0,0,0,7,,,50,,,,,,,,,,,,,,13,54,,,,,B03,,,1,,2,,,54,,1,13,4,B03,120.748254,24.267289,3
6555,66000,387130000C,(04)23274275,(04)23288582,2023,8,17,16,50,臺中市,大雅區,0,0,0,7,,,60,,,,,,,,,,,,,,12,7,,,,,B03,,,1,,2,,,7,,1,13,4,B03,120.629044,24.206074,3
6556,66000,387130000C,(04)23274275,(04)23288582,2023,8,17,16,50,臺中市,西屯區,0,1,0,7,2,6,50,3,1,1,5,4,6,6,4,4,10,5,5,2,18,84,2,9,2,1,C03,7,9,1,10,2,16,,84,84,1,13,4,C03,120.603248,24.175286,2
6557,66000,387130000C,(04)23274275,(04)23288582,2023,8,17,16,52,臺中市,西屯區,0,1,0,7,2,6,50,3,9,1,5,4,6,6,4,4,5,5,5,2,11,14,3,10,5,4,C03,7,6,1,8,2,16,,14,14,1,12,4,C03,120.650445,24.16714,2
6558,66000,387130000C,(04)23274275,(04)23288582,2023,8,17,16,56,臺中市,北區,0,1,0,6,2,6,50,4,1,1,5,4,6,6,1,1,5,4,4,2,17,11,3,10,3,1,B03,7,6,1,8,2,16,,11,11,1,12,4,B03,120.66406,24.162094,2
6559,66000,387130000C,(04)23274275,(04)23288582,2023,8,17,16,57,臺中市,東區,0,0,0,7,2,6,50,4,9,1,4,4,6,6,2,1,5,4,5,2,13,59,3,10,3,1,B03,7,9,1,7,2,1,,59,59,1,12,4,B03,120.685949,24.140137,3
6560,66000,387130000C,(04)23274275,(04)23288582,2023,8,17,16,59,臺中市,南區,0,0,0,7,,,50,,,,,,,,,,,,,,,8,,,,,B03,,,1,,2,,,8,,1,13,4,B03,120.684231,24.129433,3
6561,66000,387130000C,(04)23274275,(04)23288582,2023,8,17,17,0,臺中市,北區,0,1,0,6,2,6,50,4,1,1,5,4,6,6,1,1,10,5,5,2,13,7,2,9,2,1,C03,7,9,1,10,2,11,,7,7,1,12,4,C03,120.682438,24.163145,2
6562,66000,387130000C,(04)23274275,(04)23288582,2023,8,17,17,0,臺中市,豐原區,0,1,0,7,3,6,50,13,7,1,5,4,6,6,4,4,5,4,4,2,17,39,3,10,3,1,B03,7,11,1,8,2,16,,39,39,1,13,4,B03,120.719921,24.239952,2
6563,66000,387130000C,(04)23274275,(04)23288582,2023,8,17,17,3,臺中市,西屯區,0,0,0,7,,,70,,,,,,,,,,,,,,,85,,,,,A12,,,1,,1,,,85,,1,13,4,A12,120.602633,24.182917,3
6564,66000,387130000C,(04)23274275,(04)23288582,2023,8,17,17,4,臺中市,沙鹿區,0,0,0,7,,,50,,,,,,,,,,,,,,,7,,,,,B03,,,1,,2,,,87,7,1,12,4,B03,120.5522,24.215276,3
6565,66000,387130000C,(04)23274275,(04)23288582,2023,8,17,17,6,臺中市,西區,0,0,0,7,2,6,50,4,2,1,5,4,6,6,4,4,5,5,5,2,17,84,,,,,C03,,,1,,1,,,84,,1,13,4,C03,120.675837,24.141242,3