序號,縣市別代碼,機關代碼,市話,傳真,年,月,日,時,分,縣市,區,死亡數量,受傷數量,2-30,天候,光線,道路類別,速限,道路型態,事故位置,路面鋪裝,路面狀態,路面缺陷,障礙物,視距,號誌種類,號誌動作,分向設施,快車道或一般車道間,快慢車道間,路面邊線,事故類型及型態,主要肇因,受傷程度,主要傷處,保護裝備,行動電話,當事者區分(類別),車輛用途,當事者行動狀態,駕駛資格情形,駕駛執照種類,飲酒情形,車輛撞擊部位最初,車輛撞擊部位其他,肇事因素個別,肇事因素主要,肇事逃逸,職業,旅次目的,車種,GPS座標X,GPS座標Y,事故類別
6566,66000,387130000C,(04)23274275,(04)23288582,2023,8,17,17,7,臺中市,北屯區,0,0,0,7,,,50,,,,,,,,,,,,,,13,84,,,,,B03,,,1,,1,,,84,84,1,6,4,B03,120.694674,24.17664,3
6567,66000,387130000C,(04)23274275,(04)23288582,2023,8,17,17,7,臺中市,龍井區,0,2,0,7,2,6,30,3,2,1,5,4,6,6,4,4,10,5,5,2,16,14,2,9,5,4,C03,7,9,1,10,2,11,,6,14,1,13,4,C03,120.578445,24.180784,2
6568,66000,387130000C,(04)23274275,(04)23288582,2023,8,17,17,10,臺中市,大里區,0,1,0,7,2,6,50,3,1,1,5,4,6,6,3,1,10,5,5,1,16,59,2,9,1,1,C03,7,14,1,10,2,14,,59,59,1,12,4,C03,120.697183,24.104251,2
6569,66000,387130000C,(04)23274275,(04)23288582,2023,8,17,17,11,臺中市,西屯區,0,1,0,7,2,6,50,5,1,1,5,4,6,6,1,1,10,5,5,2,17,84,2,9,5,4,C03,7,9,1,10,2,11,,84,84,1,12,4,C03,120.607308,24.16039,2
6570,66000,387130000C,(04)23274275,(04)23288582,2023,8,17,17,12,臺中市,北屯區,0,0,0,7,,,50,,,,,,,,,,,,,,,26,,,,,B03,,,1,,1,,,26,26,1,12,4,B03,120.73646,24.178589,3
6571,66000,387130000C,(04)23274275,(04)23288582,2023,8,17,17,12,臺中市,大里區,0,0,0,7,,,30,,,,,,,,,,,,,,,8,,,,,B12,,,1,,2,,,8,,1,13,4,B12,120.698447,24.09096,3
6572,66000,387130000C,(04)23274275,(04)23288582,2023,8,17,17,13,臺中市,西屯區,0,3,0,6,2,6,50,3,1,1,5,4,6,6,4,4,10,5,5,2,17,48,2,9,5,4,C03,7,6,1,10,2,12,,48,48,1,12,2,C03,120.620802,24.186891,2
6573,66000,387130000C,(04)23274275,(04)23288582,2023,8,17,17,14,臺中市,西區,0,1,0,7,2,6,40,4,1,1,5,4,6,6,1,1,10,5,5,2,18,84,2,9,5,4,C03,7,9,1,10,2,12,,84,84,1,12,4,C03,120.662609,24.155678,2
6574,66000,387130000C,(04)23274275,(04)23288582,2023,8,17,17,15,臺中市,沙鹿區,0,0,0,7,,,50,,,,,,,,,,,,,,,12,,,,,B03,,,1,,2,,,12,,1,6,4,B03,120.570469,24.219736,3
6575,66000,387130000C,(04)23274275,(04)23288582,2023,8,17,17,16,臺中市,霧峰區,0,0,0,7,,,50,,,,,,,,,,,,,,,7,,,,,C03,,,1,,2,,,7,,1,6,4,C03,120.692153,24.05812,3
6576,66000,387130000C,(04)23274275,(04)23288582,2023,8,17,17,17,臺中市,西區,0,1,0,7,3,6,50,4,1,1,5,4,6,6,4,4,10,5,5,2,15,15,2,8,2,1,C03,7,9,1,10,2,11,,15,15,1,13,4,C03,120.660183,24.13797,2
6577,66000,387130000C,(04)23274275,(04)23288582,2023,8,17,17,17,臺中市,北屯區,0,1,0,7,2,6,50,13,7,1,5,4,6,6,4,4,9,4,4,1,16,51,3,10,3,1,B03,7,1,1,8,2,4,,51,51,1,12,4,B03,120.704341,24.172614,2
6578,66000,387130000C,(04)23274275,(04)23288582,2023,8,17,17,17,臺中市,大里區,0,0,0,7,,,50,,,,,,,,,,,,,,13,7,,,,,B03,,,1,,2,,,7,,1,6,4,B03,120.663612,24.096762,3
6579,66000,387130000C,(04)23274275,(04)23288582,2023,8,17,17,18,臺中市,神岡區,0,1,0,7,2,6,50,4,2,1,5,4,6,6,1,1,3,2,5,1,13,7,3,10,3,1,B03,7,9,1,8,1,1,,7,7,1,13,4,B03,120.684161,24.246487,2
6580,66000,387130000C,(04)23274275,(04)23288582,2023,8,17,17,20,臺中市,大肚區,0,0,0,7,,,30,,,,,,,,,,,,,,,8,,,,,B03,,,1,,2,,,8,,1,13,4,B03,120.578798,24.168796,3
6581,66000,387130000C,(04)23274275,(04)23288582,2023,8,17,17,21,臺中市,大里區,0,2,0,7,2,6,50,3,1,1,5,4,6,6,4,4,5,5,4,1,16,14,3,10,2,1,C03,7,6,1,10,2,13,,14,14,1,13,4,C03,120.729383,24.091507,2
6582,66000,387130000C,(04)23274275,(04)23288582,2023,8,17,17,23,臺中市,北區,0,1,0,7,3,6,50,4,2,1,5,4,6,6,2,1,5,4,4,2,12,8,3,10,5,4,B12,7,9,1,8,2,2,,87,8,1,13,4,B12,120.671302,24.167123,2
6583,66000,387130000C,(04)23274275,(04)23288582,2023,8,17,17,24,臺中市,太平區,0,1,0,7,2,6,30,4,1,1,5,4,6,6,4,4,10,5,5,2,15,20,3,10,3,1,B03,7,9,1,8,2,8,,20,20,1,6,4,B03,120.720898,24.11926,2
6584,66000,387130000C,(04)23274275,(04)23288582,2023,8,17,17,26,臺中市,豐原區,0,0,0,7,,,50,,,,,,,,,,,,,,,7,,,,,B02,,,1,,1,,,7,,1,6,4,B02,120.702986,24.251527,4
6585,66000,387130000C,(04)23274275,(04)23288582,2023,8,17,17,27,臺中市,南屯區,0,0,0,6,,,50,,,,,,,,,,,,,,,34,,,,,B03,,,1,,2,,,34,,1,12,4,B03,120.64829,24.132036,3
6586,66000,387130000C,(04)23274275,(04)23288582,2023,8,17,17,27,臺中市,西屯區,0,0,0,5,,,40,,,,,,,,,,,,,,,7,,,,,C03,,,1,,2,,,7,,1,12,4,C03,120.617296,24.181906,3
6587,66000,387130000C,(04)23274275,(04)23288582,2023,8,17,17,28,臺中市,北區,0,2,0,7,2,6,50,13,7,1,5,4,6,6,2,1,1,4,4,2,13,59,3,10,3,1,B03,7,9,1,8,2,6,,87,59,1,12,4,B03,120.675441,24.160436,2
6588,66000,387130000C,(04)23274275,(04)23288582,2023,8,17,17,28,臺中市,豐原區,0,0,0,7,,,50,,,,,,,,,,,,,,,8,,,,,C03,,,1,,2,,,8,,1,6,4,C03,120.700867,24.249076,3
6589,66000,387130000C,(04)23274275,(04)23288582,2023,8,17,17,29,臺中市,南屯區,0,2,0,7,2,6,50,13,8,1,5,4,6,6,4,4,5,5,4,2,16,20,3,10,3,1,B03,7,5,1,8,2,2,,20,20,1,12,4,B03,120.612736,24.153419,2
6590,66000,387130000C,(04)23274275,(04)23288582,2023,8,17,17,30,臺中市,大甲區,0,1,0,7,3,6,50,3,1,1,5,4,6,6,4,4,10,5,5,2,16,7,4,11,5,4,F03,7,9,7,21,11,15,,7,7,1,13,4,F03,120.625252,24.352882,2
6591,66000,387130000C,(04)23274275,(04)23288582,2023,8,17,17,31,臺中市,西屯區,0,0,0,7,,,30,,,,,,,,,,,,,,11,8,,,,,B01,,,1,,1,,,8,,1,12,4,B01,120.663357,24.163457,3
6592,66000,387130000C,(04)23274275,(04)23288582,2023,8,17,17,31,臺中市,霧峰區,0,0,0,7,,,50,,,,,,,,,,,,,,,47,,,,,C03,,,1,,2,,,87,47,1,13,4,C03,120.686274,24.05375,3
6593,66000,387130000C,(04)23274275,(04)23288582,2023,8,17,17,31,臺中市,豐原區,0,0,0,7,3,6,50,13,9,1,5,4,6,6,4,4,8,3,5,1,17,45,3,10,5,4,B02,7,11,1,7,8,1,,45,45,1,12,4,B02,120.723189,24.254919,3
6594,66000,387130000C,(04)23274275,(04)23288582,2023,8,17,17,34,臺中市,烏日區,0,0,0,7,,,60,,,,,,,,,,,,,,,8,,,,,A31,,,1,,2,,,8,,1,12,4,A31,120.638134,24.107693,3
6595,66000,387130000C,(04)23274275,(04)23288582,2023,8,17,17,35,臺中市,南屯區,0,0,0,7,,,50,,,,,,,,,,,,,,,7,,,,,C03,,,1,,1,,,7,,1,12,4,C03,120.623497,24.149515,3
6596,66000,387130000C,(04)23274275,(04)23288582,2023,8,17,17,38,臺中市,龍井區,0,1,0,7,2,6,50,4,1,1,5,4,6,6,1,1,10,5,5,2,15,21,2,9,5,4,C03,7,9,1,10,2,11,,21,21,1,13,4,C03,120.58136,24.174804,2
6597,66000,387130000C,(04)23274275,(04)23288582,2023,8,17,17,39,臺中市,北屯區,0,2,0,7,3,6,50,3,1,1,4,4,6,6,4,4,10,5,5,2,13,84,2,9,2,1,C03,7,9,3,19,2,11,,84,84,1,12,4,C03,120.723282,24.164982,2
6598,66000,387130000C,(04)23274275,(04)23288582,2023,8,17,17,39,臺中市,大里區,0,2,0,7,1,6,50,4,1,1,5,4,6,6,3,1,5,5,5,1,16,24,3,10,3,1,B03,7,6,1,8,2,1,,24,24,1,13,4,B03,120.700406,24.0889,2
6599,66000,387130000C,(04)23274275,(04)23288582,2023,8,17,17,40,臺中市,南區,0,1,0,6,2,6,50,13,9,1,5,4,6,6,4,4,1,4,5,2,13,53,3,10,3,1,B03,7,9,5,19,7,5,,53,53,1,6,4,B03,120.6496,24.121376,2
6600,66000,387130000C,(04)23274275,(04)23288582,2023,8,17,17,40,臺中市,西屯區,0,2,0,6,2,6,40,4,1,1,5,4,6,6,4,4,10,5,5,2,13,7,2,9,2,1,C03,7,9,1,10,2,11,,7,7,1,13,4,C03,120.635562,24.1679,2
6601,66000,387130000C,(04)23274275,(04)23288582,2023,8,17,17,41,臺中市,東區,0,1,0,7,2,6,50,3,1,1,5,4,6,6,1,1,10,5,5,2,17,84,3,10,5,4,B03,7,5,1,8,2,15,,84,84,1,13,4,B03,120.702876,24.125403,2
6602,66000,387130000C,(04)23274275,(04)23288582,2023,8,17,17,43,臺中市,太平區,0,2,0,6,2,6,50,3,1,1,5,4,6,6,3,1,10,5,5,2,17,51,2,9,1,1,C03,7,1,1,10,2,12,,51,51,1,6,4,C03,120.722099,24.119383,2
6603,66000,387130000C,(04)23274275,(04)23288582,2023,8,17,17,43,臺中市,大甲區,0,0,0,7,,,40,,,,,,,,,,,,,,,50,,,,,B12,,,1,,2,,,50,50,1,13,4,B12,120.65458,24.379873,3
6604,66000,387130000C,(04)23274275,(04)23288582,2023,8,17,17,44,臺中市,西屯區,0,1,0,7,2,6,50,4,1,1,5,4,6,6,4,4,10,5,5,2,17,84,2,9,5,4,C03,7,9,1,10,2,11,,84,84,1,12,4,C03,120.6559,24.167819,2
6605,66000,387130000C,(04)23274275,(04)23288582,2023,8,17,17,44,臺中市,大甲區,0,0,0,7,,,50,,,,,,,,,,,,,,,84,,,,,C03,,,1,,10,,,87,84,1,13,4,C03,120.643682,24.404934,3
6606,66000,387130000C,(04)23274275,(04)23288582,2023,8,17,17,45,臺中市,神岡區,0,1,0,7,1,6,50,3,1,1,5,4,6,6,4,4,5,4,4,2,17,20,3,10,3,1,B03,7,5,1,8,2,5,,20,20,1,6,4,B03,120.660043,24.255535,2
6607,66000,387130000C,(04)23274275,(04)23288582,2023,8,17,17,46,臺中市,北區,0,0,0,7,,,50,,,,,,,,,,,,,,17,84,,,,,B03,,,1,,2,,,84,,1,13,4,B03,120.687347,24.160149,3
6608,66000,387130000C,(04)23274275,(04)23288582,2023,8,17,17,46,臺中市,烏日區,0,1,0,7,1,6,50,13,9,1,5,4,6,6,4,4,5,4,5,1,17,20,3,10,1,1,C03,7,5,1,10,2,12,,20,20,1,12,4,C03,120.642852,24.072111,2
6609,66000,387130000C,(04)23274275,(04)23288582,2023,8,17,17,46,臺中市,豐原區,0,1,0,7,3,6,50,13,9,1,5,4,6,6,4,4,1,4,5,1,12,40,2,9,1,1,C03,7,8,1,10,2,14,,40,40,1,13,4,C03,120.7276,24.27696,2
6610,66000,387130000C,(04)23274275,(04)23288582,2023,8,17,17,47,臺中市,石岡區,0,0,0,7,,,50,,,,,,,,,,,,,,13,58,,,,,B03,,,1,,2,,,58,,1,12,4,B03,120.762539,24.277022,3
6611,66000,387130000C,(04)23274275,(04)23288582,2023,8,17,17,49,臺中市,南區,0,0,0,7,,,50,,,,,,,,,,,,,,,20,,,,,B12,,,1,,1,,,20,,1,12,4,B12,120.649554,24.112821,4
6612,66000,387130000C,(04)23274275,(04)23288582,2023,8,17,17,50,臺中市,東區,0,0,0,7,2,6,50,13,9,1,5,4,6,6,1,1,5,4,5,2,13,59,3,10,3,1,B03,7,9,1,8,2,1,,59,59,1,12,4,B03,120.689689,24.143128,3
6613,66000,387130000C,(04)23274275,(04)23288582,2023,8,17,17,51,臺中市,西屯區,0,0,0,5,,,50,,,,,,,,,,,,,,,84,,,,,B03,,,1,,1,,,84,,1,12,4,B03,120.593488,24.169993,3
6614,66000,387130000C,(04)23274275,(04)23288582,2023,8,17,17,59,臺中市,西屯區,0,0,0,7,,,50,,,,,,,,,,,,,,13,7,,,,,B03,,,1,,1,,,7,,1,12,4,B03,120.610963,24.170642,3
6615,66000,387130000C,(04)23274275,(04)23288582,2023,8,17,18,2,臺中市,西區,0,2,0,7,2,6,50,4,1,1,5,4,6,6,1,1,10,5,5,2,13,84,2,9,5,4,C03,7,9,1,10,2,11,,84,84,1,12,4,C03,120.678,24.134074,2
6616,66000,387130000C,(04)23274275,(04)23288582,2023,8,17,18,4,臺中市,烏日區,0,0,0,7,,,60,,,,,,,,,,,,,,16,8,,,,,B03,,,1,,2,,,8,,1,13,4,B03,120.638093,24.107787,3
6617,66000,387130000C,(04)23274275,(04)23288582,2023,8,17,18,7,臺中市,北區,0,2,0,7,2,6,50,3,2,1,5,4,6,6,1,1,5,4,5,2,12,40,2,9,1,1,C03,7,8,1,10,2,14,,40,40,1,12,4,C03,120.689124,24.153531,2
6618,66000,387130000C,(04)23274275,(04)23288582,2023,8,17,18,8,臺中市,大里區,0,1,0,7,2,6,40,13,8,1,5,4,6,6,4,4,1,2,1,1,18,58,2,9,1,1,C03,7,9,1,10,2,14,,58,58,1,12,4,C03,120.67573,24.085821,2
6619,66000,387130000C,(04)23274275,(04)23288582,2023,8,17,18,15,臺中市,大里區,0,2,0,7,2,6,50,4,1,1,5,4,6,6,2,1,5,4,4,1,16,48,2,8,1,1,C02,7,6,1,9,2,12,,48,48,1,6,4,C02,120.688667,24.110118,2
6620,66000,387130000C,(04)23274275,(04)23288582,2023,8,17,18,17,臺中市,西區,0,1,0,7,2,6,50,4,1,1,5,4,6,6,2,1,10,5,5,2,16,42,2,9,1,1,C03,7,15,1,10,2,13,,42,42,1,13,4,C03,120.66157,24.150882,2
6621,66000,387130000C,(04)23274275,(04)23288582,2023,8,17,18,20,臺中市,南區,0,1,0,7,1,6,50,4,2,1,5,4,6,6,1,1,5,5,4,2,17,23,2,7,1,1,C03,7,11,3,19,2,11,,23,23,1,13,4,C03,120.684534,24.130763,2
6622,66000,387130000C,(04)23274275,(04)23288582,2023,8,17,18,20,臺中市,霧峰區,0,0,0,5,,,80,,,,,,,,,,,,,,,40,,,,,B03,,,1,,2,,,40,,1,6,4,B03,120.682954,24.084617,3
6623,66000,387130000C,(04)23274275,(04)23288582,2023,8,17,18,21,臺中市,梧棲區,0,0,0,7,,,50,,,,,,,,,,,,,,17,7,,,,,C03,,,1,,1,,,7,7,1,6,4,C03,120.549978,24.239345,3
6624,66000,387130000C,(04)23274275,(04)23288582,2023,8,17,18,25,臺中市,南區,0,1,0,7,2,6,50,4,2,1,5,4,6,6,4,4,5,5,5,2,17,84,3,10,5,4,B03,7,6,1,8,2,8,,84,84,1,13,4,B03,120.662217,24.125758,2
6625,66000,387130000C,(04)23274275,(04)23288582,2023,8,17,18,26,臺中市,北屯區,0,1,0,7,1,6,50,5,1,1,5,4,6,6,1,1,10,5,5,2,18,43,2,9,2,1,C03,7,9,1,10,2,12,,43,43,1,9,4,C03,120.680907,24.190054,2
6626,66000,387130000C,(04)23274275,(04)23288582,2023,8,17,18,28,臺中市,北區,0,2,0,6,2,6,50,4,1,1,5,4,6,6,1,1,10,5,5,2,12,84,2,9,1,1,C03,7,9,3,19,2,14,,84,84,1,12,4,C03,120.685119,24.165279,2
6627,66000,387130000C,(04)23274275,(04)23288582,2023,8,17,18,28,臺中市,大肚區,0,4,0,7,1,6,70,13,7,1,5,4,6,6,1,1,1,4,4,1,12,40,3,10,1,1,C03,7,7,1,10,2,13,,40,40,1,12,4,C03,120.549662,24.140175,2
6628,66000,387130000C,(04)23274275,(04)23288582,2023,8,17,18,30,臺中市,大雅區,0,0,0,7,,,30,,,,,,,,,,,,,,,20,,,,,B01,,,1,,2,,,20,,1,12,4,B01,120.667318,24.232618,3
6629,66000,387130000C,(04)23274275,(04)23288582,2023,8,17,18,30,臺中市,西區,0,1,0,6,2,6,50,13,9,1,5,4,6,6,4,4,5,5,5,2,18,84,2,9,5,4,C03,7,9,1,10,2,14,,84,84,1,12,4,C03,120.659498,24.150832,2
6630,66000,387130000C,(04)23274275,(04)23288582,2023,8,17,18,30,臺中市,北屯區,0,0,0,7,,,50,,,,,,,,,,,,,,12,42,,,,,B03,,,1,,2,,,42,,1,12,4,B03,120.725056,24.176038,3
6631,66000,387130000C,(04)23274275,(04)23288582,2023,8,17,18,30,臺中市,西屯區,0,2,0,6,2,6,50,4,1,1,5,4,6,6,2,1,10,5,5,2,16,47,3,10,3,1,B03,7,5,1,8,2,5,,47,47,1,13,4,B03,120.635301,24.182001,2
6632,66000,387130000C,(04)23274275,(04)23288582,2023,8,17,18,36,臺中市,南區,0,0,0,7,,,50,,,,,,,,,,,,,,17,84,,,,,C03,,,1,10,9,,,84,84,1,13,4,C03,120.675295,24.126606,3
6633,66000,387130000C,(04)23274275,(04)23288582,2023,8,17,18,40,臺中市,西區,0,0,0,7,1,6,50,4,2,1,5,4,6,6,4,4,5,4,4,2,17,49,,,,,B03,,,1,,2,,,49,,1,13,4,B03,120.665275,24.147883,3
6634,66000,387130000C,(04)23274275,(04)23288582,2023,8,17,18,40,臺中市,北區,0,0,0,7,,,50,,,,,,,,,,,,,,,12,,,,,B03,,,1,,1,,,12,12,1,13,4,B03,120.673655,24.158459,3
6635,66000,387130000C,(04)23274275,(04)23288582,2023,8,17,18,41,臺中市,霧峰區,0,1,0,7,1,6,50,13,9,1,5,4,6,6,2,1,5,4,4,2,16,21,2,9,1,1,C04,7,9,1,10,2,12,,21,21,1,13,4,C04,120.689559,24.043225,2
6636,66000,387130000C,(04)23274275,(04)23288582,2023,8,17,18,43,臺中市,西區,0,1,0,7,1,6,40,13,8,1,5,4,6,6,4,4,1,4,1,2,12,84,3,10,3,1,B03,7,9,1,8,2,2,,84,84,1,13,4,B03,120.66157,24.15561,2
6637,66000,387130000C,(04)23274275,(04)23288582,2023,8,17,18,45,臺中市,太平區,0,2,0,7,1,6,50,14,9,1,5,4,6,6,4,4,5,5,5,2,2,84,2,9,2,1,C03,7,9,1,10,2,11,14,84,84,1,12,4,C03,120.733023,24.11708,2
6638,66000,387130000C,(04)23274275,(04)23288582,2023,8,17,18,49,臺中市,大里區,0,0,0,7,,,50,,,,,,,,,,,,,,14,49,,,,,B03,,,1,,2,,,49,,1,12,4,B03,120.680664,24.107794,3
6639,66000,387130000C,(04)23274275,(04)23288582,2023,8,17,18,51,臺中市,北屯區,0,0,0,7,,,50,,,,,,,,,,,,,,,24,,,,,C03,,9,1,10,1,11,,24,24,1,12,2,C03,120.673871,24.181091,3
6640,66000,387130000C,(04)23274275,(04)23288582,2023,8,17,18,54,臺中市,太平區,0,0,0,6,,,50,,,,,,,,,,,,,,17,59,,,,,B03,,,1,,1,,,59,,1,6,4,B03,120.71825,24.153204,3
6641,66000,387130000C,(04)23274275,(04)23288582,2023,8,17,19,2,臺中市,烏日區,0,1,0,7,1,6,30,3,9,1,5,4,3,3,4,4,10,5,5,2,16,11,3,10,3,1,B03,7,5,1,8,2,8,,11,11,1,12,4,B03,120.616773,24.104201,2
6642,66000,387130000C,(04)23274275,(04)23288582,2023,8,17,19,8,臺中市,南區,0,0,0,7,,,50,,,,,,,,,,,,,,,50,,,,,B03,,,1,,2,,,50,,1,13,4,B03,120.66054,24.126067,3
6643,66000,387130000C,(04)23274275,(04)23288582,2023,8,17,19,15,臺中市,烏日區,0,0,0,7,,,50,,,,,,,,,,,,,,13,84,,,,,B01,,,1,,2,,,84,,1,12,4,B01,120.598333,24.111309,3
6644,66000,387130000C,(04)23274275,(04)23288582,2023,8,17,19,15,臺中市,沙鹿區,0,2,0,7,1,6,15,4,1,1,5,4,6,6,1,1,10,5,5,2,13,7,2,7,2,1,C03,7,9,1,10,9,11,,7,7,2,6,4,C03,120.55473,24.23155,2
6645,66000,387130000C,(04)23274275,(04)23288582,2023,8,17,19,17,臺中市,太平區,0,0,0,7,,,50,,,,,,,,,,,,,,13,7,,,,,B03,,,1,,2,,,7,,1,6,4,B03,120.71662,24.133623,3
6646,66000,387130000C,(04)23274275,(04)23288582,2023,8,17,19,18,臺中市,北區,0,0,0,7,,,40,,,,,,,,,,,,,,14,49,,,,,B03,,,1,,2,,,49,,1,12,4,B03,120.677644,24.171224,3
6647,66000,387130000C,(04)23274275,(04)23288582,2023,8,17,19,19,臺中市,太平區,0,0,0,7,,,50,,,,,,,,,,,,,,,84,,,,,C03,,,1,,2,,,84,,1,12,4,C03,120.716204,24.127614,3
6648,66000,387130000C,(04)23274275,(04)23288582,2023,8,17,19,20,臺中市,南屯區,0,0,0,7,,,30,,,,,,,,,,,,,,,58,,,,,B03,,,1,,1,,,58,,1,12,4,B03,120.639226,24.137294,3
6649,66000,387130000C,(04)23274275,(04)23288582,2023,8,17,19,20,臺中市,太平區,0,0,0,6,,,50,,,,,,,,,,,,,,17,59,,,,,B03,,,1,,2,,,59,,1,6,4,B03,120.714425,24.1495,3
6650,66000,387130000C,(04)23274275,(04)23288582,2023,8,17,19,25,臺中市,北區,0,0,0,7,,,50,,,,,,,,,,,,,,17,39,,,,,B12,,,1,,1,,,39,,1,13,4,B12,120.674507,24.162862,3
6651,66000,387130000C,(04)23274275,(04)23288582,2023,8,17,19,29,臺中市,霧峰區,0,0,0,5,,,50,,,,,,,,,,,,,,,49,,,,,B12,,,1,,2,,,49,,1,6,4,B12,120.699412,24.071332,3
6652,66000,387130000C,(04)23274275,(04)23288582,2023,8,17,19,32,臺中市,豐原區,0,0,0,7,,,40,,,,,,,,,,,,,,,49,,,,,B03,,,1,,2,,,49,,1,12,4,B03,120.701449,24.226813,3
6653,66000,387130000C,(04)23274275,(04)23288582,2023,8,17,19,32,臺中市,神岡區,0,1,0,7,1,6,50,3,1,1,5,4,6,6,1,1,10,5,5,2,18,84,2,9,2,1,C03,7,11,1,10,2,14,,84,84,1,13,4,C03,120.683051,24.246644,2
6654,66000,387130000C,(04)23274275,(04)23288582,2023,8,17,19,42,臺中市,烏日區,0,2,0,7,1,6,40,8,8,1,5,4,6,6,4,4,1,4,1,1,12,7,2,8,1,1,C03,7,9,1,10,2,11,,7,7,1,12,4,C03,120.6486,24.092905,2
6655,66000,387130000C,(04)23274275,(04)23288582,2023,8,17,19,44,臺中市,南屯區,0,1,0,7,1,6,50,13,9,1,5,4,6,6,4,4,5,3,5,2,12,1,2,9,2,1,C03,7,9,1,10,2,14,,87,1,1,12,4,C03,120.652771,24.138132,2
6656,66000,387130000C,(04)23274275,(04)23288582,2023,8,17,19,45,臺中市,烏日區,0,2,0,7,1,6,50,3,1,1,5,4,6,6,3,1,10,5,5,2,16,20,2,9,4,1,F01,7,6,7,21,2,11,,20,20,1,3,4,F01,120.659072,24.096137,2
6657,66000,387130000C,(04)23274275,(04)23288582,2023,8,17,19,47,臺中市,北屯區,0,2,0,7,1,6,50,3,1,1,5,4,6,6,4,4,5,5,4,2,3,59,2,9,2,1,C03,7,9,1,10,2,11,,59,59,1,12,4,C03,120.674207,24.203924,2
6658,66000,387130000C,(04)23274275,(04)23288582,2023,8,17,19,52,臺中市,大里區,0,2,0,7,2,6,50,5,1,1,5,4,6,6,2,2,5,4,5,1,16,36,3,10,1,1,C03,7,6,1,10,2,12,,36,36,1,10,4,C03,120.700984,24.102646,2
6659,66000,387130000C,(04)23274275,(04)23288582,2023,8,17,19,55,臺中市,大里區,0,0,0,7,,,50,,,,,,,,,,,,,,,7,,,,,B03,,,1,,2,,,7,,1,12,4,B03,120.689967,24.111521,3
6660,66000,387130000C,(04)23274275,(04)23288582,2023,8,17,19,55,臺中市,新社區,0,0,0,7,1,6,50,4,9,1,5,4,6,6,2,1,10,5,5,1,13,7,,,,,B12,,,1,,1,,,7,,1,12,4,B12,120.796017,24.218611,3
6661,66000,387130000C,(04)23274275,(04)23288582,2023,8,17,19,57,臺中市,西屯區,0,1,0,7,2,6,50,5,1,1,5,4,6,6,1,1,10,5,5,2,17,11,3,10,5,4,B03,7,6,1,8,1,2,,11,11,1,12,4,B03,120.642998,24.176988,2
6662,66000,387130000C,(04)23274275,(04)23288582,2023,8,17,20,0,臺中市,清水區,0,0,0,7,,,50,,,,,,,,,,,,,,,50,,,,,B03,,,1,,11,,,50,50,1,12,4,B03,120.556614,24.278858,3
6663,66000,387130000C,(04)23274275,(04)23288582,2023,8,17,20,1,臺中市,西屯區,0,0,0,7,,,50,,,,,,,,,,,,,,,40,,,,,B03,,,1,,1,,,40,,1,13,4,B03,120.656532,24.197908,3
6664,66000,387130000C,(04)23274275,(04)23288582,2023,8,17,20,2,臺中市,龍井區,0,0,0,7,1,6,50,4,2,1,5,4,6,6,4,4,5,5,5,1,17,8,3,10,5,4,B03,7,9,1,8,5,5,,8,8,1,13,4,B03,120.582837,24.178695,3
6665,66000,387130000C,(04)23274275,(04)23288582,2023,8,17,20,21,臺中市,南屯區,0,0,0,7,,,50,,,,,,,,,,,,,,,50,,,,,B03,,,1,,9,,,50,50,1,12,4,B03,120.645806,24.140214,3
6666,66000,387130000C,(04)23274275,(04)23288582,2023,8,17,20,37,臺中市,大甲區,0,0,0,7,,,50,,,,,,,,,,,,,,,84,,,,,B03,,,1,,1,,,84,,1,6,4,B03,120.624665,24.346995,3
6667,66000,387130000C,(04)23274275,(04)23288582,2023,8,17,20,40,臺中市,神岡區,0,0,0,7,,,50,,,,,,,,,,,,,,17,35,,,,,B03,,,1,,1,,,35,,1,6,4,B03,120.694138,24.248337,3
6668,66000,387130000C,(04)23274275,(04)23288582,2023,8,17,20,41,臺中市,沙鹿區,0,1,0,6,1,6,50,3,1,1,5,4,6,6,1,1,10,5,5,2,17,47,3,10,3,1,B02,7,5,1,8,2,6,,47,47,1,12,4,B02,120.570283,24.212015,2
6669,66000,387130000C,(04)23274275,(04)23288582,2023,8,17,21,14,臺中市,北屯區,0,0,0,7,,,80,,,,,,,,,,,,,,,84,,,,,B03,,,1,,2,,,84,,1,12,4,B03,120.718878,24.162042,3
6670,66000,387130000C,(04)23274275,(04)23288582,2023,8,17,21,18,臺中市,南屯區,0,0,0,7,,,50,,,,,,,,,,,,,,,85,,,,,C03,,,1,,2,,,85,,1,12,4,C03,120.627553,24.117907,3
6671,66000,387130000C,(04)23274275,(04)23288582,2023,8,17,21,40,臺中市,南區,0,0,0,7,,,50,,,,,,,,,,,,,,17,84,,,,,B03,,,1,,11,,,84,,1,13,4,B03,120.670942,24.118442,3
6672,66000,387130000C,(04)23274275,(04)23288582,2023,8,17,22,11,臺中市,后里區,0,1,0,6,2,6,50,11,9,1,5,4,6,6,4,4,5,5,5,1,18,84,2,9,2,1,C03,7,9,1,10,2,15,,84,84,1,6,4,C03,120.718816,24.333814,2