序號,縣市別代碼,機關代碼,市話,傳真,年,月,日,時,分,縣市,區,死亡數量,受傷數量,2-30,天候,光線,道路類別,速限,道路型態,事故位置,路面鋪裝,路面狀態,路面缺陷,障礙物,視距,號誌種類,號誌動作,分向設施,快車道或一般車道間,快慢車道間,路面邊線,事故類型及型態,主要肇因,受傷程度,主要傷處,保護裝備,行動電話,當事者區分(類別),車輛用途,當事者行動狀態,駕駛資格情形,駕駛執照種類,飲酒情形,車輛撞擊部位最初,車輛撞擊部位其他,肇事因素個別,肇事因素主要,肇事逃逸,職業,旅次目的,車種,GPS座標X,GPS座標Y,事故類別
6673,66000,387130000C,(04)23274275,(04)23288582,2023,8,17,22,26,臺中市,南區,0,1,0,7,1,6,50,13,9,1,5,4,6,6,2,1,5,2,5,2,13,59,3,10,3,1,A11,7,1,1,3,2,1,,59,59,1,12,4,A11,120.655726,24.120237,2
6674,66000,387130000C,(04)23274275,(04)23288582,2023,8,17,22,30,臺中市,龍井區,0,0,0,7,,,50,,,,,,,,,,,,,,2,7,,,,,B03,,,1,,2,,,7,,1,12,4,B03,120.585783,24.185686,3
6675,66000,387130000C,(04)23274275,(04)23288582,2023,8,17,22,33,臺中市,西屯區,0,1,0,7,1,6,30,4,1,1,5,4,6,6,3,1,10,5,5,2,15,24,3,10,5,4,C03,7,9,1,10,2,14,,24,24,1,12,4,C03,120.650251,24.169196,2
6676,66000,387130000C,(04)23274275,(04)23288582,2023,8,17,22,34,臺中市,太平區,0,4,0,7,1,6,50,4,1,1,5,4,6,6,4,4,5,5,5,2,15,12,2,9,3,1,B03,7,9,1,10,2,2,,12,12,1,12,4,B03,120.707617,24.151048,2
6677,66000,387130000C,(04)23274275,(04)23288582,2023,8,17,22,58,臺中市,南區,0,0,0,5,1,6,50,13,9,1,5,4,6,6,4,4,5,5,5,2,14,49,3,10,3,1,B03,7,2,1,8,2,3,,49,49,1,6,4,B03,120.65878,24.116808,3
6678,66000,387130000C,(04)23274275,(04)23288582,2023,8,17,23,10,臺中市,清水區,0,0,0,7,,,30,,,,,,,,,,,,,,,49,,,,,B02,,,1,,1,,,49,,1,6,4,B02,120.575663,24.268168,3
6679,66000,387130000C,(04)23274275,(04)23288582,2023,8,17,23,32,臺中市,西屯區,0,0,0,5,,,80,,,,,,,,,,,,,,20,84,,,,,B03,,,4,,2,,,84,,1,12,4,B03,120.645053,24.195145,3
6680,66000,387130000C,(04)23274275,(04)23288582,2023,8,18,0,2,臺中市,龍井區,0,0,0,7,,,60,,,,,,,,,,,,,,13,7,,,,,B03,,,1,,2,,,7,,1,12,4,B03,120.580341,24.188785,3
6681,66000,387130000C,(04)23274275,(04)23288582,2023,8,18,0,2,臺中市,豐原區,0,1,0,5,1,6,50,4,1,1,4,4,6,6,1,1,10,5,5,2,17,23,3,10,3,1,B03,7,6,1,8,2,5,,23,23,1,12,4,B03,120.10914,24.25042,2
6682,66000,387130000C,(04)23274275,(04)23288582,2023,8,18,0,35,臺中市,霧峰區,0,1,0,5,1,6,30,13,9,1,4,4,6,6,4,4,10,5,5,1,18,59,2,9,1,1,C03,7,9,1,10,2,12,,59,59,1,13,4,C03,120.665063,24.038659,2
6683,66000,387130000C,(04)23274275,(04)23288582,2023,8,18,0,46,臺中市,北屯區,0,0,0,5,,,50,,,,,,,,,,,,,,,86,,,,,,,,,,,,,86,,1,,,,120.660263,24.191524,3
6684,66000,387130000C,(04)23274275,(04)23288582,2023,8,18,1,3,臺中市,西屯區,0,3,0,5,3,6,50,4,1,1,4,4,6,6,2,1,10,5,5,2,17,11,2,1,3,1,B03,7,6,1,8,2,1,,11,11,1,12,4,B03,120.645018,24.178822,2
6685,66000,387130000C,(04)23274275,(04)23288582,2023,8,18,1,19,臺中市,太平區,0,0,0,5,,,50,,,,,,,,,,,,,,30,68,,,,,B12,,,1,,2,,,68,,1,12,4,B12,120.737736,24.131531,3
6686,66000,387130000C,(04)23274275,(04)23288582,2023,8,18,1,44,臺中市,西區,1,1,0,6,1,6,50,4,1,1,4,4,6,6,3,1,10,5,5,2,15,20,1,9,2,1,C03,7,9,1,10,3,11,,20,20,1,13,4,C03,120.652997,24.146726,1
6687,66000,387130000C,(04)23274275,(04)23288582,2023,8,18,2,24,臺中市,后里區,0,0,0,5,1,6,40,3,1,1,4,4,6,5,4,4,10,5,5,1,14,49,3,10,3,1,B03,7,2,1,8,2,7,,49,49,1,6,4,B03,120.734355,24.312741,3
6688,66000,387130000C,(04)23274275,(04)23288582,2023,8,18,4,15,臺中市,霧峰區,0,1,0,5,3,6,50,13,9,1,4,4,6,6,4,4,9,5,5,2,27,87,2,9,2,4,C03,7,9,3,19,2,11,,87,87,1,12,4,C03,120.66134,24.073548,2
6689,66000,387130000C,(04)23274275,(04)23288582,2023,8,18,4,41,臺中市,西屯區,0,0,0,7,,,30,,,,,,,,,,,,,,30,84,,,,,B01,,,1,,2,,,84,84,1,12,4,B01,120.660918,24.173581,3
6690,66000,387130000C,(04)23274275,(04)23288582,2023,8,18,4,58,臺中市,南屯區,0,0,0,6,,,40,,,,,,,,,,,,,,12,39,,,,,B01,,,1,,1,,,39,,1,13,4,B01,120.642497,24.14782,3
6691,66000,387130000C,(04)23274275,(04)23288582,2023,8,18,5,29,臺中市,龍井區,0,0,0,5,,,30,,,,,,,,,,,,,,,8,,,,,B03,,,1,,2,,,8,,1,6,4,B03,120.580825,24.181885,3
6692,66000,387130000C,(04)23274275,(04)23288582,2023,8,18,6,3,臺中市,大肚區,0,0,0,5,,,50,,,,,,,,,,,,,,,54,,,,,B03,,,1,,9,,,54,,2,12,4,B03,120.570916,24.120688,3
6693,66000,387130000C,(04)23274275,(04)23288582,2023,8,18,6,16,臺中市,北屯區,0,2,0,5,2,6,30,4,1,1,4,4,6,6,4,4,10,5,5,2,15,12,2,9,1,1,C03,7,9,1,10,2,11,,6,12,1,13,4,C03,120.709977,24.169735,2
6694,66000,387130000C,(04)23274275,(04)23288582,2023,8,18,6,28,臺中市,沙鹿區,0,0,0,5,,,50,,,,,,,,,,,,,,11,39,,,,,B03,,,1,,2,,,39,39,1,13,4,B03,120.563907,24.224858,3
6695,66000,387130000C,(04)23274275,(04)23288582,2023,8,18,6,31,臺中市,南屯區,0,1,0,5,3,6,50,4,1,1,4,4,6,6,2,1,10,5,5,2,18,59,2,9,5,1,C03,7,9,3,19,2,14,,59,59,1,12,4,C03,120.646681,24.153613,2
6696,66000,387130000C,(04)23274275,(04)23288582,2023,8,18,6,43,臺中市,南區,0,0,0,7,,,50,,,,,,,,,,,,,,,56,,,,,B03,,,1,,2,,,56,,1,12,4,B03,120.679358,24.126951,3
6697,66000,387130000C,(04)23274275,(04)23288582,2023,8,18,6,44,臺中市,南屯區,0,1,0,5,3,6,40,3,4,1,4,4,6,6,2,1,1,2,1,2,18,59,2,9,2,4,C03,7,9,1,10,2,14,,59,59,1,13,4,C03,120.597872,24.155393,2
6698,66000,387130000C,(04)23274275,(04)23288582,2023,8,18,6,50,臺中市,西屯區,0,1,0,5,3,6,40,13,8,1,4,4,6,6,2,1,1,4,1,2,13,84,2,9,2,1,C03,7,9,1,10,2,11,,84,84,1,12,4,C03,120.648384,24.162643,2
6699,66000,387130000C,(04)23274275,(04)23288582,2023,8,18,6,56,臺中市,大安區,0,1,0,5,2,6,50,4,1,1,4,4,6,6,1,1,10,5,5,2,11,59,2,8,2,1,C03,7,6,1,10,2,11,,59,59,1,6,4,C03,120.598566,24.354409,2
6700,66000,387130000C,(04)23274275,(04)23288582,2023,8,18,7,3,臺中市,龍井區,0,1,0,5,3,6,30,3,1,1,4,4,3,3,4,4,10,5,5,2,17,20,3,10,3,1,B03,7,6,1,8,2,8,,20,20,1,6,4,B03,120.544652,24.178996,2
6701,66000,387130000C,(04)23274275,(04)23288582,2023,8,18,7,4,臺中市,大里區,0,0,0,5,,,30,,,,,,,,,,,,,,14,49,,,,,B03,,,1,,2,,,49,,1,6,4,B03,120.690349,24.103831,3
6702,66000,387130000C,(04)23274275,(04)23288582,2023,8,18,7,6,臺中市,潭子區,0,0,0,5,,,50,,,,,,,,,,,,,,,11,,,,,C02,,,3,,2,,,11,,1,13,4,C02,120.712728,24.216644,3
6703,66000,387130000C,(04)23274275,(04)23288582,2023,8,18,7,7,臺中市,太平區,0,0,0,5,,,50,,,,,,,,,,,,,,,7,,,,,B03,,,1,,2,,,7,,1,12,4,B03,120.715736,24.14893,3
6704,66000,387130000C,(04)23274275,(04)23288582,2023,8,18,7,9,臺中市,龍井區,0,0,0,7,,,60,,,,,,,,,,,,,,12,2,,,,,B03,,,1,,2,,,2,,1,6,4,B03,120.531729,24.194606,3
6705,66000,387130000C,(04)23274275,(04)23288582,2023,8,18,7,14,臺中市,潭子區,0,0,0,5,,,50,,,,,,,,,,,,,,,59,,,,,C03,,,1,,2,,,59,,1,13,4,C03,120.691606,24.217201,3
6706,66000,387130000C,(04)23274275,(04)23288582,2023,8,18,7,14,臺中市,東勢區,0,1,0,6,2,6,50,4,2,1,5,4,6,6,1,1,10,4,5,1,13,7,3,10,3,1,B03,7,9,1,8,2,1,,7,7,2,13,4,B03,120.829687,24.253504,2
6707,66000,387130000C,(04)23274275,(04)23288582,2023,8,18,7,15,臺中市,西屯區,0,0,0,5,,,50,,,,,,,,,,,,,,,7,,,,,B03,,,1,,1,,,87,7,1,13,4,B03,120.664344,24.176124,3
6708,66000,387130000C,(04)23274275,(04)23288582,2023,8,18,7,17,臺中市,西屯區,0,1,0,5,3,6,50,4,1,1,4,4,6,6,2,1,10,5,5,2,18,84,2,9,1,1,C03,7,5,1,10,2,12,,84,84,1,12,4,C03,120.65236,24.166774,2
6709,66000,387130000C,(04)23274275,(04)23288582,2023,8,18,7,20,臺中市,沙鹿區,0,0,0,5,2,6,60,4,7,1,5,4,6,,1,1,6,3,2,1,12,35,,,,,B03,,,1,,2,,,35,,1,12,4,B03,120.571599,24.2423,3
6710,66000,387130000C,(04)23274275,(04)23288582,2023,8,18,7,25,臺中市,神岡區,0,0,0,5,,,30,,,,,,,,,,,,,,16,14,,,,,B03,,,1,,2,,,14,,1,12,4,B03,120.678567,24.250127,3
6711,66000,387130000C,(04)23274275,(04)23288582,2023,8,18,7,27,臺中市,大里區,0,2,0,5,3,6,50,13,9,1,4,4,6,6,1,1,5,5,4,1,16,40,2,9,1,1,F03,7,8,7,21,2,14,,40,40,1,12,4,F03,120.715346,24.094402,2
6712,66000,387130000C,(04)23274275,(04)23288582,2023,8,18,7,28,臺中市,西屯區,0,2,0,6,3,6,30,13,9,1,4,4,6,6,4,4,10,5,5,2,17,87,2,9,5,4,C03,7,9,1,10,2,11,,87,87,1,13,4,C03,120.646431,24.177651,2
6713,66000,387130000C,(04)23274275,(04)23288582,2023,8,18,7,30,臺中市,北屯區,0,1,0,5,3,6,50,4,2,1,4,4,6,6,1,1,10,5,5,2,17,84,2,9,2,1,C03,7,9,1,10,2,11,,84,84,1,13,4,C03,120.694,24.169045,2
6714,66000,387130000C,(04)23274275,(04)23288582,2023,8,18,7,30,臺中市,西屯區,0,1,0,5,3,6,50,4,2,1,4,4,6,6,2,1,1,3,5,1,17,84,3,10,3,1,B03,7,9,1,8,2,1,,84,84,1,13,4,B03,120.61548,24.174508,2
6715,66000,387130000C,(04)23274275,(04)23288582,2023,8,18,7,30,臺中市,大里區,0,0,0,5,,,50,,,,,,,,,,,,,,13,84,,,,,B03,,,1,,2,,,84,,1,12,4,B03,120.729123,24.091288,3
6716,66000,387130000C,(04)23274275,(04)23288582,2023,8,18,7,30,臺中市,大肚區,0,1,0,7,3,6,30,13,9,1,5,4,6,6,4,4,10,5,5,2,16,51,3,10,3,1,B03,7,1,1,8,2,2,,51,51,1,12,4,B03,120.54491,24.157186,2
6717,66000,387130000C,(04)23274275,(04)23288582,2023,8,18,7,32,臺中市,西屯區,0,1,0,5,3,6,50,3,2,1,4,4,6,6,4,4,8,3,5,1,17,51,2,9,1,1,C03,7,1,1,10,2,14,,51,51,1,12,4,C03,120.615793,24.176961,2
6718,66000,387130000C,(04)23274275,(04)23288582,2023,8,18,7,33,臺中市,龍井區,0,0,0,7,,,50,,,,,,,,,,,,,,,7,,,,,B03,,,1,,2,,,7,,1,6,4,B03,120.577404,24.186384,3
6719,66000,387130000C,(04)23274275,(04)23288582,2023,8,18,7,34,臺中市,南區,0,0,0,5,,,50,,,,,,,,,,,,,,,8,,,,,C03,,,1,,2,,,8,,1,12,4,C03,120.662012,24.129362,3
6720,66000,387130000C,(04)23274275,(04)23288582,2023,8,18,7,34,臺中市,南屯區,0,0,0,5,,,50,,,,,,,,,,,,,,,84,,,,,B03,,,1,,2,,,84,,1,13,4,B03,120.653175,24.130725,4
6721,66000,387130000C,(04)23274275,(04)23288582,2023,8,18,7,35,臺中市,北區,0,1,0,6,2,6,50,4,1,1,4,4,6,6,1,1,1,4,5,2,16,11,3,10,3,1,B03,7,5,1,8,2,5,,11,11,1,12,4,B03,120.691046,24.158943,2
6722,66000,387130000C,(04)23274275,(04)23288582,2023,8,18,7,35,臺中市,北屯區,0,1,0,5,2,6,50,13,9,1,4,4,6,6,4,4,5,4,5,1,12,85,2,9,1,1,C03,7,9,1,10,2,14,,85,85,1,6,4,C03,120.74512,24.188454,2
6723,66000,387130000C,(04)23274275,(04)23288582,2023,8,18,7,36,臺中市,大雅區,0,0,0,7,,,30,,,,,,,,,,,,,,17,8,,,,,B03,,,1,,2,,,8,,1,13,4,B03,120.656384,24.22926,3
6724,66000,387130000C,(04)23274275,(04)23288582,2023,8,18,7,36,臺中市,西屯區,0,1,0,5,2,6,40,3,1,1,4,4,6,6,1,1,1,5,1,2,16,11,3,10,3,4,B03,7,6,1,8,2,5,,11,11,1,12,4,B03,120.614123,24.183851,2
6725,66000,387130000C,(04)23274275,(04)23288582,2023,8,18,7,36,臺中市,太平區,0,1,0,5,3,6,50,4,9,1,4,4,6,6,4,4,5,4,5,1,13,7,2,8,2,1,C03,7,9,1,10,2,11,,7,7,1,12,4,C03,120.714962,24.137897,2
6726,66000,387130000C,(04)23274275,(04)23288582,2023,8,18,7,37,臺中市,西屯區,0,0,0,7,3,6,40,4,1,1,4,4,6,6,2,1,10,5,5,2,13,84,,,,,C03,,,1,,2,,,84,,1,12,4,C03,120.621553,24.179731,3
6727,66000,387130000C,(04)23274275,(04)23288582,2023,8,18,7,38,臺中市,大雅區,0,1,0,5,1,6,30,3,2,1,4,4,6,6,4,4,10,5,5,2,17,14,3,10,2,1,C03,7,5,1,10,2,11,,14,14,1,12,4,C03,120.648639,24.234215,2
6728,66000,387130000C,(04)23274275,(04)23288582,2023,8,18,7,38,臺中市,北區,0,1,0,5,1,6,50,13,8,1,4,4,6,6,1,1,1,5,5,2,18,84,2,9,2,1,C03,7,9,1,10,2,12,,84,84,1,12,4,C03,120.663842,24.153866,2
6729,66000,387130000C,(04)23274275,(04)23288582,2023,8,18,7,40,臺中市,西屯區,0,1,0,5,2,6,50,4,1,1,4,4,6,6,1,1,10,5,5,2,18,59,2,9,5,4,C03,7,9,1,10,2,12,,59,59,1,13,4,C03,120.656532,24.197908,2
6730,66000,387130000C,(04)23274275,(04)23288582,2023,8,18,7,40,臺中市,西屯區,0,1,0,5,2,6,50,13,9,1,4,4,6,6,4,4,10,4,5,2,18,59,2,9,5,4,C03,7,9,1,10,2,14,,59,59,1,13,4,C03,120.632329,24.171302,2
6731,66000,387130000C,(04)23274275,(04)23288582,2023,8,18,7,42,臺中市,西區,0,0,0,5,,,50,,,,,,,,,,,,,,13,84,,,,,C03,,,1,,1,,,84,,1,5,4,C03,120.676029,24.13301,3
6732,66000,387130000C,(04)23274275,(04)23288582,2023,8,18,7,42,臺中市,北屯區,0,0,0,7,,,50,,,,,,,,,,,,,,,49,,,,,B03,,,1,,2,,,49,49,1,12,4,B03,120.664702,24.18348,3
6733,66000,387130000C,(04)23274275,(04)23288582,2023,8,18,7,44,臺中市,太平區,0,0,0,5,,,40,,,,,,,,,,,,,,,49,,,,,B02,,,1,,1,,,49,,1,12,4,B02,120.7219,24.157411,3
6734,66000,387130000C,(04)23274275,(04)23288582,2023,8,18,7,45,臺中市,霧峰區,0,1,0,6,3,6,60,13,8,1,5,4,6,6,4,4,1,4,4,1,17,40,3,10,5,4,B03,7,7,1,8,2,5,,40,40,1,12,4,B03,120.695795,24.055677,2
6735,66000,387130000C,(04)23274275,(04)23288582,2023,8,18,7,45,臺中市,霧峰區,0,0,0,7,,,50,,,,,,,,,,,,,,,58,,,,,B03,,,1,,2,,,58,,1,12,4,B03,120.697228,24.068246,3
6736,66000,387130000C,(04)23274275,(04)23288582,2023,8,18,7,46,臺中市,梧棲區,0,0,0,5,,,70,,,,,,,,,,,,,,12,20,,,,,B03,,,1,,2,,,20,20,1,6,4,B03,120.543204,24.221063,3
6737,66000,387130000C,(04)23274275,(04)23288582,2023,8,18,7,48,臺中市,大雅區,0,2,0,5,1,6,50,13,9,1,4,4,6,6,4,4,5,5,5,1,12,7,2,8,1,1,C03,7,9,1,10,2,11,,7,7,1,13,4,C03,120.649857,24.229139,2
6738,66000,387130000C,(04)23274275,(04)23288582,2023,8,18,7,48,臺中市,南屯區,0,1,0,5,3,6,50,18,9,1,4,4,6,6,4,4,10,5,5,2,18,84,2,9,2,1,C03,7,9,1,10,2,12,,84,84,1,12,4,C03,120.604253,24.147312,2
6739,66000,387130000C,(04)23274275,(04)23288582,2023,8,18,7,48,臺中市,新社區,0,2,0,6,3,6,50,13,9,1,4,4,6,6,4,4,8,3,5,1,17,65,3,10,3,1,B03,7,6,1,8,2,8,,65,65,1,13,4,B03,120.807492,24.25354,2
6740,66000,387130000C,(04)23274275,(04)23288582,2023,8,18,7,49,臺中市,南屯區,0,2,0,5,2,6,50,4,1,1,4,4,6,6,1,1,10,5,5,2,17,23,2,9,1,1,C03,7,6,1,10,2,12,,23,23,1,12,4,C03,120.642636,24.14687,2
6741,66000,387130000C,(04)23274275,(04)23288582,2023,8,18,7,49,臺中市,西屯區,0,0,0,7,,,40,,,,,,,,,,,,,,,84,,,,,C03,,,1,,1,,,84,,1,13,4,C03,120.606462,24.162471,3
6742,66000,387130000C,(04)23274275,(04)23288582,2023,8,18,7,49,臺中市,沙鹿區,0,1,0,6,3,6,50,4,2,1,4,4,6,6,4,4,10,5,5,2,17,87,3,10,3,1,B12,7,6,1,8,2,16,,87,87,1,13,4,B12,120.575362,24.222063,2
6743,66000,387130000C,(04)23274275,(04)23288582,2023,8,18,7,50,臺中市,大里區,0,0,0,6,,,50,,,,,,,,,,,,,,12,40,,,,,B03,,,1,,2,,,40,40,1,13,4,B03,120.691956,24.101066,3
6744,66000,387130000C,(04)23274275,(04)23288582,2023,8,18,7,51,臺中市,東區,0,1,0,5,1,6,50,4,1,1,4,4,6,6,1,1,10,5,5,2,13,7,3,10,1,1,C03,7,9,1,10,2,11,,7,7,1,13,4,C03,120.700082,24.132455,2
6745,66000,387130000C,(04)23274275,(04)23288582,2023,8,18,7,51,臺中市,豐原區,0,0,0,5,,,50,,,,,,,,,,,,,,,21,,,,,B03,,,1,,2,,,21,,1,12,4,B03,120.722098,24.275663,4
6746,66000,387130000C,(04)23274275,(04)23288582,2023,8,18,7,52,臺中市,潭子區,0,1,0,5,3,6,50,4,1,1,4,4,6,6,4,4,5,4,4,2,17,84,2,9,2,1,C03,7,12,1,10,2,12,,84,84,1,13,4,C03,120.708092,24.206876,2
6747,66000,387130000C,(04)23274275,(04)23288582,2023,8,18,7,52,臺中市,西屯區,0,0,0,5,,,30,,,,,,,,,,,,,,,49,,,,,B03,,,1,,2,,,49,,1,12,4,B03,120.650793,24.168247,3
6748,66000,387130000C,(04)23274275,(04)23288582,2023,8,18,7,54,臺中市,大雅區,0,1,0,5,2,6,30,3,1,1,4,4,6,6,4,4,9,5,5,1,17,14,3,10,3,1,B03,7,6,1,8,2,5,,14,14,1,12,4,B03,120.646196,24.222607,2
6749,66000,387130000C,(04)23274275,(04)23288582,2023,8,18,7,55,臺中市,神岡區,0,1,0,5,2,6,50,4,1,1,4,4,6,6,1,1,10,2,5,1,16,26,2,8,2,1,F02,7,6,7,21,2,14,,26,26,1,12,4,F02,120.701861,24.273706,2
6750,66000,387130000C,(04)23274275,(04)23288582,2023,8,18,7,57,臺中市,梧棲區,0,1,0,5,2,6,70,4,2,1,4,4,6,6,2,1,1,4,4,1,18,84,2,9,2,1,C03,7,9,1,10,2,15,,84,84,1,6,4,C03,120.544643,24.225092,2
6751,66000,387130000C,(04)23274275,(04)23288582,2023,8,18,7,58,臺中市,北區,0,1,0,5,2,6,50,4,1,1,4,4,6,6,4,4,5,5,5,2,18,84,2,9,1,1,C03,7,12,1,8,2,14,,84,84,1,12,4,C03,120.697334,24.159248,2
6752,66000,387130000C,(04)23274275,(04)23288582,2023,8,18,7,58,臺中市,大甲區,0,1,0,6,2,6,50,13,9,1,4,4,6,6,4,4,7,5,5,1,13,59,2,8,2,1,C03,7,9,1,10,2,11,,59,59,1,6,4,C03,120.603776,24.328107,2
6753,66000,387130000C,(04)23274275,(04)23288582,2023,8,18,8,0,臺中市,潭子區,0,1,0,5,3,6,50,5,2,1,4,4,6,6,1,1,3,4,4,1,17,59,2,9,1,1,C03,7,9,1,10,2,12,,59,59,1,13,4,C03,120.703637,24.201278,2
6754,66000,387130000C,(04)23274275,(04)23288582,2023,8,18,8,1,臺中市,沙鹿區,0,1,0,7,2,6,40,3,1,1,4,4,6,6,2,1,10,5,5,2,16,59,2,9,2,1,C03,7,9,1,10,2,14,,59,59,1,13,4,C03,120.575633,24.227276,2
6755,66000,387130000C,(04)23274275,(04)23288582,2023,8,18,8,2,臺中市,西屯區,0,0,0,7,,,50,,,,,,,,,,,,,,,84,,,,,A31,,,1,,1,,,84,,1,13,4,A31,120.614619,24.179059,3
6756,66000,387130000C,(04)23274275,(04)23288582,2023,8,18,8,4,臺中市,東區,0,2,0,5,1,6,50,4,1,1,4,4,6,5,4,4,10,5,5,2,15,15,2,9,1,1,C03,7,9,1,10,2,11,,15,15,1,12,4,C03,120.693337,24.143667,2
6757,66000,387130000C,(04)23274275,(04)23288582,2023,8,18,8,4,臺中市,南屯區,0,0,0,7,,,50,,,,,,,,,,,,,,,84,,,,,B03,,,1,,1,,,84,84,1,13,4,B03,120.620997,24.151565,3
6758,66000,387130000C,(04)23274275,(04)23288582,2023,8,18,8,4,臺中市,龍井區,0,1,0,7,3,6,30,3,1,1,5,4,6,6,4,4,10,5,5,2,17,20,3,10,3,1,A31,7,5,1,1,2,5,,20,20,1,6,4,A31,120.509631,24.208953,2
6759,66000,387130000C,(04)23274275,(04)23288582,2023,8,18,8,5,臺中市,清水區,0,2,0,7,3,6,60,4,2,1,5,4,6,6,1,1,1,4,5,1,13,59,2,9,2,1,C03,7,9,1,10,2,11,,59,59,1,12,4,C03,120.54395,24.268324,2
6760,66000,387130000C,(04)23274275,(04)23288582,2023,8,18,8,6,臺中市,西屯區,0,1,0,7,3,6,40,13,8,1,4,4,6,6,2,1,1,1,1,2,18,84,2,9,1,1,C03,7,9,1,10,2,14,,84,84,1,12,4,C03,120.641018,24.167806,2
6761,66000,387130000C,(04)23274275,(04)23288582,2023,8,18,8,9,臺中市,大甲區,0,0,0,7,3,6,50,13,9,1,5,4,6,6,1,1,1,5,5,2,13,56,3,10,1,1,B03,7,9,1,8,1,1,,56,56,1,13,4,B03,120.655703,24.393096,3
6762,66000,387130000C,(04)23274275,(04)23288582,2023,8,18,8,10,臺中市,大雅區,0,0,0,6,2,6,50,13,7,1,4,4,6,6,4,4,5,4,4,1,17,7,,,,,C03,,,1,,2,,,7,,1,12,4,C03,120.644279,24.206401,3
6763,66000,387130000C,(04)23274275,(04)23288582,2023,8,18,8,10,臺中市,沙鹿區,0,1,0,7,2,6,60,3,9,1,5,4,5,6,4,4,1,3,4,1,17,87,3,10,3,1,B03,7,5,1,8,2,16,,87,87,1,12,4,B03,120.564779,24.232738,2
6764,66000,387130000C,(04)23274275,(04)23288582,2023,8,18,8,10,臺中市,大甲區,0,1,0,6,2,6,60,3,1,1,4,4,6,6,4,4,1,4,4,1,17,40,3,10,3,1,B12,7,7,1,8,2,5,,40,40,1,6,4,B12,120.617242,24.346946,2
6765,66000,387130000C,(04)23274275,(04)23288582,2023,8,18,8,15,臺中市,大雅區,0,1,0,7,3,6,50,3,1,1,4,4,6,6,4,4,5,4,4,1,16,20,3,10,3,1,B03,7,6,1,8,2,5,,20,20,1,13,4,B03,120.651625,24.216556,2
6766,66000,387130000C,(04)23274275,(04)23288582,2023,8,18,8,16,臺中市,北區,0,3,0,7,1,6,50,13,7,1,5,4,6,6,1,1,1,4,5,2,12,8,2,9,2,1,C03,7,9,1,10,2,14,,8,8,1,12,4,C03,120.666319,24.163073,2
6767,66000,387130000C,(04)23274275,(04)23288582,2023,8,18,8,18,臺中市,北屯區,0,1,0,6,2,6,50,4,1,1,4,4,6,6,4,4,5,5,4,2,18,84,2,9,2,1,C03,7,9,1,10,2,14,,84,84,1,13,4,C03,120.695717,24.179686,2
6768,66000,387130000C,(04)23274275,(04)23288582,2023,8,18,8,20,臺中市,西區,0,1,0,7,3,6,50,5,1,1,5,4,6,6,1,1,10,5,5,2,18,59,2,9,1,1,C03,7,9,1,10,1,12,,59,59,1,12,4,C03,120.669801,24.150724,2
6769,66000,387130000C,(04)23274275,(04)23288582,2023,8,18,8,20,臺中市,東區,0,1,0,5,1,6,50,13,9,1,4,4,6,6,4,4,9,4,5,2,12,8,3,10,1,1,C03,7,9,1,10,2,12,,8,8,1,12,4,C03,120.68269,24.135357,2
6770,66000,387130000C,(04)23274275,(04)23288582,2023,8,18,8,22,臺中市,豐原區,0,2,0,5,2,6,50,3,2,1,4,4,6,6,3,1,4,4,4,1,17,11,2,9,1,1,C03,7,6,1,10,2,12,,11,11,1,12,4,C03,120.720037,24.241224,2
6771,66000,387130000C,(04)23274275,(04)23288582,2023,8,18,8,23,臺中市,南區,0,1,0,7,2,6,50,4,1,1,4,4,6,6,1,1,10,5,5,2,17,7,2,9,2,1,C03,7,9,1,10,2,14,11,7,7,1,13,4,C03,120.657407,24.125094,2
6772,66000,387130000C,(04)23274275,(04)23288582,2023,8,18,8,25,臺中市,大雅區,0,1,0,7,2,6,50,4,2,1,5,4,6,6,4,4,9,5,5,1,17,11,3,10,2,1,C03,7,6,1,10,2,16,,11,11,1,12,4,C03,120.649568,24.224096,2
6773,66000,387130000C,(04)23274275,(04)23288582,2023,8,18,8,26,臺中市,豐原區,0,1,0,6,3,6,50,13,7,1,5,4,6,6,4,4,5,4,4,2,17,7,2,9,5,1,C03,7,9,1,10,2,11,,7,7,1,13,4,C03,120.705074,24.240897,2
6774,66000,387130000C,(04)23274275,(04)23288582,2023,8,18,8,27,臺中市,中區,0,1,0,6,3,6,50,3,1,1,5,4,6,6,4,4,10,5,5,2,13,59,3,10,3,1,B03,7,9,1,8,4,5,,59,59,1,12,4,B03,120.679824,24.142898,2
6775,66000,387130000C,(04)23274275,(04)23288582,2023,8,18,8,27,臺中市,大里區,0,1,0,5,3,6,50,13,8,1,4,4,6,6,4,4,9,5,4,2,17,46,3,10,1,1,C03,7,11,1,10,2,12,,46,46,1,6,4,C03,120.694195,24.10959,2
6776,66000,387130000C,(04)23274275,(04)23288582,2023,8,18,8,28,臺中市,北屯區,0,1,0,7,3,6,40,13,8,1,5,4,6,6,4,4,1,4,4,2,13,59,2,9,2,1,C03,7,9,1,10,2,11,,59,59,1,6,4,C03,120.686436,24.202645,2
6777,66000,387130000C,(04)23274275,(04)23288582,2023,8,18,8,28,臺中市,北屯區,0,0,0,7,,,50,,,,,,,,,,,,,,,14,,,,,B03,,,1,,1,,,14,,1,13,4,B03,120.699221,24.180887,3
6778,66000,387130000C,(04)23274275,(04)23288582,2023,8,18,8,30,臺中市,西屯區,0,1,0,7,3,6,40,4,4,1,4,4,6,6,2,1,10,5,5,2,13,7,3,10,3,1,B02,7,9,1,8,2,5,,7,7,1,12,4,B02,120.641018,24.167806,2