序號,縣市別代碼,機關代碼,市話,傳真,年,月,日,時,分,縣市,區,死亡數量,受傷數量,2-30,天候,光線,道路類別,速限,道路型態,事故位置,路面鋪裝,路面狀態,路面缺陷,障礙物,視距,號誌種類,號誌動作,分向設施,快車道或一般車道間,快慢車道間,路面邊線,事故類型及型態,主要肇因,受傷程度,主要傷處,保護裝備,行動電話,當事者區分(類別),車輛用途,當事者行動狀態,駕駛資格情形,駕駛執照種類,飲酒情形,車輛撞擊部位最初,車輛撞擊部位其他,肇事因素個別,肇事因素主要,肇事逃逸,職業,旅次目的,車種,GPS座標X,GPS座標Y,事故類別
6779,66000,387130000C,(04)23274275,(04)23288582,2023,8,18,8,31,臺中市,東區,0,0,0,6,,,50,,,,,,,,,,,,,,12,84,,,,,B03,,,1,,2,,,84,,1,13,4,B03,120.695158,24.13403,3
6780,66000,387130000C,(04)23274275,(04)23288582,2023,8,18,8,32,臺中市,北屯區,0,2,0,6,3,6,60,4,1,1,4,4,6,6,2,1,10,5,5,2,16,20,2,9,3,1,B03,7,5,1,8,2,5,,20,20,1,12,4,B03,120.715149,24.164191,2
6781,66000,387130000C,(04)23274275,(04)23288582,2023,8,18,8,34,臺中市,太平區,0,0,0,7,,,50,,,,,,,,,,,,,,,42,,,,,C03,,,1,,2,,,42,,1,12,4,C03,120.701697,24.153719,3
6782,66000,387130000C,(04)23274275,(04)23288582,2023,8,18,8,35,臺中市,潭子區,0,0,0,7,,,60,,,,,,,,,,,,,,,84,,,,,B03,,,1,,2,,,84,,1,13,4,B03,120.708925,24.230778,3
6783,66000,387130000C,(04)23274275,(04)23288582,2023,8,18,8,35,臺中市,北屯區,0,0,0,7,,,80,,,,,,,,,,,,,,13,84,,,,,B03,,,1,,1,,,84,,1,13,4,B03,120.666392,24.200936,3
6784,66000,387130000C,(04)23274275,(04)23288582,2023,8,18,8,35,臺中市,大里區,0,0,0,7,2,6,40,11,9,1,5,4,6,6,4,4,10,5,5,2,17,41,3,10,1,1,C03,7,9,1,10,4,11,,41,41,1,13,4,C03,120.706259,24.109128,3
6785,66000,387130000C,(04)23274275,(04)23288582,2023,8,18,8,36,臺中市,太平區,0,1,0,7,3,6,50,4,1,1,4,4,6,6,4,4,10,5,5,2,15,15,2,9,2,1,C04,7,9,1,8,2,12,,15,15,1,13,4,C04,120.716614,24.137154,2
6786,66000,387130000C,(04)23274275,(04)23288582,2023,8,18,8,37,臺中市,豐原區,0,0,0,7,,,50,,,,,,,,,,,,,,,8,,,,,B02,,,1,,2,,,8,,1,12,4,B02,120.714593,24.248066,3
6787,66000,387130000C,(04)23274275,(04)23288582,2023,8,18,8,38,臺中市,北屯區,0,0,0,7,,,80,,,,,,,,,,,,,,13,7,,,,,B03,,,1,,1,,,7,,1,12,4,B03,120.668438,24.200753,3
6788,66000,387130000C,(04)23274275,(04)23288582,2023,8,18,8,40,臺中市,南區,0,1,0,7,1,6,50,4,1,1,5,4,6,5,1,1,5,4,4,2,17,45,3,10,1,1,C03,7,11,1,10,2,11,,45,45,1,12,4,C03,120.670719,24.114814,2
6789,66000,387130000C,(04)23274275,(04)23288582,2023,8,18,8,40,臺中市,東區,0,2,0,7,2,6,50,13,9,1,5,4,6,6,4,4,5,4,5,2,17,43,2,9,2,1,C03,7,9,1,10,2,14,,43,43,1,13,4,C03,120.683687,24.13452,2
6790,66000,387130000C,(04)23274275,(04)23288582,2023,8,18,8,42,臺中市,潭子區,0,0,0,7,,,50,,,,,,,,,,,,,,,49,,,,,B03,,,1,,1,,,49,,1,13,4,B03,120.724031,24.203946,3
6791,66000,387130000C,(04)23274275,(04)23288582,2023,8,18,8,44,臺中市,東區,0,1,0,6,1,6,50,4,1,1,5,4,6,6,1,1,9,4,5,2,12,47,3,10,3,1,B03,7,5,1,10,2,3,,47,47,1,12,4,B03,120.700722,24.127289,2
6792,66000,387130000C,(04)23274275,(04)23288582,2023,8,18,8,44,臺中市,西屯區,0,1,0,6,3,6,50,13,9,1,4,4,6,6,2,1,5,4,5,2,17,84,2,9,5,4,C03,7,4,1,10,2,14,,84,84,1,13,4,C03,120.654826,24.195723,2
6793,66000,387130000C,(04)23274275,(04)23288582,2023,8,18,8,45,臺中市,北屯區,0,1,0,6,2,6,50,5,1,1,4,4,6,6,2,1,5,4,5,2,18,84,2,9,1,1,C03,7,9,1,10,2,12,,84,84,1,13,4,C03,120.73042,24.177167,2
6794,66000,387130000C,(04)23274275,(04)23288582,2023,8,18,8,45,臺中市,北屯區,0,0,0,7,,,50,,,,,,,,,,,,,,12,84,,,,,B03,,,1,,1,,,84,84,1,13,4,B03,120.706947,24.189144,3
6795,66000,387130000C,(04)23274275,(04)23288582,2023,8,18,8,47,臺中市,西區,0,0,0,7,,,50,,,,,,,,,,,,,,13,59,,,,,B03,,,1,,2,,,59,,1,13,4,B03,120.673119,24.147209,3
6796,66000,387130000C,(04)23274275,(04)23288582,2023,8,18,8,47,臺中市,烏日區,0,0,0,7,,,40,,,,,,,,,,,,,,,49,,,,,A12,,,1,,2,,,49,,1,12,4,A12,120.647889,24.0785,3
6797,66000,387130000C,(04)23274275,(04)23288582,2023,8,18,8,48,臺中市,大肚區,0,0,0,6,,,50,,,,,,,,,,,,,,13,59,,,,,B03,,,1,,3,,,59,,1,13,4,B03,120.575542,24.161588,3
6798,66000,387130000C,(04)23274275,(04)23288582,2023,8,18,8,49,臺中市,南屯區,0,0,0,7,,,40,,,,,,,,,,,,,,,59,,,,,B03,,,1,,1,,,59,59,1,13,4,B03,120.648566,24.144999,3
6799,66000,387130000C,(04)23274275,(04)23288582,2023,8,18,8,50,臺中市,東區,0,0,0,7,,,50,,,,,,,,,,,,,,14,49,,,,,B03,,,1,,2,,,49,,1,13,4,B03,120.695024,24.144032,3
6800,66000,387130000C,(04)23274275,(04)23288582,2023,8,18,8,52,臺中市,北屯區,0,0,0,7,,,50,,,,,,,,,,,,,,,11,,,,,C03,,,1,,1,,,11,,1,13,4,C03,120.681268,24.169658,3
6801,66000,387130000C,(04)23274275,(04)23288582,2023,8,18,9,0,臺中市,北區,0,0,0,7,,,40,,,,,,,,,,,,,,,76,,,,,B03,,,1,,1,,,76,,1,12,4,B03,120.687387,24.163079,3
6802,66000,387130000C,(04)23274275,(04)23288582,2023,8,18,9,5,臺中市,大里區,0,1,0,7,2,6,50,13,9,1,5,4,6,6,4,4,5,4,5,1,17,40,3,10,3,1,A11,7,8,1,3,9,6,,40,40,1,13,4,A11,120.68999,24.113492,2
6803,66000,387130000C,(04)23274275,(04)23288582,2023,8,18,9,10,臺中市,大雅區,0,2,0,7,3,6,50,13,9,1,5,4,6,6,4,4,5,5,5,1,12,6,2,9,1,1,C03,7,9,1,10,2,12,,6,6,1,13,4,C03,120.653449,24.223389,2
6804,66000,387130000C,(04)23274275,(04)23288582,2023,8,18,9,12,臺中市,西屯區,0,1,0,6,3,6,50,13,9,1,4,4,6,6,4,4,5,4,5,1,18,84,2,9,1,1,C03,7,9,1,10,2,12,,84,84,1,13,4,C03,120.648127,24.169515,2
6805,66000,387130000C,(04)23274275,(04)23288582,2023,8,18,9,17,臺中市,南區,0,0,0,7,,,50,,,,,,,,,,,,,,,7,,,,,B03,,,1,,2,,,7,,1,12,4,B03,120.669781,24.127122,3
6806,66000,387130000C,(04)23274275,(04)23288582,2023,8,18,9,20,臺中市,太平區,0,0,0,7,,,50,,,,,,,,,,,,,,14,49,,,,,B03,,,1,,2,,,49,,1,13,4,B03,120.719892,24.102787,3
6807,66000,387130000C,(04)23274275,(04)23288582,2023,8,18,9,30,臺中市,西屯區,0,0,0,7,,,50,,,,,,,,,,,,,,,7,,,,,A11,,,1,,1,,,7,,1,13,4,A11,120.65777,24.15806,3
6808,66000,387130000C,(04)23274275,(04)23288582,2023,8,18,9,30,臺中市,西屯區,0,0,0,7,,,50,,,,,,,,,,,,,,,84,,,,,C03,,,1,,1,,,84,,1,13,4,C03,120.647907,24.174153,3
6809,66000,387130000C,(04)23274275,(04)23288582,2023,8,18,9,31,臺中市,大雅區,0,1,0,7,2,6,50,13,9,1,5,4,6,6,4,4,9,4,5,1,12,40,3,10,4,1,B12,7,7,1,8,11,6,,40,40,2,12,4,B12,120.65271,24.228519,2
6810,66000,387130000C,(04)23274275,(04)23288582,2023,8,18,9,35,臺中市,北屯區,0,0,0,7,,,50,,,,,,,,,,,,,,,84,,,,,B03,,,1,,2,,,84,84,1,12,4,B03,120.685052,24.172042,3
6811,66000,387130000C,(04)23274275,(04)23288582,2023,8,18,9,40,臺中市,清水區,0,0,0,7,,,40,,,,,,,,,,,,,,14,49,,,,,B03,,,1,,2,,,49,,1,12,4,B03,120.559415,24.259256,3
6812,66000,387130000C,(04)23274275,(04)23288582,2023,8,18,9,41,臺中市,西屯區,0,0,0,7,,,50,,,,,,,,,,,,,,,84,,,,,C03,,,1,,1,,,84,,1,13,4,C03,120.650907,24.171033,3
6813,66000,387130000C,(04)23274275,(04)23288582,2023,8,18,9,49,臺中市,南區,0,0,0,7,3,6,50,13,9,1,5,4,6,6,4,4,1,4,5,2,17,84,3,10,1,1,C03,7,9,1,10,1,14,,84,84,1,12,4,C03,120.654167,24.116536,3
6814,66000,387130000C,(04)23274275,(04)23288582,2023,8,18,9,50,臺中市,南屯區,0,1,0,7,3,6,50,4,1,1,5,4,6,6,2,1,10,5,5,2,12,47,3,10,3,1,B03,7,5,1,8,2,2,,47,47,1,12,4,B03,120.64829,24.132036,2
6815,66000,387130000C,(04)23274275,(04)23288582,2023,8,18,9,51,臺中市,西區,0,1,0,6,3,6,50,13,8,1,5,4,6,6,4,4,5,4,4,2,16,87,3,10,3,1,B03,7,5,1,8,2,6,,87,87,1,13,4,B03,120.672587,24.144249,2
6816,66000,387130000C,(04)23274275,(04)23288582,2023,8,18,9,51,臺中市,西屯區,0,0,0,7,,,50,,,,,,,,,,,,,,,20,,,,,B03,,,1,,1,,,20,,1,12,4,B03,120.632103,24.170355,3
6817,66000,387130000C,(04)23274275,(04)23288582,2023,8,18,9,51,臺中市,沙鹿區,0,1,0,7,3,6,50,3,1,1,5,4,6,6,4,4,10,5,4,2,18,6,2,9,6,1,F01,7,9,7,21,2,16,,6,6,1,13,4,F01,120.559842,24.23901,2
6818,66000,387130000C,(04)23274275,(04)23288582,2023,8,18,9,54,臺中市,西屯區,0,1,0,7,2,6,50,8,9,1,5,4,6,6,4,4,1,4,5,2,16,47,3,10,3,1,B03,7,5,1,8,2,2,,47,47,1,13,4,B03,120.627001,24.177368,2
6819,66000,387130000C,(04)23274275,(04)23288582,2023,8,18,10,2,臺中市,南屯區,0,1,0,7,2,6,50,4,1,1,5,4,6,6,2,1,10,5,5,2,12,8,2,9,1,1,C03,7,9,1,10,2,12,,8,8,1,12,4,C03,120.637714,24.142467,2
6820,66000,387130000C,(04)23274275,(04)23288582,2023,8,18,10,6,臺中市,西屯區,0,0,0,7,,,50,,,,,,,,,,,,,,,85,,,,,B03,,,1,,1,,,85,,1,13,4,B03,120.659034,24.175866,3
6821,66000,387130000C,(04)23274275,(04)23288582,2023,8,18,10,7,臺中市,東區,0,0,0,7,,,50,,,,,,,,,,,,,,,47,,,,,B03,,,1,,2,,,47,,1,12,4,B03,120.710405,24.140847,3
6822,66000,387130000C,(04)23274275,(04)23288582,2023,8,18,10,10,臺中市,北區,0,2,0,6,2,6,50,4,2,1,5,4,6,6,1,1,5,5,4,2,17,48,2,9,1,1,C03,7,6,1,10,2,13,,48,48,1,12,4,C03,120.682969,24.168463,2
6823,66000,387130000C,(04)23274275,(04)23288582,2023,8,18,10,12,臺中市,西屯區,0,0,0,7,,,30,,,,,,,,,,,,,,,8,,,,,B03,,,1,,1,,,8,,1,12,4,B03,120.66367,24.166092,3
6824,66000,387130000C,(04)23274275,(04)23288582,2023,8,18,10,13,臺中市,龍井區,0,0,0,7,,,60,,,,,,,,,,,,,,,49,,,,,B13,,,3,,2,,,49,,1,6,4,B13,120.524287,24.22026,3
6825,66000,387130000C,(04)23274275,(04)23288582,2023,8,18,10,14,臺中市,東區,0,0,0,7,,,50,,,,,,,,,,,,,,,40,,,,,B03,,,1,,1,,,40,,1,12,4,B03,120.683623,24.124374,3
6826,66000,387130000C,(04)23274275,(04)23288582,2023,8,18,10,15,臺中市,潭子區,0,0,0,7,,,80,,,,,,,,,,,,,,9,87,,,,,B03,,,1,,2,,,87,,1,12,4,B03,120.704822,24.200471,3
6827,66000,387130000C,(04)23274275,(04)23288582,2023,8,18,10,15,臺中市,潭子區,0,0,0,7,,,50,,,,,,,,,,,,,,,8,,,,,B03,,,1,,2,,,8,,1,13,4,B03,120.707108,24.213111,3
6828,66000,387130000C,(04)23274275,(04)23288582,2023,8,18,10,17,臺中市,大雅區,0,0,0,7,2,6,50,3,1,1,5,4,6,6,4,4,9,4,4,2,17,43,,,,,C03,,,1,,2,,,43,,1,12,4,C03,120.668095,24.217743,3
6829,66000,387130000C,(04)23274275,(04)23288582,2023,8,18,10,20,臺中市,西屯區,0,0,0,7,,,50,,,,,,,,,,,,,,,84,,,,,A31,,,1,,1,,,84,,1,13,4,A31,120.624383,24.178531,3
6830,66000,387130000C,(04)23274275,(04)23288582,2023,8,18,10,20,臺中市,西屯區,0,0,0,7,,,50,,,,,,,,,,,,,,,84,,,,,B03,,,1,,1,,,84,,1,13,4,B03,120.609445,24.159471,3
6831,66000,387130000C,(04)23274275,(04)23288582,2023,8,18,10,23,臺中市,東區,0,1,0,5,1,6,50,4,1,1,4,4,6,6,1,1,9,4,5,2,11,48,3,10,3,1,B03,7,6,1,8,2,2,,48,48,1,12,4,B03,120.705379,24.137658,2
6832,66000,387130000C,(04)23274275,(04)23288582,2023,8,18,10,24,臺中市,南屯區,0,1,0,7,2,6,50,4,1,1,5,4,6,6,1,1,5,5,5,2,17,11,3,10,3,1,B03,7,6,1,8,2,8,,11,11,1,13,4,B03,120.645077,24.129514,2
6833,66000,387130000C,(04)23274275,(04)23288582,2023,8,18,10,25,臺中市,東區,0,2,0,7,2,6,50,13,9,1,5,4,6,6,4,4,9,5,5,2,11,84,2,9,2,1,C03,7,9,1,10,2,14,,84,84,1,13,4,C03,120.690811,24.131067,2
6834,66000,387130000C,(04)23274275,(04)23288582,2023,8,18,10,25,臺中市,南屯區,0,0,0,7,,,40,,,,,,,,,,,,,,,84,,,,,A11,,,1,,1,,,84,,1,13,4,A11,120.623455,24.150102,3
6835,66000,387130000C,(04)23274275,(04)23288582,2023,8,18,10,28,臺中市,西區,0,0,0,7,,,50,,,,,,,,,,,,,,,39,,,,,B12,,,1,,1,,,39,,1,6,4,B12,120.675763,24.138754,3
6836,66000,387130000C,(04)23274275,(04)23288582,2023,8,18,10,30,臺中市,大肚區,0,0,0,7,,,30,,,,,,,,,,,,,,,49,,,,,B11,,,1,,2,,,49,,1,6,4,B11,120.5769,24.170705,3
6837,66000,387130000C,(04)23274275,(04)23288582,2023,8,18,10,30,臺中市,龍井區,0,0,0,7,,,40,,,,,,,,,,,,,,,49,,,,,B03,,,1,,1,,,49,,1,6,4,B03,120.587885,24.184722,3
6838,66000,387130000C,(04)23274275,(04)23288582,2023,8,18,10,35,臺中市,大里區,0,1,0,7,2,6,50,13,9,1,5,4,6,6,1,1,5,4,4,1,13,7,2,9,2,1,C03,7,9,1,10,2,11,,7,7,1,13,4,C03,120.685883,24.102995,2
6839,66000,387130000C,(04)23274275,(04)23288582,2023,8,18,10,36,臺中市,南屯區,0,0,0,7,,,50,,,,,,,,,,,,,,12,40,,,,,B03,,,1,,1,,,40,,1,12,4,B03,120.635711,24.143383,3
6840,66000,387130000C,(04)23274275,(04)23288582,2023,8,18,10,38,臺中市,潭子區,0,0,0,7,,,60,,,,,,,,,,,,,,,40,,,,,B12,,,1,,2,,,40,,1,13,4,B12,120.68822,24.215174,3
6841,66000,387130000C,(04)23274275,(04)23288582,2023,8,18,10,38,臺中市,大里區,0,0,0,7,,,50,,,,,,,,,,,,,,,49,,,,,B01,,,1,,2,,,49,,1,12,4,B01,120.702731,24.088258,3
6842,66000,387130000C,(04)23274275,(04)23288582,2023,8,18,10,39,臺中市,豐原區,0,1,0,7,2,6,50,13,7,1,5,4,6,6,4,4,9,5,4,2,16,51,3,10,5,4,B03,7,1,1,8,2,8,,51,51,1,12,4,B03,120.733386,24.257633,2
6843,66000,387130000C,(04)23274275,(04)23288582,2023,8,18,10,40,臺中市,西區,0,1,0,7,2,6,40,3,1,1,5,4,6,6,2,1,5,5,5,2,18,43,2,8,2,1,C03,7,9,1,10,2,14,,43,43,1,13,4,C03,120.658556,24.155263,2
6844,66000,387130000C,(04)23274275,(04)23288582,2023,8,18,10,40,臺中市,太平區,0,0,0,7,,,50,,,,,,,,,,,,,,,84,,,,,B12,,,1,,2,,,84,,1,12,4,B12,120.728486,24.150161,3
6845,66000,387130000C,(04)23274275,(04)23288582,2023,8,18,10,41,臺中市,清水區,0,1,0,7,2,6,50,3,2,1,5,4,6,6,4,4,5,5,5,2,16,12,2,8,1,1,C03,7,5,1,10,2,14,,12,12,1,12,4,C03,120.574761,24.271306,2
6846,66000,387130000C,(04)23274275,(04)23288582,2023,8,18,10,43,臺中市,西屯區,0,0,0,7,,,60,,,,,,,,,,,,,,,40,,,,,B03,,,1,,1,,,40,,1,13,4,B03,120.635172,24.179435,3
6847,66000,387130000C,(04)23274275,(04)23288582,2023,8,18,10,49,臺中市,南屯區,0,0,0,7,,,40,,,,,,,,,,,,,,,39,,,,,C03,,,1,,1,,,39,,1,12,4,C03,120.608411,24.150979,3
6848,66000,387130000C,(04)23274275,(04)23288582,2023,8,18,10,49,臺中市,西屯區,0,1,0,7,2,6,30,13,9,1,5,4,6,6,4,4,10,5,5,2,10,1,2,9,5,4,C03,7,9,1,10,2,11,,1,1,1,13,4,C03,120.618528,24.19452,2
6849,66000,387130000C,(04)23274275,(04)23288582,2023,8,18,10,51,臺中市,北屯區,0,0,0,7,,,50,,,,,,,,,,,,,,14,49,,,,,B12,,,1,,1,,,49,49,1,13,4,B12,120.719334,24.178802,3
6850,66000,387130000C,(04)23274275,(04)23288582,2023,8,18,10,55,臺中市,大雅區,0,0,0,7,,,60,,,,,,,,,,,,,,16,4,,,,,C03,,,1,,1,,,4,,1,13,4,C03,120.63762,24.233682,3
6851,66000,387130000C,(04)23274275,(04)23288582,2023,8,18,10,55,臺中市,清水區,0,0,0,7,,,50,,,,,,,,,,,,,,17,45,,,,,B03,,,1,,1,,,45,,1,12,4,B03,120.576419,24.270661,3
6852,66000,387130000C,(04)23274275,(04)23288582,2023,8,18,10,55,臺中市,大甲區,0,0,0,7,,,70,,,,,,,,,,,,,,13,40,,,,,B03,,,1,,2,,,40,,1,6,4,B03,120.645012,24.371184,3
6853,66000,387130000C,(04)23274275,(04)23288582,2023,8,18,11,0,臺中市,大里區,0,0,0,7,,,50,,,,,,,,,,,,,,,59,,,,,C03,,,1,,1,,,59,,1,13,4,C03,120.677441,24.115135,3
6854,66000,387130000C,(04)23274275,(04)23288582,2023,8,18,11,2,臺中市,西屯區,0,2,0,7,3,6,50,4,1,1,5,4,6,6,2,1,10,5,5,2,15,21,2,9,1,1,C03,7,9,1,10,2,12,,21,21,1,12,4,C03,120.649796,24.162755,2
6855,66000,387130000C,(04)23274275,(04)23288582,2023,8,18,11,5,臺中市,西屯區,0,0,0,7,,,50,,,,,,,,,,,,,,,84,,,,,B03,,,1,,1,,,84,,1,13,4,B03,120.624612,24.179231,3
6856,66000,387130000C,(04)23274275,(04)23288582,2023,8,18,11,5,臺中市,太平區,0,0,0,7,,,50,,,,,,,,,,,,,,17,51,,,,,C03,,,5,,2,,,51,,1,13,4,C03,120.729926,24.150646,3
6857,66000,387130000C,(04)23274275,(04)23288582,2023,8,18,11,8,臺中市,北屯區,0,1,0,7,2,6,50,4,1,1,5,4,6,6,4,4,10,5,5,2,17,14,3,10,3,1,B03,7,6,1,8,2,5,,14,14,1,13,4,B03,120.69888,24.170691,2
6858,66000,387130000C,(04)23274275,(04)23288582,2023,8,18,11,8,臺中市,大里區,0,1,0,7,3,6,30,4,1,1,5,4,6,6,4,4,10,5,5,2,15,15,3,10,3,1,B03,7,9,1,8,2,5,,15,15,1,6,4,B03,120.668719,24.106233,2
6859,66000,387130000C,(04)23274275,(04)23288582,2023,8,18,11,10,臺中市,大雅區,0,1,0,7,2,6,50,13,9,1,5,4,6,6,4,4,1,4,5,1,17,76,3,10,3,1,B03,7,13,1,8,2,4,,76,76,1,12,4,B03,120.647099,24.222195,2
6860,66000,387130000C,(04)23274275,(04)23288582,2023,8,18,11,10,臺中市,大里區,0,1,0,7,3,6,50,13,8,1,5,4,6,6,4,4,5,5,4,1,17,39,2,9,1,1,C03,7,11,1,10,2,11,,39,39,1,6,4,C03,120.682175,24.115186,2
6861,66000,387130000C,(04)23274275,(04)23288582,2023,8,18,11,13,臺中市,北區,0,0,0,7,,,50,,,,,,,,,,,,,,12,59,,,,,B03,,,1,,1,,,59,,1,12,4,B03,120.6927,24.161541,3
6862,66000,387130000C,(04)23274275,(04)23288582,2023,8,18,11,13,臺中市,西屯區,0,1,0,7,2,6,40,13,9,1,5,4,6,6,4,4,1,4,4,2,12,51,3,10,5,4,B01,7,1,1,4,2,7,,51,51,1,12,4,B01,120.64339,24.159247,2
6863,66000,387130000C,(04)23274275,(04)23288582,2023,8,18,11,15,臺中市,南區,0,0,0,7,,,50,,,,,,,,,,,,,,17,51,,,,,C03,,,1,,2,,,51,,1,13,4,C03,120.668902,24.11451,3
6864,66000,387130000C,(04)23274275,(04)23288582,2023,8,18,11,19,臺中市,南屯區,0,1,0,6,2,6,50,4,1,1,5,4,6,6,4,4,10,4,5,2,15,12,3,10,3,1,B03,7,9,1,8,2,2,,12,12,1,13,4,B03,120.612624,24.144301,2
6865,66000,387130000C,(04)23274275,(04)23288582,2023,8,18,11,25,臺中市,太平區,0,0,0,7,,,50,,,,,,,,,,,,,,,8,,,,,C03,,,1,,2,,,8,,1,13,4,C03,120.708327,24.128383,3
6866,66000,387130000C,(04)23274275,(04)23288582,2023,8,18,11,27,臺中市,北區,0,0,0,7,,,40,,,,,,,,,,,,,,,7,,,,,C03,,,1,,1,,,7,,1,12,4,C03,120.682385,24.159118,3
6867,66000,387130000C,(04)23274275,(04)23288582,2023,8,18,11,32,臺中市,北屯區,0,1,0,7,3,6,50,4,1,1,5,4,6,6,4,4,10,5,5,2,16,20,3,10,3,1,B03,7,6,1,8,2,1,,20,20,1,12,4,B03,120.680502,24.180582,2
6868,66000,387130000C,(04)23274275,(04)23288582,2023,8,18,11,38,臺中市,西區,0,1,0,7,2,6,30,13,9,1,5,4,6,6,4,4,10,5,5,2,16,51,3,10,3,1,B03,7,1,1,8,2,5,,51,51,1,13,4,B03,120.662158,24.138261,2
6869,66000,387130000C,(04)23274275,(04)23288582,2023,8,18,11,41,臺中市,西區,0,0,0,6,,,50,,,,,,,,,,,,,,12,40,,,,,A12,,,1,,2,,,40,,1,13,4,A12,120.657726,24.15792,3
6870,66000,387130000C,(04)23274275,(04)23288582,2023,8,18,11,41,臺中市,霧峰區,0,2,0,7,3,6,50,4,2,1,5,4,6,6,4,4,5,5,5,2,17,39,2,9,2,1,C03,7,1,1,10,2,14,,39,39,1,12,4,C03,120.709396,24.07913,2
6871,66000,387130000C,(04)23274275,(04)23288582,2023,8,18,11,44,臺中市,太平區,0,2,0,7,3,6,50,4,1,1,5,4,6,6,4,4,10,5,5,2,15,51,2,8,1,1,C03,7,1,1,10,2,11,,51,51,1,12,4,C03,120.727586,24.125252,2
6872,66000,387130000C,(04)23274275,(04)23288582,2023,8,18,11,45,臺中市,北區,0,0,0,7,,,50,,,,,,,,,,,,,,30,51,,,,,A11,,,1,,2,,,51,,1,12,4,A11,120.672733,24.167813,3
6873,66000,387130000C,(04)23274275,(04)23288582,2023,8,18,11,50,臺中市,西區,0,0,0,7,,,50,,,,,,,,,,,,,,12,84,,,,,C03,,,1,,1,,,84,,1,12,4,C03,120.658483,24.154864,4
6874,66000,387130000C,(04)23274275,(04)23288582,2023,8,18,11,50,臺中市,西區,0,0,0,7,,,50,,,,,,,,,,,,,,,85,,,,,B03,,,1,,1,,,85,,1,13,4,B03,120.654638,24.152513,3
6875,66000,387130000C,(04)23274275,(04)23288582,2023,8,18,11,51,臺中市,南屯區,0,0,0,7,,,0,,,,,,,,,,,,,,,49,,,,,B12,,,1,,2,,,49,,1,13,4,B12,120.637634,24.150748,3
6876,66000,387130000C,(04)23274275,(04)23288582,2023,8,18,11,54,臺中市,北屯區,0,2,0,7,2,6,50,13,9,1,5,4,6,6,4,4,1,4,5,2,17,51,3,10,3,1,B11,7,1,1,8,2,1,,51,51,1,13,4,B11,120.699269,24.177008,2
6877,66000,387130000C,(04)23274275,(04)23288582,2023,8,18,11,56,臺中市,潭子區,0,0,0,7,,,50,,,,,,,,,,,,,,12,45,,,,,B03,,,1,,2,,,45,,1,13,4,B03,120.709957,24.206347,3
6878,66000,387130000C,(04)23274275,(04)23288582,2023,8,18,11,56,臺中市,潭子區,0,0,0,7,,,50,,,,,,,,,,,,,,,23,,,,,B03,,,1,,2,,,23,,1,13,4,B03,120.675846,24.204102,3
6879,66000,387130000C,(04)23274275,(04)23288582,2023,8,18,11,56,臺中市,太平區,0,0,0,7,,,40,,,,,,,,,,,,,,13,7,,,,,B03,,,1,,2,,,7,,1,13,4,B03,120.708696,24.134089,3
6880,66000,387130000C,(04)23274275,(04)23288582,2023,8,18,12,0,臺中市,北屯區,0,0,0,7,,,50,,,,,,,,,,,,,,17,85,,,,,,,,,,,,,85,,1,,,,120.685139,24.169809,3
6881,66000,387130000C,(04)23274275,(04)23288582,2023,8,18,12,5,臺中市,潭子區,0,0,0,7,,,50,,,,,,,,,,,,,,,51,,,,,B03,,,1,,9,,,51,,1,13,4,B03,120.702977,24.206108,3
6882,66000,387130000C,(04)23274275,(04)23288582,2023,8,18,12,9,臺中市,南屯區,0,2,0,7,2,6,30,4,1,1,5,4,6,6,4,4,5,5,5,2,15,20,2,9,1,1,C03,7,9,1,10,2,12,,20,20,1,13,4,C03,120.643033,24.137123,2
6883,66000,387130000C,(04)23274275,(04)23288582,2023,8,18,12,9,臺中市,南屯區,0,0,0,7,,,40,,,,,,,,,,,,,,14,50,,,,,B03,,,1,,2,,,50,50,1,12,4,B03,120.628273,24.119892,3
6884,66000,387130000C,(04)23274275,(04)23288582,2023,8,18,12,22,臺中市,西屯區,0,0,0,7,,,30,,,,,,,,,,,,,,,84,,,,,B03,,,1,,1,,,84,,1,13,4,B03,120.621248,24.184358,3
6885,66000,387130000C,(04)23274275,(04)23288582,2023,8,18,12,25,臺中市,西屯區,0,0,0,7,,,30,,,,,,,,,,,,,,,14,,,,,B03,,,1,,1,,,14,,1,13,4,B03,120.61692,24.185604,3
6886,66000,387130000C,(04)23274275,(04)23288582,2023,8,18,12,29,臺中市,豐原區,0,0,0,7,,,50,,,,,,,,,,,,,,,51,,,,,B03,,,1,,2,,,51,,1,6,4,B03,120.741766,24.263359,3
6887,66000,387130000C,(04)23274275,(04)23288582,2023,8,18,12,38,臺中市,南屯區,0,0,0,5,,,50,,,,,,,,,,,,,,,84,,,,,B02,,,1,,2,,,84,,1,13,4,B02,120.634066,24.146237,3
6888,66000,387130000C,(04)23274275,(04)23288582,2023,8,18,12,42,臺中市,神岡區,0,0,0,7,,,50,,,,,,,,,,,,,,12,51,,,,,A12,,,1,,2,,,51,,1,12,4,A12,120.694693,24.232898,3