序號,縣市別代碼,機關代碼,市話,傳真,年,月,日,時,分,縣市,區,死亡數量,受傷數量,2-30,天候,光線,道路類別,速限,道路型態,事故位置,路面鋪裝,路面狀態,路面缺陷,障礙物,視距,號誌種類,號誌動作,分向設施,快車道或一般車道間,快慢車道間,路面邊線,事故類型及型態,主要肇因,受傷程度,主要傷處,保護裝備,行動電話,當事者區分(類別),車輛用途,當事者行動狀態,駕駛資格情形,駕駛執照種類,飲酒情形,車輛撞擊部位最初,車輛撞擊部位其他,肇事因素個別,肇事因素主要,肇事逃逸,職業,旅次目的,車種,GPS座標X,GPS座標Y,事故類別
6889,66000,387130000C,(04)23274275,(04)23288582,2023,8,18,12,45,臺中市,北區,0,1,0,7,2,6,30,13,9,1,5,4,6,6,4,4,10,5,5,2,16,20,3,10,3,1,B03,7,6,1,8,2,8,,20,20,1,12,4,B03,120.675608,24.148776,2
6890,66000,387130000C,(04)23274275,(04)23288582,2023,8,18,12,45,臺中市,沙鹿區,0,1,0,7,2,6,60,3,9,1,5,4,6,6,1,1,1,4,4,1,12,26,3,10,3,1,B03,7,5,1,8,2,2,,26,26,1,12,4,B03,120.56217,24.245088,2
6891,66000,387130000C,(04)23274275,(04)23288582,2023,8,18,12,46,臺中市,豐原區,0,0,0,7,,,40,,,,,,,,,,,,,,11,20,,,,,C03,,,1,,2,,,20,,2,13,4,C03,120.714896,24.249476,3
6892,66000,387130000C,(04)23274275,(04)23288582,2023,8,18,12,47,臺中市,中區,0,0,0,7,,,30,,,,,,,,,,,,,,,50,,,,,C04,,,1,,9,,,50,,1,6,4,C04,120.678556,24.141294,3
6893,66000,387130000C,(04)23274275,(04)23288582,2023,8,18,12,48,臺中市,東區,0,1,0,7,1,6,50,4,19,1,5,4,6,5,2,1,5,4,4,2,2,10,3,10,3,1,B03,7,6,3,19,2,6,,10,10,1,12,4,B03,120.692482,24.147894,2
6894,66000,387130000C,(04)23274275,(04)23288582,2023,8,18,12,54,臺中市,西屯區,0,1,0,7,3,6,50,4,1,1,5,4,6,6,2,1,10,5,5,2,16,23,3,10,3,1,B03,7,6,5,19,2,4,,23,23,1,12,4,B03,120.649796,24.162755,2
6895,66000,387130000C,(04)23274275,(04)23288582,2023,8,18,12,59,臺中市,北區,0,0,0,7,,,50,,,,,,,,,,,,,,,84,,,,,B03,,,1,,1,,,84,,1,12,4,B03,120.669925,24.160382,3
6896,66000,387130000C,(04)23274275,(04)23288582,2023,8,18,13,2,臺中市,霧峰區,0,0,0,7,,,60,,,,,,,,,,,,,,,59,,,,,B03,,,1,,2,,,59,59,1,12,4,B03,120.69585,24.054332,3
6897,66000,387130000C,(04)23274275,(04)23288582,2023,8,18,13,2,臺中市,清水區,0,0,0,7,,,30,,,,,,,,,,,,,,,49,,,,,B13,,,1,,11,,,49,,1,12,4,B13,120.605938,24.269691,3
6898,66000,387130000C,(04)23274275,(04)23288582,2023,8,18,13,3,臺中市,北屯區,0,0,0,7,,,50,,,,,,,,,,,,,,,7,,,,,A12,,,1,,1,,,7,,1,13,4,A12,120.6833,24.172123,3
6899,66000,387130000C,(04)23274275,(04)23288582,2023,8,18,13,3,臺中市,西屯區,0,0,0,7,,,50,,,,,,,,,,,,,,,40,,,,,B03,,,1,,1,,,40,,1,13,4,B03,120.655938,24.158913,3
6900,66000,387130000C,(04)23274275,(04)23288582,2023,8,18,13,9,臺中市,南屯區,0,1,0,6,3,6,40,4,1,1,4,4,6,6,1,1,10,4,4,2,12,51,3,10,5,4,B03,7,1,1,8,2,1,,51,51,1,12,4,B03,120.641686,24.146869,2
6901,66000,387130000C,(04)23274275,(04)23288582,2023,8,18,13,16,臺中市,西屯區,0,0,0,7,,,50,,,,,,,,,,,,,,,85,,,,,B03,,,1,,1,,,85,,1,12,4,B03,120.588504,24.173034,3
6902,66000,387130000C,(04)23274275,(04)23288582,2023,8,18,13,17,臺中市,南屯區,0,0,0,7,,,50,,,,,,,,,,,,,,,50,,,,,B02,,,1,,2,,,50,50,1,12,4,B02,120.654407,24.133112,3
6903,66000,387130000C,(04)23274275,(04)23288582,2023,8,18,13,18,臺中市,烏日區,0,0,0,5,2,6,50,13,7,1,3,4,6,6,4,4,1,4,4,2,13,7,,,,,C03,,,1,,2,,,7,,1,12,4,C03,120.623483,24.106331,3
6904,66000,387130000C,(04)23274275,(04)23288582,2023,8,18,13,18,臺中市,清水區,0,1,0,7,2,6,40,5,1,1,5,4,6,6,1,1,10,5,5,2,16,25,2,9,1,1,C03,7,6,1,10,2,13,,25,25,1,12,4,C03,120.60392,24.311699,2
6905,66000,387130000C,(04)23274275,(04)23288582,2023,8,18,13,31,臺中市,太平區,0,0,0,7,,,80,,,,,,,,,,,,,,,7,,,,,B03,,,1,,2,,,7,,1,13,4,B03,120.71752,24.158068,3
6906,66000,387130000C,(04)23274275,(04)23288582,2023,8,18,13,32,臺中市,沙鹿區,0,0,0,7,,,30,,,,,,,,,,,,,,17,84,,,,,B03,,,1,,2,,,84,,1,6,4,B03,120.599643,24.255124,3
6907,66000,387130000C,(04)23274275,(04)23288582,2023,8,18,13,34,臺中市,沙鹿區,0,1,0,7,2,6,50,13,9,1,5,4,6,6,4,4,1,2,5,1,17,42,3,10,3,1,B03,7,9,1,8,2,5,,42,42,1,11,4,B03,120.574328,24.26191,2
6908,66000,387130000C,(04)23274275,(04)23288582,2023,8,18,13,38,臺中市,西屯區,0,0,0,7,,,50,,,,,,,,,,,,,,,11,,,,,B03,,,1,,1,,,11,,1,12,4,B03,120.592795,24.177957,3
6909,66000,387130000C,(04)23274275,(04)23288582,2023,8,18,13,40,臺中市,新社區,0,1,0,6,2,6,50,11,9,1,4,4,6,6,4,4,4,1,4,1,18,84,2,9,5,1,F01,7,9,7,21,2,15,,84,84,1,13,4,F01,120.810303,24.170126,2
6910,66000,387130000C,(04)23274275,(04)23288582,2023,8,18,13,43,臺中市,西區,0,1,0,6,2,6,1,13,8,1,5,4,6,6,4,4,1,4,4,2,17,84,3,10,5,4,B03,7,15,1,8,2,8,,84,84,1,12,4,B03,120.661564,24.159649,2
6911,66000,387130000C,(04)23274275,(04)23288582,2023,8,18,13,44,臺中市,西屯區,0,1,0,6,3,6,50,13,9,1,4,4,6,6,4,4,1,4,5,2,17,20,3,10,5,4,B03,7,5,1,8,2,2,,20,20,1,13,4,B03,120.645641,24.16367,2
6912,66000,387130000C,(04)23274275,(04)23288582,2023,8,18,13,46,臺中市,西區,0,0,0,6,1,6,50,4,2,1,5,4,6,6,4,4,3,4,4,2,14,49,,,,,B03,,,1,,1,,,49,,1,13,4,B03,120.657511,24.152035,3
6913,66000,387130000C,(04)23274275,(04)23288582,2023,8,18,13,46,臺中市,西屯區,0,0,0,7,,,50,,,,,,,,,,,,,,,51,,,,,B03,,,1,,2,,,51,,1,13,4,B03,120.632834,24.159622,3
6914,66000,387130000C,(04)23274275,(04)23288582,2023,8,18,13,46,臺中市,太平區,0,1,0,7,3,6,30,3,1,1,5,4,6,6,4,4,10,5,5,2,16,12,3,10,3,1,B03,7,6,1,8,2,4,,12,12,1,12,4,B03,120.724402,24.111469,2
6915,66000,387130000C,(04)23274275,(04)23288582,2023,8,18,13,48,臺中市,中區,0,2,0,6,3,9,50,5,1,1,5,4,6,6,2,1,5,5,5,2,16,84,2,9,2,1,C03,7,6,1,10,2,14,,84,84,1,13,4,C03,120.682377,24.145819,2
6916,66000,387130000C,(04)23274275,(04)23288582,2023,8,18,13,51,臺中市,大里區,0,1,0,6,2,6,50,13,9,1,5,4,6,6,1,1,5,2,5,1,17,76,3,10,3,1,B03,7,14,1,8,2,8,,76,76,1,13,4,B03,120.6898,24.111679,2
6917,66000,387130000C,(04)23274275,(04)23288582,2023,8,18,13,52,臺中市,西屯區,0,0,0,7,,,50,,,,,,,,,,,,,,,7,,,,,B03,,,1,,2,,,7,,1,12,4,B03,120.651919,24.161397,3
6918,66000,387130000C,(04)23274275,(04)23288582,2023,8,18,13,54,臺中市,西區,0,1,0,6,3,6,50,4,1,1,5,4,6,6,2,1,10,5,5,2,16,20,3,10,3,1,B03,7,6,1,8,2,6,,20,20,1,13,4,B03,120.661651,24.145538,2
6919,66000,387130000C,(04)23274275,(04)23288582,2023,8,18,13,54,臺中市,大里區,0,1,0,5,3,6,50,4,2,1,4,4,6,6,1,1,10,5,5,2,14,49,3,10,3,1,B03,7,2,1,8,2,3,,49,49,1,6,4,B03,120.684488,24.106596,2
6920,66000,387130000C,(04)23274275,(04)23288582,2023,8,18,14,1,臺中市,西屯區,0,0,0,7,,,50,,,,,,,,,,,,,,,45,,,,,B03,,,1,,2,,,45,,1,13,4,B03,120.655181,24.17691,3
6921,66000,387130000C,(04)23274275,(04)23288582,2023,8,18,14,3,臺中市,豐原區,0,0,0,7,,,30,,,,,,,,,,,,,,,8,,,,,B03,,,1,,2,,,8,,1,12,4,B03,120.72012,24.267534,3
6922,66000,387130000C,(04)23274275,(04)23288582,2023,8,18,14,4,臺中市,北屯區,0,0,0,7,,,50,,,,,,,,,,,,,,,8,,,,,A02,,,1,,1,,,8,,1,12,4,A02,120.685442,24.172714,3
6923,66000,387130000C,(04)23274275,(04)23288582,2023,8,18,14,5,臺中市,西屯區,0,1,0,7,2,6,40,4,1,1,5,4,6,6,1,1,5,4,4,2,13,48,2,9,1,1,C03,7,6,1,10,2,13,,48,48,1,12,4,C03,120.659981,24.164195,2
6924,66000,387130000C,(04)23274275,(04)23288582,2023,8,18,14,5,臺中市,大肚區,0,3,0,7,3,6,50,13,9,1,5,4,6,6,4,4,10,5,5,2,16,20,2,9,1,1,C02,7,9,1,9,2,11,,20,20,1,12,4,C02,120.535052,24.157016,2
6925,66000,387130000C,(04)23274275,(04)23288582,2023,8,18,14,5,臺中市,大安區,0,1,0,7,3,6,50,13,9,1,5,4,6,6,4,4,9,5,5,1,13,59,2,9,2,1,C03,7,9,1,10,2,11,,59,59,1,13,2,C03,120.596176,24.345611,2
6926,66000,387130000C,(04)23274275,(04)23288582,2023,8,18,14,7,臺中市,南區,0,0,0,7,3,6,50,3,1,1,5,4,6,6,4,4,10,5,5,2,13,84,3,10,3,1,B03,7,9,1,8,2,8,,84,84,1,12,4,B03,120.65265,24.113129,3
6927,66000,387130000C,(04)23274275,(04)23288582,2023,8,18,14,8,臺中市,西屯區,0,0,0,7,,,30,,,,,,,,,,,,,,,87,,,,,B03,,,1,,1,,,87,,1,13,4,B03,120.649937,24.176321,3
6928,66000,387130000C,(04)23274275,(04)23288582,2023,8,18,14,10,臺中市,霧峰區,0,0,0,7,,,40,,,,,,,,,,,,,,13,59,,,,,B03,,,1,,2,,,59,59,1,12,4,B03,120.661998,24.068957,3
6929,66000,387130000C,(04)23274275,(04)23288582,2023,8,18,14,11,臺中市,南屯區,0,1,0,7,2,6,50,13,14,1,5,4,6,6,4,4,5,4,5,2,12,59,3,10,3,1,B03,7,9,1,8,2,2,,59,59,1,12,4,B03,120.64979,24.152334,2
6930,66000,387130000C,(04)23274275,(04)23288582,2023,8,18,14,12,臺中市,南屯區,0,0,0,5,,,50,,,,,,,,,,,,,,,7,,,,,B03,,,1,,2,,,7,7,1,13,4,B03,120.646641,24.142582,3
6931,66000,387130000C,(04)23274275,(04)23288582,2023,8,18,14,13,臺中市,西屯區,0,0,0,7,,,50,,,,,,,,,,,,,,,84,,,,,B12,,,1,,2,,,84,,1,12,4,B12,120.667336,24.17729,3
6932,66000,387130000C,(04)23274275,(04)23288582,2023,8,18,14,18,臺中市,龍井區,0,0,0,7,,,50,,,,,,,,,,,,,,,84,,,,,B03,,,1,,2,,,84,84,1,13,4,B03,120.580012,24.188781,3
6933,66000,387130000C,(04)23274275,(04)23288582,2023,8,18,14,20,臺中市,大雅區,0,2,0,7,2,6,30,3,9,1,4,4,6,6,4,4,10,5,5,2,17,20,3,10,3,1,B03,7,6,1,8,2,1,,20,20,1,12,4,B03,120.670704,24.236559,2
6934,66000,387130000C,(04)23274275,(04)23288582,2023,8,18,14,22,臺中市,太平區,0,0,0,7,,,50,,,,,,,,,,,,,,12,42,,,,,B03,,,1,,2,,,42,,1,13,4,B03,120.714685,24.14917,3
6935,66000,387130000C,(04)23274275,(04)23288582,2023,8,18,14,24,臺中市,西區,0,0,0,7,,,50,,,,,,,,,,,,,,13,56,,,,,B12,,,1,,1,,,56,56,1,12,4,B12,120.673843,24.1404,3
6936,66000,387130000C,(04)23274275,(04)23288582,2023,8,18,14,26,臺中市,大里區,0,0,0,7,,,50,,,,,,,,,,,,,,,39,,,,,B03,,,1,,2,,,39,39,1,13,4,B03,120.681737,24.11497,3
6937,66000,387130000C,(04)23274275,(04)23288582,2023,8,18,14,36,臺中市,北區,0,0,0,7,,,50,,,,,,,,,,,,,,16,84,,,,,B03,,,1,,1,,,84,,1,13,4,B03,120.664089,24.162142,3
6938,66000,387130000C,(04)23274275,(04)23288582,2023,8,18,14,36,臺中市,大甲區,0,0,0,6,,,50,,,,,,,,,,,,,,11,50,,,,,B03,,,1,,1,,,50,50,1,13,4,B03,120.618986,24.340058,3
6939,66000,387130000C,(04)23274275,(04)23288582,2023,8,18,14,39,臺中市,西屯區,0,0,0,7,,,50,,,,,,,,,,,,,,,49,,,,,B12,,,1,,2,,,49,,2,13,4,B12,120.63927,24.176925,3
6940,66000,387130000C,(04)23274275,(04)23288582,2023,8,18,14,43,臺中市,潭子區,0,0,0,7,,,80,,,,,,,,,,,,,,,59,,,,,B03,,,1,,2,,,59,,1,13,4,B03,120.696555,24.201,3
6941,66000,387130000C,(04)23274275,(04)23288582,2023,8,18,14,43,臺中市,太平區,0,0,0,7,,,30,,,,,,,,,,,,,,,49,,,,,B03,,,1,,2,,,49,,1,13,4,B03,120.711478,24.130023,3
6942,66000,387130000C,(04)23274275,(04)23288582,2023,8,18,14,43,臺中市,梧棲區,0,0,0,7,,,,,,,,,,,,,,,,,35,119,,,,,,,,,,,,,119,,1,,,,120.534291,24.244845,3
6943,66000,387130000C,(04)23274275,(04)23288582,2023,8,18,14,45,臺中市,霧峰區,0,0,0,7,,,40,,,,,,,,,,,,,,,1,,,,,B13,,,1,,2,,,1,1,1,12,4,B13,120.699,24.066837,3
6944,66000,387130000C,(04)23274275,(04)23288582,2023,8,18,14,49,臺中市,大里區,0,0,0,7,,,50,,,,,,,,,,,,,,,49,,,,,A41,,,1,,2,,,49,,1,6,4,A41,120.699207,24.095629,3
6945,66000,387130000C,(04)23274275,(04)23288582,2023,8,18,14,50,臺中市,南屯區,0,0,0,7,,,50,,,,,,,,,,,,,,13,49,,,,,B12,,,1,7,2,,,49,49,1,12,4,B12,120.646016,24.150666,3
6946,66000,387130000C,(04)23274275,(04)23288582,2023,8,18,14,50,臺中市,霧峰區,0,0,0,7,,,50,,,,,,,,,,,,,,13,84,,,,,B03,,,1,,1,,,84,,1,12,4,B03,120.699959,24.075669,3
6947,66000,387130000C,(04)23274275,(04)23288582,2023,8,18,14,51,臺中市,西區,0,2,0,7,1,6,50,4,2,1,5,4,6,6,4,4,5,4,5,2,30,84,2,9,1,1,C03,7,9,1,10,2,12,,84,84,1,12,4,C03,120.661694,24.149597,2
6948,66000,387130000C,(04)23274275,(04)23288582,2023,8,18,14,52,臺中市,西區,0,0,0,7,,,50,,,,,,,,,,,,,,,84,,,,,B12,,,1,,1,,,84,,1,13,4,B12,120.661951,24.149492,3
6949,66000,387130000C,(04)23274275,(04)23288582,2023,8,18,14,54,臺中市,北區,0,2,0,7,2,6,50,13,9,1,5,4,6,6,4,4,5,5,5,2,10,51,2,9,1,1,F03,7,1,7,21,2,11,,51,51,1,12,4,F03,120.697292,24.157283,2
6950,66000,387130000C,(04)23274275,(04)23288582,2023,8,18,15,13,臺中市,北區,0,0,0,7,,,50,,,,,,,,,,,,,,13,4,,,,,C03,,,1,,11,,,4,,1,12,2,C03,120.684123,24.154876,3
6951,66000,387130000C,(04)23274275,(04)23288582,2023,8,18,15,15,臺中市,太平區,0,0,0,7,,,50,,,,,,,,,,,,,,,54,,,,,B03,,,1,,2,,,54,,1,12,4,B03,120.716544,24.145841,3
6952,66000,387130000C,(04)23274275,(04)23288582,2023,8,18,15,20,臺中市,北屯區,0,0,0,7,,,50,,,,,,,,,,,,,,,49,,,,,B03,,,1,,1,,,49,49,1,12,4,B03,120.699179,24.174531,3
6953,66000,387130000C,(04)23274275,(04)23288582,2023,8,18,15,21,臺中市,北區,0,1,0,7,2,6,50,3,2,1,5,4,6,6,4,4,1,5,5,2,17,84,2,9,5,1,C03,7,15,5,10,2,14,,84,84,1,13,4,C03,120.680489,24.165365,2
6954,66000,387130000C,(04)23274275,(04)23288582,2023,8,18,15,24,臺中市,北屯區,0,0,0,7,,,50,,,,,,,,,,,,,,17,59,,,,,B03,,,1,,2,,,59,59,1,12,4,B03,120.679759,24.196051,3
6955,66000,387130000C,(04)23274275,(04)23288582,2023,8,18,15,30,臺中市,神岡區,0,1,0,7,2,6,50,4,1,1,4,4,6,6,1,1,9,5,5,2,17,5,2,9,2,1,C03,7,9,1,10,2,14,,5,5,1,13,4,C03,120.658626,24.258922,2
6956,66000,387130000C,(04)23274275,(04)23288582,2023,8,18,15,35,臺中市,太平區,0,0,0,7,,,50,,,,,,,,,,,,,,,7,,,,,C03,,,1,,2,,,7,,1,13,4,C03,120.741077,24.130949,3
6957,66000,387130000C,(04)23274275,(04)23288582,2023,8,18,15,36,臺中市,太平區,0,0,0,7,,,40,,,,,,,,,,,,,,14,49,,,,,A12,,,1,,2,,,49,,1,12,4,A12,120.712605,24.129404,3
6958,66000,387130000C,(04)23274275,(04)23288582,2023,8,18,15,39,臺中市,北屯區,0,0,0,5,,,50,,,,,,,,,,,,,,9,8,,,,,B12,,,1,,9,,,8,8,1,6,4,B12,120.707128,24.196635,3
6959,66000,387130000C,(04)23274275,(04)23288582,2023,8,18,15,39,臺中市,大甲區,0,0,0,5,,,30,,,,,,,,,,,,,,,50,,,,,B03,,,1,,2,,,50,,1,13,4,B03,120.619521,24.348889,3
6960,66000,387130000C,(04)23274275,(04)23288582,2023,8,18,15,40,臺中市,南屯區,0,0,0,7,,,50,,,,,,,,,,,,,,,21,,,,,A41,,,1,,2,,,21,,1,12,4,A41,120.624108,24.152316,3
6961,66000,387130000C,(04)23274275,(04)23288582,2023,8,18,15,44,臺中市,南屯區,0,0,0,7,,,50,,,,,,,,,,,,,,17,59,,,,,B03,,,1,,2,,,59,,1,12,4,B03,120.643819,24.137071,3
6962,66000,387130000C,(04)23274275,(04)23288582,2023,8,18,15,45,臺中市,西屯區,0,0,0,7,,,30,,,,,,,,,,,,,,,86,,,,,,,,,,,,,86,,1,,,,120.617015,24.18717,3
6963,66000,387130000C,(04)23274275,(04)23288582,2023,8,18,15,48,臺中市,東區,0,1,0,6,2,6,30,3,1,1,5,4,6,6,4,4,10,5,5,2,17,84,2,9,1,1,C03,7,6,1,10,2,13,,84,84,1,12,4,C03,120.694029,24.12651,2
6964,66000,387130000C,(04)23274275,(04)23288582,2023,8,18,15,52,臺中市,南區,0,0,0,5,,,50,,,,,,,,,,,,,,17,84,,,,,B12,,,1,8,2,,,84,84,1,13,4,B12,120.683489,24.127764,3
6965,66000,387130000C,(04)23274275,(04)23288582,2023,8,18,15,56,臺中市,西區,0,1,0,6,2,6,50,4,1,1,5,4,6,6,1,1,10,5,5,2,16,11,3,10,5,4,B03,7,5,1,8,1,2,,11,11,1,12,4,B03,120.657191,24.149805,2
6966,66000,387130000C,(04)23274275,(04)23288582,2023,8,18,15,56,臺中市,西屯區,0,0,0,5,,,50,,,,,,,,,,,,,,13,84,,,,,B03,,,6,,2,,,84,,1,12,4,B03,120.667436,24.173756,3
6967,66000,387130000C,(04)23274275,(04)23288582,2023,8,18,15,57,臺中市,太平區,0,0,0,5,,,50,,,,,,,,,,,,,,,7,,,,,B03,,,1,,1,,,7,,1,12,4,B03,120.700897,24.148097,3
6968,66000,387130000C,(04)23274275,(04)23288582,2023,8,18,16,0,臺中市,潭子區,0,2,0,5,2,6,80,10,9,1,4,4,6,6,4,4,3,4,5,1,13,88,2,8,3,1,B12,7,9,1,6,2,1,,88,88,1,13,4,B12,120.698979,24.20124,2
6969,66000,387130000C,(04)23274275,(04)23288582,2023,8,18,16,0,臺中市,豐原區,0,0,0,5,,,50,,,,,,,,,,,,,,,49,,,,,B03,,,1,,2,,,49,,1,13,4,B03,120.729067,24.246067,3
6970,66000,387130000C,(04)23274275,(04)23288582,2023,8,18,16,1,臺中市,后里區,0,0,0,5,2,6,40,13,9,1,4,4,6,5,4,4,10,5,5,2,12,8,,,,,B03,,,1,,1,,,8,,1,6,4,B03,120.71343,24.307627,3
6971,66000,387130000C,(04)23274275,(04)23288582,2023,8,18,16,15,臺中市,大雅區,0,0,0,5,,,,,,,,,,,,,,,,,,119,,,,,B03,,,1,,2,,,8,119,1,13,4,B03,120.645263,24.225553,3
6972,66000,387130000C,(04)23274275,(04)23288582,2023,8,18,16,17,臺中市,北屯區,0,0,0,5,,,50,,,,,,,,,,,,,,13,7,,,,,B03,,,1,,1,,,7,,1,12,4,B03,120.714012,24.164581,3
6973,66000,387130000C,(04)23274275,(04)23288582,2023,8,18,16,20,臺中市,潭子區,0,0,0,5,,,50,,,,,,,,,,,,,,12,34,,,,,B03,,,1,,2,,,34,,1,13,4,B03,120.678509,24.203652,3
6974,66000,387130000C,(04)23274275,(04)23288582,2023,8,18,16,21,臺中市,大里區,0,1,0,5,2,6,50,5,1,1,4,4,6,6,1,1,1,2,5,1,12,51,3,10,1,1,C03,7,1,1,10,2,14,,51,51,1,13,4,C03,120.68111,24.104656,2
6975,66000,387130000C,(04)23274275,(04)23288582,2023,8,18,16,23,臺中市,南屯區,0,1,0,7,2,6,0,3,21,1,5,4,6,6,4,4,10,5,5,2,18,84,2,9,6,1,F01,7,6,7,21,1,12,,84,84,1,12,4,F01,120.624108,24.152316,2
6976,66000,387130000C,(04)23274275,(04)23288582,2023,8,18,16,24,臺中市,東區,0,0,0,6,,,50,,,,,,,,,,,,,,,49,,,,,B01,,,1,,2,,,49,,1,12,4,B01,120.700257,24.127426,3
6977,66000,387130000C,(04)23274275,(04)23288582,2023,8,18,16,25,臺中市,北屯區,0,1,0,5,2,6,50,13,9,1,4,4,6,6,4,4,1,4,5,1,12,40,3,10,3,1,B01,7,8,1,4,2,6,,40,40,1,12,4,B01,120.700691,24.17937,2
6978,66000,387130000C,(04)23274275,(04)23288582,2023,8,18,16,28,臺中市,沙鹿區,0,1,0,6,2,6,60,13,12,1,5,4,6,6,4,4,1,4,4,1,17,50,3,10,3,1,B03,7,3,1,8,2,2,,50,50,1,9,4,B03,120.596299,24.250171,2
6979,66000,387130000C,(04)23274275,(04)23288582,2023,8,18,16,29,臺中市,太平區,0,0,0,5,,,50,,,,,,,,,,,,,,17,50,,,,,B03,,,1,,2,,,50,,1,13,4,B03,120.716924,24.151402,3
6980,66000,387130000C,(04)23274275,(04)23288582,2023,8,18,16,30,臺中市,北屯區,0,0,0,5,,,50,,,,,,,,,,,,,,,7,,,,,B03,,,1,,2,,,7,,1,12,4,B03,120.678751,24.201435,3
6981,66000,387130000C,(04)23274275,(04)23288582,2023,8,18,16,32,臺中市,北屯區,0,0,0,5,,,30,,,,,,,,,,,,,,25,84,,,,,B13,,,1,,2,,,84,84,1,12,4,B13,120.717861,24.174282,3
6982,66000,387130000C,(04)23274275,(04)23288582,2023,8,18,16,33,臺中市,南屯區,0,1,0,5,2,6,50,4,1,1,4,4,6,6,2,1,3,4,5,2,12,8,2,9,2,1,C03,7,9,1,10,2,14,12,8,8,1,12,4,C03,120.640483,24.14141,2
6983,66000,387130000C,(04)23274275,(04)23288582,2023,8,18,16,33,臺中市,北屯區,0,1,0,5,2,6,50,3,1,1,4,4,6,6,4,4,10,5,5,2,12,1,3,10,3,1,B03,7,5,1,8,2,2,,87,1,1,12,4,B03,120.709782,24.182348,2
6984,66000,387130000C,(04)23274275,(04)23288582,2023,8,18,16,34,臺中市,沙鹿區,0,1,0,6,2,6,50,4,1,1,5,4,6,6,4,4,10,5,4,2,17,85,2,8,1,1,F03,7,9,7,21,2,16,,85,85,1,12,4,F03,120.574262,24.206864,2
6985,66000,387130000C,(04)23274275,(04)23288582,2023,8,18,16,36,臺中市,大雅區,0,0,0,5,,,50,,,,,,,,,,,,,,35,78,,,,,B12,,,1,,9,,,78,,1,13,4,B12,120.644478,24.204339,3
6986,66000,387130000C,(04)23274275,(04)23288582,2023,8,18,16,36,臺中市,東區,0,2,0,5,3,6,50,4,9,1,4,4,6,6,2,1,5,5,5,2,16,20,3,10,5,4,B01,7,5,1,8,2,8,,20,20,1,12,4,B01,120.693452,24.133073,2
6987,66000,387130000C,(04)23274275,(04)23288582,2023,8,18,16,36,臺中市,北屯區,0,1,0,5,2,6,50,4,1,1,4,4,6,6,2,2,1,2,5,2,15,84,3,10,3,1,B03,7,9,1,8,2,1,,84,84,1,12,4,B03,120.676129,24.201209,2
6988,66000,387130000C,(04)23274275,(04)23288582,2023,8,18,16,39,臺中市,東區,0,0,0,5,2,6,50,4,9,1,4,4,6,6,1,1,5,4,5,2,17,59,3,10,1,1,C03,7,9,1,10,2,17,,59,59,1,12,4,C03,120.687705,24.138815,3
6989,66000,387130000C,(04)23274275,(04)23288582,2023,8,18,16,40,臺中市,沙鹿區,0,0,0,5,,,50,,,,,,,,,,,,,,17,87,,,,,B03,,,1,,9,,,87,,1,6,4,B03,120.570665,24.222699,3
6990,66000,387130000C,(04)23274275,(04)23288582,2023,8,18,16,42,臺中市,大里區,0,0,0,5,,,50,,,,,,,,,,,,,,18,58,,,,,C03,,,1,,2,,,58,,1,6,4,C03,120.674085,24.091331,3
6991,66000,387130000C,(04)23274275,(04)23288582,2023,8,18,16,43,臺中市,南屯區,0,0,0,5,,,50,,,,,,,,,,,,,,13,8,,,,,C03,,,1,10,1,,,8,8,1,12,4,C03,120.636089,24.135923,3
6992,66000,387130000C,(04)23274275,(04)23288582,2023,8,18,16,44,臺中市,太平區,0,1,0,5,2,6,50,4,2,1,4,4,6,6,4,4,5,5,5,1,13,7,2,9,1,1,C03,7,9,3,19,2,14,,7,7,1,5,4,C03,120.716448,24.132833,2
6993,66000,387130000C,(04)23274275,(04)23288582,2023,8,18,16,45,臺中市,沙鹿區,0,0,0,7,,,50,,,,,,,,,,,,,,,21,,,,,C03,,,1,,2,,,21,,1,12,4,C03,120.559324,24.236441,3
6994,66000,387130000C,(04)23274275,(04)23288582,2023,8,18,16,49,臺中市,西屯區,0,0,0,5,,,50,,,,,,,,,,,,,,,51,,,,,B03,,,1,,2,,,51,,1,12,4,B03,120.631692,24.165925,3
6995,66000,387130000C,(04)23274275,(04)23288582,2023,8,18,16,50,臺中市,北屯區,0,0,0,5,,,80,,,,,,,,,,,,,,,7,,,,,B03,,,1,,1,,,7,,1,12,4,B03,120.722325,24.187496,3
6996,66000,387130000C,(04)23274275,(04)23288582,2023,8,18,16,52,臺中市,南區,0,0,0,5,,,40,,,,,,,,,,,,,,,84,,,,,B03,,,1,,2,,,84,,1,12,4,B03,120.677946,24.129768,3
6997,66000,387130000C,(04)23274275,(04)23288582,2023,8,18,16,56,臺中市,西屯區,0,0,0,5,,,50,,,,,,,,,,,,,,,84,,,,,B02,,,1,,1,,,84,84,1,13,4,B02,120.662131,24.200602,3