序號,縣市別代碼,機關代碼,市話,傳真,年,月,日,時,分,縣市,區,死亡數量,受傷數量,2-30,天候,光線,道路類別,速限,道路型態,事故位置,路面鋪裝,路面狀態,路面缺陷,障礙物,視距,號誌種類,號誌動作,分向設施,快車道或一般車道間,快慢車道間,路面邊線,事故類型及型態,主要肇因,受傷程度,主要傷處,保護裝備,行動電話,當事者區分(類別),車輛用途,當事者行動狀態,駕駛資格情形,駕駛執照種類,飲酒情形,車輛撞擊部位最初,車輛撞擊部位其他,肇事因素個別,肇事因素主要,肇事逃逸,職業,旅次目的,車種,GPS座標X,GPS座標Y,事故類別
6998,66000,387130000C,(04)23274275,(04)23288582,2023,8,18,16,56,臺中市,豐原區,0,2,0,5,3,6,50,3,1,1,4,4,6,6,4,4,10,5,5,2,16,37,2,9,5,1,C03,7,6,1,10,2,12,,37,37,1,13,4,C03,120.709297,24.249556,2
6999,66000,387130000C,(04)23274275,(04)23288582,2023,8,18,16,59,臺中市,清水區,0,1,0,5,2,6,40,13,12,1,4,4,6,6,4,4,1,4,5,1,13,7,2,9,1,1,C03,7,9,1,10,2,11,,7,7,1,12,4,C03,120.588097,24.291851,2
7000,66000,387130000C,(04)23274275,(04)23288582,2023,8,18,17,0,臺中市,北屯區,0,0,0,5,,,40,,,,,,,,,,,,,,,82,,,,,B03,,,1,,1,,,82,,1,12,4,B03,120.67972,24.176494,3
7001,66000,387130000C,(04)23274275,(04)23288582,2023,8,18,17,4,臺中市,北屯區,0,1,0,5,2,6,50,13,9,1,4,4,6,6,4,4,5,4,5,2,18,85,2,9,2,1,C03,7,9,1,10,2,14,,85,84,1,12,4,C03,120.715738,24.165139,2
7002,66000,387130000C,(04)23274275,(04)23288582,2023,8,18,17,6,臺中市,神岡區,0,1,0,5,3,6,30,3,9,1,4,4,6,6,4,4,10,5,5,1,17,14,3,10,1,1,F03,7,6,7,21,2,11,,14,14,1,13,4,F03,120.674618,24.245156,2
7003,66000,387130000C,(04)23274275,(04)23288582,2023,8,18,17,8,臺中市,大里區,0,1,0,5,2,6,50,3,1,1,4,4,5,6,1,1,5,5,5,2,13,7,3,10,3,1,B03,7,5,1,8,2,5,,7,7,1,13,4,B03,120.677143,24.099238,2
7004,66000,387130000C,(04)23274275,(04)23288582,2023,8,18,17,9,臺中市,豐原區,0,0,0,5,,,50,,,,,,,,,,,,,,,51,,,,,B03,,,1,,2,,,51,,1,12,4,B03,120.718735,24.238091,3
7005,66000,387130000C,(04)23274275,(04)23288582,2023,8,18,17,10,臺中市,烏日區,0,0,0,5,,,50,,,,,,,,,,,,,,,46,,,,,B03,,,1,,2,,,46,,1,12,4,B03,120.643538,24.07772,3
7006,66000,387130000C,(04)23274275,(04)23288582,2023,8,18,17,11,臺中市,北區,0,0,0,5,,,50,,,,,,,,,,,,,,17,84,,,,,B03,,,1,,1,,,84,,1,12,4,B03,120.677424,24.152844,3
7007,66000,387130000C,(04)23274275,(04)23288582,2023,8,18,17,12,臺中市,西區,0,1,0,5,1,6,50,3,2,1,4,4,6,6,4,4,5,4,5,2,13,84,2,9,2,1,C03,7,9,1,10,2,11,,84,84,1,13,4,C03,120.674596,24.142214,2
7008,66000,387130000C,(04)23274275,(04)23288582,2023,8,18,17,12,臺中市,西屯區,0,1,0,5,2,6,50,4,19,1,4,4,6,6,1,1,10,5,5,2,1,10,3,10,5,4,C03,7,6,2,19,1,15,,10,10,1,12,4,C03,120.639051,24.16497,2
7009,66000,387130000C,(04)23274275,(04)23288582,2023,8,18,17,12,臺中市,太平區,0,1,0,5,2,6,40,13,9,1,4,4,6,6,4,4,5,5,5,1,18,84,2,8,2,1,C03,7,9,1,10,2,14,,84,84,1,6,4,C03,120.732768,24.129529,2
7010,66000,387130000C,(04)23274275,(04)23288582,2023,8,18,17,15,臺中市,南屯區,0,1,0,5,2,6,50,4,1,1,4,4,6,6,2,1,5,3,5,2,18,59,2,9,2,1,C03,7,5,1,10,1,12,,59,59,1,12,4,C03,120.649825,24.149932,2
7011,66000,387130000C,(04)23274275,(04)23288582,2023,8,18,17,15,臺中市,北屯區,0,0,0,5,,,50,,,,,,,,,,,,,,17,12,,,,,B02,,,1,,1,,,12,12,1,12,4,B02,120.694058,24.164538,3
7012,66000,387130000C,(04)23274275,(04)23288582,2023,8,18,17,15,臺中市,大里區,0,1,0,5,2,6,30,13,9,1,4,4,6,6,4,4,10,5,5,2,17,76,3,10,3,1,B03,7,13,1,8,2,4,,76,76,1,6,4,B03,120.682656,24.116708,2
7013,66000,387130000C,(04)23274275,(04)23288582,2023,8,18,17,17,臺中市,北屯區,0,0,0,5,,,50,,,,,,,,,,,,,,13,7,,,,,B03,,,1,,1,,,7,7,1,6,4,B03,120.694629,24.171273,3
7014,66000,387130000C,(04)23274275,(04)23288582,2023,8,18,17,18,臺中市,烏日區,0,0,0,5,,,30,,,,,,,,,,,,,,,49,,,,,B03,,,1,,2,,,49,,1,12,4,B03,120.60573,24.118983,3
7015,66000,387130000C,(04)23274275,(04)23288582,2023,8,18,17,18,臺中市,梧棲區,0,1,0,5,2,6,70,4,1,1,4,4,6,6,1,1,10,5,5,2,17,11,3,10,3,1,B03,7,5,1,8,2,16,,11,11,1,6,4,B03,120.545126,24.229243,2
7016,66000,387130000C,(04)23274275,(04)23288582,2023,8,18,17,20,臺中市,潭子區,0,1,0,6,2,6,60,13,7,1,5,4,6,6,4,4,1,4,4,1,13,59,3,10,3,1,B03,7,9,1,8,2,1,,59,59,1,13,4,B03,120.688504,24.218111,2
7017,66000,387130000C,(04)23274275,(04)23288582,2023,8,18,17,20,臺中市,西屯區,0,0,0,5,,,50,,,,,,,,,,,,,,,51,,,,,B03,,,1,,1,,,51,,1,12,4,B03,120.610812,24.191002,3
7018,66000,387130000C,(04)23274275,(04)23288582,2023,8,18,17,20,臺中市,大甲區,0,0,0,5,,,50,,,,,,,,,,,,,,1,4,,,,,,,,,,,,,4,,1,,,,120.667894,24.391565,3
7019,66000,387130000C,(04)23274275,(04)23288582,2023,8,18,17,21,臺中市,潭子區,0,1,0,5,2,6,30,3,1,1,4,4,6,6,4,4,10,5,5,2,16,14,3,10,3,1,B03,7,6,1,8,2,1,,14,14,1,13,4,B03,120.707918,24.205829,2
7020,66000,387130000C,(04)23274275,(04)23288582,2023,8,18,17,21,臺中市,梧棲區,0,0,0,5,,,30,,,,,,,,,,,,,,14,49,,,,,A12,,,1,,1,,,49,,1,6,4,A12,120.543504,24.261379,3
7021,66000,387130000C,(04)23274275,(04)23288582,2023,8,18,17,23,臺中市,豐原區,0,0,0,5,,,50,,,,,,,,,,,,,,17,58,,,,,B03,,,1,,2,,,58,,1,12,4,B03,120.724878,24.249076,3
7022,66000,387130000C,(04)23274275,(04)23288582,2023,8,18,17,28,臺中市,豐原區,0,0,0,5,1,6,50,13,9,1,4,4,6,6,1,1,10,3,5,1,12,51,3,10,6,1,B03,7,7,1,8,2,5,,51,40,1,12,4,B03,120.747668,24.266565,3
7023,66000,387130000C,(04)23274275,(04)23288582,2023,8,18,17,29,臺中市,龍井區,0,2,0,5,2,6,40,13,8,1,4,4,6,6,4,4,5,4,4,1,17,7,2,9,1,1,C03,7,9,1,10,2,11,,7,85,1,6,4,C03,120.500431,24.21171,2
7024,66000,387130000C,(04)23274275,(04)23288582,2023,8,18,17,31,臺中市,沙鹿區,0,1,0,5,2,6,50,13,9,1,4,4,6,6,4,4,9,5,5,2,17,34,3,10,3,1,B03,7,11,1,8,2,6,,34,34,1,12,4,B03,120.561982,24.243355,2
7025,66000,387130000C,(04)23274275,(04)23288582,2023,8,18,17,32,臺中市,沙鹿區,0,1,0,5,2,6,50,13,8,1,4,4,6,6,4,4,1,4,4,2,17,59,2,9,1,1,C03,7,9,1,10,2,14,,59,59,1,12,4,C03,120.561404,24.234016,2
7026,66000,387130000C,(04)23274275,(04)23288582,2023,8,18,17,34,臺中市,南屯區,0,0,0,5,,,50,,,,,,,,,,,,,,,58,,,,,B13,,,1,,2,,,58,,1,12,4,B13,120.612254,24.150463,3
7027,66000,387130000C,(04)23274275,(04)23288582,2023,8,18,17,34,臺中市,大甲區,0,1,0,6,3,6,50,4,1,1,4,4,6,6,4,4,10,5,5,2,16,14,3,10,3,1,B03,7,6,5,19,2,5,,14,14,1,13,4,B03,120.614432,24.347935,2
7028,66000,387130000C,(04)23274275,(04)23288582,2023,8,18,17,36,臺中市,西屯區,0,2,0,5,2,6,40,3,1,1,4,4,6,6,1,1,10,5,5,2,16,47,3,10,5,4,B03,7,5,1,8,2,6,,47,47,1,12,4,B03,120.602504,24.182542,2
7029,66000,387130000C,(04)23274275,(04)23288582,2023,8,18,17,39,臺中市,豐原區,0,0,0,5,,,50,,,,,,,,,,,,,,13,56,,,,,B03,,,1,,2,,,56,,1,13,4,B03,120.757194,24.275708,3
7030,66000,387130000C,(04)23274275,(04)23288582,2023,8,18,17,40,臺中市,沙鹿區,0,0,0,5,,,60,,,,,,,,,,,,,,12,40,,,,,B02,,,1,,1,,,40,40,1,12,4,B02,120.562645,24.240208,3
7031,66000,387130000C,(04)23274275,(04)23288582,2023,8,18,17,41,臺中市,梧棲區,0,0,0,5,,,40,,,,,,,,,,,,,,14,49,,,,,B03,,,1,,2,,,49,,1,6,4,B03,120.539943,24.248658,3
7032,66000,387130000C,(04)23274275,(04)23288582,2023,8,18,17,41,臺中市,豐原區,0,1,0,5,3,6,50,4,1,1,4,4,6,6,1,1,10,5,5,2,17,59,3,10,3,1,B03,7,9,1,8,2,1,,59,59,1,12,4,B03,120.708852,24.245589,2
7033,66000,387130000C,(04)23274275,(04)23288582,2023,8,18,17,41,臺中市,豐原區,0,1,0,5,2,6,50,3,1,1,4,4,6,6,4,4,5,5,5,2,3,58,3,10,5,4,B03,7,5,1,8,2,1,,58,58,1,6,4,B03,120.699116,24.24798,2
7034,66000,387130000C,(04)23274275,(04)23288582,2023,8,18,17,42,臺中市,西區,0,1,0,5,1,6,50,3,1,1,4,4,6,6,4,4,10,5,5,2,17,84,2,7,1,1,C03,7,9,1,10,2,12,,84,84,1,12,4,C03,120.655825,24.156203,2
7035,66000,387130000C,(04)23274275,(04)23288582,2023,8,18,17,43,臺中市,大里區,0,0,0,5,2,6,80,13,9,1,4,4,6,6,4,4,1,3,5,1,13,59,,,,,B03,,,1,,2,,,59,,1,13,4,B03,120.690704,24.098029,3
7036,66000,387130000C,(04)23274275,(04)23288582,2023,8,18,17,45,臺中市,南屯區,0,1,0,5,2,6,50,4,1,1,4,4,6,6,1,1,10,5,5,2,16,59,3,10,3,1,B03,7,6,1,8,2,8,,59,59,1,12,4,B03,120.654207,24.143983,2
7037,66000,387130000C,(04)23274275,(04)23288582,2023,8,18,17,46,臺中市,南區,0,1,0,5,2,6,50,4,1,1,4,4,6,6,1,1,10,5,5,2,13,7,2,9,1,1,C03,7,9,1,10,2,11,,7,7,1,12,4,C03,120.652709,24.114365,2
7038,66000,387130000C,(04)23274275,(04)23288582,2023,8,18,17,46,臺中市,東區,0,0,0,5,,,50,,,,,,,,,,,,,,13,84,,,,,B12,,,1,8,2,,,84,84,1,13,4,B12,120.693162,24.142563,3
7039,66000,387130000C,(04)23274275,(04)23288582,2023,8,18,17,47,臺中市,北屯區,0,1,0,5,1,6,40,13,7,1,4,4,6,6,4,4,9,5,4,2,16,44,2,9,4,1,F01,7,11,7,21,2,13,,44,44,1,2,4,F01,120.687018,24.175754,2
7040,66000,387130000C,(04)23274275,(04)23288582,2023,8,18,17,47,臺中市,大里區,0,0,0,5,,,50,,,,,,,,,,,,,,,27,,,,,B03,,,1,,2,,,27,,1,6,4,B03,120.708282,24.086839,3
7041,66000,387130000C,(04)23274275,(04)23288582,2023,8,18,17,47,臺中市,梧棲區,0,2,0,5,3,6,40,13,8,1,4,4,6,6,4,4,1,4,1,1,13,59,2,9,1,1,C03,7,9,1,10,2,11,,59,59,1,5,4,C03,120.531943,24.24082,2
7042,66000,387130000C,(04)23274275,(04)23288582,2023,8,18,17,48,臺中市,沙鹿區,0,1,0,5,2,6,50,13,9,1,4,4,6,6,4,4,9,5,5,2,13,7,2,9,2,1,C03,7,9,1,10,2,11,,7,7,1,12,4,C03,120.580366,24.212186,2
7043,66000,387130000C,(04)23274275,(04)23288582,2023,8,18,17,50,臺中市,大雅區,0,0,0,7,,,50,,,,,,,,,,,,,,,21,,,,,C03,,,1,,2,,,21,,1,13,4,C03,120.641082,24.219279,3
7044,66000,387130000C,(04)23274275,(04)23288582,2023,8,18,17,50,臺中市,潭子區,0,0,0,5,,,50,,,,,,,,,,,,,,,59,,,,,B03,,,1,,2,,,59,,1,13,4,B03,120.71217,24.21403,3
7045,66000,387130000C,(04)23274275,(04)23288582,2023,8,18,17,50,臺中市,北屯區,0,0,0,5,,,50,,,,,,,,,,,,,,,40,,,,,B03,,,1,,1,,,40,,1,12,4,B03,120.700154,24.17735,3
7046,66000,387130000C,(04)23274275,(04)23288582,2023,8,18,17,55,臺中市,豐原區,0,0,0,5,,,50,,,,,,,,,,,,,,17,86,,,,,,,,,,,,,86,,1,,,,120.725582,24.241489,3
7047,66000,387130000C,(04)23274275,(04)23288582,2023,8,18,17,56,臺中市,烏日區,0,0,0,5,,,50,,,,,,,,,,,,,,13,59,,,,,B12,,,1,,2,,,59,,1,6,4,B12,120.632742,24.110091,3
7048,66000,387130000C,(04)23274275,(04)23288582,2023,8,18,17,57,臺中市,北區,0,0,0,5,,,50,,,,,,,,,,,,,,12,42,,,,,C03,,,5,,1,,,42,,1,13,4,C03,120.685574,24.153539,3
7049,66000,387130000C,(04)23274275,(04)23288582,2023,8,18,17,57,臺中市,大里區,0,0,0,6,,,50,,,,,,,,,,,,,,,49,,,,,B03,,,1,,2,,,49,,1,13,4,B03,120.698714,24.091449,3
7050,66000,387130000C,(04)23274275,(04)23288582,2023,8,18,17,58,臺中市,梧棲區,0,0,0,5,,,60,,,,,,,,,,,,,,17,59,,,,,B03,,,1,,2,,,59,,1,6,4,B03,120.524515,24.221709,3
7051,66000,387130000C,(04)23274275,(04)23288582,2023,8,18,17,59,臺中市,西屯區,0,2,0,5,1,6,40,13,7,1,4,4,6,6,4,4,1,4,4,2,13,87,2,9,5,4,C03,7,9,1,10,2,15,,87,87,1,12,4,C03,120.654091,24.202174,2
7052,66000,387130000C,(04)23274275,(04)23288582,2023,8,18,18,0,臺中市,西屯區,0,2,0,5,2,6,50,4,1,1,4,4,6,6,2,1,10,5,5,2,16,48,2,9,2,1,C03,7,6,1,10,2,12,,48,48,1,13,4,C03,120.648969,24.17506,2
7053,66000,387130000C,(04)23274275,(04)23288582,2023,8,18,18,1,臺中市,南屯區,0,0,0,5,,,50,,,,,,,,,,,,,,13,7,,,,,B03,,,1,8,1,,,7,7,1,12,4,B03,120.643677,24.154083,3
7054,66000,387130000C,(04)23274275,(04)23288582,2023,8,18,18,3,臺中市,南屯區,0,2,0,5,1,6,50,4,1,1,4,4,6,6,4,4,5,4,5,2,15,15,2,9,2,1,C03,7,9,1,10,2,11,12,15,15,1,12,4,C03,120.651165,24.156135,2
7055,66000,387130000C,(04)23274275,(04)23288582,2023,8,18,18,5,臺中市,南屯區,0,1,0,5,1,6,30,13,9,1,4,4,6,6,4,4,10,5,5,2,26,87,2,8,2,1,C03,7,9,1,10,2,12,,87,87,1,13,4,C03,120.639103,24.136646,2
7056,66000,387130000C,(04)23274275,(04)23288582,2023,8,18,18,6,臺中市,西屯區,0,1,0,5,1,6,50,3,1,1,4,4,6,6,3,1,5,5,4,2,18,84,2,9,1,1,C03,7,9,1,10,2,16,,84,84,1,12,4,C03,120.638329,24.172306,2
7057,66000,387130000C,(04)23274275,(04)23288582,2023,8,18,18,7,臺中市,太平區,0,1,0,5,2,6,40,3,2,1,4,4,6,6,4,4,5,5,4,1,18,84,2,9,1,1,C03,7,9,1,9,2,14,,84,84,1,12,4,C03,120.732034,24.150373,2
7058,66000,387130000C,(04)23274275,(04)23288582,2023,8,18,18,7,臺中市,豐原區,0,0,0,5,,,40,,,,,,,,,,,,,,16,47,,,,,B03,,,1,,2,,,47,,1,13,4,B03,120.709805,24.250425,3
7059,66000,387130000C,(04)23274275,(04)23288582,2023,8,18,18,8,臺中市,西屯區,0,0,0,5,,,50,,,,,,,,,,,,,,,49,,,,,B03,,,1,,1,,,49,,1,13,4,B03,120.610617,24.189826,3
7060,66000,387130000C,(04)23274275,(04)23288582,2023,8,18,18,8,臺中市,西屯區,0,0,0,5,,,30,,,,,,,,,,,,,,,84,,,,,B03,,,1,,2,,,84,84,1,12,4,B03,120.636824,24.181004,3
7061,66000,387130000C,(04)23274275,(04)23288582,2023,8,18,18,10,臺中市,北區,0,1,0,5,1,6,50,3,1,1,4,4,6,6,2,1,10,5,5,2,17,11,3,10,3,1,B03,7,6,1,8,2,16,,11,11,1,13,4,B03,120.66807,24.159217,2
7062,66000,387130000C,(04)23274275,(04)23288582,2023,8,18,18,10,臺中市,南屯區,0,1,0,5,3,6,50,13,7,1,4,4,6,6,4,4,9,4,4,2,13,8,2,9,5,4,C03,7,7,1,10,1,14,,8,8,1,12,4,C03,120.643998,24.154071,2
7063,66000,387130000C,(04)23274275,(04)23288582,2023,8,18,18,11,臺中市,西屯區,0,0,0,5,,,50,,,,,,,,,,,,,,17,84,,,,,B03,,,1,,1,,,84,,1,12,4,B03,120.642689,24.196454,3
7064,66000,387130000C,(04)23274275,(04)23288582,2023,8,18,18,17,臺中市,沙鹿區,0,0,0,5,,,30,,,,,,,,,,,,,,,59,,,,,B12,,,1,,1,,,59,,1,12,4,B12,120.608146,24.246122,3
7065,66000,387130000C,(04)23274275,(04)23288582,2023,8,18,18,18,臺中市,大里區,0,1,0,5,3,6,50,3,1,1,4,4,6,6,4,4,9,4,5,1,17,20,3,10,3,1,B03,7,6,1,8,2,8,,20,48,1,6,4,B03,120.695696,24.090938,2
7066,66000,387130000C,(04)23274275,(04)23288582,2023,8,18,18,20,臺中市,南屯區,0,2,0,5,1,6,50,13,7,1,4,4,6,6,4,4,5,5,4,2,13,7,2,9,2,1,C03,7,9,1,10,2,11,,7,7,1,12,4,C03,120.60837,24.128274,2
7067,66000,387130000C,(04)23274275,(04)23288582,2023,8,18,18,20,臺中市,大甲區,0,0,0,5,,,50,,,,,,,,,,,,,,3,20,,,,,B03,,,1,,1,,,20,20,1,13,4,B03,120.617385,24.350388,3
7068,66000,387130000C,(04)23274275,(04)23288582,2023,8,18,18,21,臺中市,西區,0,2,0,5,1,6,50,4,1,1,4,4,6,6,2,1,10,5,5,2,12,84,2,8,2,1,C03,7,9,1,10,2,12,,84,84,1,13,4,C03,120.657262,24.140026,2
7069,66000,387130000C,(04)23274275,(04)23288582,2023,8,18,18,22,臺中市,大里區,0,0,0,5,,,50,,,,,,,,,,,,,,,7,,,,,C03,,,1,,2,,,7,,1,6,2,C03,120.698939,24.096442,3
7070,66000,387130000C,(04)23274275,(04)23288582,2023,8,18,18,23,臺中市,北屯區,0,0,0,7,,,80,,,,,,,,,,,,,,13,7,,,,,B03,,,1,,1,,,7,,1,6,4,B03,120.692504,24.201003,3
7071,66000,387130000C,(04)23274275,(04)23288582,2023,8,18,18,24,臺中市,北屯區,0,1,0,5,2,6,50,5,1,1,4,4,6,6,1,1,10,5,5,2,12,8,3,10,3,1,B03,7,9,1,8,2,2,,8,8,1,12,4,B03,120.686236,24.188702,2
7072,66000,387130000C,(04)23274275,(04)23288582,2023,8,18,18,25,臺中市,北屯區,0,0,0,5,,,80,,,,,,,,,,,,,,,7,,,,,B03,,,1,,1,,,7,,1,12,4,B03,120.72172,24.182386,3
7073,66000,387130000C,(04)23274275,(04)23288582,2023,8,18,18,26,臺中市,西屯區,0,0,0,7,,,50,,,,,,,,,,,,,,13,84,,,,,B03,,,1,,1,,,84,,1,12,4,B03,120.637475,24.167978,3
7074,66000,387130000C,(04)23274275,(04)23288582,2023,8,18,18,30,臺中市,西屯區,0,0,0,5,,,50,,,,,,,,,,,,,,35,51,,,,,B03,,,1,,2,,,51,,1,13,4,B03,120.633314,24.164962,3
7075,66000,387130000C,(04)23274275,(04)23288582,2023,8,18,18,31,臺中市,南區,0,0,0,5,1,6,30,13,9,4,4,4,6,6,4,4,10,5,5,2,17,8,3,10,3,1,B03,7,9,1,8,1,5,,8,8,1,12,4,B03,120.677603,24.131123,3
7076,66000,387130000C,(04)23274275,(04)23288582,2023,8,18,18,31,臺中市,南區,0,0,0,6,,,50,,,,,,,,,,,,,,,84,,,,,B03,,,1,,2,,,84,,1,12,4,B03,120.659818,24.124813,3
7077,66000,387130000C,(04)23274275,(04)23288582,2023,8,18,18,32,臺中市,西屯區,0,2,0,5,2,6,30,4,1,1,4,4,6,6,4,4,10,5,5,2,15,15,2,7,5,4,C03,7,9,1,10,2,11,,15,15,1,12,4,C03,120.612158,24.185245,2
7078,66000,387130000C,(04)23274275,(04)23288582,2023,8,18,18,38,臺中市,烏日區,0,0,0,5,,,50,,,,,,,,,,,,,,13,7,,,,,B03,,,1,,2,,,7,,1,6,4,B03,120.620158,24.113388,3
7079,66000,387130000C,(04)23274275,(04)23288582,2023,8,18,18,39,臺中市,西屯區,0,0,0,5,,,40,,,,,,,,,,,,,,13,7,,,,,B03,,,1,,1,,,7,,1,12,4,B03,120.634487,24.176189,3
7080,66000,387130000C,(04)23274275,(04)23288582,2023,8,18,18,42,臺中市,大甲區,0,0,0,7,,,50,,,,,,,,,,,,,,,84,,,,,B03,,,1,,1,,,84,84,1,13,4,B03,120.633768,24.356762,3
7081,66000,387130000C,(04)23274275,(04)23288582,2023,8,18,18,45,臺中市,大雅區,0,0,0,5,,,50,,,,,,,,,,,,,,,58,,,,,C03,,,1,,1,,,58,,1,12,4,C03,120.669705,24.216709,3
7082,66000,387130000C,(04)23274275,(04)23288582,2023,8,18,18,45,臺中市,太平區,0,1,0,5,1,6,50,4,1,1,4,4,6,6,2,1,10,5,5,2,16,11,2,9,2,1,C03,7,9,1,10,2,12,,41,11,1,12,4,C03,120.720816,24.13055,2
7083,66000,387130000C,(04)23274275,(04)23288582,2023,8,18,18,47,臺中市,北屯區,0,0,0,5,,,50,,,,,,,,,,,,,,13,7,,,,,B03,,,1,,1,,,7,,1,12,4,B03,120.700136,24.164975,3
7084,66000,387130000C,(04)23274275,(04)23288582,2023,8,18,18,47,臺中市,太平區,0,0,0,7,,,50,,,,,,,,,,,,,,,84,,,,,B03,,,1,,2,,,84,,1,12,4,B03,120.703446,24.11135,3
7085,66000,387130000C,(04)23274275,(04)23288582,2023,8,18,18,48,臺中市,大里區,0,0,0,5,1,6,50,3,1,1,4,4,6,6,1,1,2,2,5,1,13,61,,,,,B03,,,1,,2,,,61,,1,13,4,B03,120.67174,24.11485,3
7086,66000,387130000C,(04)23274275,(04)23288582,2023,8,18,18,49,臺中市,潭子區,0,1,0,5,1,6,50,3,1,1,4,4,6,6,3,1,1,4,4,1,16,11,3,10,3,1,B03,7,5,1,8,2,5,,11,11,1,13,4,B03,120.692762,24.216151,2
7087,66000,387130000C,(04)23274275,(04)23288582,2023,8,18,18,49,臺中市,北屯區,0,0,0,7,,,50,,,,,,,,,,,,,,13,84,,,,,B03,,,1,,2,,,84,,1,12,4,B03,120.670863,24.175646,3
7088,66000,387130000C,(04)23274275,(04)23288582,2023,8,18,18,50,臺中市,北區,0,1,0,5,1,6,50,4,19,1,4,4,6,6,4,4,5,4,5,2,3,10,3,10,5,1,C03,7,9,1,10,2,14,,10,10,1,13,4,C03,120.680467,24.154684,2
7089,66000,387130000C,(04)23274275,(04)23288582,2023,8,18,18,50,臺中市,南屯區,0,0,0,7,,,50,,,,,,,,,,,,,,14,49,,,,,B03,,,1,,1,,,49,,1,12,4,B03,120.636536,24.146663,3
7090,66000,387130000C,(04)23274275,(04)23288582,2023,8,18,18,51,臺中市,西屯區,0,0,0,5,,,70,,,,,,,,,,,,,,,119,,,,,,,,,,,,,119,,1,,,,120.657655,24.158401,3
7091,66000,387130000C,(04)23274275,(04)23288582,2023,8,18,18,52,臺中市,沙鹿區,0,1,0,5,1,6,50,3,2,1,4,4,6,6,4,4,10,5,5,2,17,82,2,9,2,1,C03,7,12,1,10,2,12,,82,82,1,12,4,C03,120.565748,24.223435,2
7092,66000,387130000C,(04)23274275,(04)23288582,2023,8,18,18,55,臺中市,潭子區,0,0,0,5,,,50,,,,,,,,,,,,,,13,59,,,,,B03,,,1,,2,,,59,,1,13,4,B03,120.68273,24.208769,3
7093,66000,387130000C,(04)23274275,(04)23288582,2023,8,18,18,55,臺中市,北區,0,0,0,6,,,50,,,,,,,,,,,,,,9,84,,,,,B03,,,5,,9,,,84,,1,12,4,B03,120.6645,24.161951,3
7094,66000,387130000C,(04)23274275,(04)23288582,2023,8,18,18,55,臺中市,太平區,0,0,0,5,,,50,,,,,,,,,,,,,,14,49,,,,,E03,,,1,,2,,,49,,1,11,4,E03,120.728686,24.150141,3
7095,66000,387130000C,(04)23274275,(04)23288582,2023,8,18,18,59,臺中市,西區,0,1,0,5,1,6,50,13,7,1,4,4,6,6,4,4,5,5,4,2,13,84,2,9,5,4,C03,7,9,1,10,2,11,,84,84,1,12,4,C03,120.662698,24.155764,2
7096,66000,387130000C,(04)23274275,(04)23288582,2023,8,18,19,1,臺中市,烏日區,0,0,0,5,,,70,,,,,,,,,,,,,,2,40,,,,,B03,,,1,,2,,,40,,1,6,4,B03,120.610663,24.107834,3
7097,66000,387130000C,(04)23274275,(04)23288582,2023,8,18,19,6,臺中市,東區,0,0,0,5,,,50,,,,,,,,,,,,,,,2,,,,,B03,,,1,,2,,,2,,1,12,4,B03,120.706687,24.200169,3
7098,66000,387130000C,(04)23274275,(04)23288582,2023,8,18,19,10,臺中市,北屯區,0,0,0,5,,,50,,,,,,,,,,,,,,13,7,,,,,B03,,,1,,1,,,7,7,1,6,4,B03,120.684729,24.201026,3
7099,66000,387130000C,(04)23274275,(04)23288582,2023,8,18,19,12,臺中市,龍井區,0,0,0,7,,,50,,,,,,,,,,,,,,,84,,,,,B03,,,1,,2,,,84,84,1,13,4,B03,120.585154,24.184736,3
7100,66000,387130000C,(04)23274275,(04)23288582,2023,8,18,19,13,臺中市,北屯區,0,1,0,6,2,6,50,13,9,1,4,4,6,6,4,4,10,4,5,2,13,8,2,9,2,1,C03,7,9,1,10,2,11,,8,8,1,12,4,C03,120.680172,24.174747,2
7101,66000,387130000C,(04)23274275,(04)23288582,2023,8,18,19,15,臺中市,西屯區,0,0,0,7,,,50,,,,,,,,,,,,,,17,84,,,,,B01,,,1,,1,,,84,,1,13,4,B01,120.649018,24.161562,3
7102,66000,387130000C,(04)23274275,(04)23288582,2023,8,18,19,18,臺中市,大甲區,0,0,0,5,,,50,,,,,,,,,,,,,,14,50,,,,,B12,,,1,,2,,,50,50,1,13,4,B12,120.62565,24.342394,3
7103,66000,387130000C,(04)23274275,(04)23288582,2023,8,18,19,19,臺中市,北區,0,1,0,7,1,6,50,4,1,1,4,4,6,6,3,1,5,5,5,2,3,10,3,10,5,1,B03,7,6,1,8,2,8,,10,10,1,13,4,B03,120.680426,24.155009,2
7104,66000,387130000C,(04)23274275,(04)23288582,2023,8,18,19,23,臺中市,北區,0,0,0,5,,,50,,,,,,,,,,,,,,13,59,,,,,B03,,,1,,1,,,59,,1,12,4,B03,120.677461,24.151968,3
7105,66000,387130000C,(04)23274275,(04)23288582,2023,8,18,19,23,臺中市,東區,0,1,0,5,1,6,50,4,1,1,4,4,6,6,2,1,10,5,5,2,18,84,2,9,5,4,C03,7,6,1,10,2,14,,84,84,1,13,4,C03,120.705991,24.140434,2
7106,66000,387130000C,(04)23274275,(04)23288582,2023,8,18,19,32,臺中市,豐原區,0,0,0,5,,,50,,,,,,,,,,,,,,35,26,,,,,B03,,,,,,,,26,,1,,,B03,120.726743,24.255768,3