序號,縣市別代碼,機關代碼,市話,傳真,年,月,日,時,分,縣市,區,死亡數量,受傷數量,2-30,天候,光線,道路類別,速限,道路型態,事故位置,路面鋪裝,路面狀態,路面缺陷,障礙物,視距,號誌種類,號誌動作,分向設施,快車道或一般車道間,快慢車道間,路面邊線,事故類型及型態,主要肇因,受傷程度,主要傷處,保護裝備,行動電話,當事者區分(類別),車輛用途,當事者行動狀態,駕駛資格情形,駕駛執照種類,飲酒情形,車輛撞擊部位最初,車輛撞擊部位其他,肇事因素個別,肇事因素主要,肇事逃逸,職業,旅次目的,車種,GPS座標X,GPS座標Y,事故類別
7107,66000,387130000C,(04)23274275,(04)23288582,2023,8,18,19,35,臺中市,南屯區,0,1,0,7,1,6,50,11,9,1,5,4,6,6,4,4,5,5,5,2,14,49,3,10,3,1,B03,7,2,1,8,2,7,,49,49,1,13,4,B03,120.611287,24.137349,2
7108,66000,387130000C,(04)23274275,(04)23288582,2023,8,18,19,36,臺中市,東區,0,0,0,6,1,6,50,4,2,1,4,4,6,6,2,1,5,4,5,2,13,7,3,10,3,1,B03,7,9,1,8,2,1,,7,7,1,12,4,B03,120.685909,24.143155,3
7109,66000,387130000C,(04)23274275,(04)23288582,2023,8,18,19,38,臺中市,梧棲區,0,1,0,6,1,6,50,3,1,1,5,4,6,6,4,4,10,5,5,2,16,59,3,10,1,1,C03,7,9,1,10,2,12,,59,59,1,6,2,C03,120.538625,24.248483,2
7110,66000,387130000C,(04)23274275,(04)23288582,2023,8,18,19,38,臺中市,梧棲區,0,0,0,5,,,60,,,,,,,,,,,,,,13,59,,,,,B03,,,1,,1,,,59,,1,6,4,B03,120.534183,24.2461,4
7111,66000,387130000C,(04)23274275,(04)23288582,2023,8,18,19,43,臺中市,大雅區,0,1,0,5,1,6,40,4,1,1,4,4,6,6,4,4,10,5,5,1,15,12,3,10,3,1,B02,7,9,1,8,2,8,,12,12,1,13,4,B02,120.639601,24.214664,2
7112,66000,387130000C,(04)23274275,(04)23288582,2023,8,18,19,43,臺中市,烏日區,0,0,0,7,,,60,,,,,,,,,,,,,,13,59,,,,,B03,,,1,,2,,,59,,1,6,4,B03,120.643636,24.073027,3
7113,66000,387130000C,(04)23274275,(04)23288582,2023,8,18,19,46,臺中市,龍井區,0,0,0,7,,,30,,,,,,,,,,,,,,,8,,,,,C03,,,1,,11,,,87,8,1,13,4,C03,120.592069,24.182152,3
7114,66000,387130000C,(04)23274275,(04)23288582,2023,8,18,19,50,臺中市,南屯區,0,0,0,7,,,30,,,,,,,,,,,,,,17,51,,,,,B03,,,1,8,2,,,51,51,1,12,4,B03,120.642659,24.134114,3
7115,66000,387130000C,(04)23274275,(04)23288582,2023,8,18,19,55,臺中市,北屯區,0,1,0,7,1,6,50,3,1,1,4,4,6,6,4,4,10,5,5,2,16,14,3,10,2,1,C03,7,6,3,19,2,11,,14,14,1,12,4,C03,120.668217,24.180514,2
7116,66000,387130000C,(04)23274275,(04)23288582,2023,8,18,19,56,臺中市,沙鹿區,0,0,0,7,,,50,,,,,,,,,,,,,,,85,,,,,B12,,,1,,2,,,85,,1,12,4,B12,120.557017,24.232412,3
7117,66000,387130000C,(04)23274275,(04)23288582,2023,8,18,19,57,臺中市,東區,0,0,0,6,,,50,,,,,,,,,,,,,,,2,,,,,B03,,,1,,2,,,2,,1,12,4,B03,120.687823,24.136603,3
7118,66000,387130000C,(04)23274275,(04)23288582,2023,8,18,20,0,臺中市,沙鹿區,0,2,0,6,1,6,30,13,9,1,3,4,6,6,4,4,10,5,5,2,18,59,2,9,2,1,C03,7,9,1,11,2,14,,59,59,1,12,4,C03,120.596026,24.213347,2
7119,66000,387130000C,(04)23274275,(04)23288582,2023,8,18,20,2,臺中市,南屯區,0,1,0,7,1,6,40,4,1,1,5,4,6,6,1,1,10,5,5,2,18,58,2,9,2,1,C03,7,9,1,10,2,14,,58,58,1,12,4,C03,120.648711,24.15078,2
7120,66000,387130000C,(04)23274275,(04)23288582,2023,8,18,20,3,臺中市,豐原區,0,1,0,7,1,6,50,4,1,1,5,4,6,6,4,4,10,5,5,2,17,59,2,9,1,1,C03,7,9,1,10,2,11,,59,59,1,12,4,C03,120.720028,24.247579,2
7121,66000,387130000C,(04)23274275,(04)23288582,2023,8,18,20,4,臺中市,東區,0,0,0,7,,,50,,,,,,,,,,,,,,,50,,,,,B03,,,1,,2,,,50,,1,13,4,B03,120.708914,24.144692,3
7122,66000,387130000C,(04)23274275,(04)23288582,2023,8,18,20,5,臺中市,西區,0,0,0,7,,,50,,,,,,,,,,,,,,14,49,,,,,B03,,,1,,1,,,49,,1,12,4,B03,120.657276,24.150898,3
7123,66000,387130000C,(04)23274275,(04)23288582,2023,8,18,20,6,臺中市,北區,0,0,0,5,,,50,,,,,,,,,,,,,,13,7,,,,,C03,,,1,,1,,,7,,1,13,4,C03,120.680976,24.163174,3
7124,66000,387130000C,(04)23274275,(04)23288582,2023,8,18,20,8,臺中市,北屯區,0,1,0,7,1,6,50,4,19,1,4,4,6,6,1,1,10,5,5,2,3,10,3,10,3,1,B03,7,6,1,8,2,5,,10,10,1,12,4,B03,120.714623,24.16724,2
7125,66000,387130000C,(04)23274275,(04)23288582,2023,8,18,20,8,臺中市,北屯區,0,1,0,5,1,6,50,4,1,1,4,4,6,6,1,1,10,5,5,2,17,48,2,9,1,1,C03,7,6,1,10,2,13,,48,48,1,11,4,C03,120.685303,24.170844,2
7126,66000,387130000C,(04)23274275,(04)23288582,2023,8,18,20,10,臺中市,北區,0,1,0,7,1,6,40,4,1,1,5,4,6,6,1,1,5,3,4,2,16,14,3,10,5,1,B03,7,5,1,8,2,5,,14,14,1,13,4,B03,120.675845,24.159218,2
7127,66000,387130000C,(04)23274275,(04)23288582,2023,8,18,20,10,臺中市,西屯區,0,0,0,7,,,30,,,,,,,,,,,,,,16,84,,,,,A05,,,1,,1,,,84,,1,12,4,A05,120.624024,24.179805,3
7128,66000,387130000C,(04)23274275,(04)23288582,2023,8,18,20,18,臺中市,北屯區,0,0,0,7,,,50,,,,,,,,,,,,,,13,7,,,,,B03,,,1,,1,,,7,7,1,6,4,B03,120.692821,24.163094,3
7129,66000,387130000C,(04)23274275,(04)23288582,2023,8,18,20,20,臺中市,西屯區,0,1,0,7,1,6,50,4,1,1,5,4,6,6,1,1,10,5,5,2,17,48,3,10,5,4,B01,7,6,1,4,2,3,,48,48,1,12,4,B01,120.655601,24.199887,2
7130,66000,387130000C,(04)23274275,(04)23288582,2023,8,18,20,20,臺中市,沙鹿區,0,1,0,7,3,6,50,4,2,1,5,4,6,6,4,4,10,5,5,2,17,51,3,10,2,1,C03,7,1,1,10,2,13,,51,51,1,12,4,C03,120.571804,24.229828,2
7131,66000,387130000C,(04)23274275,(04)23288582,2023,8,18,20,21,臺中市,北區,0,1,0,7,1,6,50,4,1,1,5,4,6,6,1,1,5,5,5,2,16,21,2,9,5,1,F01,7,9,7,21,2,11,,21,21,1,13,4,F01,120.676786,24.149748,2
7132,66000,387130000C,(04)23274275,(04)23288582,2023,8,18,20,22,臺中市,北屯區,0,0,0,7,,,50,,,,,,,,,,,,,,,11,,,,,B03,,,1,,1,,,11,,1,12,4,B03,120.70394,24.164509,3
7133,66000,387130000C,(04)23274275,(04)23288582,2023,8,18,20,25,臺中市,大甲區,0,1,0,7,1,6,50,13,9,1,5,4,6,6,4,4,5,5,5,1,12,39,2,9,4,1,F01,7,6,7,21,2,14,,39,39,1,12,4,F01,120.6441,24.405231,2
7134,66000,387130000C,(04)23274275,(04)23288582,2023,8,18,20,26,臺中市,北屯區,0,6,0,6,1,6,30,4,1,1,4,4,1,4,1,2,10,5,5,2,15,59,2,9,4,1,B12,7,9,1,8,2,1,,59,59,1,12,4,B12,120.676088,24.201308,2
7135,66000,387130000C,(04)23274275,(04)23288582,2023,8,18,20,36,臺中市,霧峰區,0,0,0,5,,,50,,,,,,,,,,,,,,,35,,,,,B03,,,1,,2,,,35,,1,6,4,B03,120.6771,24.040061,3
7136,66000,387130000C,(04)23274275,(04)23288582,2023,8,18,20,40,臺中市,西區,0,0,0,7,2,6,50,13,9,1,5,4,6,6,4,4,10,5,5,2,12,84,,,,,B12,,,1,,9,,,84,,1,12,4,B12,120.668867,24.145619,3
7137,66000,387130000C,(04)23274275,(04)23288582,2023,8,18,20,40,臺中市,大里區,0,0,0,6,1,6,50,13,9,1,5,4,6,6,1,1,5,5,5,1,13,59,,,,,B03,,,1,,1,,,59,,1,13,4,B03,120.700949,24.110382,3
7138,66000,387130000C,(04)23274275,(04)23288582,2023,8,18,20,42,臺中市,西屯區,0,1,0,7,1,6,50,3,1,1,5,4,6,6,1,1,5,3,4,2,17,21,3,10,3,1,B03,7,9,1,8,2,4,,21,21,1,13,4,B03,120.645926,24.168123,2
7139,66000,387130000C,(04)23274275,(04)23288582,2023,8,18,20,44,臺中市,西屯區,0,0,0,7,,,30,,,,,,,,,,,,,,,15,,,,,B03,,,1,,1,,,15,,1,12,4,B03,120.648237,24.182872,3
7140,66000,387130000C,(04)23274275,(04)23288582,2023,8,18,20,44,臺中市,新社區,0,0,0,5,1,6,30,13,9,1,4,4,6,6,4,4,5,5,5,1,17,53,3,10,1,1,B03,7,9,1,8,7,,1,53,53,1,12,4,B03,120.806154,24.225114,3
7141,66000,387130000C,(04)23274275,(04)23288582,2023,8,18,20,52,臺中市,東區,0,2,0,6,1,6,30,13,9,1,4,4,6,6,4,4,10,5,5,2,17,84,2,9,1,1,C03,7,6,1,10,2,14,,84,84,1,12,4,C03,120.696573,24.125025,2
7142,66000,387130000C,(04)23274275,(04)23288582,2023,8,18,21,0,臺中市,烏日區,0,0,0,7,,,30,,,,,,,,,,,,,,13,7,,,,,B03,,,1,,2,,,7,,1,12,4,B03,120.616227,24.110292,3
7143,66000,387130000C,(04)23274275,(04)23288582,2023,8,18,21,0,臺中市,清水區,0,1,0,7,1,6,30,4,1,1,5,4,6,6,4,4,10,5,5,2,18,84,2,9,4,1,F01,7,9,7,21,9,12,,84,84,1,12,4,F01,120.58943,24.29719,2
7144,66000,387130000C,(04)23274275,(04)23288582,2023,8,18,21,5,臺中市,南屯區,0,0,0,7,,,40,,,,,,,,,,,,,,12,40,,,,,B03,,,1,,2,,,40,,1,13,4,B03,120.632356,24.145477,3
7145,66000,387130000C,(04)23274275,(04)23288582,2023,8,18,21,10,臺中市,大里區,0,0,0,6,1,6,50,3,2,1,5,4,6,6,4,4,5,5,4,2,14,49,,,,,C03,,,1,,1,,,49,,1,13,4,C03,120.683809,24.115931,3
7146,66000,387130000C,(04)23274275,(04)23288582,2023,8,18,21,11,臺中市,太平區,0,0,0,7,,,40,,,,,,,,,,,,,,,7,,,,,B03,,,1,,2,,,7,,1,13,4,B03,120.71466,24.149793,3
7147,66000,387130000C,(04)23274275,(04)23288582,2023,8,18,21,15,臺中市,北屯區,0,0,0,7,,,50,,,,,,,,,,,,,,,84,,,,,B03,,,1,,1,,,84,,1,12,4,B03,120.688921,24.182218,3
7148,66000,387130000C,(04)23274275,(04)23288582,2023,8,18,21,23,臺中市,西屯區,0,1,0,7,1,6,50,4,1,1,5,4,6,6,1,1,5,5,4,2,16,20,3,10,3,1,B03,7,5,1,8,2,5,,20,20,1,12,4,B03,120.638019,24.180871,2
7149,66000,387130000C,(04)23274275,(04)23288582,2023,8,18,21,29,臺中市,大里區,0,1,0,6,1,6,30,13,9,1,1,4,6,6,4,4,10,5,5,2,30,118,,,,,,,,,,,,,118,118,1,,,,120.702592,24.088956,2
7150,66000,387130000C,(04)23274275,(04)23288582,2023,8,18,21,36,臺中市,大肚區,0,2,0,7,1,6,30,13,9,1,5,4,6,6,4,4,10,5,5,2,2,8,2,9,5,4,C03,7,9,1,10,2,12,,8,8,1,13,4,C03,120.577156,24.166764,2
7151,66000,387130000C,(04)23274275,(04)23288582,2023,8,18,21,37,臺中市,西區,0,1,0,7,1,6,40,13,8,1,5,4,6,6,4,4,1,4,4,2,18,84,2,9,1,1,C03,7,9,1,10,2,12,,84,84,1,12,4,C03,120.657023,24.138283,2
7152,66000,387130000C,(04)23274275,(04)23288582,2023,8,18,21,41,臺中市,烏日區,0,0,0,7,,,30,,,,,,,,,,,,,,,8,,,,,B02,,,1,,2,,,8,,1,12,4,B02,120.606575,24.119805,3
7153,66000,387130000C,(04)23274275,(04)23288582,2023,8,18,21,47,臺中市,西屯區,0,0,0,7,,,50,,,,,,,,,,,,,,14,49,,,,,B03,,,1,,1,,,49,,1,12,4,B03,120.621347,24.186667,3
7154,66000,387130000C,(04)23274275,(04)23288582,2023,8,18,21,48,臺中市,西屯區,0,1,0,7,1,6,50,13,9,1,5,4,6,6,4,4,5,4,5,2,17,47,3,10,3,1,B03,7,5,1,8,9,2,,47,47,1,13,4,B03,120.648767,24.168809,2
7155,66000,387130000C,(04)23274275,(04)23288582,2023,8,18,21,50,臺中市,南區,0,1,0,7,1,6,40,3,1,1,5,4,6,6,2,1,10,5,5,2,13,84,3,10,5,4,C03,7,9,1,10,2,11,,84,84,1,13,4,C03,120.654032,24.116455,2
7156,66000,387130000C,(04)23274275,(04)23288582,2023,8,18,21,52,臺中市,豐原區,0,0,0,7,,,50,,,,,,,,,,,,,,,8,,,,,C03,,,1,,10,,,77,8,1,13,4,C03,120.718855,24.251663,3
7157,66000,387130000C,(04)23274275,(04)23288582,2023,8,18,22,13,臺中市,豐原區,0,1,0,7,1,6,40,4,1,1,5,4,6,6,4,4,5,4,5,1,16,14,3,10,1,1,C03,7,6,1,10,2,16,,14,14,1,13,4,C03,120.724228,24.222848,2
7158,66000,387130000C,(04)23274275,(04)23288582,2023,8,18,22,19,臺中市,北屯區,0,0,0,7,,,50,,,,,,,,,,,,,,13,59,,,,,C03,,,1,,1,,,59,59,1,12,4,C03,120.701831,24.182039,3
7159,66000,387130000C,(04)23274275,(04)23288582,2023,8,18,22,20,臺中市,北屯區,0,1,0,6,1,6,60,13,9,1,5,4,6,6,4,4,1,3,5,2,13,84,2,7,1,1,C03,7,9,1,10,2,11,,84,84,1,12,4,C03,120.702673,24.164957,2
7160,66000,387130000C,(04)23274275,(04)23288582,2023,8,18,22,20,臺中市,西屯區,0,0,0,7,,,30,,,,,,,,,,,,,,14,49,,,,,B03,,,1,,1,,,49,,1,12,4,B03,120.636147,24.167374,3
7161,66000,387130000C,(04)23274275,(04)23288582,2023,8,18,22,23,臺中市,北屯區,0,1,0,7,1,6,50,5,1,1,5,4,6,6,2,1,5,4,5,2,16,11,3,10,3,1,B03,7,5,1,8,2,2,,11,11,1,12,4,B03,120.697921,24.170467,2
7162,66000,387130000C,(04)23274275,(04)23288582,2023,8,18,22,26,臺中市,北區,0,2,0,7,1,6,40,13,8,1,5,4,6,6,4,4,5,4,4,2,3,59,2,9,2,1,C03,7,9,1,10,2,14,,59,59,1,13,4,C03,120.678702,24.148156,2
7163,66000,387130000C,(04)23274275,(04)23288582,2023,8,18,22,31,臺中市,大里區,0,1,0,7,2,6,50,13,9,1,5,4,6,6,4,4,5,5,5,1,16,45,3,10,3,1,B03,7,11,1,8,2,4,,45,45,1,6,4,B03,120.689597,24.105628,2
7164,66000,387130000C,(04)23274275,(04)23288582,2023,8,18,22,41,臺中市,太平區,0,1,0,7,1,6,50,4,1,1,5,4,6,6,2,1,5,5,5,2,3,95,2,9,6,5,H01,8,16,7,21,10,17,,95,95,1,12,5,H01,120.703194,24.155759,2
7165,66000,387130000C,(04)23274275,(04)23288582,2023,8,18,22,46,臺中市,大肚區,0,1,0,6,1,6,30,4,1,1,5,4,6,6,4,4,10,5,5,2,15,15,3,10,3,1,B03,7,9,1,7,2,2,,15,15,1,13,4,B03,120.579758,24.17403,2
7166,66000,387130000C,(04)23274275,(04)23288582,2023,8,18,22,50,臺中市,西屯區,0,1,0,7,1,6,50,13,9,1,5,4,6,6,4,4,5,5,5,2,18,84,2,7,1,1,C03,7,9,1,10,2,16,,84,84,1,12,4,C03,120.649549,24.1682,2
7167,66000,387130000C,(04)23274275,(04)23288582,2023,8,18,22,59,臺中市,北區,0,0,0,7,,,50,,,,,,,,,,,,,,14,49,,,,,B03,,,1,,2,,,49,,1,13,4,B03,120.667823,24.171533,3
7168,66000,387130000C,(04)23274275,(04)23288582,2023,8,18,22,59,臺中市,清水區,0,1,0,7,1,6,50,4,1,1,5,4,6,6,1,1,10,5,5,2,16,48,3,10,3,1,B03,7,6,1,8,2,8,,48,48,1,6,4,B03,120.576541,24.271636,2
7169,66000,387130000C,(04)23274275,(04)23288582,2023,8,18,23,3,臺中市,大雅區,0,2,0,6,1,6,30,4,1,1,4,4,6,6,3,1,10,5,5,1,15,20,2,9,1,1,C03,7,9,1,10,2,11,,20,20,1,13,4,C03,120.662708,24.220267,2
7170,66000,387130000C,(04)23274275,(04)23288582,2023,8,18,23,23,臺中市,西屯區,0,2,0,7,1,6,50,4,1,1,5,4,6,6,2,1,10,5,5,2,17,48,2,7,5,4,C03,7,6,1,10,2,13,14,48,48,1,13,2,C03,120.642811,24.172401,2
7171,66000,387130000C,(04)23274275,(04)23288582,2023,8,18,23,26,臺中市,豐原區,0,0,0,7,,,50,,,,,,,,,,,,,,,39,,,,,B03,,,1,,2,,,39,,1,13,4,B03,120.720033,24.262173,3
7172,66000,387130000C,(04)23274275,(04)23288582,2023,8,18,23,31,臺中市,北區,0,1,0,7,1,6,50,3,1,1,5,4,6,6,4,4,3,5,5,2,17,53,3,10,3,1,B03,7,21,1,8,6,5,,53,53,1,13,4,B03,120.665467,24.162884,2
7173,66000,387130000C,(04)23274275,(04)23288582,2023,8,18,23,31,臺中市,西屯區,0,4,0,7,1,6,50,4,1,1,5,4,6,6,1,1,10,5,5,2,15,21,2,9,1,1,C03,7,9,1,10,2,14,,21,21,1,12,4,C03,120.657446,24.19672,2
7174,66000,387130000C,(04)23274275,(04)23288582,2023,8,18,23,33,臺中市,太平區,0,2,0,7,1,6,50,4,1,1,5,4,6,6,2,1,10,5,5,2,16,48,3,10,3,1,B01,7,6,1,4,2,1,,48,48,1,12,4,B01,120.712402,24.145746,2
7175,66000,387130000C,(04)23274275,(04)23288582,2023,8,19,0,4,臺中市,太平區,0,0,0,7,,,30,,,,,,,,,,,,,,14,49,,,,,B03,,,1,,2,,,49,,1,5,4,B03,120.734966,24.146507,3
7176,66000,387130000C,(04)23274275,(04)23288582,2023,8,19,0,18,臺中市,東區,0,1,0,7,1,6,50,3,1,1,5,4,6,6,4,4,5,5,5,2,16,42,3,10,3,1,B03,7,11,1,8,2,4,,42,42,1,6,4,B03,120.701131,24.143941,2
7177,66000,387130000C,(04)23274275,(04)23288582,2023,8,19,0,34,臺中市,西屯區,0,0,0,7,1,6,50,13,9,1,5,4,6,6,4,4,5,4,5,2,17,84,3,10,5,4,B03,7,15,1,8,5,4,2,84,84,1,13,4,B03,120.62273,24.174741,3
7178,66000,387130000C,(04)23274275,(04)23288582,2023,8,19,1,5,臺中市,北屯區,0,2,0,7,1,6,50,4,1,1,5,4,6,6,2,1,10,5,5,2,12,84,2,9,1,1,C03,7,9,1,10,2,12,,84,84,1,13,4,C03,120.671372,24.17392,2
7179,66000,387130000C,(04)23274275,(04)23288582,2023,8,19,1,12,臺中市,豐原區,0,1,0,7,1,6,50,4,2,1,5,4,6,6,2,1,1,4,5,1,13,59,3,10,3,1,B02,7,9,1,8,2,1,,59,59,1,13,4,B02,120.70916,24.250305,2
7180,66000,387130000C,(04)23274275,(04)23288582,2023,8,19,1,21,臺中市,潭子區,0,1,0,6,1,6,50,13,7,1,5,4,6,6,4,4,5,4,4,2,13,59,2,9,1,1,C03,7,9,1,10,2,11,,59,59,1,13,4,C03,120.703414,24.209894,2
7181,66000,387130000C,(04)23274275,(04)23288582,2023,8,19,1,26,臺中市,南屯區,0,0,0,7,1,6,40,13,9,1,5,4,6,6,4,4,10,5,5,2,14,49,,,,,B03,,,1,,1,,,49,,1,12,4,B03,120.622879,24.148211,3
7182,66000,387130000C,(04)23274275,(04)23288582,2023,8,19,1,57,臺中市,大里區,0,1,0,7,1,6,50,13,9,1,5,4,6,6,1,1,9,5,5,1,13,59,2,8,3,1,B03,7,9,1,8,8,1,,59,59,1,13,4,B03,120.696089,24.096683,2
7183,66000,387130000C,(04)23274275,(04)23288582,2023,8,19,2,16,臺中市,大里區,0,2,0,7,3,6,50,4,1,1,5,4,6,6,1,1,5,5,5,2,18,59,2,9,5,4,C03,7,9,1,10,2,12,,59,59,1,13,4,C03,120.699221,24.110144,2
7184,66000,387130000C,(04)23274275,(04)23288582,2023,8,19,2,19,臺中市,北區,0,1,0,7,1,6,50,4,1,1,5,4,6,6,3,1,10,5,5,2,15,20,2,9,2,1,C03,7,9,3,19,2,12,,20,20,1,12,4,C03,120.697451,24.160634,2
7185,66000,387130000C,(04)23274275,(04)23288582,2023,8,19,2,32,臺中市,西屯區,0,0,0,7,,,40,,,,,,,,,,,,,,17,84,,,,,B03,,,1,,2,,,84,,1,12,4,B03,120.645531,24.155187,3
7186,66000,387130000C,(04)23274275,(04)23288582,2023,8,19,2,47,臺中市,梧棲區,0,0,0,7,,,50,,,,,,,,,,,,,,14,49,,,,,B03,,,1,,2,,,49,,1,6,4,B03,120.536126,24.246088,3
7187,66000,387130000C,(04)23274275,(04)23288582,2023,8,19,3,14,臺中市,南屯區,0,0,0,7,,,40,,,,,,,,,,,,,,14,49,,,,,B12,,,5,,1,,,49,,1,13,4,B12,120.622879,24.148211,3
7188,66000,387130000C,(04)23274275,(04)23288582,2023,8,19,3,37,臺中市,西區,0,1,0,7,1,6,50,13,9,1,5,4,6,6,1,1,3,4,5,2,18,84,2,9,1,1,C03,7,9,1,10,2,14,,84,84,1,12,4,C03,120.657126,24.151112,2
7189,66000,387130000C,(04)23274275,(04)23288582,2023,8,19,4,29,臺中市,北區,0,0,0,7,,,50,,,,,,,,,,,,,,13,7,,,,,B03,,,1,,2,,,7,,1,13,4,B03,120.673397,24.166805,3
7190,66000,387130000C,(04)23274275,(04)23288582,2023,8,19,5,5,臺中市,太平區,0,1,0,7,1,6,50,4,1,1,5,4,6,6,3,1,10,5,5,2,15,12,2,9,2,1,C03,7,9,3,19,2,13,,12,12,1,13,4,C03,120.726575,24.152314,2
7191,66000,387130000C,(04)23274275,(04)23288582,2023,8,19,5,35,臺中市,北屯區,0,0,0,7,,,50,,,,,,,,,,,,,,13,59,,,,,B03,,,1,,2,,,59,59,1,6,4,B03,120.694482,24.165804,3
7192,66000,387130000C,(04)23274275,(04)23288582,2023,8,19,5,48,臺中市,北區,0,1,0,7,2,6,40,13,12,1,5,4,6,6,4,4,5,5,4,2,24,87,2,9,2,1,C03,7,9,1,10,2,14,,87,87,1,6,4,C03,120.678652,24.14801,2
7193,66000,387130000C,(04)23274275,(04)23288582,2023,8,19,5,57,臺中市,南屯區,0,0,0,7,3,6,50,13,9,1,5,4,6,6,1,1,3,4,5,2,12,35,,,,,B03,,,1,,2,,,35,35,1,12,4,B03,120.646485,24.139966,3
7194,66000,387130000C,(04)23274275,(04)23288582,2023,8,19,6,15,臺中市,西屯區,0,0,0,7,,,50,,,,,,,,,,,,,,17,84,,,,,B03,,,1,,2,,,84,,1,12,4,B03,120.590984,24.176908,3
7195,66000,387130000C,(04)23274275,(04)23288582,2023,8,19,6,21,臺中市,北屯區,0,1,0,7,2,6,40,4,1,1,5,4,6,6,1,1,10,5,4,2,16,1,2,9,1,1,C03,7,4,1,10,2,14,,1,1,1,13,4,C03,120.680489,24.19698,2
7196,66000,387130000C,(04)23274275,(04)23288582,2023,8,19,6,45,臺中市,外埔區,0,2,0,7,2,6,50,3,2,1,5,4,6,6,4,4,5,5,5,1,16,48,2,9,2,1,C03,7,6,1,10,2,12,,48,39,1,12,4,C03,120.63619,24.331023,2
7197,66000,387130000C,(04)23274275,(04)23288582,2023,8,19,7,6,臺中市,西屯區,0,2,0,6,3,6,50,13,9,1,5,4,6,6,4,4,5,4,5,1,13,7,2,9,1,4,C03,7,9,1,10,2,11,,7,7,1,13,4,C03,120.62315,24.192619,2
7198,66000,387130000C,(04)23274275,(04)23288582,2023,8,19,7,17,臺中市,北區,0,0,0,7,,,30,,,,,,,,,,,,,,,87,,,,,B03,,,7,,11,,,87,,1,13,4,B03,120.687541,24.161819,3
7199,66000,387130000C,(04)23274275,(04)23288582,2023,8,19,7,23,臺中市,龍井區,0,0,0,7,,,70,,,,,,,,,,,,,,,21,,,,,C03,,,5,,2,,,21,,1,6,4,C03,120.536423,24.19439,3
7200,66000,387130000C,(04)23274275,(04)23288582,2023,8,19,7,25,臺中市,西屯區,0,0,0,7,,,50,,,,,,,,,,,,,,,49,,,,,B12,,,1,,2,,,49,,1,13,4,B12,120.642346,24.17224,3
7201,66000,387130000C,(04)23274275,(04)23288582,2023,8,19,7,28,臺中市,梧棲區,0,0,0,7,,,70,,,,,,,,,,,,,,2,35,,,,,A41,,,1,,2,,,35,,1,6,4,A41,120.52833,24.252919,3
7202,66000,387130000C,(04)23274275,(04)23288582,2023,8,19,7,33,臺中市,南屯區,0,1,0,7,2,6,30,4,1,1,5,4,6,6,3,1,5,5,5,2,15,24,2,8,1,1,C03,7,9,5,10,3,11,,24,24,1,6,4,C03,120.640335,24.140912,2
7203,66000,387130000C,(04)23274275,(04)23288582,2023,8,19,7,40,臺中市,潭子區,0,2,0,7,3,6,30,13,9,1,5,4,6,6,4,4,9,4,5,2,17,7,2,9,1,1,C03,7,9,1,10,2,11,,7,7,1,12,4,C03,120.703091,24.21635,2
7204,66000,387130000C,(04)23274275,(04)23288582,2023,8,19,7,40,臺中市,新社區,0,1,0,7,2,6,50,3,2,1,5,4,6,6,4,4,10,2,5,2,16,12,3,10,3,1,B03,7,6,1,8,2,1,,12,12,1,13,4,B03,120.796562,24.219222,2
7205,66000,387130000C,(04)23274275,(04)23288582,2023,8,19,7,48,臺中市,霧峰區,0,0,0,7,1,6,,4,1,1,5,4,6,6,1,1,10,5,5,2,15,119,,,,,B03,,,1,,2,,,87,119,1,12,4,B03,120.69919,24.068833,3
7206,66000,387130000C,(04)23274275,(04)23288582,2023,8,19,7,57,臺中市,北區,0,0,0,7,,,50,,,,,,,,,,,,,,13,7,,,,,B03,,,5,,2,,,7,,1,12,4,B03,120.671639,24.173359,3
7207,66000,387130000C,(04)23274275,(04)23288582,2023,8,19,8,0,臺中市,豐原區,0,1,0,7,2,6,30,4,1,1,5,4,6,6,1,1,5,5,5,2,16,11,3,10,5,4,B12,7,5,1,8,2,5,,11,11,1,6,4,B12,120.720812,24.228892,2
7208,66000,387130000C,(04)23274275,(04)23288582,2023,8,19,8,1,臺中市,南屯區,0,1,0,7,2,6,50,4,1,1,5,4,6,6,1,1,3,2,5,2,12,20,3,10,5,4,B03,7,5,1,8,2,5,,20,20,1,12,4,B03,120.640862,24.141416,2
7209,66000,387130000C,(04)23274275,(04)23288582,2023,8,19,8,3,臺中市,北區,0,0,0,7,,,50,,,,,,,,,,,,,,17,58,,,,,C03,,,1,,1,,,58,,1,12,4,C03,120.687399,24.14904,3
7210,66000,387130000C,(04)23274275,(04)23288582,2023,8,19,8,3,臺中市,太平區,0,1,0,7,2,6,50,13,9,1,5,4,6,6,4,4,9,5,5,1,17,49,3,10,3,1,B03,7,2,1,8,2,6,,49,49,1,12,4,B03,120.710657,24.131096,2
7211,66000,387130000C,(04)23274275,(04)23288582,2023,8,19,8,5,臺中市,大里區,0,0,0,7,,,50,,,,,,,,,,,,,,,8,,,,,B03,,,1,,2,,,8,,1,12,4,B03,120.683764,24.112359,3