序號,縣市別代碼,機關代碼,市話,傳真,年,月,日,時,分,縣市,區,死亡數量,受傷數量,2-30,天候,光線,道路類別,速限,道路型態,事故位置,路面鋪裝,路面狀態,路面缺陷,障礙物,視距,號誌種類,號誌動作,分向設施,快車道或一般車道間,快慢車道間,路面邊線,事故類型及型態,主要肇因,受傷程度,主要傷處,保護裝備,行動電話,當事者區分(類別),車輛用途,當事者行動狀態,駕駛資格情形,駕駛執照種類,飲酒情形,車輛撞擊部位最初,車輛撞擊部位其他,肇事因素個別,肇事因素主要,肇事逃逸,職業,旅次目的,車種,GPS座標X,GPS座標Y,事故類別
7212,66000,387130000C,(04)23274275,(04)23288582,2023,8,19,8,10,臺中市,東區,0,0,0,7,,,50,,,,,,,,,,,,,,,59,,,,,B03,,,1,,2,,,59,,1,12,4,B03,120.704309,24.144749,3
7213,66000,387130000C,(04)23274275,(04)23288582,2023,8,19,8,10,臺中市,北屯區,0,1,0,7,2,6,50,13,9,1,5,4,6,6,4,4,5,4,5,2,12,40,3,10,3,1,B03,7,7,1,8,1,2,,40,40,1,13,4,B03,120.733697,24.159946,2
7214,66000,387130000C,(04)23274275,(04)23288582,2023,8,19,8,12,臺中市,南屯區,0,1,0,7,3,6,50,4,1,1,5,4,6,6,2,1,10,5,5,2,12,20,3,10,3,1,B03,7,5,1,8,2,8,,20,20,1,12,4,B03,120.61181,24.14869,2
7215,66000,387130000C,(04)23274275,(04)23288582,2023,8,19,8,15,臺中市,東區,0,1,0,7,2,6,50,4,1,1,5,4,6,6,1,1,10,5,5,2,15,21,4,11,3,1,B03,7,9,3,19,2,8,,21,21,1,13,4,B03,120.70128,24.142716,2
7216,66000,387130000C,(04)23274275,(04)23288582,2023,8,19,8,19,臺中市,豐原區,0,0,0,7,,,50,,,,,,,,,,,,,,16,65,,,,,B03,,,1,,2,,,65,,1,12,4,B03,120.742626,24.252686,3
7217,66000,387130000C,(04)23274275,(04)23288582,2023,8,19,8,26,臺中市,豐原區,0,0,0,7,,,50,,,,,,,,,,,,,,12,7,,,,,C03,,,1,,2,,,7,,1,13,4,C03,120.73064,24.257678,3
7218,66000,387130000C,(04)23274275,(04)23288582,2023,8,19,8,28,臺中市,東區,0,1,0,7,1,6,50,3,1,1,5,4,6,6,4,4,10,5,5,2,15,51,2,8,1,1,C04,7,1,1,8,2,12,,51,51,1,12,4,C04,120.698055,24.144646,2
7219,66000,387130000C,(04)23274275,(04)23288582,2023,8,19,8,35,臺中市,西屯區,0,0,0,7,,,50,,,,,,,,,,,,,,,49,,,,,B12,,,1,,1,,,49,,1,13,4,B12,120.616445,24.187891,3
7220,66000,387130000C,(04)23274275,(04)23288582,2023,8,19,8,43,臺中市,大里區,0,0,0,7,,,50,,,,,,,,,,,,,,13,59,,,,,C03,,,1,,2,,,59,,1,13,4,C03,120.674575,24.11321,3
7221,66000,387130000C,(04)23274275,(04)23288582,2023,8,19,8,44,臺中市,沙鹿區,0,1,0,6,2,6,40,13,8,1,5,4,6,6,4,4,8,5,4,2,17,59,2,9,2,1,C03,7,9,1,10,2,11,,59,59,1,6,4,C03,120.570162,24.244255,2
7222,66000,387130000C,(04)23274275,(04)23288582,2023,8,19,8,45,臺中市,太平區,0,2,0,7,3,6,50,13,9,1,5,4,6,6,4,4,5,5,4,1,13,7,2,9,2,1,C03,7,9,1,10,2,11,,7,7,1,12,4,C03,120.714753,24.146121,2
7223,66000,387130000C,(04)23274275,(04)23288582,2023,8,19,8,50,臺中市,大雅區,0,1,0,7,2,6,50,13,9,1,5,4,6,6,4,4,5,5,5,2,17,20,3,10,3,1,B03,7,5,1,8,2,3,,20,20,1,12,4,B03,120.668999,24.214701,2
7224,66000,387130000C,(04)23274275,(04)23288582,2023,8,19,8,53,臺中市,北區,0,0,0,7,,,40,,,,,,,,,,,,,,,84,,,,,F01,,,7,,1,,,84,,1,13,4,F01,120.688116,24.153791,3
7225,66000,387130000C,(04)23274275,(04)23288582,2023,8,19,8,54,臺中市,北屯區,0,0,0,7,,,50,,,,,,,,,,,,,,,7,,,,,A02,,,1,,1,,,7,7,1,12,4,A02,120.721811,24.181854,3
7226,66000,387130000C,(04)23274275,(04)23288582,2023,8,19,8,58,臺中市,西屯區,0,0,0,7,,,30,,,,,,,,,,,,,,,43,,,,,B03,,,1,,2,,,43,,1,12,4,B03,120.659487,24.166613,3
7227,66000,387130000C,(04)23274275,(04)23288582,2023,8,19,9,0,臺中市,北屯區,0,0,0,7,,,50,,,,,,,,,,,,,,13,84,,,,,B03,,,1,,1,,,84,,1,6,4,B03,120.68477,24.200968,3
7228,66000,387130000C,(04)23274275,(04)23288582,2023,8,19,9,4,臺中市,北區,0,0,0,7,,,50,,,,,,,,,,,,,,13,7,,,,,B03,,,1,,2,,,7,,1,12,4,B03,120.677372,24.15385,3
7229,66000,387130000C,(04)23274275,(04)23288582,2023,8,19,9,5,臺中市,大雅區,0,0,0,7,,,50,,,,,,,,,,,,,,,55,,,,,C03,,,1,,2,,,55,,1,12,4,C03,120.645819,24.224966,3
7230,66000,387130000C,(04)23274275,(04)23288582,2023,8,19,9,5,臺中市,大里區,0,0,0,7,,,50,,,,,,,,,,,,,,,87,,,,,A12,,,1,,2,,,87,,1,12,4,A12,120.696222,24.105655,3
7231,66000,387130000C,(04)23274275,(04)23288582,2023,8,19,9,6,臺中市,西屯區,0,0,0,7,,,50,,,,,,,,,,,,,,,8,,,,,B03,,,1,,1,,,8,,1,13,4,B03,120.653258,24.160817,3
7232,66000,387130000C,(04)23274275,(04)23288582,2023,8,19,9,9,臺中市,豐原區,0,2,0,7,2,6,50,4,1,1,5,4,6,6,1,1,10,5,5,2,13,7,3,10,3,1,B03,7,9,1,8,2,5,,7,7,1,13,4,B03,120.745243,24.255251,2
7233,66000,387130000C,(04)23274275,(04)23288582,2023,8,19,9,10,臺中市,神岡區,0,0,0,7,,,60,,,,,,,,,,,,,,,59,,,,,B03,,,1,,2,,,59,,1,13,4,B03,120.704849,24.255109,3
7234,66000,387130000C,(04)23274275,(04)23288582,2023,8,19,9,15,臺中市,西區,0,1,0,7,2,6,50,13,9,1,5,4,6,6,4,4,5,5,5,2,28,118,,,,,,,,,,,,,118,118,1,,,,120.66477,24.147872,2
7235,66000,387130000C,(04)23274275,(04)23288582,2023,8,19,9,15,臺中市,大里區,0,0,0,7,,,50,,,,,,,,,,,,,,30,84,,,,,F01,,,7,,9,,,84,,1,12,4,F01,120.697403,24.08396,3
7236,66000,387130000C,(04)23274275,(04)23288582,2023,8,19,9,17,臺中市,龍井區,0,1,0,7,2,6,30,13,9,1,5,4,6,6,4,4,10,5,5,2,17,76,3,10,3,1,B03,7,13,1,8,2,4,,76,76,1,6,4,B03,120.585604,24.181696,2
7237,66000,387130000C,(04)23274275,(04)23288582,2023,8,19,9,18,臺中市,南區,0,0,0,7,,,50,,,,,,,,,,,,,,13,59,,,,,B03,,,1,,2,,,59,,1,12,4,B03,120.654485,24.123341,3
7238,66000,387130000C,(04)23274275,(04)23288582,2023,8,19,9,20,臺中市,神岡區,0,0,0,7,,,50,,,,,,,,,,,,,,12,8,,,,,C03,,,1,,2,,,8,,1,12,4,C03,120.662215,24.257886,3
7239,66000,387130000C,(04)23274275,(04)23288582,2023,8,19,9,25,臺中市,北屯區,0,0,0,7,,,50,,,,,,,,,,,,,,14,49,,,,,B02,,,1,,1,,,49,,1,12,4,B02,120.706467,24.174545,3
7240,66000,387130000C,(04)23274275,(04)23288582,2023,8,19,9,25,臺中市,西屯區,0,1,0,7,2,6,30,4,1,1,5,4,6,6,4,4,10,5,5,2,17,15,2,9,5,4,C03,7,9,1,10,2,12,,15,15,1,13,4,C03,120.64631,24.181923,2
7241,66000,387130000C,(04)23274275,(04)23288582,2023,8,19,9,37,臺中市,南屯區,0,0,0,7,,,30,,,,,,,,,,,,,,,51,,,,,B03,,,1,,2,,,51,51,1,12,4,B03,120.634339,24.1448,3
7242,66000,387130000C,(04)23274275,(04)23288582,2023,8,19,9,39,臺中市,南屯區,0,2,0,6,2,6,50,3,1,1,5,4,6,6,4,4,1,4,5,2,16,12,3,10,1,1,C03,7,5,1,10,2,11,,12,12,1,6,4,C03,120.646807,24.149946,2
7243,66000,387130000C,(04)23274275,(04)23288582,2023,8,19,9,47,臺中市,后里區,0,1,0,7,2,6,50,13,8,1,5,4,6,6,4,4,4,3,4,1,17,51,3,10,3,1,B03,7,1,1,8,2,8,,51,51,1,12,4,B03,120.713617,24.310179,2
7244,66000,387130000C,(04)23274275,(04)23288582,2023,8,19,9,49,臺中市,北區,0,0,0,7,,,50,,,,,,,,,,,,,,17,59,,,,,B03,,,1,,2,,,59,,1,12,4,B03,120.677372,24.15385,3
7245,66000,387130000C,(04)23274275,(04)23288582,2023,8,19,9,53,臺中市,北屯區,0,0,0,7,,,50,,,,,,,,,,,,,,,8,,,,,A12,,,1,,1,,,8,,1,13,4,A12,120.667562,24.179362,3
7246,66000,387130000C,(04)23274275,(04)23288582,2023,8,19,9,58,臺中市,大里區,0,0,0,7,,,50,,,,,,,,,,,,,,,51,,,,,B03,,,1,,2,,,51,,1,12,4,B03,120.724386,24.084424,3
7247,66000,387130000C,(04)23274275,(04)23288582,2023,8,19,10,1,臺中市,西屯區,0,1,0,7,3,6,50,13,7,1,5,4,6,6,4,4,1,4,4,2,12,87,3,10,3,1,B03,7,9,1,8,2,2,,87,87,1,12,4,B03,120.65674,24.17585,2
7248,66000,387130000C,(04)23274275,(04)23288582,2023,8,19,10,3,臺中市,北區,0,0,0,7,,,50,,,,,,,,,,,,,,13,84,,,,,B03,,,1,,1,,,84,,1,13,4,B03,120.68668,24.146332,3
7249,66000,387130000C,(04)23274275,(04)23288582,2023,8,19,10,3,臺中市,北屯區,0,2,0,7,3,6,50,13,7,1,5,4,6,6,4,4,7,5,4,2,17,51,3,10,3,1,B03,7,1,1,8,2,15,,51,51,1,12,4,B03,120.716162,24.179137,2
7250,66000,387130000C,(04)23274275,(04)23288582,2023,8,19,10,3,臺中市,大肚區,0,1,0,7,2,6,50,4,1,1,5,4,6,6,4,4,10,5,5,2,15,15,3,10,3,1,B03,7,9,1,8,2,8,,15,15,1,12,4,B03,120.539923,24.154396,2
7251,66000,387130000C,(04)23274275,(04)23288582,2023,8,19,10,4,臺中市,大甲區,0,0,0,7,,,60,,,,,,,,,,,,,,13,7,,,,,B03,,,1,,1,,,7,,1,6,4,B03,120.61323,24.404931,3
7252,66000,387130000C,(04)23274275,(04)23288582,2023,8,19,10,6,臺中市,大里區,0,0,0,7,,,30,,,,,,,,,,,,,,12,50,,,,,A12,,,1,,1,,,50,,1,6,4,A12,120.680026,24.111075,3
7253,66000,387130000C,(04)23274275,(04)23288582,2023,8,19,10,9,臺中市,神岡區,0,0,0,7,,,50,,,,,,,,,,,,,,,8,,,,,B03,,,1,,2,,,8,,1,12,4,B03,120.685344,24.246834,3
7254,66000,387130000C,(04)23274275,(04)23288582,2023,8,19,10,10,臺中市,沙鹿區,0,0,0,7,2,6,50,3,9,1,5,4,6,6,4,4,4,3,4,2,10,58,,,,,B03,,,1,,2,,,58,58,1,12,4,B03,120.580229,24.212351,3
7255,66000,387130000C,(04)23274275,(04)23288582,2023,8,19,10,13,臺中市,大雅區,0,0,0,6,,,50,,,,,,,,,,,,,,13,7,,,,,B03,,,1,,2,,,7,,1,10,4,B03,120.642256,24.229152,3
7256,66000,387130000C,(04)23274275,(04)23288582,2023,8,19,10,14,臺中市,北區,0,2,0,7,2,6,50,13,7,1,5,4,6,6,4,4,5,5,4,2,17,42,2,9,5,1,F01,7,15,7,21,2,14,,42,42,1,12,4,F01,120.675906,24.170372,2
7257,66000,387130000C,(04)23274275,(04)23288582,2023,8,19,10,16,臺中市,潭子區,0,0,0,7,,,50,,,,,,,,,,,,,,,59,,,,,B03,,,1,,2,,,59,,1,12,4,B03,120.715138,24.22932,3
7258,66000,387130000C,(04)23274275,(04)23288582,2023,8,19,10,16,臺中市,北屯區,0,0,0,7,,,30,,,,,,,,,,,,,,14,49,,,,,B03,,,1,,1,,,49,49,1,12,4,B03,120.702297,24.170752,3
7259,66000,387130000C,(04)23274275,(04)23288582,2023,8,19,10,24,臺中市,豐原區,0,1,0,6,2,6,50,5,1,1,5,4,6,6,1,1,1,2,4,2,17,23,3,10,3,1,B12,7,6,1,8,2,5,,23,23,1,13,4,B12,120.722392,24.277736,2
7260,66000,387130000C,(04)23274275,(04)23288582,2023,8,19,10,25,臺中市,東區,0,2,0,7,1,6,50,4,1,1,5,4,6,6,1,1,9,4,5,2,11,48,2,9,1,1,C03,7,9,1,10,2,14,12,87,48,1,12,4,C03,120.70128,24.142716,2
7261,66000,387130000C,(04)23274275,(04)23288582,2023,8,19,10,30,臺中市,北屯區,0,0,0,7,,,50,,,,,,,,,,,,,,17,84,,,,,B01,,,1,,1,,,84,,1,12,4,B01,120.690218,24.176626,4
7262,66000,387130000C,(04)23274275,(04)23288582,2023,8,19,10,30,臺中市,西屯區,0,1,0,7,3,6,40,4,2,1,5,4,6,6,2,1,1,3,1,1,17,84,3,10,3,1,B03,7,6,1,8,2,6,,84,84,1,13,4,B03,120.624383,24.178531,2
7263,66000,387130000C,(04)23274275,(04)23288582,2023,8,19,10,35,臺中市,沙鹿區,0,0,0,7,,,50,,,,,,,,,,,,,,,8,,,,,C03,,,1,,2,,,8,8,1,13,4,C03,120.61496,24.241705,3
7264,66000,387130000C,(04)23274275,(04)23288582,2023,8,19,10,38,臺中市,東區,0,0,0,7,,,50,,,,,,,,,,,,,,,39,,,,,B03,,,1,,2,,,39,,1,12,4,B03,120.689069,24.134083,3
7265,66000,387130000C,(04)23274275,(04)23288582,2023,8,19,10,38,臺中市,太平區,0,0,0,7,,,30,,,,,,,,,,,,,,14,49,,,,,B12,,,1,,2,,,49,49,1,12,4,B12,120.740098,24.13074,3
7266,66000,387130000C,(04)23274275,(04)23288582,2023,8,19,10,45,臺中市,梧棲區,0,0,0,7,,,50,,,,,,,,,,,,,,14,49,,,,,B12,,,1,,2,,,49,,1,6,4,B12,120.53242,24.257376,3
7267,66000,387130000C,(04)23274275,(04)23288582,2023,8,19,10,55,臺中市,豐原區,0,2,0,7,1,6,30,4,1,1,5,4,6,6,4,4,5,5,5,2,17,84,2,8,2,1,C02,7,5,1,9,2,12,,84,84,1,6,4,C02,120.721004,24.252854,2
7268,66000,387130000C,(04)23274275,(04)23288582,2023,8,19,11,3,臺中市,東區,0,0,0,7,,,50,,,,,,,,,,,,,,,56,,,,,B03,,,1,,2,,,56,,1,12,4,B03,120.68809,24.133661,3
7269,66000,387130000C,(04)23274275,(04)23288582,2023,8,19,11,10,臺中市,后里區,0,1,0,7,2,6,50,4,2,1,5,4,6,6,1,1,4,4,5,1,17,84,3,10,3,1,B03,7,7,1,8,2,5,,84,84,1,12,4,B03,120.730295,24.309292,2
7270,66000,387130000C,(04)23274275,(04)23288582,2023,8,19,11,12,臺中市,西屯區,0,1,0,7,2,6,50,4,1,1,5,4,6,6,2,1,10,5,5,2,16,11,3,10,5,1,B03,7,6,1,8,2,1,,11,11,1,13,4,B03,120.620195,24.187171,2
7271,66000,387130000C,(04)23274275,(04)23288582,2023,8,19,11,13,臺中市,北屯區,0,0,0,7,,,50,,,,,,,,,,,,,,,1,,,,,C03,,,1,,1,,,1,1,1,13,4,C03,120.719979,24.17574,3
7272,66000,387130000C,(04)23274275,(04)23288582,2023,8,19,11,13,臺中市,西屯區,0,0,0,7,,,50,,,,,,,,,,,,,,,87,,,,,B03,,,1,,1,,,87,87,1,12,4,B03,120.619102,24.187457,3
7273,66000,387130000C,(04)23274275,(04)23288582,2023,8,19,11,20,臺中市,烏日區,0,1,0,1,1,6,50,11,6,1,5,4,6,6,4,4,1,4,5,2,17,6,3,10,3,1,B03,7,8,1,8,9,7,,6,6,1,12,4,B03,120.616655,24.113803,2
7274,66000,387130000C,(04)23274275,(04)23288582,2023,8,19,11,23,臺中市,霧峰區,0,0,0,7,1,6,50,13,9,1,5,4,6,6,4,4,5,5,5,1,12,8,,,,,B03,,,1,,2,,,8,,1,12,4,B03,120.686453,24.053488,3
7275,66000,387130000C,(04)23274275,(04)23288582,2023,8,19,11,25,臺中市,東區,0,0,0,7,,,50,,,,,,,,,,,,,,,84,,,,,A41,,,1,,2,,,84,,1,13,4,A41,120.697256,24.133856,3
7276,66000,387130000C,(04)23274275,(04)23288582,2023,8,19,11,30,臺中市,南區,0,0,0,7,,,50,,,,,,,,,,,,,,,119,,,,,,,,,,,,,119,,1,,,,120.673927,24.129015,3
7277,66000,387130000C,(04)23274275,(04)23288582,2023,8,19,11,30,臺中市,大肚區,0,2,0,7,2,6,30,3,9,1,5,4,6,6,4,4,10,5,5,1,18,84,2,9,4,1,F02,7,9,7,21,8,12,,84,84,1,12,4,F02,120.541117,24.149239,2
7278,66000,387130000C,(04)23274275,(04)23288582,2023,8,19,11,30,臺中市,豐原區,0,2,0,6,3,6,30,13,9,1,3,4,6,6,4,4,10,5,5,2,18,84,2,9,5,4,C03,7,9,1,10,2,14,,84,84,1,12,4,C03,120.767705,24.228479,2
7279,66000,387130000C,(04)23274275,(04)23288582,2023,8,19,11,31,臺中市,南屯區,0,1,0,6,2,6,50,4,2,1,5,4,6,6,1,1,3,4,5,2,13,84,2,9,5,4,C03,7,9,1,10,2,11,,84,84,1,13,4,C03,120.646532,24.140021,2
7280,66000,387130000C,(04)23274275,(04)23288582,2023,8,19,11,35,臺中市,沙鹿區,0,1,0,7,2,6,30,11,8,1,5,4,6,6,4,4,4,5,4,1,18,84,2,9,2,1,C03,7,9,1,10,2,14,,84,84,1,12,4,C03,120.588808,24.252049,2
7281,66000,387130000C,(04)23274275,(04)23288582,2023,8,19,11,37,臺中市,南區,0,0,0,7,,,50,,,,,,,,,,,,,,17,84,,,,,B03,,,1,,2,,,84,,1,13,4,B03,120.650057,24.115607,3
7282,66000,387130000C,(04)23274275,(04)23288582,2023,8,19,11,39,臺中市,南屯區,0,0,0,7,,,50,,,,,,,,,,,,,,13,7,,,,,B03,,,1,,1,,,7,,1,12,4,B03,120.623141,24.145201,3
7283,66000,387130000C,(04)23274275,(04)23288582,2023,8,19,11,41,臺中市,北屯區,0,0,0,7,,,50,,,,,,,,,,,,,,13,84,,,,,A12,,,1,,1,,,84,,1,8,4,A12,120.686716,24.181674,4
7284,66000,387130000C,(04)23274275,(04)23288582,2023,8,19,11,42,臺中市,北區,0,1,0,7,1,6,50,3,7,1,5,4,6,6,1,1,1,4,5,2,16,14,3,10,3,1,B03,7,5,1,8,2,6,,14,11,1,12,4,B03,120.671934,24.163333,2
7285,66000,387130000C,(04)23274275,(04)23288582,2023,8,19,11,44,臺中市,西區,0,0,0,7,,,50,,,,,,,,,,,,,,13,11,,,,,B03,,,1,,2,,,11,,1,12,4,B03,120.674271,24.148307,4
7286,66000,387130000C,(04)23274275,(04)23288582,2023,8,19,11,44,臺中市,南區,0,1,0,7,2,6,50,4,1,1,5,4,6,6,1,1,10,5,5,2,11,4,3,10,1,1,C03,7,9,1,10,2,11,,87,4,1,12,4,C03,120.684116,24.131982,2
7287,66000,387130000C,(04)23274275,(04)23288582,2023,8,19,11,47,臺中市,大雅區,0,1,0,6,1,6,50,4,1,1,5,4,6,6,1,1,5,5,4,1,17,85,3,10,1,1,C03,7,6,1,10,2,13,,85,85,1,13,4,C03,120.650942,24.216443,2
7288,66000,387130000C,(04)23274275,(04)23288582,2023,8,19,11,47,臺中市,南區,0,2,0,7,1,6,50,4,9,1,5,4,6,6,1,1,9,4,5,2,18,59,2,9,1,1,C03,7,9,1,10,2,14,,59,59,1,12,4,C03,120.679589,24.118006,2
7289,66000,387130000C,(04)23274275,(04)23288582,2023,8,19,12,0,臺中市,神岡區,0,0,0,7,,,50,,,,,,,,,,,,,,13,7,,,,,C03,,,1,,1,,,7,,1,12,4,C03,120.689391,24.257879,3
7290,66000,387130000C,(04)23274275,(04)23288582,2023,8,19,12,5,臺中市,西屯區,0,2,0,7,2,6,40,4,19,1,5,4,6,6,2,1,10,5,5,2,3,10,2,9,6,5,H01,8,16,7,21,10,17,,119,10,1,13,5,H01,120.649796,24.162755,2
7291,66000,387130000C,(04)23274275,(04)23288582,2023,8,19,12,10,臺中市,北屯區,0,1,0,7,3,6,50,3,1,1,5,4,6,6,4,4,10,5,5,2,16,14,3,10,3,1,B03,7,6,1,8,2,1,,14,14,1,12,4,B03,120.741332,24.179839,2
7292,66000,387130000C,(04)23274275,(04)23288582,2023,8,19,12,10,臺中市,烏日區,0,0,0,7,,,50,,,,,,,,,,,,,,14,49,,,,,B03,,,1,,2,,,77,49,1,12,4,B03,120.636096,24.107045,3
7293,66000,387130000C,(04)23274275,(04)23288582,2023,8,19,12,15,臺中市,東勢區,0,0,0,7,,,50,,,,,,,,,,,,,,,8,,,,,B03,,,1,,2,,,8,,1,13,4,B03,120.824836,24.263079,3
7294,66000,387130000C,(04)23274275,(04)23288582,2023,8,19,12,16,臺中市,北屯區,0,0,0,7,,,50,,,,,,,,,,,,,,17,84,,,,,C03,,,1,,1,,,84,,1,12,4,C03,120.716899,24.175301,3
7295,66000,387130000C,(04)23274275,(04)23288582,2023,8,19,12,16,臺中市,西屯區,0,0,0,7,,,50,,,,,,,,,,,,,,,8,,,,,B03,,,1,,2,,,8,,1,12,4,B03,120.633749,24.161646,3
7296,66000,387130000C,(04)23274275,(04)23288582,2023,8,19,12,17,臺中市,東區,0,1,0,7,2,6,50,13,9,1,5,4,6,6,4,4,5,4,5,2,17,39,2,9,1,1,C03,7,15,1,10,2,13,,39,39,1,13,4,C03,120.696685,24.147835,2
7297,66000,387130000C,(04)23274275,(04)23288582,2023,8,19,12,21,臺中市,大里區,0,0,0,7,,,50,,,,,,,,,,,,,,,73,,,,,B12,,,1,,2,,,73,,1,12,4,B12,120.699489,24.107075,3
7298,66000,387130000C,(04)23274275,(04)23288582,2023,8,19,12,25,臺中市,南區,0,2,0,7,1,6,50,13,8,1,5,4,6,6,4,4,1,4,4,2,12,50,2,9,1,1,C03,7,3,1,10,2,13,,50,50,1,12,4,C03,120.660841,24.123411,2
7299,66000,387130000C,(04)23274275,(04)23288582,2023,8,19,12,28,臺中市,豐原區,0,1,0,7,2,6,50,4,1,1,5,4,6,6,4,4,10,5,5,2,15,12,3,10,3,1,B03,7,9,1,8,2,6,,12,12,1,13,4,B03,120.703949,24.243505,2
7300,66000,387130000C,(04)23274275,(04)23288582,2023,8,19,12,32,臺中市,北區,0,0,0,7,,,50,,,,,,,,,,,,,,13,7,,,,,B03,,,1,,1,,,7,,1,13,4,B03,120.680467,24.159014,3
7301,66000,387130000C,(04)23274275,(04)23288582,2023,8,19,12,33,臺中市,西屯區,0,1,0,7,3,6,50,13,9,1,5,4,6,6,4,4,2,3,5,1,17,76,3,10,3,1,B03,7,14,1,8,2,4,,76,76,1,13,4,B03,120.643373,24.165237,2
7302,66000,387130000C,(04)23274275,(04)23288582,2023,8,19,12,39,臺中市,西區,0,0,0,7,,,50,,,,,,,,,,,,,,2,84,,,,,B03,,,1,,2,,,84,,1,12,4,B03,120.656725,24.146574,3
7303,66000,387130000C,(04)23274275,(04)23288582,2023,8,19,12,40,臺中市,北區,0,1,0,7,2,6,50,5,1,1,5,4,6,6,1,1,5,2,5,2,16,39,3,10,3,1,B03,7,15,1,8,2,5,,39,39,1,12,4,B03,120.681961,24.144678,2
7304,66000,387130000C,(04)23274275,(04)23288582,2023,8,19,12,41,臺中市,北屯區,0,0,0,7,,,50,,,,,,,,,,,,,,,26,,,,,B03,,,1,,1,,,26,,1,13,4,B03,120.728565,24.171472,3
7305,66000,387130000C,(04)23274275,(04)23288582,2023,8,19,12,42,臺中市,南屯區,0,0,0,7,,,50,,,,,,,,,,,,,,,50,,,,,B03,,,1,,1,,,50,,1,12,4,B03,120.642338,24.13844,3
7306,66000,387130000C,(04)23274275,(04)23288582,2023,8,19,12,43,臺中市,烏日區,0,1,0,7,1,6,50,13,9,1,5,4,6,6,1,1,1,4,5,1,13,7,2,9,1,1,C03,7,9,1,10,2,11,,7,7,1,12,4,C03,120.61536,24.106111,2
7307,66000,387130000C,(04)23274275,(04)23288582,2023,8,19,12,47,臺中市,沙鹿區,0,0,0,7,,,50,,,,,,,,,,,,,,,49,,,,,B12,,,1,,1,,,49,49,1,13,4,B12,120.567278,24.229912,3
7308,66000,387130000C,(04)23274275,(04)23288582,2023,8,19,12,47,臺中市,神岡區,0,1,0,7,3,9,50,5,2,1,5,4,6,6,4,4,10,5,5,2,17,20,3,10,5,4,B03,7,6,1,8,2,4,,20,20,1,12,4,B03,120.695153,24.24698,2
7309,66000,387130000C,(04)23274275,(04)23288582,2023,8,19,12,49,臺中市,西屯區,0,0,0,7,,,50,,,,,,,,,,,,,,,7,,,,,C03,,,1,,1,,,7,,1,13,4,C03,120.667185,24.178003,3
7310,66000,387130000C,(04)23274275,(04)23288582,2023,8,19,12,50,臺中市,神岡區,0,3,0,6,1,6,50,3,1,1,5,4,6,6,1,1,5,4,4,2,16,21,2,9,1,4,C03,7,9,1,10,2,12,,21,21,1,11,4,C03,120.703497,24.262101,2
7311,66000,387130000C,(04)23274275,(04)23288582,2023,8,19,12,50,臺中市,豐原區,0,0,0,7,,,40,,,,,,,,,,,,,,14,49,,,,,B12,,,1,,2,,,49,,1,13,4,B12,120.718752,24.249499,3
7312,66000,387130000C,(04)23274275,(04)23288582,2023,8,19,12,52,臺中市,太平區,0,0,0,7,,,30,,,,,,,,,,,,,,17,78,,,,,B03,,,1,,2,,,78,,1,6,4,B03,120.818416,24.085715,3
7313,66000,387130000C,(04)23274275,(04)23288582,2023,8,19,12,56,臺中市,南區,0,0,0,7,,,50,,,,,,,,,,,,,,13,58,,,,,B03,,,1,,2,,,58,,1,13,4,B03,120.67017,24.114975,3
7314,66000,387130000C,(04)23274275,(04)23288582,2023,8,19,13,0,臺中市,南屯區,0,1,0,7,2,6,50,4,1,1,5,4,6,6,4,4,10,5,5,2,12,84,2,9,2,1,C03,7,9,1,10,2,11,,84,84,1,6,4,C03,120.641686,24.146869,2
7315,66000,387130000C,(04)23274275,(04)23288582,2023,8,19,13,5,臺中市,西區,0,3,0,7,2,6,40,3,1,1,5,4,6,6,4,4,10,5,5,2,16,14,2,9,2,1,C03,7,5,3,19,2,12,,14,14,1,13,4,C03,120.661587,24.155869,2
7316,66000,387130000C,(04)23274275,(04)23288582,2023,8,19,13,5,臺中市,中區,0,2,0,7,2,6,50,4,1,1,5,4,6,6,2,1,10,5,5,2,12,1,2,9,1,1,C03,7,5,1,10,1,11,,1,1,1,6,4,C03,120.6858,24.141551,2
7317,66000,387130000C,(04)23274275,(04)23288582,2023,8,19,13,5,臺中市,大里區,0,0,0,7,,,50,,,,,,,,,,,,,,16,11,,,,,B03,,,1,,1,,,11,11,1,13,4,B03,120.677955,24.115013,3
7318,66000,387130000C,(04)23274275,(04)23288582,2023,8,19,13,6,臺中市,太平區,0,2,0,7,2,6,30,4,1,1,5,4,6,6,4,4,5,5,5,2,15,15,2,9,1,1,C03,7,9,1,10,2,12,,15,15,1,12,4,C03,120.723196,24.125178,2
7319,66000,387130000C,(04)23274275,(04)23288582,2023,8,19,13,7,臺中市,東區,0,1,0,7,1,6,50,5,1,1,5,4,6,6,1,1,9,4,5,2,12,8,3,10,3,1,B03,7,9,1,8,2,4,,8,8,1,12,4,B03,120.693452,24.133073,2
7320,66000,387130000C,(04)23274275,(04)23288582,2023,8,19,13,12,臺中市,龍井區,0,2,0,7,2,6,50,3,1,1,5,4,6,6,4,4,10,5,5,2,16,14,2,9,3,1,B03,7,6,1,8,2,5,,14,14,1,6,4,B03,120.57195,24.179094,2