序號,縣市別代碼,機關代碼,市話,傳真,年,月,日,時,分,縣市,區,死亡數量,受傷數量,2-30,天候,光線,道路類別,速限,道路型態,事故位置,路面鋪裝,路面狀態,路面缺陷,障礙物,視距,號誌種類,號誌動作,分向設施,快車道或一般車道間,快慢車道間,路面邊線,事故類型及型態,主要肇因,受傷程度,主要傷處,保護裝備,行動電話,當事者區分(類別),車輛用途,當事者行動狀態,駕駛資格情形,駕駛執照種類,飲酒情形,車輛撞擊部位最初,車輛撞擊部位其他,肇事因素個別,肇事因素主要,肇事逃逸,職業,旅次目的,車種,GPS座標X,GPS座標Y,事故類別
7321,66000,387130000C,(04)23274275,(04)23288582,2023,8,19,13,20,臺中市,北區,0,1,0,7,2,6,50,3,4,1,5,4,6,6,1,1,5,4,5,2,13,59,3,10,3,1,B01,7,9,1,2,2,1,,59,59,1,12,4,B01,120.668305,24.166829,2
7322,66000,387130000C,(04)23274275,(04)23288582,2023,8,19,13,27,臺中市,太平區,0,1,0,7,2,6,50,13,7,1,5,4,6,6,1,1,5,5,4,1,13,53,2,9,1,4,C03,7,9,3,19,6,11,,53,53,1,13,4,C03,120.734184,24.121896,2
7323,66000,387130000C,(04)23274275,(04)23288582,2023,8,19,13,28,臺中市,中區,0,0,0,7,,,50,,,,,,,,,,,,,,12,42,,,,,C03,,,1,,2,,,42,,1,12,4,C03,120.68247,24.14039,3
7324,66000,387130000C,(04)23274275,(04)23288582,2023,8,19,13,33,臺中市,西區,0,1,0,7,2,6,50,3,1,1,5,4,6,6,4,4,5,5,5,2,18,84,2,9,5,4,C03,7,9,1,10,9,12,,84,84,1,12,4,C03,120.66315,24.144333,2
7325,66000,387130000C,(04)23274275,(04)23288582,2023,8,19,13,33,臺中市,沙鹿區,0,0,0,7,,,50,,,,,,,,,,,,,,,58,,,,,B03,,,1,,2,,,58,58,1,12,4,B03,120.562242,24.238177,3
7326,66000,387130000C,(04)23274275,(04)23288582,2023,8,19,13,33,臺中市,大甲區,0,1,0,7,3,6,50,4,1,1,5,4,6,6,1,1,10,5,5,2,17,48,2,9,1,1,F01,7,6,7,21,2,11,,48,48,1,13,4,F01,120.624957,24.352198,2
7327,66000,387130000C,(04)23274275,(04)23288582,2023,8,19,13,34,臺中市,西屯區,0,1,0,7,2,6,50,3,2,1,5,4,6,6,1,1,1,4,4,2,17,43,3,10,5,4,B03,7,9,1,8,2,2,,43,43,1,12,4,B03,120.653331,24.202951,2
7328,66000,387130000C,(04)23274275,(04)23288582,2023,8,19,13,35,臺中市,烏日區,0,0,0,7,1,6,50,13,9,1,5,4,6,6,1,1,1,4,5,1,13,7,,,,,B03,,,1,,2,,,7,,1,12,4,B03,120.611197,24.10757,3
7329,66000,387130000C,(04)23274275,(04)23288582,2023,8,19,13,35,臺中市,烏日區,0,0,0,7,,,30,,,,,,,,,,,,,,16,51,,,,,B03,,,1,,2,,,51,,1,13,4,B03,120.615242,24.114059,3
7330,66000,387130000C,(04)23274275,(04)23288582,2023,8,19,13,37,臺中市,北區,0,1,0,7,1,6,50,13,9,1,5,4,6,6,1,1,5,5,5,2,16,48,3,10,3,1,B03,7,6,1,8,2,2,,48,48,1,12,4,B03,120.67192,24.171681,2
7331,66000,387130000C,(04)23274275,(04)23288582,2023,8,19,13,41,臺中市,太平區,0,2,0,7,2,6,50,13,9,1,5,4,6,6,4,4,5,5,5,2,17,48,2,9,1,1,C03,7,6,1,10,2,14,,48,48,1,12,4,C03,120.701809,24.14793,2
7332,66000,387130000C,(04)23274275,(04)23288582,2023,8,19,13,42,臺中市,烏日區,0,1,0,7,1,6,50,3,1,1,5,4,6,6,1,1,9,4,4,2,17,48,3,10,3,1,B03,7,6,1,8,2,5,,48,48,1,12,4,B03,120.60793,24.117784,2
7333,66000,387130000C,(04)23274275,(04)23288582,2023,8,19,13,45,臺中市,北屯區,0,0,0,7,,,50,,,,,,,,,,,,,,,84,,,,,B03,,,1,,1,,,84,,1,6,4,B03,120.680437,24.201032,3
7334,66000,387130000C,(04)23274275,(04)23288582,2023,8,19,13,47,臺中市,東勢區,0,1,0,7,2,6,50,4,2,1,5,4,6,6,4,4,4,3,5,1,30,56,2,9,3,1,B03,7,9,1,8,2,1,,56,56,1,13,4,B03,120.830098,24.256626,2
7335,66000,387130000C,(04)23274275,(04)23288582,2023,8,19,13,47,臺中市,豐原區,0,0,0,7,,,50,,,,,,,,,,,,,,17,59,,,,,B03,,,1,,2,,,59,,1,12,4,B03,120.719262,24.251934,3
7336,66000,387130000C,(04)23274275,(04)23288582,2023,8,19,13,48,臺中市,南區,0,0,0,7,,,50,,,,,,,,,,,,,,13,7,,,,,B03,,,1,,2,,,7,,1,13,4,B03,120.661678,24.121987,3
7337,66000,387130000C,(04)23274275,(04)23288582,2023,8,19,13,48,臺中市,西屯區,0,1,0,7,3,6,50,4,1,1,5,4,6,6,1,1,10,5,5,2,17,38,3,10,3,4,B03,7,5,1,8,2,5,,38,38,1,13,4,B03,120.671302,24.167123,2
7338,66000,387130000C,(04)23274275,(04)23288582,2023,8,19,13,49,臺中市,北屯區,1,0,0,7,2,6,50,4,1,1,5,4,6,6,1,1,10,5,5,2,15,21,3,10,3,1,B03,7,9,1,8,2,1,,21,21,1,12,4,B03,120.659202,24.184759,1
7339,66000,387130000C,(04)23274275,(04)23288582,2023,8,19,13,50,臺中市,南屯區,0,0,0,7,,,50,,,,,,,,,,,,,,14,49,,,,,B03,,,1,8,1,,,49,49,1,12,4,B03,120.650068,24.143343,3
7340,66000,387130000C,(04)23274275,(04)23288582,2023,8,19,13,52,臺中市,沙鹿區,0,0,0,7,,,50,,,,,,,,,,,,,,,59,,,,,B03,,,1,,2,,,59,59,1,12,5,B03,120.55789,24.235039,3
7341,66000,387130000C,(04)23274275,(04)23288582,2023,8,19,13,54,臺中市,烏日區,0,1,0,7,1,6,50,13,7,1,5,4,6,6,4,4,5,5,4,2,12,1,3,10,3,1,B03,7,4,1,8,2,2,,1,1,1,12,4,B03,120.6068,24.123728,2
7342,66000,387130000C,(04)23274275,(04)23288582,2023,8,19,13,55,臺中市,北區,0,0,0,7,,,50,,,,,,,,,,,,,,17,87,,,,,B03,,,1,,1,,,87,,1,12,4,B03,120.68645,24.153562,3
7343,66000,387130000C,(04)23274275,(04)23288582,2023,8,19,13,57,臺中市,豐原區,0,0,0,7,,,50,,,,,,,,,,,,,,12,35,,,,,B03,,,1,,2,,,35,,1,12,4,B03,120.724062,24.260506,3
7344,66000,387130000C,(04)23274275,(04)23288582,2023,8,19,13,58,臺中市,后里區,0,2,0,7,2,6,30,11,9,1,5,4,6,6,4,4,10,5,5,1,19,57,2,9,3,1,B03,7,9,1,8,2,2,,57,57,1,12,4,B03,120.680607,24.292774,2
7345,66000,387130000C,(04)23274275,(04)23288582,2023,8,19,13,59,臺中市,西區,0,1,0,7,2,6,50,4,1,1,5,4,6,6,2,1,10,5,5,2,16,11,3,10,5,1,B03,7,5,1,8,2,5,,11,11,1,12,4,B03,120.665242,24.146696,2
7346,66000,387130000C,(04)23274275,(04)23288582,2023,8,19,14,0,臺中市,龍井區,0,1,0,7,3,6,15,4,1,1,5,4,6,6,4,4,10,5,5,2,17,20,3,10,2,1,C03,7,6,1,10,2,13,,20,20,1,5,4,C03,120.548049,24.213842,2
7347,66000,387130000C,(04)23274275,(04)23288582,2023,8,19,14,2,臺中市,南屯區,0,0,0,7,,,50,,,,,,,,,,,,,,,8,,,,,C03,,,1,,1,,,8,,1,11,4,C03,120.638729,24.141905,3
7348,66000,387130000C,(04)23274275,(04)23288582,2023,8,19,14,3,臺中市,西屯區,0,1,0,7,2,6,30,4,1,1,5,4,6,6,4,4,10,5,5,2,17,12,3,10,5,4,B03,7,9,1,8,2,4,,12,12,1,13,4,B03,120.652857,24.158672,2
7349,66000,387130000C,(04)23274275,(04)23288582,2023,8,19,14,5,臺中市,大甲區,0,0,0,7,,,50,,,,,,,,,,,,,,12,7,,,,,C03,,,1,,1,,,7,,1,13,4,C03,120.620464,24.34815,4
7350,66000,387130000C,(04)23274275,(04)23288582,2023,8,19,14,8,臺中市,大雅區,0,1,0,6,1,6,50,3,1,1,5,4,6,6,3,1,1,4,4,1,17,7,3,10,3,1,B03,7,9,1,8,2,1,,7,7,1,13,4,B03,120.663917,24.218571,2
7351,66000,387130000C,(04)23274275,(04)23288582,2023,8,19,14,11,臺中市,北區,0,0,0,7,,,50,,,,,,,,,,,,,,17,84,,,,,F01,,,7,,2,,,84,,1,13,4,F01,120.674276,24.173685,3
7352,66000,387130000C,(04)23274275,(04)23288582,2023,8,19,14,18,臺中市,南區,0,1,0,6,2,6,40,13,8,1,5,4,6,6,4,4,1,4,4,2,13,84,2,9,1,1,C03,7,9,1,10,2,11,,84,84,1,13,4,C03,120.662668,24.123622,2
7353,66000,387130000C,(04)23274275,(04)23288582,2023,8,19,14,18,臺中市,大里區,0,0,0,7,,,50,,,,,,,,,,,,,,12,40,,,,,B03,,,1,,2,,,40,,1,13,4,B03,120.681096,24.105353,3
7354,66000,387130000C,(04)23274275,(04)23288582,2023,8,19,14,20,臺中市,北屯區,0,0,0,7,,,50,,,,,,,,,,,,,,,85,,,,,,,,,,,,,85,85,1,,,,120.687078,24.187276,3
7355,66000,387130000C,(04)23274275,(04)23288582,2023,8,19,14,20,臺中市,西屯區,0,0,0,7,,,50,,,,,,,,,,,,,,,7,,,,,C03,,,1,,1,,,7,,1,12,4,C03,120.653327,24.167679,3
7356,66000,387130000C,(04)23274275,(04)23288582,2023,8,19,14,20,臺中市,霧峰區,0,0,0,7,,,30,,,,,,,,,,,,,,17,51,,,,,B03,,,1,,2,,,51,51,1,12,4,B03,120.716651,24.075507,3
7357,66000,387130000C,(04)23274275,(04)23288582,2023,8,19,14,22,臺中市,西屯區,0,0,0,7,,,50,,,,,,,,,,,,,,,7,,,,,B03,,,1,,1,,,7,,1,13,4,B03,120.621549,24.180068,3
7358,66000,387130000C,(04)23274275,(04)23288582,2023,8,19,14,29,臺中市,東區,0,1,0,7,2,6,50,3,1,1,5,4,6,6,4,4,10,5,5,2,17,51,2,8,1,1,C03,7,1,3,19,2,14,,51,51,1,13,4,C03,120.696252,24.12722,2
7359,66000,387130000C,(04)23274275,(04)23288582,2023,8,19,14,33,臺中市,霧峰區,0,0,0,7,1,6,50,13,9,1,5,4,6,,4,4,5,5,4,1,13,7,,,,,A02,,,1,,2,,,7,,1,6,4,A02,120.698315,24.061798,3
7360,66000,387130000C,(04)23274275,(04)23288582,2023,8,19,14,41,臺中市,北區,0,1,0,7,2,6,50,4,2,1,5,4,6,6,2,1,3,4,5,2,16,47,3,10,3,1,B03,7,5,1,8,2,6,,47,47,1,12,4,B03,120.691041,24.158738,2
7361,66000,387130000C,(04)23274275,(04)23288582,2023,8,19,14,44,臺中市,西屯區,0,0,0,7,,,50,,,,,,,,,,,,,,,7,,,,,B01,,,1,,1,,,7,,1,13,4,B01,120.637395,24.168201,3
7362,66000,387130000C,(04)23274275,(04)23288582,2023,8,19,14,52,臺中市,龍井區,0,2,0,7,3,6,30,4,1,1,5,4,6,6,4,4,10,5,5,2,15,20,3,10,3,1,B03,7,9,1,8,2,1,,20,20,1,6,4,B03,120.524099,24.193006,2
7363,66000,387130000C,(04)23274275,(04)23288582,2023,8,19,14,55,臺中市,南屯區,0,2,0,7,2,6,40,4,1,1,5,4,6,6,2,1,10,5,5,2,16,11,3,10,3,1,B03,7,5,1,8,2,5,,11,11,1,12,4,B03,120.633262,24.123785,2
7364,66000,387130000C,(04)23274275,(04)23288582,2023,8,19,14,55,臺中市,沙鹿區,0,0,0,7,,,50,,,,,,,,,,,,,,,15,,,,,C03,,,1,,2,,,15,15,1,12,4,C03,120.560601,24.237886,3
7365,66000,387130000C,(04)23274275,(04)23288582,2023,8,19,14,55,臺中市,大甲區,0,1,0,7,3,6,50,4,1,1,5,4,6,6,4,4,10,5,5,2,15,15,3,10,3,1,B03,7,9,1,8,2,1,,15,15,1,13,4,B03,120.626494,24.374996,2
7366,66000,387130000C,(04)23274275,(04)23288582,2023,8,19,14,59,臺中市,西區,0,2,0,6,3,6,40,4,8,1,5,4,6,6,1,1,1,4,4,2,13,7,2,9,5,4,C03,7,9,1,10,2,11,,7,7,1,12,4,C03,120.663855,24.140035,2
7367,66000,387130000C,(04)23274275,(04)23288582,2023,8,19,14,59,臺中市,東區,0,1,0,6,3,6,50,4,1,1,5,4,6,6,2,1,10,5,5,2,16,22,3,10,2,1,C03,7,5,1,10,2,13,,22,22,1,12,4,C03,120.697296,24.147958,2
7368,66000,387130000C,(04)23274275,(04)23288582,2023,8,19,15,4,臺中市,北屯區,0,2,0,6,3,6,40,4,1,1,5,4,6,6,1,1,10,5,5,2,12,48,2,9,5,4,F01,7,6,7,21,2,11,,48,48,1,13,4,F01,120.681532,24.171114,2
7369,66000,387130000C,(04)23274275,(04)23288582,2023,8,19,15,5,臺中市,東勢區,0,0,0,5,3,6,50,13,9,1,4,4,6,6,4,4,5,5,5,1,19,83,,,,,B12,,,1,,9,,,83,,1,12,4,B12,120.841997,24.169229,3
7370,66000,387130000C,(04)23274275,(04)23288582,2023,8,19,15,6,臺中市,大里區,0,0,0,7,,,30,,,,,,,,,,,,,,9,58,,,,,F01,,,7,,2,,,58,,1,2,4,F01,120.677898,24.115541,3
7371,66000,387130000C,(04)23274275,(04)23288582,2023,8,19,15,15,臺中市,南屯區,0,1,0,7,2,6,50,4,1,1,5,4,6,6,1,1,10,5,5,2,13,23,2,9,2,1,C03,7,6,1,10,2,12,,23,23,1,12,4,C03,120.649964,24.132011,2
7372,66000,387130000C,(04)23274275,(04)23288582,2023,8,19,15,15,臺中市,西屯區,0,0,0,7,,,30,,,,,,,,,,,,,,,49,,,,,B03,,,1,,1,,,49,,1,13,4,B03,120.659911,24.201647,3
7373,66000,387130000C,(04)23274275,(04)23288582,2023,8,19,15,20,臺中市,潭子區,0,0,0,7,,,30,,,,,,,,,,,,,,9,59,,,,,B03,,,1,,2,,,59,,1,13,4,B03,120.710942,24.214902,3
7374,66000,387130000C,(04)23274275,(04)23288582,2023,8,19,15,20,臺中市,北區,0,0,0,7,,,50,,,,,,,,,,,,,,13,7,,,,,C03,,,1,,1,,,7,,1,12,4,C03,120.682796,24.146222,4
7375,66000,387130000C,(04)23274275,(04)23288582,2023,8,19,15,21,臺中市,南區,0,2,0,7,2,6,50,4,1,1,5,4,6,6,1,1,10,5,5,2,17,47,3,10,3,1,B03,7,5,1,8,2,2,,47,47,1,12,4,B03,120.655229,24.129412,2
7376,66000,387130000C,(04)23274275,(04)23288582,2023,8,19,15,22,臺中市,東區,0,0,0,7,,,50,,,,,,,,,,,,,,17,49,,,,,B03,,,1,,2,,,49,,1,13,4,B03,120.69779,24.142135,3
7377,66000,387130000C,(04)23274275,(04)23288582,2023,8,19,15,23,臺中市,北屯區,0,1,0,7,2,6,50,4,1,1,5,4,6,6,2,1,10,5,5,2,21,84,2,1,3,1,B03,7,9,1,8,2,1,,84,84,1,12,4,B03,120.685417,24.170805,2
7378,66000,387130000C,(04)23274275,(04)23288582,2023,8,19,15,26,臺中市,西屯區,0,0,0,7,,,70,,,,,,,,,,,,,,,84,,,,,B03,,,1,,1,,,84,,1,12,4,B03,120.625273,24.178191,3
7379,66000,387130000C,(04)23274275,(04)23288582,2023,8,19,15,29,臺中市,太平區,0,0,0,7,,,40,,,,,,,,,,,,,,13,39,,,,,B03,,,1,,2,,,39,,1,12,4,B03,120.716256,24.150348,3
7380,66000,387130000C,(04)23274275,(04)23288582,2023,8,19,15,30,臺中市,西屯區,0,1,0,7,2,6,50,13,9,1,5,4,6,6,4,4,1,3,5,2,17,85,2,9,1,1,C03,7,9,1,10,2,11,,85,85,1,13,4,C03,120.644036,24.160963,2
7381,66000,387130000C,(04)23274275,(04)23288582,2023,8,19,15,33,臺中市,北屯區,0,0,0,7,,,50,,,,,,,,,,,,,,,84,,,,,B03,,,1,,1,,,84,,1,6,4,B03,120.661848,24.190025,3
7382,66000,387130000C,(04)23274275,(04)23288582,2023,8,19,15,41,臺中市,北區,0,1,0,7,2,6,50,13,9,1,5,4,6,6,4,4,1,4,4,2,16,32,3,10,5,1,B03,7,11,1,8,2,5,,32,32,1,13,4,B03,120.672676,24.16791,2
7383,66000,387130000C,(04)23274275,(04)23288582,2023,8,19,15,43,臺中市,豐原區,0,0,0,7,,,50,,,,,,,,,,,,,,17,42,,,,,C03,,,1,,2,,,42,42,1,13,4,C03,120.719133,24.248088,3
7384,66000,387130000C,(04)23274275,(04)23288582,2023,8,19,15,44,臺中市,北區,0,1,0,7,2,6,50,13,9,1,5,4,6,6,4,4,5,5,5,2,12,51,3,10,5,1,B03,7,1,1,8,2,8,,51,51,1,13,4,B03,120.666517,24.15514,2
7385,66000,387130000C,(04)23274275,(04)23288582,2023,8,19,15,45,臺中市,后里區,0,0,0,7,,,50,,,,,,,,,,,,,,16,20,,,,,B03,,,1,,2,,,20,,1,6,4,B03,120.706937,24.312003,3
7386,66000,387130000C,(04)23274275,(04)23288582,2023,8,19,15,45,臺中市,大甲區,0,1,0,5,3,6,50,3,1,1,4,4,6,6,3,1,10,5,5,2,15,24,2,9,1,1,C03,7,3,1,10,2,11,,24,24,1,13,4,C03,120.622367,24.356012,2
7387,66000,387130000C,(04)23274275,(04)23288582,2023,8,19,15,47,臺中市,西屯區,0,2,0,7,2,6,30,4,1,1,5,4,6,6,1,1,1,4,5,2,15,21,2,8,5,4,C03,7,9,1,10,2,16,,21,21,1,12,4,C03,120.651942,24.178105,2
7388,66000,387130000C,(04)23274275,(04)23288582,2023,8,19,15,49,臺中市,西屯區,0,0,0,7,,,60,,,,,,,,,,,,,,,40,,,,,B03,,,1,,1,,,40,,1,13,4,B03,120.630765,24.162551,3
7389,66000,387130000C,(04)23274275,(04)23288582,2023,8,19,15,52,臺中市,北屯區,0,2,0,7,2,6,50,13,9,1,5,4,6,6,4,4,1,4,5,2,17,85,2,8,2,1,C03,7,9,1,10,9,14,,85,85,1,12,4,C03,120.694958,24.183412,2
7390,66000,387130000C,(04)23274275,(04)23288582,2023,8,19,15,55,臺中市,南區,0,0,0,7,,,40,,,,,,,,,,,,,,,7,,,,,B02,,,1,,2,,,7,,1,13,4,B02,120.644972,24.112218,3
7391,66000,387130000C,(04)23274275,(04)23288582,2023,8,19,15,55,臺中市,神岡區,0,1,0,7,3,6,50,4,1,1,5,4,6,6,1,1,5,5,5,1,17,23,2,9,4,1,F01,7,6,7,21,2,14,,23,23,1,13,4,F01,120.657228,24.256067,2
7392,66000,387130000C,(04)23274275,(04)23288582,2023,8,19,16,1,臺中市,西屯區,0,0,0,7,,,50,,,,,,,,,,,,,,13,7,,,,,C03,,,1,,1,,,7,,1,12,4,C03,120.645133,24.180214,3
7393,66000,387130000C,(04)23274275,(04)23288582,2023,8,19,16,7,臺中市,太平區,0,0,0,7,,,30,,,,,,,,,,,,,,,84,,,,,B03,,,1,,2,,,84,,1,12,4,B03,120.724631,24.133282,3
7394,66000,387130000C,(04)23274275,(04)23288582,2023,8,19,16,8,臺中市,霧峰區,0,2,0,7,3,6,30,5,1,1,5,4,6,6,3,1,10,5,5,2,17,11,2,9,1,1,C03,7,6,1,10,2,12,,11,11,1,12,4,C03,120.715188,24.073348,2
7395,66000,387130000C,(04)23274275,(04)23288582,2023,8,19,16,14,臺中市,北區,0,0,0,7,,,30,,,,,,,,,,,,,,17,59,,,,,B03,,,1,,2,,,59,,1,12,4,B03,120.680432,24.158614,3
7396,66000,387130000C,(04)23274275,(04)23288582,2023,8,19,16,14,臺中市,西屯區,0,1,0,7,3,6,40,13,9,1,5,4,6,6,4,4,8,4,4,1,17,76,3,10,5,4,B03,7,13,1,8,2,4,,76,76,1,13,4,B03,120.667869,24.174836,2
7397,66000,387130000C,(04)23274275,(04)23288582,2023,8,19,16,17,臺中市,西區,0,3,0,7,2,6,50,4,1,1,5,4,6,6,1,1,10,5,5,2,16,48,2,9,2,1,C03,7,6,1,10,2,14,,48,48,1,13,4,C03,120.657261,24.139286,2
7398,66000,387130000C,(04)23274275,(04)23288582,2023,8,19,16,24,臺中市,梧棲區,0,1,0,7,2,6,60,13,9,1,5,4,6,6,4,4,1,4,4,1,12,59,3,10,1,1,C03,7,9,1,10,2,12,,59,59,2,6,4,C03,120.538006,24.255205,2
7399,66000,387130000C,(04)23274275,(04)23288582,2023,8,19,16,28,臺中市,北區,0,3,0,6,2,6,50,13,9,1,5,4,6,6,4,4,1,4,5,2,17,51,3,10,3,1,B03,7,1,1,3,2,8,,51,51,1,12,4,B03,120.675342,24.149112,2
7400,66000,387130000C,(04)23274275,(04)23288582,2023,8,19,16,33,臺中市,西屯區,0,0,0,7,,,50,,,,,,,,,,,,,,,84,,,,,C03,,,1,,1,,,84,,1,12,4,C03,120.659646,24.161057,3
7401,66000,387130000C,(04)23274275,(04)23288582,2023,8,19,16,36,臺中市,北區,0,1,0,7,1,6,50,4,1,1,5,4,6,6,1,1,2,5,5,2,18,84,2,9,2,1,C03,7,9,1,10,2,16,,84,84,1,12,4,C03,120.682365,24.163041,2
7402,66000,387130000C,(04)23274275,(04)23288582,2023,8,19,16,43,臺中市,西屯區,0,0,0,7,,,60,,,,,,,,,,,,,,17,84,,,,,B03,,,1,,1,,,84,,1,13,4,B03,120.62904,24.163157,3
7403,66000,387130000C,(04)23274275,(04)23288582,2023,8,19,16,44,臺中市,大里區,0,0,0,7,,,50,,,,,,,,,,,,,,13,8,,,,,A02,,,1,,2,,,8,,1,6,4,A02,120.686638,24.121263,3
7404,66000,387130000C,(04)23274275,(04)23288582,2023,8,19,16,46,臺中市,大里區,0,2,0,7,1,6,50,3,1,1,5,4,6,6,4,4,5,5,4,1,17,51,2,7,1,1,C03,7,1,3,19,4,11,,51,51,1,13,4,C03,120.700386,24.110334,2
7405,66000,387130000C,(04)23274275,(04)23288582,2023,8,19,16,50,臺中市,南屯區,0,1,0,7,3,6,50,3,1,1,5,4,6,6,4,4,10,5,5,2,16,14,3,10,5,4,B03,7,5,1,8,2,15,,14,14,1,12,4,B03,120.634204,24.143912,2
7406,66000,387130000C,(04)23274275,(04)23288582,2023,8,19,16,56,臺中市,北屯區,0,2,0,6,3,6,50,13,9,1,5,4,6,6,4,4,5,4,5,2,13,7,2,8,5,4,C03,7,9,1,10,2,11,,7,7,1,13,4,C03,120.698515,24.170323,2
7407,66000,387130000C,(04)23274275,(04)23288582,2023,8,19,16,56,臺中市,太平區,0,0,0,7,,,30,,,,,,,,,,,,,,12,8,,,,,B01,,,1,,2,,,8,,1,12,4,B01,120.704627,24.113602,3
7408,66000,387130000C,(04)23274275,(04)23288582,2023,8,19,16,57,臺中市,西區,0,0,0,7,,,50,,,,,,,,,,,,,,,84,,,,,B03,,,1,,2,,,84,,1,6,4,B03,120.662093,24.130103,4
7409,66000,387130000C,(04)23274275,(04)23288582,2023,8,19,17,4,臺中市,大里區,0,0,0,7,,,30,,,,,,,,,,,,,,,50,,,,,B03,,,1,,2,,,50,,1,6,4,B03,120.694691,24.087976,3
7410,66000,387130000C,(04)23274275,(04)23288582,2023,8,19,17,7,臺中市,東區,0,0,0,7,,,50,,,,,,,,,,,,,,2,1,,,,,B03,,,1,8,2,,,1,1,1,12,4,B03,120.700736,24.133546,3
7411,66000,387130000C,(04)23274275,(04)23288582,2023,8,19,17,14,臺中市,北屯區,0,1,0,7,2,6,50,4,1,1,5,4,6,6,1,1,10,5,5,2,18,84,2,8,2,1,C03,7,5,1,10,2,14,,84,84,1,12,4,C03,120.678815,24.168569,2
7412,66000,387130000C,(04)23274275,(04)23288582,2023,8,19,17,26,臺中市,清水區,0,1,0,7,2,6,30,5,1,1,5,4,6,6,4,4,10,5,5,2,16,15,3,10,3,1,B03,7,9,1,8,2,2,,15,15,1,12,4,B03,120.565493,24.258185,2
7413,66000,387130000C,(04)23274275,(04)23288582,2023,8,19,17,27,臺中市,東區,0,0,0,7,,,50,,,,,,,,,,,,,,,84,,,,,B03,,,1,,2,,,84,,1,12,4,B03,120.698852,24.125078,3
7414,66000,387130000C,(04)23274275,(04)23288582,2023,8,19,17,27,臺中市,烏日區,0,0,0,7,,,60,,,,,,,,,,,,,,,7,,,,,B03,,,1,,2,,,7,,1,12,4,B03,120.641998,24.109181,3
7415,66000,387130000C,(04)23274275,(04)23288582,2023,8,19,17,28,臺中市,南屯區,0,1,0,7,2,6,50,4,1,1,5,4,6,6,4,4,10,5,5,2,15,15,2,8,2,1,C03,7,9,1,10,2,12,,15,15,1,6,4,C03,120.650581,24.155212,2
7416,66000,387130000C,(04)23274275,(04)23288582,2023,8,19,17,30,臺中市,大里區,0,2,0,7,3,6,50,4,2,1,5,4,6,6,4,4,5,5,5,1,17,39,2,9,1,1,C03,7,1,3,19,2,11,,39,39,1,12,4,C03,120.708946,24.082625,2
7417,66000,387130000C,(04)23274275,(04)23288582,2023,8,19,17,33,臺中市,西屯區,0,0,0,7,,,70,,,,,,,,,,,,,,,84,,,,,B03,,,1,,1,,,84,,1,12,4,B03,120.593057,24.183044,3
7418,66000,387130000C,(04)23274275,(04)23288582,2023,8,19,17,35,臺中市,大里區,0,1,0,7,2,6,50,4,2,1,5,4,6,6,2,1,5,4,4,1,16,21,3,10,3,1,A02,7,9,1,2,2,8,,21,21,1,6,4,A02,120.689964,24.11003,2
7419,66000,387130000C,(04)23274275,(04)23288582,2023,8,19,17,36,臺中市,北屯區,0,0,0,7,,,50,,,,,,,,,,,,,,13,84,,,,,B03,,,1,,1,,,84,,1,12,4,B03,120.715149,24.164191,3
7420,66000,387130000C,(04)23274275,(04)23288582,2023,8,19,17,40,臺中市,南屯區,0,0,0,7,,,50,,,,,,,,,,,,,,13,7,,,,,B12,,,1,8,1,,,7,7,1,12,4,B12,120.624147,24.149373,3
7421,66000,387130000C,(04)23274275,(04)23288582,2023,8,19,17,45,臺中市,石岡區,0,0,0,7,,,70,,,,,,,,,,,,,,13,84,,,,,B03,,,1,,2,,,84,,1,12,4,B03,120.773597,24.274844,3
7422,66000,387130000C,(04)23274275,(04)23288582,2023,8,19,17,50,臺中市,北區,0,1,0,7,2,6,30,13,9,1,5,4,6,6,4,4,10,5,5,2,17,84,3,10,5,1,C03,7,9,2,19,2,11,,84,84,1,13,4,C03,120.678811,24.167995,2
7423,66000,387130000C,(04)23274275,(04)23288582,2023,8,19,17,51,臺中市,北屯區,0,3,0,7,2,6,80,13,17,1,5,4,6,6,4,4,1,5,5,2,13,59,3,10,3,1,B03,7,9,1,8,2,1,,59,59,1,12,4,B03,120.692567,24.201115,2
7424,66000,387130000C,(04)23274275,(04)23288582,2023,8,19,17,53,臺中市,烏日區,0,0,0,7,1,6,50,13,9,1,5,4,6,6,4,4,1,4,5,1,17,8,,,,,B03,,,1,,2,,,8,,1,12,4,B03,120.642844,24.10948,3
7425,66000,387130000C,(04)23274275,(04)23288582,2023,8,19,17,58,臺中市,西屯區,0,1,0,7,3,9,50,4,9,1,5,4,6,6,2,1,5,4,5,1,17,76,3,10,3,1,B03,7,13,1,8,2,4,,76,76,1,13,4,B03,120.660892,24.167633,2
7426,66000,387130000C,(04)23274275,(04)23288582,2023,8,19,18,1,臺中市,北屯區,0,0,0,7,,,50,,,,,,,,,,,,,,12,59,,,,,C03,,,1,,2,,,59,,1,13,4,C03,120.669713,24.176654,3
7427,66000,387130000C,(04)23274275,(04)23288582,2023,8,19,18,4,臺中市,大里區,0,1,0,6,2,6,50,4,1,1,5,4,6,6,2,1,5,4,4,1,16,48,3,10,3,1,B03,7,6,1,8,2,1,,48,48,1,6,4,B03,120.687412,24.102232,2