序號,縣市別代碼,機關代碼,市話,傳真,年,月,日,時,分,縣市,區,死亡數量,受傷數量,2-30,天候,光線,道路類別,速限,道路型態,事故位置,路面鋪裝,路面狀態,路面缺陷,障礙物,視距,號誌種類,號誌動作,分向設施,快車道或一般車道間,快慢車道間,路面邊線,事故類型及型態,主要肇因,受傷程度,主要傷處,保護裝備,行動電話,當事者區分(類別),車輛用途,當事者行動狀態,駕駛資格情形,駕駛執照種類,飲酒情形,車輛撞擊部位最初,車輛撞擊部位其他,肇事因素個別,肇事因素主要,肇事逃逸,職業,旅次目的,車種,GPS座標X,GPS座標Y,事故類別
7428,66000,387130000C,(04)23274275,(04)23288582,2023,8,19,18,9,臺中市,梧棲區,0,0,0,7,,,50,,,,,,,,,,,,,,23,59,,,,,B03,,,1,,2,,,59,,1,6,4,B03,120.52883,24.249718,4
7429,66000,387130000C,(04)23274275,(04)23288582,2023,8,19,18,11,臺中市,東區,0,0,0,7,,,50,,,,,,,,,,,,,,13,84,,,,,B03,,,1,8,2,,,84,84,1,13,4,B03,120.701652,24.142723,3
7430,66000,387130000C,(04)23274275,(04)23288582,2023,8,19,18,15,臺中市,外埔區,0,1,0,6,1,6,30,11,9,1,5,4,6,6,4,4,10,5,5,1,11,84,3,10,3,1,B12,7,9,5,8,2,8,,84,8,1,6,4,B12,120.69824,24.347205,2
7431,66000,387130000C,(04)23274275,(04)23288582,2023,8,19,18,30,臺中市,沙鹿區,0,0,0,7,,,30,,,,,,,,,,,,,,,59,,,,,B03,,,1,,2,,,59,,1,12,4,B03,120.571912,24.236759,3
7432,66000,387130000C,(04)23274275,(04)23288582,2023,8,19,18,33,臺中市,西屯區,0,0,0,7,,,40,,,,,,,,,,,,,,,84,,,,,B03,,,1,,2,,,84,,1,12,4,B03,120.661269,24.163792,3
7433,66000,387130000C,(04)23274275,(04)23288582,2023,8,19,18,37,臺中市,西屯區,0,0,0,7,,,40,,,,,,,,,,,,,,17,84,,,,,B03,,,1,,1,,,84,,1,13,4,B03,120.643643,24.165818,3
7434,66000,387130000C,(04)23274275,(04)23288582,2023,8,19,18,40,臺中市,西區,0,2,0,7,2,6,50,4,1,1,5,4,6,6,1,1,10,5,5,2,16,39,3,10,5,4,B03,7,6,1,8,2,4,,87,39,1,12,4,B03,120.674271,24.148307,2
7435,66000,387130000C,(04)23274275,(04)23288582,2023,8,19,18,40,臺中市,霧峰區,0,0,0,7,,,,,,,,,,,,,,,,,,119,,,,,,,,,,,,,119,,1,,,,120.692341,24.044144,3
7436,66000,387130000C,(04)23274275,(04)23288582,2023,8,19,18,41,臺中市,西屯區,0,0,0,7,,,50,,,,,,,,,,,,,,17,84,,,,,C03,,,1,,2,,,84,,1,12,4,C03,120.611317,24.192017,3
7437,66000,387130000C,(04)23274275,(04)23288582,2023,8,19,18,45,臺中市,東區,0,0,0,7,,,50,,,,,,,,,,,,,,,7,,,,,B12,,,1,,2,,,7,,1,13,4,B12,120.699234,24.129659,3
7438,66000,387130000C,(04)23274275,(04)23288582,2023,8,19,18,47,臺中市,霧峰區,0,0,0,7,,,30,,,,,,,,,,,,,,,49,,,,,B03,,,1,,2,,,49,,1,6,4,B03,120.711875,24.050674,3
7439,66000,387130000C,(04)23274275,(04)23288582,2023,8,19,18,50,臺中市,西屯區,0,2,0,5,2,6,50,4,9,1,4,4,6,6,2,1,5,4,5,1,3,95,2,9,6,5,H01,8,16,7,21,10,17,,95,95,1,13,5,H01,120.65263,24.166498,2
7440,66000,387130000C,(04)23274275,(04)23288582,2023,8,19,18,54,臺中市,潭子區,0,2,0,7,1,9,40,13,17,1,5,4,6,6,4,4,10,4,5,1,13,59,2,8,3,1,B12,7,9,1,3,2,1,,59,7,1,13,4,B12,120.696555,24.201,2
7441,66000,387130000C,(04)23274275,(04)23288582,2023,8,19,18,55,臺中市,大雅區,0,0,0,5,,,50,,,,,,,,,,,,,,,59,,,,,B03,,,1,,2,,,59,,1,13,4,B03,120.666797,24.21611,3
7442,66000,387130000C,(04)23274275,(04)23288582,2023,8,19,19,2,臺中市,霧峰區,0,1,0,7,1,6,50,4,1,1,5,4,6,6,1,1,10,5,5,2,17,11,3,10,5,4,B12,7,6,1,8,2,2,,11,11,1,12,4,B12,120.686626,24.053691,2
7443,66000,387130000C,(04)23274275,(04)23288582,2023,8,19,19,11,臺中市,沙鹿區,0,2,0,7,1,6,50,4,19,1,5,4,6,6,2,1,10,5,5,2,3,10,3,10,3,1,B03,7,6,1,8,2,5,,10,10,1,6,4,B03,120.568116,24.254031,2
7444,66000,387130000C,(04)23274275,(04)23288582,2023,8,19,19,12,臺中市,太平區,0,0,0,7,,,50,,,,,,,,,,,,,,13,7,,,,,B03,,,1,,2,,,7,,1,12,4,B03,120.70368,24.153244,3
7445,66000,387130000C,(04)23274275,(04)23288582,2023,8,19,19,13,臺中市,潭子區,0,1,0,6,1,6,50,13,12,1,4,4,6,6,4,4,1,4,4,1,17,76,3,10,3,1,B03,7,13,1,8,11,4,,76,76,1,13,4,B03,120.704862,24.215542,2
7446,66000,387130000C,(04)23274275,(04)23288582,2023,8,19,19,14,臺中市,東區,0,3,0,7,1,6,50,4,1,1,5,4,6,6,2,1,10,5,5,2,15,21,2,9,2,1,C03,7,9,3,19,2,11,,21,21,1,12,4,C03,120.697677,24.150765,2
7447,66000,387130000C,(04)23274275,(04)23288582,2023,8,19,19,15,臺中市,潭子區,0,0,0,5,,,0,,,,,,,,,,,,,,,116,,,,,,,,,,,,,116,,1,,,,120.693218,24.217213,3
7448,66000,387130000C,(04)23274275,(04)23288582,2023,8,19,19,22,臺中市,北屯區,0,2,0,6,1,6,50,4,1,1,5,4,6,6,1,1,10,5,5,2,11,85,2,9,1,1,C03,7,9,1,10,2,14,,85,85,1,12,4,C03,120.710813,24.182371,2
7449,66000,387130000C,(04)23274275,(04)23288582,2023,8,19,19,26,臺中市,東區,0,0,0,7,,,30,,,,,,,,,,,,,,,51,,,,,B03,,,1,,2,,,51,,1,12,4,B03,120.703927,24.142831,3
7450,66000,387130000C,(04)23274275,(04)23288582,2023,8,19,19,28,臺中市,西屯區,0,1,0,5,1,6,50,13,9,1,4,4,6,6,1,1,5,4,5,2,18,84,2,9,1,1,C03,7,9,1,10,2,16,,84,84,1,12,4,C03,120.656013,24.180062,2
7451,66000,387130000C,(04)23274275,(04)23288582,2023,8,19,19,28,臺中市,沙鹿區,0,0,0,7,,,40,,,,,,,,,,,,,,,50,,,,,B03,,,1,,1,,,50,,1,12,5,B03,120.596913,24.25014,3
7452,66000,387130000C,(04)23274275,(04)23288582,2023,8,19,19,36,臺中市,南區,0,0,0,7,,,30,,,,,,,,,,,,,,25,84,,,,,B02,,,1,8,2,,,84,84,1,13,4,B02,120.672729,24.126017,3
7453,66000,387130000C,(04)23274275,(04)23288582,2023,8,19,19,36,臺中市,南區,0,3,0,7,1,6,50,13,9,1,5,4,6,6,4,4,5,5,5,2,16,84,2,8,2,1,C03,7,6,1,10,2,12,,84,84,1,12,2,C03,120.671238,24.124118,2
7454,66000,387130000C,(04)23274275,(04)23288582,2023,8,19,19,39,臺中市,太平區,0,0,0,7,,,50,,,,,,,,,,,,,,,7,,,,,B03,,,1,,2,,,7,,1,12,4,B03,120.712648,24.145287,3
7455,66000,387130000C,(04)23274275,(04)23288582,2023,8,19,19,48,臺中市,大里區,0,0,0,7,,,50,,,,,,,,,,,,,,13,7,,,,,B03,,,1,,2,,,7,,1,6,4,B03,120.679339,24.115,3
7456,66000,387130000C,(04)23274275,(04)23288582,2023,8,19,19,56,臺中市,北屯區,0,1,0,7,1,6,50,13,9,1,5,4,6,6,4,4,9,5,5,2,17,45,3,10,5,4,B03,7,15,1,8,2,1,,45,45,1,6,4,B03,120.689277,24.195193,2
7457,66000,387130000C,(04)23274275,(04)23288582,2023,8,19,20,2,臺中市,南區,0,1,0,6,2,6,50,4,1,1,5,4,6,6,1,1,10,5,5,2,1,84,3,10,3,1,B03,7,6,1,8,2,4,,84,84,1,12,4,B03,120.666913,24.117135,2
7458,66000,387130000C,(04)23274275,(04)23288582,2023,8,19,20,5,臺中市,西屯區,0,0,0,7,,,30,,,,,,,,,,,,,,,84,,,,,B03,,,1,,1,,,84,84,1,13,4,B03,120.650118,24.17477,3
7459,66000,387130000C,(04)23274275,(04)23288582,2023,8,19,20,8,臺中市,東區,0,2,0,7,1,6,50,4,1,1,5,4,6,6,1,1,10,5,5,2,17,84,2,8,5,4,C03,7,6,1,10,2,12,,84,84,1,13,4,C03,120.701504,24.14022,2
7460,66000,387130000C,(04)23274275,(04)23288582,2023,8,19,20,9,臺中市,東區,0,0,0,7,,,50,,,,,,,,,,,,,,13,7,,,,,B03,,,3,19,2,,,7,7,1,12,4,B03,120.709348,24.144296,3
7461,66000,387130000C,(04)23274275,(04)23288582,2023,8,19,20,10,臺中市,大甲區,0,0,0,7,,,50,,,,,,,,,,,,,,13,7,,,,,B03,,,1,,1,,,7,,1,12,4,B03,120.62514,24.340245,3
7462,66000,387130000C,(04)23274275,(04)23288582,2023,8,19,20,11,臺中市,南區,0,0,0,7,,,50,,,,,,,,,,,,,,,7,,,,,B03,,,1,,2,,,7,,1,12,4,B03,120.655776,24.114866,3
7463,66000,387130000C,(04)23274275,(04)23288582,2023,8,19,20,19,臺中市,北區,0,1,0,7,1,6,30,4,1,1,5,4,6,6,4,4,10,5,5,2,15,15,3,10,1,1,C03,7,9,1,10,2,12,,15,15,1,12,2,C03,120.676032,24.152442,2
7464,66000,387130000C,(04)23274275,(04)23288582,2023,8,19,20,20,臺中市,北屯區,0,0,0,7,,,50,,,,,,,,,,,,,,14,49,,,,,B03,,,1,,1,,,49,49,1,13,4,B03,120.682674,24.18379,3
7465,66000,387130000C,(04)23274275,(04)23288582,2023,8,19,20,31,臺中市,北區,0,2,0,7,1,6,50,4,1,1,5,4,6,6,1,1,5,4,5,2,16,11,3,10,3,1,B03,7,6,1,8,2,1,,11,11,1,12,4,B03,120.690207,24.156245,2
7466,66000,387130000C,(04)23274275,(04)23288582,2023,8,19,20,32,臺中市,北區,0,1,0,7,1,6,50,13,9,1,5,4,6,6,4,4,3,4,5,2,12,84,3,10,5,1,B03,7,9,1,8,2,8,,84,84,1,13,4,B03,120.677156,24.150952,2
7467,66000,387130000C,(04)23274275,(04)23288582,2023,8,19,20,46,臺中市,南屯區,0,3,0,7,1,6,50,18,9,1,5,4,6,6,4,4,9,4,5,2,17,59,2,9,1,1,C01,7,9,3,19,2,11,14,59,59,1,5,4,C01,120.64965,24.136563,2
7468,66000,387130000C,(04)23274275,(04)23288582,2023,8,19,20,46,臺中市,北屯區,0,1,0,7,1,6,50,4,1,1,5,4,6,6,1,1,10,5,5,2,12,26,3,10,5,4,C03,7,9,1,10,2,11,,26,26,1,13,4,C03,120.685365,24.171969,2
7469,66000,387130000C,(04)23274275,(04)23288582,2023,8,19,20,55,臺中市,豐原區,0,1,0,7,1,6,50,4,1,1,5,4,6,6,2,1,10,5,5,2,17,20,3,10,5,4,B03,7,9,1,8,2,5,,20,20,1,13,4,B03,120.710576,24.250575,2
7470,66000,387130000C,(04)23274275,(04)23288582,2023,8,19,20,56,臺中市,大雅區,0,0,0,7,,,40,,,,,,,,,,,,,,,59,,,,,B03,,,1,,2,,,59,,1,13,4,B03,120.644864,24.225316,3
7471,66000,387130000C,(04)23274275,(04)23288582,2023,8,19,21,7,臺中市,西區,0,0,0,7,,,50,,,,,,,,,,,,,,,84,,,,,B03,,,1,8,1,,,84,84,1,13,4,B03,120.66086,24.158557,3
7472,66000,387130000C,(04)23274275,(04)23288582,2023,8,19,21,8,臺中市,大里區,0,0,0,7,,,50,,,,,,,,,,,,,,,59,,,,,B03,,,1,,2,,,59,,1,12,4,B03,120.713021,24.094305,3
7473,66000,387130000C,(04)23274275,(04)23288582,2023,8,19,21,10,臺中市,豐原區,0,0,0,5,,,30,,,,,,,,,,,,,,35,51,,,,,B03,,,1,,2,,,51,,1,12,4,B03,120.730516,24.250092,3
7474,66000,387130000C,(04)23274275,(04)23288582,2023,8,19,21,18,臺中市,神岡區,0,1,0,7,1,6,40,3,1,1,5,4,6,6,4,4,5,5,5,1,16,14,2,8,2,1,F03,7,6,7,21,2,12,,14,14,1,12,4,F03,120.663293,24.282701,2
7475,66000,387130000C,(04)23274275,(04)23288582,2023,8,19,21,20,臺中市,東區,0,0,0,7,,,50,,,,,,,,,,,,,,,7,,,,,B03,,,1,,2,,,7,,1,12,4,B03,120.687858,24.13653,3
7476,66000,387130000C,(04)23274275,(04)23288582,2023,8,19,21,25,臺中市,南屯區,0,0,0,7,1,6,50,13,7,1,5,4,6,6,4,4,5,5,4,2,13,7,,,,,B03,,,1,,2,,,7,,1,12,4,B03,120.652161,24.153598,3
7477,66000,387130000C,(04)23274275,(04)23288582,2023,8,19,21,25,臺中市,西屯區,0,0,0,7,,,50,,,,,,,,,,,,,,,84,,,,,B03,,,1,,1,,,84,,1,12,4,B03,120.634048,24.17646,3
7478,66000,387130000C,(04)23274275,(04)23288582,2023,8,19,21,33,臺中市,西屯區,0,0,0,7,,,30,,,,,,,,,,,,,,17,86,,,,,C03,,,1,,10,,,86,,1,13,4,C03,120.654877,24.169289,3
7479,66000,387130000C,(04)23274275,(04)23288582,2023,8,19,21,35,臺中市,西屯區,0,0,0,7,,,50,,,,,,,,,,,,,,,84,,,,,B03,,,1,,1,,,84,,1,13,4,B03,120.624383,24.178531,3
7480,66000,387130000C,(04)23274275,(04)23288582,2023,8,19,21,35,臺中市,大里區,0,1,0,7,2,6,50,5,1,1,5,4,6,6,4,4,5,5,5,1,17,14,3,10,2,1,C03,7,6,3,19,2,11,,14,14,1,13,4,C03,120.685021,24.113868,2
7481,66000,387130000C,(04)23274275,(04)23288582,2023,8,19,21,40,臺中市,北區,0,1,0,7,1,6,50,4,2,1,5,4,6,6,2,1,3,4,4,2,16,42,3,10,3,1,B01,7,6,1,4,2,1,,87,42,1,12,4,B01,120.677303,24.151254,2
7482,66000,387130000C,(04)23274275,(04)23288582,2023,8,19,21,43,臺中市,北區,0,1,0,7,1,6,50,13,9,1,5,4,6,6,4,4,5,5,5,2,13,59,3,10,3,1,B03,7,9,1,8,2,5,,59,59,1,12,4,B03,120.687059,24.148874,2
7483,66000,387130000C,(04)23274275,(04)23288582,2023,8,19,21,45,臺中市,大肚區,0,0,0,7,,,50,,,,,,,,,,,,,,14,49,,,,,B03,,,1,,2,,,49,,1,6,4,B03,120.547979,24.151989,3
7484,66000,387130000C,(04)23274275,(04)23288582,2023,8,19,22,8,臺中市,西屯區,0,0,0,7,,,50,,,,,,,,,,,,,,,1,,,,,B03,,,1,,1,,,1,,1,12,4,B03,120.645505,24.192401,3
7485,66000,387130000C,(04)23274275,(04)23288582,2023,8,19,22,8,臺中市,龍井區,0,1,0,7,1,6,50,13,7,1,5,4,6,6,4,4,5,5,4,1,17,59,2,9,2,1,C03,7,9,1,10,2,12,,59,87,1,5,4,C03,120.530736,24.178174,2
7486,66000,387130000C,(04)23274275,(04)23288582,2023,8,19,22,11,臺中市,北屯區,0,0,0,7,,,50,,,,,,,,,,,,,,12,47,,,,,B03,,,1,,1,,,47,47,1,6,4,B03,120.663979,24.200782,3
7487,66000,387130000C,(04)23274275,(04)23288582,2023,8,19,22,14,臺中市,西屯區,0,0,0,7,,,50,,,,,,,,,,,,,,17,15,,,,,B03,,,1,,2,,,15,,1,13,4,B03,120.648237,24.182876,3
7488,66000,387130000C,(04)23274275,(04)23288582,2023,8,19,22,16,臺中市,大里區,0,2,0,7,1,6,50,13,9,1,5,4,6,6,3,1,5,5,5,1,12,20,2,9,2,1,C03,7,5,1,10,2,12,,20,20,1,13,4,C03,120.671689,24.085724,2
7489,66000,387130000C,(04)23274275,(04)23288582,2023,8,19,22,19,臺中市,大里區,0,0,0,7,,,30,,,,,,,,,,,,,,17,8,,,,,B03,,,1,,2,,,8,,1,12,4,B03,120.676424,24.098739,3
7490,66000,387130000C,(04)23274275,(04)23288582,2023,8,19,22,37,臺中市,西區,0,1,0,7,1,6,50,4,7,1,5,4,6,6,1,1,5,5,4,2,13,59,3,10,5,1,B03,7,9,1,8,2,5,,59,59,1,12,4,B03,120.655121,24.14668,2
7491,66000,387130000C,(04)23274275,(04)23288582,2023,8,19,22,43,臺中市,東區,0,0,0,7,,,40,,,,,,,,,,,,,,14,85,,,,,B03,,,1,8,2,,,85,85,1,13,4,B03,120.690338,24.125036,3
7492,66000,387130000C,(04)23274275,(04)23288582,2023,8,19,22,50,臺中市,梧棲區,0,0,0,7,,,70,,,,,,,,,,,,,,,84,,,,,B03,,,1,,2,,,84,,1,12,4,B03,120.547421,24.233878,3
7493,66000,387130000C,(04)23274275,(04)23288582,2023,8,19,23,7,臺中市,豐原區,0,2,0,7,1,6,50,5,1,1,5,4,6,6,1,1,5,4,4,1,12,53,2,9,1,1,F03,7,5,7,21,4,11,,53,53,1,13,4,F03,120.716577,24.253113,2
7494,66000,387130000C,(04)23274275,(04)23288582,2023,8,19,23,44,臺中市,大里區,0,1,0,7,1,6,50,4,1,1,5,4,6,6,1,1,5,5,4,1,12,7,3,10,3,1,B03,7,9,1,8,2,5,,7,7,1,6,4,B03,120.703178,24.0901,2
7495,66000,387130000C,(04)23274275,(04)23288582,2023,8,19,23,49,臺中市,西區,0,0,0,7,,,50,,,,,,,,,,,,,,,7,,,,,B03,,,1,8,2,,,7,7,1,13,4,B03,120.674594,24.141554,3
7496,66000,387130000C,(04)23274275,(04)23288582,2023,8,20,0,0,臺中市,西屯區,0,0,0,7,,,30,,,,,,,,,,,,,,,59,,,,,B03,,,1,,2,,,59,,1,12,4,B03,120.64578,24.180016,3
7497,66000,387130000C,(04)23274275,(04)23288582,2023,8,20,0,5,臺中市,烏日區,0,0,0,7,,,50,,,,,,,,,,,,,,9,45,,,,,B03,,,1,,2,,,45,45,1,12,4,B03,120.646538,24.094324,3
7498,66000,387130000C,(04)23274275,(04)23288582,2023,8,20,0,34,臺中市,中區,0,0,0,7,,,50,,,,,,,,,,,,,,,78,,,,,B03,,,1,,2,,,78,,1,12,4,B03,120.684612,24.138946,3
7499,66000,387130000C,(04)23274275,(04)23288582,2023,8,20,0,38,臺中市,梧棲區,0,0,0,7,,,50,,,,,,,,,,,,,,,24,,,,,B03,,,1,,2,,,24,24,1,12,4,B03,120.536746,24.260458,3
7500,66000,387130000C,(04)23274275,(04)23288582,2023,8,20,0,50,臺中市,西屯區,0,0,0,7,,,50,,,,,,,,,,,,,,,59,,,,,B03,,,1,,1,,,59,,1,12,4,B03,120.6369,24.17215,3
7501,66000,387130000C,(04)23274275,(04)23288582,2023,8,20,1,0,臺中市,西屯區,0,0,0,7,,,30,,,,,,,,,,,,,,14,49,,,,,B12,,,1,,2,,,49,,1,13,4,B12,120.665995,24.177824,3
7502,66000,387130000C,(04)23274275,(04)23288582,2023,8,20,1,24,臺中市,南屯區,0,1,0,7,1,6,30,4,1,1,5,4,6,6,3,1,10,5,5,2,15,24,3,10,3,1,B01,7,9,1,4,2,2,,24,24,1,6,4,B01,120.640335,24.140912,2
7503,66000,387130000C,(04)23274275,(04)23288582,2023,8,20,1,26,臺中市,南屯區,0,0,0,7,1,6,,13,9,1,5,4,6,6,4,4,5,5,5,2,17,85,,,,,,,,,,,,,85,,1,,,,120.648729,24.149941,3
7504,66000,387130000C,(04)23274275,(04)23288582,2023,8,20,1,30,臺中市,東區,0,0,0,6,,,40,,,,,,,,,,,,,,,84,,,,,B03,,,1,,9,,,84,,1,12,4,B03,120.707411,24.14467,3
7505,66000,387130000C,(04)23274275,(04)23288582,2023,8,20,1,30,臺中市,清水區,0,1,0,7,1,6,50,3,2,1,5,4,6,6,4,4,5,2,5,1,30,78,3,10,4,1,B03,7,15,1,8,2,8,,78,78,1,6,4,B03,120.57823,24.267118,2
7506,66000,387130000C,(04)23274275,(04)23288582,2023,8,20,1,33,臺中市,北區,0,0,0,7,,,50,,,,,,,,,,,,,,14,49,,,,,B03,,,1,,1,,,49,,1,13,4,B03,120.668385,24.168647,3
7507,66000,387130000C,(04)23274275,(04)23288582,2023,8,20,2,55,臺中市,北區,0,0,0,7,,,50,,,,,,,,,,,,,,14,49,,,,,B03,,,1,,2,,,49,,1,13,4,B03,120.691377,24.158921,3
7508,66000,387130000C,(04)23274275,(04)23288582,2023,8,20,4,50,臺中市,大肚區,0,0,0,7,,,50,,,,,,,,,,,,,,17,43,,,,,A11,,,1,,2,,,43,,1,6,4,A11,120.567894,24.123685,3
7509,66000,387130000C,(04)23274275,(04)23288582,2023,8,20,4,55,臺中市,西區,0,2,0,7,1,6,50,4,1,1,5,4,6,6,1,1,10,5,5,2,16,20,2,9,1,1,C03,7,5,1,10,2,12,,20,20,1,13,4,C03,120.669802,24.14732,2
7510,66000,387130000C,(04)23274275,(04)23288582,2023,8,20,5,24,臺中市,南屯區,0,0,0,7,,,50,,,,,,,,,,,,,,12,59,,,,,B03,,,1,,2,,,59,,1,6,4,B03,120.636763,24.146996,3
7511,66000,387130000C,(04)23274275,(04)23288582,2023,8,20,5,57,臺中市,神岡區,0,1,0,7,3,6,50,13,7,1,5,4,6,6,4,4,5,5,5,2,18,54,2,9,1,1,F01,7,9,7,21,2,11,,54,54,1,12,4,F01,120.71431,24.25781,2
7512,66000,387130000C,(04)23274275,(04)23288582,2023,8,20,6,20,臺中市,后里區,0,1,0,7,2,6,50,4,2,1,5,4,6,6,1,1,4,3,4,1,17,6,3,10,3,1,B12,7,9,1,8,2,5,,6,6,1,12,4,B12,120.72203,24.307815,2
7513,66000,387130000C,(04)23274275,(04)23288582,2023,8,20,6,56,臺中市,大里區,0,0,0,7,,,60,,,,,,,,,,,,,,13,7,,,,,B03,,,1,,2,,,7,,1,12,4,B03,120.688446,24.101878,3
7514,66000,387130000C,(04)23274275,(04)23288582,2023,8,20,7,0,臺中市,北屯區,0,0,0,7,,,80,,,,,,,,,,,,,,12,40,,,,,C01,,,1,,1,,,40,40,1,13,4,C01,120.68847,24.201012,3
7515,66000,387130000C,(04)23274275,(04)23288582,2023,8,20,7,0,臺中市,西屯區,0,0,0,7,,,30,,,,,,,,,,,,,,,84,,,,,C03,,,1,,1,,,84,,1,13,4,C03,120.645769,24.175044,3
7516,66000,387130000C,(04)23274275,(04)23288582,2023,8,20,7,6,臺中市,南屯區,0,1,0,7,2,6,50,13,7,1,5,4,6,6,4,4,1,5,4,2,18,84,2,9,6,1,F01,7,12,7,21,2,14,,84,84,1,6,4,F01,120.58948,24.141914,2
7517,66000,387130000C,(04)23274275,(04)23288582,2023,8,20,7,8,臺中市,西屯區,0,1,0,7,2,6,50,4,1,1,5,4,6,6,2,1,10,5,5,2,16,47,3,10,3,1,B03,7,5,1,7,2,2,,47,47,1,6,4,B03,120.635278,24.181986,2
7518,66000,387130000C,(04)23274275,(04)23288582,2023,8,20,7,12,臺中市,北屯區,0,2,0,7,2,6,50,4,1,1,5,4,6,6,2,1,10,5,5,2,15,21,2,9,1,1,C03,7,9,3,19,7,11,,21,21,1,12,4,C03,120.694195,24.171069,2
7519,66000,387130000C,(04)23274275,(04)23288582,2023,8,20,7,25,臺中市,梧棲區,0,2,0,7,2,6,50,13,9,1,5,4,6,6,4,4,5,5,5,2,13,7,2,9,2,1,C03,7,9,3,19,2,11,,7,7,1,6,4,C03,120.539071,24.250785,2
7520,66000,387130000C,(04)23274275,(04)23288582,2023,8,20,7,30,臺中市,沙鹿區,0,0,0,7,,,50,,,,,,,,,,,,,,,39,,,,,C03,,,1,,2,,,39,,1,6,4,C03,120.560006,24.238967,3
7521,66000,387130000C,(04)23274275,(04)23288582,2023,8,20,7,44,臺中市,太平區,0,0,0,7,,,30,,,,,,,,,,,,,,14,49,,,,,B03,,,1,,2,,,49,,1,13,4,B03,120.727414,24.148946,3
7522,66000,387130000C,(04)23274275,(04)23288582,2023,8,20,7,53,臺中市,北屯區,0,1,0,7,2,6,50,13,9,1,5,4,6,6,4,4,10,4,5,2,12,1,3,10,3,1,B03,7,4,1,8,2,2,,1,1,1,13,4,B03,120.743966,24.184985,2
7523,66000,387130000C,(04)23274275,(04)23288582,2023,8,20,8,43,臺中市,西屯區,0,0,0,7,,,50,,,,,,,,,,,,,,,50,,,,,B01,,,1,,9,,,50,,2,12,4,B01,120.606192,24.187866,3
7524,66000,387130000C,(04)23274275,(04)23288582,2023,8,20,8,48,臺中市,南屯區,0,2,0,7,3,6,50,4,1,1,5,4,6,6,4,4,10,5,5,2,13,7,2,9,2,1,C03,7,9,1,10,2,11,,7,7,1,12,4,C03,120.63423,24.144422,2
7525,66000,387130000C,(04)23274275,(04)23288582,2023,8,20,8,48,臺中市,大里區,0,0,0,7,,,50,,,,,,,,,,,,,,13,59,,,,,B03,,,1,,2,,,59,,1,13,4,B03,120.70084,24.102538,3
7526,66000,387130000C,(04)23274275,(04)23288582,2023,8,20,8,52,臺中市,南屯區,0,0,0,7,,,60,,,,,,,,,,,,,,13,84,,,,,B03,,,1,,1,,,84,,1,8,4,B03,120.591453,24.158781,3
7527,66000,387130000C,(04)23274275,(04)23288582,2023,8,20,8,52,臺中市,烏日區,0,0,0,7,,,80,,,,,,,,,,,,,,,84,,,,,B01,,,1,,2,,,84,,1,13,4,B01,120.616521,24.107356,3
7528,66000,387130000C,(04)23274275,(04)23288582,2023,8,20,8,56,臺中市,北屯區,0,0,0,7,,,50,,,,,,,,,,,,,,17,84,,,,,B03,,,1,,2,,,84,84,1,13,4,B03,120.690546,24.177902,3
7529,66000,387130000C,(04)23274275,(04)23288582,2023,8,20,8,57,臺中市,北屯區,0,1,0,7,2,6,50,13,7,1,5,4,6,6,4,4,9,5,4,2,17,45,3,10,3,1,B03,7,11,1,8,2,8,,45,45,1,12,4,B03,120.710688,24.169727,2
7530,66000,387130000C,(04)23274275,(04)23288582,2023,8,20,8,58,臺中市,外埔區,0,0,0,7,,,30,,,,,,,,,,,,,,16,14,,,,,B03,,,1,,2,,,14,,1,12,4,B03,120.712532,24.348714,3
7531,66000,387130000C,(04)23274275,(04)23288582,2023,8,20,9,3,臺中市,西屯區,0,0,0,7,,,50,,,,,,,,,,,,,,,56,,,,,B03,,,5,,1,,,56,,1,13,4,B03,120.615468,24.189164,3
7532,66000,387130000C,(04)23274275,(04)23288582,2023,8,20,9,8,臺中市,北區,0,1,0,7,3,6,50,13,9,1,5,4,6,6,4,4,5,4,5,2,17,84,3,10,3,1,B03,7,9,1,8,2,5,,84,84,1,12,4,B03,120.680784,24.160078,2
7533,66000,387130000C,(04)23274275,(04)23288582,2023,8,20,9,22,臺中市,南屯區,0,1,0,7,3,6,50,4,1,1,5,4,6,6,2,1,10,5,5,2,16,26,3,10,3,1,B03,7,5,1,8,2,2,,26,26,1,12,4,B03,120.623497,24.149515,2
7534,66000,387130000C,(04)23274275,(04)23288582,2023,8,20,9,25,臺中市,新社區,0,1,0,7,3,9,40,11,9,1,5,4,6,6,4,4,5,4,5,1,18,6,2,9,2,1,C01,7,9,1,9,2,12,,6,6,1,13,4,C01,120.877626,24.126558,2
7535,66000,387130000C,(04)23274275,(04)23288582,2023,8,20,9,33,臺中市,龍井區,0,2,0,7,2,6,60,4,2,1,5,4,6,6,2,1,10,5,5,2,16,25,3,10,3,1,B03,7,6,1,8,2,2,,25,25,1,13,4,B03,120.585513,24.185928,2
7536,66000,387130000C,(04)23274275,(04)23288582,2023,8,20,9,46,臺中市,太平區,0,0,0,7,,,50,,,,,,,,,,,,,,13,84,,,,,C03,,,3,,2,,,84,,1,12,4,C03,120.721502,24.119897,3