序號,縣市別代碼,機關代碼,市話,傳真,年,月,日,時,分,縣市,區,死亡數量,受傷數量,2-30,天候,光線,道路類別,速限,道路型態,事故位置,路面鋪裝,路面狀態,路面缺陷,障礙物,視距,號誌種類,號誌動作,分向設施,快車道或一般車道間,快慢車道間,路面邊線,事故類型及型態,主要肇因,受傷程度,主要傷處,保護裝備,行動電話,當事者區分(類別),車輛用途,當事者行動狀態,駕駛資格情形,駕駛執照種類,飲酒情形,車輛撞擊部位最初,車輛撞擊部位其他,肇事因素個別,肇事因素主要,肇事逃逸,職業,旅次目的,車種,GPS座標X,GPS座標Y,事故類別
7537,66000,387130000C,(04)23274275,(04)23288582,2023,8,20,9,47,臺中市,烏日區,0,2,0,7,2,6,50,13,8,1,5,4,6,6,4,4,1,4,4,2,13,59,2,9,1,1,C03,7,9,1,10,2,11,12,59,59,1,12,4,C03,120.632742,24.110091,2
7538,66000,387130000C,(04)23274275,(04)23288582,2023,8,20,9,50,臺中市,西屯區,0,2,0,7,2,6,50,13,9,1,5,4,6,6,4,4,10,4,5,2,17,45,2,9,5,4,C03,7,11,1,10,2,12,,45,45,1,13,4,C03,120.646872,24.155599,2
7539,66000,387130000C,(04)23274275,(04)23288582,2023,8,20,9,50,臺中市,清水區,0,1,0,7,2,6,30,4,1,1,5,4,6,2,4,4,10,5,5,2,15,12,2,9,2,1,C03,7,9,1,10,2,14,11,12,12,1,6,4,C03,120.545326,24.263446,2
7540,66000,387130000C,(04)23274275,(04)23288582,2023,8,20,9,52,臺中市,北屯區,0,2,0,7,2,6,50,4,1,1,5,4,6,6,2,1,10,5,5,2,12,85,2,9,1,1,C03,7,4,1,10,2,14,,85,85,1,13,4,C03,120.671456,24.17374,2
7541,66000,387130000C,(04)23274275,(04)23288582,2023,8,20,9,53,臺中市,西區,0,1,0,7,2,6,30,4,1,1,5,4,6,6,4,4,10,5,5,2,16,12,2,7,1,1,C03,7,6,1,10,2,11,,12,12,1,13,4,C03,120.658352,24.146709,2
7542,66000,387130000C,(04)23274275,(04)23288582,2023,8,20,10,0,臺中市,沙鹿區,0,2,0,7,2,6,50,13,8,1,5,4,6,6,4,4,1,3,4,1,13,8,2,9,1,1,C03,7,9,1,10,2,13,,8,8,1,12,4,C03,120.569643,24.219946,2
7543,66000,387130000C,(04)23274275,(04)23288582,2023,8,20,10,0,臺中市,沙鹿區,0,2,0,7,1,6,40,3,1,1,5,4,6,6,4,4,10,5,5,2,16,48,2,9,1,1,C03,7,6,1,10,2,14,,48,48,1,6,4,C03,120.559007,24.232589,2
7544,66000,387130000C,(04)23274275,(04)23288582,2023,8,20,10,5,臺中市,南區,0,0,0,7,,,50,,,,,,,,,,,,,,,1,,,,,C03,,,1,,2,,,87,1,1,12,4,C03,120.677873,24.126558,3
7545,66000,387130000C,(04)23274275,(04)23288582,2023,8,20,10,6,臺中市,西區,0,0,0,7,,,50,,,,,,,,,,,,,,,51,,,,,C03,,,1,,1,,,51,,1,6,4,C03,120.656769,24.141664,3
7546,66000,387130000C,(04)23274275,(04)23288582,2023,8,20,10,6,臺中市,霧峰區,0,1,0,7,3,6,30,13,9,1,5,4,6,6,4,4,10,5,5,1,13,7,2,9,2,1,C03,7,9,1,10,2,11,,7,7,1,13,4,C03,120.674252,24.074049,2
7547,66000,387130000C,(04)23274275,(04)23288582,2023,8,20,10,17,臺中市,清水區,0,0,0,7,,,50,,,,,,,,,,,,,,16,14,,,,,B03,,,1,,2,,,14,,1,12,4,B03,120.565946,24.268591,3
7548,66000,387130000C,(04)23274275,(04)23288582,2023,8,20,10,18,臺中市,大甲區,0,0,0,7,,,50,,,,,,,,,,,,,,35,84,,,,,B12,,,1,,2,,,84,84,1,6,4,B12,120.615532,24.341606,3
7549,66000,387130000C,(04)23274275,(04)23288582,2023,8,20,10,24,臺中市,烏日區,0,0,0,7,1,6,50,3,1,1,5,4,6,6,1,1,1,4,5,1,17,8,,,,,B03,,,1,,2,,,8,,1,12,4,B03,120.616844,24.116186,3
7550,66000,387130000C,(04)23274275,(04)23288582,2023,8,20,10,30,臺中市,豐原區,0,0,0,7,,,50,,,,,,,,,,,,,,13,59,,,,,C04,,,1,,2,,,59,,1,12,4,C04,120.712406,24.23958,3
7551,66000,387130000C,(04)23274275,(04)23288582,2023,8,20,10,39,臺中市,東區,0,2,0,7,2,6,30,4,1,1,5,4,6,6,4,4,10,5,5,2,15,15,2,9,1,1,C03,7,9,1,10,2,11,,84,6,1,12,4,C03,120.688887,24.136154,2
7552,66000,387130000C,(04)23274275,(04)23288582,2023,8,20,10,40,臺中市,霧峰區,0,0,0,7,1,6,50,13,9,1,5,4,6,6,4,4,5,5,5,2,16,39,,,,,B03,,,1,,1,,,39,39,1,6,4,B03,120.700109,24.068246,3
7553,66000,387130000C,(04)23274275,(04)23288582,2023,8,20,10,41,臺中市,西屯區,0,0,0,7,,,40,,,,,,,,,,,,,,,84,,,,,B03,,,1,,2,,,84,,1,12,4,B03,120.657137,24.194211,3
7554,66000,387130000C,(04)23274275,(04)23288582,2023,8,20,10,47,臺中市,南屯區,0,0,0,7,,,50,,,,,,,,,,,,,,13,59,,,,,B03,,,1,,1,,,59,,1,6,4,B03,120.646122,24.133724,3
7555,66000,387130000C,(04)23274275,(04)23288582,2023,8,20,10,53,臺中市,南屯區,0,1,0,7,2,6,50,4,9,1,5,4,6,6,1,1,5,4,5,2,13,84,2,9,5,4,C03,7,9,1,10,2,11,,84,84,1,13,4,C03,120.649666,24.136629,2
7556,66000,387130000C,(04)23274275,(04)23288582,2023,8,20,10,55,臺中市,西區,0,2,0,7,3,6,50,4,1,1,5,4,6,6,2,1,10,5,5,2,13,7,2,9,1,1,C03,7,9,1,10,2,11,,7,7,1,6,4,C03,120.67089,24.137517,2
7557,66000,387130000C,(04)23274275,(04)23288582,2023,8,20,10,58,臺中市,神岡區,0,1,0,7,3,6,50,4,1,1,5,4,6,6,1,1,10,5,5,2,15,21,2,9,5,4,B03,7,9,1,8,2,8,,21,21,1,13,4,B03,120.705405,24.275351,2
7558,66000,387130000C,(04)23274275,(04)23288582,2023,8,20,11,0,臺中市,神岡區,0,0,0,7,,,50,,,,,,,,,,,,,,17,20,,,,,B03,,,1,,1,,,20,,1,6,4,B03,120.66296,24.257956,3
7559,66000,387130000C,(04)23274275,(04)23288582,2023,8,20,11,10,臺中市,沙鹿區,0,0,0,7,,,50,,,,,,,,,,,,,,,51,,,,,B03,,,1,,2,,,51,,1,6,4,B03,120.573623,24.227691,3
7560,66000,387130000C,(04)23274275,(04)23288582,2023,8,20,11,13,臺中市,清水區,0,1,0,7,2,6,30,4,1,1,5,4,6,6,4,4,10,5,5,2,15,15,3,10,3,1,B03,7,9,1,8,2,5,,15,15,1,6,4,B03,120.556522,24.288973,2
7561,66000,387130000C,(04)23274275,(04)23288582,2023,8,20,11,14,臺中市,大雅區,0,0,0,7,,,50,,,,,,,,,,,,,,,48,,,,,B03,,,1,,2,,,48,,1,13,4,B03,120.648355,24.221185,3
7562,66000,387130000C,(04)23274275,(04)23288582,2023,8,20,11,15,臺中市,西區,0,3,0,7,3,6,50,4,1,1,5,4,6,6,1,1,10,5,5,2,16,45,2,8,5,4,C03,7,15,1,10,2,11,,45,45,1,12,4,C03,120.667305,24.140607,2
7563,66000,387130000C,(04)23274275,(04)23288582,2023,8,20,11,15,臺中市,西區,0,0,0,7,,,50,,,,,,,,,,,,,,,84,,,,,B03,,,5,,2,,,84,,1,13,4,B03,120.675422,24.133556,3
7564,66000,387130000C,(04)23274275,(04)23288582,2023,8,20,11,16,臺中市,烏日區,0,0,0,7,,,60,,,,,,,,,,,,,,,40,,,,,B03,,,1,,2,,,40,,1,12,4,B03,120.599642,24.110249,3
7565,66000,387130000C,(04)23274275,(04)23288582,2023,8,20,11,17,臺中市,大甲區,0,0,0,7,,,30,,,,,,,,,,,,,,17,77,,,,,B03,,,1,,1,,,77,,1,13,4,B03,120.650658,24.391725,3
7566,66000,387130000C,(04)23274275,(04)23288582,2023,8,20,11,18,臺中市,南屯區,0,1,0,7,3,6,50,4,2,1,5,4,6,6,2,1,5,5,4,2,17,51,3,10,3,1,B03,7,1,1,8,2,16,,51,51,1,12,4,B03,120.614335,24.14375,2
7567,66000,387130000C,(04)23274275,(04)23288582,2023,8,20,11,30,臺中市,北屯區,0,0,0,7,,,50,,,,,,,,,,,,,,20,84,,,,,B03,,,1,,2,,,84,,1,12,4,B03,120.686028,24.189118,3
7568,66000,387130000C,(04)23274275,(04)23288582,2023,8,20,11,33,臺中市,西區,0,0,0,7,,,50,,,,,,,,,,,,,,12,8,,,,,C03,,,1,,1,,,8,,1,12,4,C03,120.665609,24.150858,3
7569,66000,387130000C,(04)23274275,(04)23288582,2023,8,20,11,33,臺中市,龍井區,0,0,0,7,,,50,,,,,,,,,,,,,,19,59,,,,,B02,,,1,,2,,,59,,1,13,4,B02,120.570797,24.187067,3
7570,66000,387130000C,(04)23274275,(04)23288582,2023,8,20,11,35,臺中市,北屯區,0,0,0,7,,,50,,,,,,,,,,,,,,,59,,,,,B03,,,1,,1,,,59,,1,13,4,B03,120.728565,24.171472,3
7571,66000,387130000C,(04)23274275,(04)23288582,2023,8,20,11,35,臺中市,大甲區,0,0,0,7,,,50,,,,,,,,,,,,,,17,47,,,,,B03,,,3,,2,,,47,,1,13,4,B03,120.645966,24.406335,3
7572,66000,387130000C,(04)23274275,(04)23288582,2023,8,20,11,38,臺中市,東區,0,0,0,7,,,50,,,,,,,,,,,,,,13,7,,,,,C03,,,1,,2,,,7,,1,12,4,C03,120.692502,24.138738,3
7573,66000,387130000C,(04)23274275,(04)23288582,2023,8,20,11,44,臺中市,西屯區,0,0,0,7,,,50,,,,,,,,,,,,,,16,47,,,,,B03,,,1,,1,,,47,,1,13,4,B03,120.633859,24.17324,3
7574,66000,387130000C,(04)23274275,(04)23288582,2023,8,20,11,51,臺中市,梧棲區,0,2,0,7,2,6,50,4,1,1,5,4,6,6,4,4,10,5,5,2,15,15,2,9,1,1,C03,7,9,1,10,2,11,,15,15,1,6,4,C03,120.533339,24.257478,2
7575,66000,387130000C,(04)23274275,(04)23288582,2023,8,20,11,56,臺中市,清水區,0,1,0,7,2,6,50,13,9,1,5,4,6,6,4,4,5,5,5,2,13,58,3,10,3,1,B03,7,9,1,8,2,5,,58,58,1,12,4,B03,120.560115,24.267625,2
7576,66000,387130000C,(04)23274275,(04)23288582,2023,8,20,12,0,臺中市,北屯區,0,0,0,7,,,50,,,,,,,,,,,,,,12,35,,,,,B03,,,1,,1,,,35,35,1,13,4,B03,120.679471,24.173484,3
7577,66000,387130000C,(04)23274275,(04)23288582,2023,8,20,12,9,臺中市,大里區,0,1,0,7,2,6,50,4,2,1,5,4,6,6,1,1,10,5,5,1,25,59,2,9,1,1,C03,7,9,1,10,2,11,,59,59,1,12,4,C03,120.684524,24.104735,2
7578,66000,387130000C,(04)23274275,(04)23288582,2023,8,20,12,12,臺中市,南屯區,0,0,0,7,,,50,,,,,,,,,,,,,,12,8,,,,,B03,,,1,,3,,,8,,1,6,4,B03,120.646815,24.141775,3
7579,66000,387130000C,(04)23274275,(04)23288582,2023,8,20,12,13,臺中市,西屯區,0,1,0,7,2,6,50,4,1,1,5,4,6,6,4,4,10,5,5,2,16,14,3,10,5,1,B12,7,5,1,8,2,5,,14,14,1,13,4,B12,120.598806,24.192101,2
7580,66000,387130000C,(04)23274275,(04)23288582,2023,8,20,12,20,臺中市,西屯區,0,0,0,7,,,30,,,,,,,,,,,,,,,84,,,,,B03,,,1,,9,,,84,,2,13,4,B03,120.648078,24.175853,3
7581,66000,387130000C,(04)23274275,(04)23288582,2023,8,20,12,25,臺中市,大甲區,0,0,0,7,,,50,,,,,,,,,,,,,,17,50,,,,,B12,,,1,,1,,,50,,1,13,4,B12,120.62094,24.346755,3
7582,66000,387130000C,(04)23274275,(04)23288582,2023,8,20,12,27,臺中市,大里區,0,0,0,7,,,50,,,,,,,,,,,,,,14,50,,,,,B03,,,1,,2,,,50,,1,13,4,B03,120.691563,24.109836,3
7583,66000,387130000C,(04)23274275,(04)23288582,2023,8,20,12,31,臺中市,西屯區,0,1,0,7,3,6,50,3,1,1,5,4,6,6,1,1,10,5,5,2,13,84,2,8,1,4,C03,7,9,1,10,2,11,,84,84,1,13,4,C03,120.640803,24.16505,2
7584,66000,387130000C,(04)23274275,(04)23288582,2023,8,20,12,43,臺中市,西區,0,1,0,7,3,6,50,13,7,1,5,4,6,6,4,4,1,4,4,2,12,8,3,10,3,1,B03,7,9,1,8,2,2,,8,8,1,13,4,B03,120.6575,24.152267,2
7585,66000,387130000C,(04)23274275,(04)23288582,2023,8,20,12,43,臺中市,烏日區,0,0,0,7,1,6,50,4,2,1,5,4,6,6,1,1,1,4,1,1,13,7,,,,,B03,,,1,,2,,,7,,1,12,4,B03,120.648373,24.083516,3
7586,66000,387130000C,(04)23274275,(04)23288582,2023,8,20,12,45,臺中市,沙鹿區,0,0,0,7,2,6,50,13,9,1,5,4,6,6,1,1,4,,4,1,16,45,,,,,B03,,,1,,2,,,45,,1,12,4,B03,120.564906,24.240945,3
7587,66000,387130000C,(04)23274275,(04)23288582,2023,8,20,12,46,臺中市,北屯區,0,0,0,7,,,50,,,,,,,,,,,,,,14,49,,,,,B11,,,1,,1,,,49,,1,13,4,B11,120.728109,24.17876,3
7588,66000,387130000C,(04)23274275,(04)23288582,2023,8,20,12,49,臺中市,東區,0,0,0,7,,,50,,,,,,,,,,,,,,9,84,,,,,C03,,,1,,2,,,84,,1,13,4,C03,120.709604,24.149178,3
7589,66000,387130000C,(04)23274275,(04)23288582,2023,8,20,12,49,臺中市,南屯區,0,0,0,7,,,50,,,,,,,,,,,,,,,84,,,,,C03,,,1,,2,,,84,,1,13,4,C03,120.637913,24.146981,3
7590,66000,387130000C,(04)23274275,(04)23288582,2023,8,20,12,50,臺中市,西屯區,0,1,0,7,2,6,50,3,1,1,5,4,6,6,4,4,10,5,5,2,16,14,3,10,2,1,C03,7,6,1,10,2,13,,14,14,1,6,4,C03,120.64515,24.172886,2
7591,66000,387130000C,(04)23274275,(04)23288582,2023,8,20,13,0,臺中市,南屯區,0,0,0,7,,,50,,,,,,,,,,,,,,16,47,,,,,B03,,,1,,2,,,47,,1,13,4,B03,120.641021,24.141381,3
7592,66000,387130000C,(04)23274275,(04)23288582,2023,8,20,13,1,臺中市,北區,0,1,0,7,2,6,50,18,9,1,5,4,6,6,4,4,5,5,5,2,17,32,3,10,3,1,B03,7,11,1,8,2,4,,32,32,1,13,4,B03,120.682432,24.154722,2
7593,66000,387130000C,(04)23274275,(04)23288582,2023,8,20,13,6,臺中市,太平區,0,2,0,7,3,6,30,4,1,1,5,4,6,6,4,4,10,5,5,2,15,12,2,9,1,1,C03,7,9,3,19,2,11,,12,12,1,12,4,C03,120.714041,24.118038,2
7594,66000,387130000C,(04)23274275,(04)23288582,2023,8,20,13,10,臺中市,北屯區,0,0,0,7,,,50,,,,,,,,,,,,,,14,49,,,,,A05,,,2,,2,,,49,,1,12,4,A05,120.741551,24.179672,3
7595,66000,387130000C,(04)23274275,(04)23288582,2023,8,20,13,14,臺中市,南屯區,0,0,0,7,,,50,,,,,,,,,,,,,,17,50,,,,,C03,,,1,,2,,,50,50,1,12,4,C03,120.646405,24.150658,3
7596,66000,387130000C,(04)23274275,(04)23288582,2023,8,20,13,22,臺中市,北區,0,2,0,7,2,6,40,11,8,1,5,4,6,6,4,4,1,4,4,2,17,84,2,9,1,1,C03,7,9,1,10,2,11,,84,84,1,12,4,C03,120.685027,24.157164,2
7597,66000,387130000C,(04)23274275,(04)23288582,2023,8,20,13,26,臺中市,西屯區,0,0,0,7,,,50,,,,,,,,,,,,,,,56,,,,,B12,,,1,,1,,,56,,1,13,4,B12,120.644251,24.194815,3
7598,66000,387130000C,(04)23274275,(04)23288582,2023,8,20,13,27,臺中市,中區,0,1,0,7,2,6,50,4,9,1,5,4,6,6,4,4,7,2,5,2,13,84,3,10,5,1,B03,7,9,1,8,2,1,,84,84,1,12,4,B03,120.677464,24.142841,2
7599,66000,387130000C,(04)23274275,(04)23288582,2023,8,20,13,30,臺中市,大雅區,0,2,0,7,1,6,30,3,2,1,5,4,6,6,4,4,5,5,5,1,17,12,2,9,4,1,F01,7,6,7,21,2,11,,12,12,1,13,4,F01,120.66825,24.214974,2
7600,66000,387130000C,(04)23274275,(04)23288582,2023,8,20,13,30,臺中市,西區,0,1,0,7,3,6,50,4,1,1,5,4,6,6,1,1,10,5,5,2,16,11,3,10,5,4,B12,7,5,1,8,2,2,,11,11,1,12,4,B12,120.655131,24.15079,2
7601,66000,387130000C,(04)23274275,(04)23288582,2023,8,20,13,30,臺中市,北區,0,0,0,7,,,50,,,,,,,,,,,,,,9,51,,,,,B03,,,1,,2,,,51,,1,12,4,B03,120.686464,24.147906,3
7602,66000,387130000C,(04)23274275,(04)23288582,2023,8,20,13,30,臺中市,東區,0,1,0,7,1,6,30,4,1,1,5,4,6,6,4,4,9,4,5,2,11,48,3,10,1,1,C03,7,6,1,10,2,12,,48,48,1,12,4,C03,120.706551,24.135885,2
7603,66000,387130000C,(04)23274275,(04)23288582,2023,8,20,13,30,臺中市,北屯區,0,1,0,7,2,6,40,3,1,1,5,4,6,6,1,1,10,5,5,2,16,11,3,10,3,1,B03,7,5,1,8,2,5,,11,11,1,12,4,B03,120.6606,24.191432,2
7604,66000,387130000C,(04)23274275,(04)23288582,2023,8,20,13,30,臺中市,后里區,0,1,0,7,1,6,50,3,1,1,5,4,6,6,1,1,10,5,5,2,16,59,2,9,1,1,C03,7,9,1,10,2,12,,59,59,1,6,4,C03,120.723503,24.298126,2
7605,66000,387130000C,(04)23274275,(04)23288582,2023,8,20,13,31,臺中市,西屯區,0,0,0,7,,,40,,,,,,,,,,,,,,,14,,,,,C03,,,1,,1,,,14,,1,12,4,C03,120.634702,24.177017,3
7606,66000,387130000C,(04)23274275,(04)23288582,2023,8,20,13,34,臺中市,北屯區,0,1,0,7,2,6,50,13,7,1,5,4,6,6,4,4,5,5,4,2,12,51,3,10,3,1,B02,7,1,1,8,2,4,,51,51,1,13,4,B02,120.681217,24.188408,2
7607,66000,387130000C,(04)23274275,(04)23288582,2023,8,20,13,34,臺中市,東勢區,0,2,0,7,2,6,50,4,1,1,5,4,6,6,2,1,10,5,5,2,15,20,3,10,3,1,B03,7,1,1,8,1,1,,20,20,1,6,4,B03,120.833192,24.246887,2
7608,66000,387130000C,(04)23274275,(04)23288582,2023,8,20,13,35,臺中市,南屯區,0,0,0,7,,,50,,,,,,,,,,,,,,,50,,,,,B03,,,1,,9,,,50,,1,13,4,B03,120.638437,24.142446,3
7609,66000,387130000C,(04)23274275,(04)23288582,2023,8,20,13,37,臺中市,南屯區,0,1,0,7,3,6,50,13,7,1,5,4,6,6,4,4,9,4,4,2,13,59,3,10,6,5,H01,8,16,7,21,10,17,,119,59,1,12,5,H01,120.61119,24.134372,2
7610,66000,387130000C,(04)23274275,(04)23288582,2023,8,20,13,37,臺中市,沙鹿區,0,2,0,7,2,6,30,13,8,1,5,4,6,6,4,4,1,4,4,2,17,51,3,10,3,1,B03,7,1,1,8,2,8,,51,51,1,12,4,B03,120.566872,24.229605,2
7611,66000,387130000C,(04)23274275,(04)23288582,2023,8,20,13,40,臺中市,清水區,0,1,0,7,3,6,30,4,1,1,5,4,6,5,4,4,10,5,5,2,15,15,3,10,3,1,B12,7,9,1,8,2,2,,15,15,1,12,4,B12,120.582993,24.288964,2
7612,66000,387130000C,(04)23274275,(04)23288582,2023,8,20,13,43,臺中市,龍井區,0,0,0,7,,,50,,,,,,,,,,,,,,19,43,,,,,B12,,,1,,2,,,43,,1,6,4,B12,120.581396,24.182439,3
7613,66000,387130000C,(04)23274275,(04)23288582,2023,8,20,13,46,臺中市,南屯區,0,2,0,7,2,6,50,4,2,1,5,4,6,6,2,1,10,5,5,2,16,51,2,8,2,1,C03,7,1,1,10,2,14,,51,51,1,12,4,C03,120.6514,24.150796,2
7614,66000,387130000C,(04)23274275,(04)23288582,2023,8,20,13,46,臺中市,北屯區,0,2,0,7,2,6,30,3,2,1,5,4,6,6,4,4,10,5,5,2,3,97,2,9,6,5,H01,8,16,7,21,10,17,,97,97,1,13,5,H01,120.690746,24.163,2
7615,66000,387130000C,(04)23274275,(04)23288582,2023,8,20,13,49,臺中市,西區,0,0,0,7,,,50,,,,,,,,,,,,,,13,55,,,,,B03,,,1,,1,,,55,,1,13,4,B03,120.66086,24.158557,3
7616,66000,387130000C,(04)23274275,(04)23288582,2023,8,20,14,0,臺中市,烏日區,0,1,0,5,1,6,30,10,9,1,4,4,6,6,4,4,10,4,5,1,18,87,2,9,2,1,C03,7,9,1,10,9,14,,87,87,1,12,4,C03,120.617258,24.111634,2
7617,66000,387130000C,(04)23274275,(04)23288582,2023,8,20,14,11,臺中市,北區,0,1,0,7,2,6,50,13,9,1,5,4,6,6,2,1,1,4,5,2,16,8,3,10,2,1,C03,7,9,1,10,2,12,,8,8,1,12,4,C03,120.670529,24.162837,2
7618,66000,387130000C,(04)23274275,(04)23288582,2023,8,20,14,19,臺中市,潭子區,0,1,0,7,2,6,50,3,24,1,5,4,6,6,4,4,5,4,4,2,16,14,2,9,1,1,C03,7,5,1,11,2,11,,14,14,1,13,4,C03,120.706194,24.203172,2
7619,66000,387130000C,(04)23274275,(04)23288582,2023,8,20,14,20,臺中市,東勢區,0,0,0,7,2,6,50,3,2,1,5,4,6,6,4,4,4,3,4,2,16,53,3,10,1,1,C03,7,5,3,19,7,11,,53,53,1,13,4,C03,120.829505,24.258208,3
7620,66000,387130000C,(04)23274275,(04)23288582,2023,8,20,14,22,臺中市,南屯區,0,0,0,5,,,50,,,,,,,,,,,,,,35,8,,,,,B03,,,1,,1,,,8,,1,12,4,B03,120.653264,24.131722,3
7621,66000,387130000C,(04)23274275,(04)23288582,2023,8,20,14,25,臺中市,南屯區,0,2,0,7,2,6,50,4,1,1,5,4,6,6,4,4,10,5,5,2,15,13,2,9,2,1,C03,7,9,1,10,2,11,,13,13,1,6,4,C03,120.647506,24.155606,2
7622,66000,387130000C,(04)23274275,(04)23288582,2023,8,20,14,27,臺中市,神岡區,0,0,0,7,,,30,,,,,,,,,,,,,,11,41,,,,,B03,,,3,,1,,,41,,1,12,4,B03,120.65983,24.277361,3
7623,66000,387130000C,(04)23274275,(04)23288582,2023,8,20,14,36,臺中市,潭子區,0,1,0,6,2,6,30,4,1,1,5,4,6,6,3,1,10,5,5,2,15,20,2,8,2,1,C03,7,9,1,10,2,14,,20,20,1,13,4,C03,120.686424,24.21109,2
7624,66000,387130000C,(04)23274275,(04)23288582,2023,8,20,14,36,臺中市,潭子區,0,1,0,7,2,6,40,11,9,1,5,4,6,6,4,4,10,5,5,1,18,84,2,9,1,1,C03,7,9,1,10,2,14,,84,84,1,13,4,C03,120.712873,24.194512,2
7625,66000,387130000C,(04)23274275,(04)23288582,2023,8,20,14,40,臺中市,南屯區,0,0,0,7,,,50,,,,,,,,,,,,,,13,7,,,,,B12,,,1,8,1,,,7,7,1,12,4,B12,120.646456,24.12953,3
7626,66000,387130000C,(04)23274275,(04)23288582,2023,8,20,14,45,臺中市,北區,0,0,0,7,,,50,,,,,,,,,,,,,,14,49,,,,,C03,,,1,,1,,,49,,1,12,4,C03,120.678596,24.159032,3
7627,66000,387130000C,(04)23274275,(04)23288582,2023,8,20,14,45,臺中市,神岡區,0,0,0,7,,,50,,,,,,,,,,,,,,17,58,,,,,F02,,,1,,1,,,58,,1,12,4,F02,120.657236,24.278545,3
7628,66000,387130000C,(04)23274275,(04)23288582,2023,8,20,14,46,臺中市,西屯區,0,0,0,7,,,50,,,,,,,,,,,,,,,7,,,,,B03,,,1,,2,,,7,,1,13,4,B03,120.622214,24.178963,3
7629,66000,387130000C,(04)23274275,(04)23288582,2023,8,20,14,49,臺中市,北區,0,1,0,7,2,6,60,13,7,1,5,4,6,6,4,4,1,1,1,2,13,7,3,10,5,1,B03,7,9,1,8,2,1,,7,7,1,13,4,B03,120.664208,24.154416,2
7630,66000,387130000C,(04)23274275,(04)23288582,2023,8,20,14,57,臺中市,霧峰區,0,1,0,7,3,6,40,13,9,1,5,4,6,6,4,4,5,5,5,1,13,84,2,8,1,1,C03,7,9,3,19,2,14,,84,84,1,12,4,C03,120.693858,24.06616,2
7631,66000,387130000C,(04)23274275,(04)23288582,2023,8,20,14,58,臺中市,大雅區,0,0,0,7,1,6,0,13,21,1,5,4,6,6,4,4,10,5,5,2,17,50,,,,,C03,,,1,,9,,,50,,1,13,4,C03,120.666525,24.216727,3
7632,66000,387130000C,(04)23274275,(04)23288582,2023,8,20,14,59,臺中市,北區,0,1,0,7,2,6,50,4,1,1,5,4,6,6,1,1,10,5,5,2,16,84,3,10,3,1,B03,7,5,1,9,2,6,,84,84,1,13,4,B03,120.691701,24.16025,2
7633,66000,387130000C,(04)23274275,(04)23288582,2023,8,20,15,2,臺中市,南屯區,0,1,0,7,2,6,40,5,1,1,5,4,6,6,2,1,10,5,5,2,16,11,3,10,3,1,B03,7,5,1,8,2,5,,11,11,1,12,4,B03,120.612254,24.150463,2
7634,66000,387130000C,(04)23274275,(04)23288582,2023,8,20,15,5,臺中市,西屯區,0,1,0,7,2,6,40,13,8,1,5,4,6,6,4,4,3,4,3,2,17,8,3,10,3,1,B03,7,15,1,8,2,4,,8,8,1,12,4,B03,120.637913,24.170072,2
7635,66000,387130000C,(04)23274275,(04)23288582,2023,8,20,15,6,臺中市,西區,0,0,0,7,,,50,,,,,,,,,,,,,,,40,,,,,B03,,,1,,1,,,40,,1,6,4,B03,120.665268,24.146718,3
7636,66000,387130000C,(04)23274275,(04)23288582,2023,8,20,15,9,臺中市,北區,0,2,0,7,2,6,50,13,9,1,5,4,6,6,2,1,1,4,4,2,13,7,2,9,2,1,C03,7,12,1,10,2,11,,7,7,1,12,4,C03,120.682583,24.153366,2
7637,66000,387130000C,(04)23274275,(04)23288582,2023,8,20,15,9,臺中市,西屯區,0,1,0,7,3,6,50,3,1,1,5,4,6,6,4,4,8,5,5,1,17,84,3,10,5,4,C03,7,9,1,10,2,12,,84,84,1,13,4,C03,120.642587,24.177302,2
7638,66000,387130000C,(04)23274275,(04)23288582,2023,8,20,15,10,臺中市,新社區,0,1,0,6,3,6,50,11,9,1,4,4,6,6,4,4,5,4,5,1,18,84,2,8,1,1,C01,7,9,1,9,2,14,,84,84,1,13,4,C01,120.81138,24.164807,2
7639,66000,387130000C,(04)23274275,(04)23288582,2023,8,20,15,14,臺中市,潭子區,0,0,0,7,,,50,,,,,,,,,,,,,,,40,,,,,B03,,,1,,2,,,40,,1,13,4,B03,120.719961,24.228543,3
7640,66000,387130000C,(04)23274275,(04)23288582,2023,8,20,15,14,臺中市,大甲區,0,0,0,7,,,50,,,,,,,,,,,,,,,89,,,,,B02,,,1,,2,,,89,,1,13,4,B02,120.664381,24.401023,3
7641,66000,387130000C,(04)23274275,(04)23288582,2023,8,20,15,18,臺中市,石岡區,0,1,0,7,3,6,70,13,9,1,5,4,6,6,4,4,1,3,4,1,13,7,3,10,3,1,B03,7,9,1,8,2,1,,7,7,1,13,4,B03,120.78114,24.274553,2
7642,66000,387130000C,(04)23274275,(04)23288582,2023,8,20,15,20,臺中市,南區,0,1,0,7,2,6,50,13,8,1,5,4,6,6,1,1,9,5,4,2,17,84,2,9,5,4,C03,7,9,2,19,2,11,,84,84,1,13,4,C03,120.675049,24.127545,2
7643,66000,387130000C,(04)23274275,(04)23288582,2023,8,20,15,20,臺中市,西屯區,0,0,0,7,,,40,,,,,,,,,,,,,,17,49,,,,,B01,,,1,,2,,,49,49,1,13,4,B01,120.615369,24.183119,3