序號,縣市別代碼,機關代碼,市話,傳真,年,月,日,時,分,縣市,區,死亡數量,受傷數量,2-30,天候,光線,道路類別,速限,道路型態,事故位置,路面鋪裝,路面狀態,路面缺陷,障礙物,視距,號誌種類,號誌動作,分向設施,快車道或一般車道間,快慢車道間,路面邊線,事故類型及型態,主要肇因,受傷程度,主要傷處,保護裝備,行動電話,當事者區分(類別),車輛用途,當事者行動狀態,駕駛資格情形,駕駛執照種類,飲酒情形,車輛撞擊部位最初,車輛撞擊部位其他,肇事因素個別,肇事因素主要,肇事逃逸,職業,旅次目的,車種,GPS座標X,GPS座標Y,事故類別
7860,66000,387130000C,(04)23274275,(04)23288582,2023,8,21,8,57,臺中市,西屯區,0,0,0,7,,,30,,,,,,,,,,,,,,,49,,,,,B03,,,1,,1,,,49,,1,13,4,B03,120.658759,24.169176,3
7861,66000,387130000C,(04)23274275,(04)23288582,2023,8,21,8,58,臺中市,烏日區,0,2,0,7,2,6,60,4,2,1,5,4,6,6,2,1,1,2,5,1,12,39,3,10,3,1,B03,7,7,1,8,2,2,,39,39,1,12,4,B03,120.641776,24.109018,2
7862,66000,387130000C,(04)23274275,(04)23288582,2023,8,21,9,0,臺中市,北屯區,0,1,0,7,2,6,50,13,9,1,5,4,6,6,4,4,9,5,4,2,18,84,2,9,1,1,C03,7,9,1,10,2,14,,84,84,1,12,4,C03,120.713806,24.161294,2
7863,66000,387130000C,(04)23274275,(04)23288582,2023,8,21,9,0,臺中市,沙鹿區,0,0,0,7,,,70,,,,,,,,,,,,,,,40,,,,,B03,,,1,,2,,,40,,1,6,4,B03,120.606321,24.247247,3
7864,66000,387130000C,(04)23274275,(04)23288582,2023,8,21,9,0,臺中市,后里區,0,0,0,7,,,50,,,,,,,,,,,,,,13,7,,,,,B03,,,1,,1,,,7,,1,12,4,B03,120.723027,24.295151,3
7865,66000,387130000C,(04)23274275,(04)23288582,2023,8,21,9,0,臺中市,外埔區,0,0,0,7,1,6,50,3,1,1,5,4,6,6,4,4,10,4,4,1,16,14,,,,,B12,,,1,,2,,,14,,1,12,4,B12,120.637919,24.342329,3
7866,66000,387130000C,(04)23274275,(04)23288582,2023,8,21,9,4,臺中市,西屯區,0,1,0,7,2,6,40,3,1,1,5,4,6,6,2,1,10,5,5,1,13,84,2,7,5,4,C03,7,9,1,10,1,12,,84,84,1,13,4,C03,120.614123,24.183851,2
7867,66000,387130000C,(04)23274275,(04)23288582,2023,8,21,9,6,臺中市,潭子區,0,0,0,7,,,50,,,,,,,,,,,,,,,59,,,,,B01,,,1,,2,,,59,,1,13,4,B01,120.709585,24.203647,3
7868,66000,387130000C,(04)23274275,(04)23288582,2023,8,21,9,6,臺中市,東區,0,0,0,7,,,50,,,,,,,,,,,,,,,49,,,,,C03,,,7,,10,,,87,49,1,12,4,C03,120.706214,24.144658,3
7869,66000,387130000C,(04)23274275,(04)23288582,2023,8,21,9,11,臺中市,北區,0,1,0,7,3,6,50,4,1,1,5,4,6,6,4,4,10,5,5,2,15,15,2,9,1,1,C03,7,9,1,10,2,11,,15,15,1,12,4,C03,120.675109,24.170743,2
7870,66000,387130000C,(04)23274275,(04)23288582,2023,8,21,9,13,臺中市,南區,0,0,0,7,,,50,,,,,,,,,,,,,,13,58,,,,,B03,,,1,,2,,,58,,1,13,4,B03,120.661136,24.121316,3
7871,66000,387130000C,(04)23274275,(04)23288582,2023,8,21,9,15,臺中市,烏日區,0,0,0,7,1,6,30,3,1,1,5,4,6,6,4,4,10,5,5,2,25,8,,,,,A12,,,1,,2,,,8,,1,12,4,A12,120.651052,24.049547,3
7872,66000,387130000C,(04)23274275,(04)23288582,2023,8,21,9,20,臺中市,沙鹿區,0,1,0,7,2,6,40,3,8,1,5,4,6,6,4,4,1,3,1,1,17,65,3,10,3,1,B12,7,5,1,8,2,2,,65,65,1,6,4,B12,120.585242,24.250673,2
7873,66000,387130000C,(04)23274275,(04)23288582,2023,8,21,9,23,臺中市,西屯區,0,1,0,7,3,6,50,4,1,1,5,4,6,6,2,1,10,5,5,2,13,84,3,10,3,1,A41,7,9,1,1,2,5,,84,84,1,12,4,A41,120.606473,24.192739,2
7874,66000,387130000C,(04)23274275,(04)23288582,2023,8,21,9,25,臺中市,北屯區,0,0,0,7,,,50,,,,,,,,,,,,,,12,84,,,,,B03,,,1,,2,,,84,84,1,12,4,B03,120.697739,24.160812,3
7875,66000,387130000C,(04)23274275,(04)23288582,2023,8,21,9,26,臺中市,西屯區,0,1,0,7,2,6,60,13,7,1,5,4,6,6,4,4,1,4,1,2,12,40,3,10,3,1,B03,7,8,1,8,1,4,,40,40,1,13,4,B03,120.630553,24.166594,2
7876,66000,387130000C,(04)23274275,(04)23288582,2023,8,21,9,26,臺中市,清水區,0,0,0,7,,,50,,,,,,,,,,,,,,,49,,,,,B12,,,1,,2,,,49,,1,12,4,B12,120.548721,24.266979,3
7877,66000,387130000C,(04)23274275,(04)23288582,2023,8,21,9,27,臺中市,北區,0,2,0,7,2,6,50,4,1,1,5,4,6,6,4,4,10,5,5,2,15,15,2,9,2,1,C03,7,9,1,10,2,12,,15,15,1,13,4,C03,120.678667,24.158761,2
7878,66000,387130000C,(04)23274275,(04)23288582,2023,8,21,9,29,臺中市,豐原區,0,1,0,7,2,6,50,4,1,1,5,4,6,6,1,1,10,5,5,2,12,84,3,10,3,1,B03,7,9,1,8,9,4,,84,84,1,13,4,B03,120.726647,24.247665,2
7879,66000,387130000C,(04)23274275,(04)23288582,2023,8,21,9,30,臺中市,潭子區,0,0,0,7,,,50,,,,,,,,,,,,,,15,48,,,,,B12,,,1,,2,,,48,,1,13,4,B12,120.701312,24.22445,3
7880,66000,387130000C,(04)23274275,(04)23288582,2023,8,21,9,37,臺中市,豐原區,0,0,0,7,,,30,,,,,,,,,,,,,,,49,,,,,B12,,,1,,2,,,49,,1,6,4,B12,120.747206,24.268222,3
7881,66000,387130000C,(04)23274275,(04)23288582,2023,8,21,9,38,臺中市,潭子區,0,2,0,7,3,6,50,13,9,1,5,4,6,6,4,4,5,5,5,1,24,59,2,9,2,1,C03,7,9,1,10,2,11,,59,59,1,13,4,C03,120.706843,24.211933,2
7882,66000,387130000C,(04)23274275,(04)23288582,2023,8,21,9,40,臺中市,南區,0,2,0,7,2,6,40,13,9,1,5,4,6,6,4,4,10,5,5,2,3,84,2,9,2,1,C03,7,9,1,10,2,12,,84,84,1,12,4,C03,120.66112,24.119231,2
7883,66000,387130000C,(04)23274275,(04)23288582,2023,8,21,9,40,臺中市,西屯區,0,0,0,7,,,50,,,,,,,,,,,,,,16,21,,,,,B03,,,1,,2,,,21,,1,6,4,B03,120.644552,24.194484,3
7884,66000,387130000C,(04)23274275,(04)23288582,2023,8,21,9,42,臺中市,大肚區,0,1,0,7,2,6,30,4,1,1,5,4,6,6,4,4,10,5,5,2,15,20,3,10,3,1,B11,7,9,1,4,2,5,,20,20,1,6,3,B11,120.551699,24.146781,2
7885,66000,387130000C,(04)23274275,(04)23288582,2023,8,21,9,54,臺中市,大甲區,0,2,0,7,2,6,50,13,9,1,5,4,6,6,4,4,10,5,5,2,16,51,2,7,3,1,B03,7,1,1,8,2,4,,51,51,1,6,4,B03,120.631801,24.346066,2
7886,66000,387130000C,(04)23274275,(04)23288582,2023,8,21,9,55,臺中市,大雅區,0,0,0,7,,,30,,,,,,,,,,,,,,,8,,,,,A11,,,1,,2,,,8,,1,13,4,A11,120.663395,24.209081,3
7887,66000,387130000C,(04)23274275,(04)23288582,2023,8,21,10,5,臺中市,南區,0,2,0,7,3,6,50,3,1,1,5,4,6,6,1,1,10,5,5,2,13,7,2,9,1,1,C03,7,9,1,10,2,11,,7,7,1,12,4,C03,120.657425,24.113175,2
7888,66000,387130000C,(04)23274275,(04)23288582,2023,8,21,10,11,臺中市,北屯區,0,0,0,7,,,50,,,,,,,,,,,,,,14,49,,,,,B03,,,1,,2,,,49,,1,12,4,B03,120.661009,24.188875,3
7889,66000,387130000C,(04)23274275,(04)23288582,2023,8,21,10,16,臺中市,北屯區,0,1,0,7,2,6,50,3,1,1,5,4,6,6,2,1,10,5,5,2,12,8,3,10,3,1,B13,7,9,1,8,3,5,,8,8,1,12,4,B13,120.683451,24.199288,2
7890,66000,387130000C,(04)23274275,(04)23288582,2023,8,21,10,16,臺中市,豐原區,0,0,0,7,,,50,,,,,,,,,,,,,,17,84,,,,,C03,,,3,,2,,,84,,1,13,4,C03,120.71969,24.236888,3
7891,66000,387130000C,(04)23274275,(04)23288582,2023,8,21,10,20,臺中市,南區,0,1,0,7,2,6,50,4,1,1,5,4,6,6,1,1,10,5,5,2,16,21,3,10,3,1,B03,7,9,1,8,2,6,,21,21,1,12,4,B03,120.670774,24.114847,2
7892,66000,387130000C,(04)23274275,(04)23288582,2023,8,21,10,20,臺中市,清水區,0,0,0,7,,,50,,,,,,,,,,,,,,,49,,,,,B12,,,1,,2,,,87,49,1,12,4,B12,120.549211,24.276286,3
7893,66000,387130000C,(04)23274275,(04)23288582,2023,8,21,10,21,臺中市,北屯區,0,2,0,7,1,6,50,4,2,1,5,4,6,6,1,1,5,4,5,2,16,36,2,9,1,1,C03,7,6,1,10,2,11,,36,36,1,13,4,C03,120.664063,24.185579,2
7894,66000,387130000C,(04)23274275,(04)23288582,2023,8,21,10,21,臺中市,太平區,0,0,0,7,3,6,50,13,9,1,5,4,6,6,4,4,5,5,5,1,30,115,,,,,,,,,,,,,115,115,1,12,5,,120.717213,24.125342,3
7895,66000,387130000C,(04)23274275,(04)23288582,2023,8,21,10,22,臺中市,北屯區,0,0,0,7,,,50,,,,,,,,,,,,,,13,84,,,,,B03,,,1,,2,,,84,,1,12,4,B03,120.676553,24.175597,3
7896,66000,387130000C,(04)23274275,(04)23288582,2023,8,21,10,22,臺中市,西屯區,0,1,0,7,3,6,40,13,8,1,5,4,6,6,4,4,1,5,1,2,17,84,2,9,1,4,C04,7,9,1,10,2,12,,84,84,1,13,4,C04,120.63834,24.203176,2
7897,66000,387130000C,(04)23274275,(04)23288582,2023,8,21,10,23,臺中市,北屯區,0,2,0,7,2,6,50,13,9,1,5,4,6,6,4,4,5,5,5,2,12,84,2,9,1,1,C03,7,6,1,10,2,14,,84,84,1,13,4,C03,120.690974,24.180707,2
7898,66000,387130000C,(04)23274275,(04)23288582,2023,8,21,10,25,臺中市,豐原區,0,0,0,7,,,50,,,,,,,,,,,,,,13,59,,,,,B03,,,1,,2,,,59,,1,12,4,B03,120.715077,24.244903,3
7899,66000,387130000C,(04)23274275,(04)23288582,2023,8,21,10,29,臺中市,北屯區,0,0,0,7,,,30,,,,,,,,,,,,,,17,84,,,,,B03,,,1,,2,,,84,84,1,12,4,B03,120.671966,24.176446,3
7900,66000,387130000C,(04)23274275,(04)23288582,2023,8,21,10,29,臺中市,龍井區,0,1,0,7,2,6,30,4,1,1,5,4,6,6,1,1,9,5,5,2,15,21,2,7,2,1,C03,7,9,3,19,2,11,,21,21,1,13,4,C03,120.583335,24.179959,2
7901,66000,387130000C,(04)23274275,(04)23288582,2023,8,21,10,32,臺中市,西屯區,0,0,0,7,,,30,,,,,,,,,,,,,,35,84,,,,,A12,,,1,,2,,,84,,1,13,4,A12,120.643425,24.197406,3
7902,66000,387130000C,(04)23274275,(04)23288582,2023,8,21,10,35,臺中市,南區,0,0,0,7,,,50,,,,,,,,,,,,,,,7,,,,,B12,,,1,,2,,,7,,1,12,4,B12,120.653289,24.121969,3
7903,66000,387130000C,(04)23274275,(04)23288582,2023,8,21,10,36,臺中市,北區,0,2,0,7,3,6,50,4,2,1,5,4,6,6,1,1,10,5,5,2,16,48,2,9,1,1,C03,7,6,1,10,2,14,,48,48,1,12,4,C03,120.677601,24.159187,2
7904,66000,387130000C,(04)23274275,(04)23288582,2023,8,21,10,37,臺中市,西屯區,0,3,0,7,2,6,40,3,1,1,5,4,6,6,4,4,1,4,1,2,16,11,3,10,3,1,B03,7,5,1,8,2,5,,11,11,1,13,4,B03,120.611032,24.184844,2
7905,66000,387130000C,(04)23274275,(04)23288582,2023,8,21,10,40,臺中市,烏日區,0,0,0,7,,,50,,,,,,,,,,,,,,,8,,,,,B01,,,1,,2,,,8,,1,12,4,B01,120.616844,24.116186,3
7906,66000,387130000C,(04)23274275,(04)23288582,2023,8,21,10,40,臺中市,大肚區,0,0,0,7,,,50,,,,,,,,,,,,,,,47,,,,,B03,,,1,,2,,,47,,1,12,4,B03,120.577475,24.118433,3
7907,66000,387130000C,(04)23274275,(04)23288582,2023,8,21,10,42,臺中市,北區,0,1,0,7,2,6,50,4,1,1,5,4,6,6,1,1,10,5,5,2,16,48,2,9,2,1,C03,7,6,1,10,2,14,,48,48,1,13,4,C03,120.688894,24.152943,2
7908,66000,387130000C,(04)23274275,(04)23288582,2023,8,21,10,49,臺中市,太平區,0,0,0,7,,,30,,,,,,,,,,,,,,14,59,,,,,C03,,,1,,2,,,59,59,1,12,4,C03,120.723194,24.105787,3
7909,66000,387130000C,(04)23274275,(04)23288582,2023,8,21,10,50,臺中市,西屯區,0,0,0,7,,,50,,,,,,,,,,,,,,,7,,,,,B03,,,1,,1,,,7,,1,13,4,B03,120.656109,24.169599,3
7910,66000,387130000C,(04)23274275,(04)23288582,2023,8,21,10,52,臺中市,西屯區,0,1,0,7,2,6,50,13,9,1,5,4,6,6,2,1,5,2,5,2,17,84,2,8,1,1,F03,7,9,7,21,2,12,,84,84,1,12,4,F03,120.61644,24.18293,2
7911,66000,387130000C,(04)23274275,(04)23288582,2023,8,21,10,54,臺中市,西屯區,0,0,0,7,,,35,,,,,,,,,,,,,,,7,,,,,C03,,,1,,1,,,7,,1,13,4,C03,120.62074,24.171344,3
7912,66000,387130000C,(04)23274275,(04)23288582,2023,8,21,10,57,臺中市,北區,0,0,0,7,,,40,,,,,,,,,,,,,,,40,,,,,B03,,,1,,2,,,40,,1,13,4,B03,120.679201,24.163305,3
7913,66000,387130000C,(04)23274275,(04)23288582,2023,8,21,10,57,臺中市,西屯區,0,0,0,7,,,50,,,,,,,,,,,,,,,40,,,,,B03,,,1,,1,,,40,,1,13,4,B03,120.608866,24.155672,3
7914,66000,387130000C,(04)23274275,(04)23288582,2023,8,21,10,57,臺中市,霧峰區,0,0,0,7,,,30,,,,,,,,,,,,,,14,49,,,,,B12,,,1,,2,,,49,,1,12,4,B12,120.672316,24.05374,3
7915,66000,387130000C,(04)23274275,(04)23288582,2023,8,21,10,57,臺中市,豐原區,0,1,0,7,2,6,50,3,1,1,5,4,6,6,1,1,10,5,5,2,16,47,3,10,3,1,B03,7,5,1,8,2,4,,47,47,1,13,4,B03,120.722423,24.260487,2
7916,66000,387130000C,(04)23274275,(04)23288582,2023,8,21,11,0,臺中市,南區,0,2,0,7,2,6,50,4,1,1,5,4,6,6,4,4,10,5,5,2,15,20,2,9,2,1,C03,7,9,1,10,2,14,,20,20,1,12,4,C03,120.682575,24.121602,2
7917,66000,387130000C,(04)23274275,(04)23288582,2023,8,21,11,0,臺中市,南區,0,0,0,7,,,,,,,,,,,,,,,,,17,86,,,,,,,,,,,,,86,,1,,4,,120.654531,24.118077,3
7918,66000,387130000C,(04)23274275,(04)23288582,2023,8,21,11,0,臺中市,清水區,0,0,0,7,,,30,,,,,,,,,,,,,,,119,,,,,,,,,,,,,119,,1,,,,120.549333,24.276221,3
7919,66000,387130000C,(04)23274275,(04)23288582,2023,8,21,11,1,臺中市,南屯區,0,0,0,7,,,50,,,,,,,,,,,,,,,59,,,,,A12,,,1,,2,,,59,,1,12,4,A12,120.61793,24.148433,3
7920,66000,387130000C,(04)23274275,(04)23288582,2023,8,21,11,2,臺中市,西屯區,0,1,0,7,3,6,80,10,9,1,5,4,6,6,4,4,1,4,5,2,13,59,3,10,3,1,B03,7,9,1,8,2,1,,59,59,1,12,4,B03,120.66054,24.200857,2
7921,66000,387130000C,(04)23274275,(04)23288582,2023,8,21,11,3,臺中市,東區,0,1,0,7,3,6,50,13,7,1,5,4,6,6,4,4,5,4,5,2,17,84,2,9,1,1,C03,7,15,1,10,2,14,,84,84,1,12,4,C03,120.687936,24.131861,2
7922,66000,387130000C,(04)23274275,(04)23288582,2023,8,21,11,4,臺中市,北區,0,0,0,7,,,50,,,,,,,,,,,,,,,14,,,,,B03,,,1,,2,,,14,,1,13,4,B03,120.676066,24.171615,3
7923,66000,387130000C,(04)23274275,(04)23288582,2023,8,21,11,6,臺中市,南屯區,0,1,0,7,1,6,50,4,2,1,5,4,6,6,4,4,5,4,5,2,12,59,2,7,1,1,F03,7,9,7,21,2,11,12,59,59,1,12,4,F03,120.649893,24.143803,2
7924,66000,387130000C,(04)23274275,(04)23288582,2023,8,21,11,7,臺中市,西屯區,0,0,0,7,,,40,,,,,,,,,,,,,,12,35,,,,,C03,,,1,,1,,,35,35,1,13,4,C03,120.645943,24.164344,3
7925,66000,387130000C,(04)23274275,(04)23288582,2023,8,21,11,8,臺中市,西屯區,0,0,0,7,,,40,,,,,,,,,,,,,,13,59,,,,,B13,,,1,,1,,,59,59,1,13,4,B13,120.643398,24.165802,3
7926,66000,387130000C,(04)23274275,(04)23288582,2023,8,21,11,10,臺中市,北屯區,0,2,0,7,2,6,50,13,9,1,5,4,6,6,4,4,1,4,5,2,13,84,3,10,3,1,B03,7,8,1,8,2,1,,84,84,1,12,4,B03,120.676132,24.199441,2
7927,66000,387130000C,(04)23274275,(04)23288582,2023,8,21,11,10,臺中市,北屯區,0,2,0,7,2,6,50,4,1,1,5,4,6,6,1,1,5,5,4,2,12,84,2,9,2,1,C03,7,9,1,10,2,12,,84,84,1,13,4,C03,120.722489,24.172549,2
7928,66000,387130000C,(04)23274275,(04)23288582,2023,8,21,11,11,臺中市,西屯區,0,0,0,7,,,50,,,,,,,,,,,,,,13,7,,,,,B03,,,1,,2,,,7,,1,6,4,B03,120.603874,24.186002,3
7929,66000,387130000C,(04)23274275,(04)23288582,2023,8,21,11,15,臺中市,沙鹿區,0,4,0,7,2,6,50,4,1,1,5,4,6,6,3,1,10,5,5,2,15,24,2,9,3,1,B03,7,9,1,8,2,8,,24,24,1,12,4,B03,120.573372,24.205694,2
7930,66000,387130000C,(04)23274275,(04)23288582,2023,8,21,11,20,臺中市,北區,0,1,0,7,2,6,30,13,9,4,3,2,5,6,4,4,10,5,5,2,18,84,2,9,2,1,C03,7,12,1,10,2,12,,84,84,1,13,4,C03,120.688933,24.150764,2
7931,66000,387130000C,(04)23274275,(04)23288582,2023,8,21,11,25,臺中市,潭子區,0,0,0,7,,,50,,,,,,,,,,,,,,33,8,,,,,B12,,,1,,2,,,8,,1,13,4,B12,120.70187,24.188652,3
7932,66000,387130000C,(04)23274275,(04)23288582,2023,8,21,11,30,臺中市,清水區,0,1,0,7,3,6,50,13,9,1,5,4,6,6,4,4,5,5,5,1,17,45,2,9,1,1,C03,7,11,3,19,2,11,,45,45,1,12,4,C03,120.57498,24.269108,2
7933,66000,387130000C,(04)23274275,(04)23288582,2023,8,21,11,30,臺中市,神岡區,0,2,0,7,2,6,25,11,9,1,5,4,6,6,4,4,5,5,5,1,18,84,2,9,2,1,C03,7,6,2,19,2,14,,84,84,1,13,4,C03,120.676219,24.281977,2
7934,66000,387130000C,(04)23274275,(04)23288582,2023,8,21,11,33,臺中市,北屯區,0,0,0,7,2,6,50,13,9,1,5,4,6,6,4,4,9,5,5,2,12,59,,,,,C02,,,1,,2,,,59,59,1,12,4,C02,120.730269,24.170944,3
7935,66000,387130000C,(04)23274275,(04)23288582,2023,8,21,11,40,臺中市,北區,0,0,0,6,,,50,,,,,,,,,,,,,,,20,,,,,B03,,,1,,1,,,20,20,1,13,4,B03,120.676066,24.171615,3
7936,66000,387130000C,(04)23274275,(04)23288582,2023,8,21,11,41,臺中市,西區,0,0,0,7,2,6,50,4,1,1,5,4,6,6,1,1,10,5,5,2,16,40,,,,,B03,,,1,,1,,,40,,1,13,4,B03,120.659171,24.157556,3
7937,66000,387130000C,(04)23274275,(04)23288582,2023,8,21,11,41,臺中市,東區,0,1,0,7,1,6,50,5,1,1,5,4,6,6,1,1,9,4,5,2,11,39,2,9,1,1,C03,7,5,1,10,2,12,,39,39,1,12,4,C03,120.694461,24.147128,2
7938,66000,387130000C,(04)23274275,(04)23288582,2023,8,21,11,44,臺中市,西屯區,0,0,0,7,,,1,,,,,,,,,,,,,,,49,,,,,B03,,,1,,1,,,49,,1,13,4,B03,120.612624,24.169154,4
7939,66000,387130000C,(04)23274275,(04)23288582,2023,8,21,11,48,臺中市,南屯區,0,0,0,7,,,50,,,,,,,,,,,,,,14,50,,,,,B12,,,1,,2,,,50,,1,12,4,B12,120.644157,24.135151,3
7940,66000,387130000C,(04)23274275,(04)23288582,2023,8,21,11,49,臺中市,南屯區,0,0,0,7,,,50,,,,,,,,,,,,,,,84,,,,,B03,,,1,,1,,,84,,1,13,4,B03,120.638807,24.141787,3
7941,66000,387130000C,(04)23274275,(04)23288582,2023,8,21,11,50,臺中市,西屯區,0,0,0,7,,,40,,,,,,,,,,,,,,,85,,,,,B12,,,1,,1,,,85,,1,13,4,B12,120.604583,24.183532,3
7942,66000,387130000C,(04)23274275,(04)23288582,2023,8,21,11,55,臺中市,大雅區,0,1,0,7,1,6,50,3,1,1,5,4,6,6,4,4,10,5,5,2,17,59,2,8,2,1,C03,7,9,1,10,2,11,,59,59,1,13,4,C03,120.651479,24.223562,2
7943,66000,387130000C,(04)23274275,(04)23288582,2023,8,21,11,58,臺中市,東區,0,1,0,7,2,6,50,4,1,1,5,4,6,6,1,1,10,5,5,2,16,20,3,10,3,1,B03,7,5,1,8,2,5,,20,20,1,12,4,B03,120.694449,24.14635,2
7944,66000,387130000C,(04)23274275,(04)23288582,2023,8,21,12,5,臺中市,沙鹿區,0,0,0,7,,,40,,,,,,,,,,,,,,,50,,,,,B03,,,1,,2,,,50,,1,6,4,B03,120.566996,24.20349,3
7945,66000,387130000C,(04)23274275,(04)23288582,2023,8,21,12,10,臺中市,中區,0,1,0,7,2,6,50,4,9,1,5,4,6,6,1,1,10,5,5,2,13,84,2,9,1,1,C03,7,4,1,10,2,12,,84,84,1,12,4,C03,120.680752,24.143776,2
7946,66000,387130000C,(04)23274275,(04)23288582,2023,8,21,12,16,臺中市,豐原區,0,0,0,7,,,50,,,,,,,,,,,,,,17,10,,,,,B03,,,1,,2,,,10,,1,13,4,B03,120.743866,24.255565,4
7947,66000,387130000C,(04)23274275,(04)23288582,2023,8,21,12,18,臺中市,梧棲區,0,0,0,7,,,50,,,,,,,,,,,,,,13,50,,,,,B03,,,1,,1,,,50,,1,9,4,B03,120.543127,24.242696,3
7948,66000,387130000C,(04)23274275,(04)23288582,2023,8,21,12,20,臺中市,南區,0,1,0,7,3,6,50,3,1,1,5,4,6,6,4,4,10,5,5,2,17,45,3,10,3,1,B03,7,11,1,8,2,4,,45,45,1,12,4,B03,120.664074,24.117405,2
7949,66000,387130000C,(04)23274275,(04)23288582,2023,8,21,12,28,臺中市,東區,0,0,0,7,,,50,,,,,,,,,,,,,,13,7,,,,,B03,,,1,,2,,,87,7,1,12,4,B03,120.708595,24.149154,3
7950,66000,387130000C,(04)23274275,(04)23288582,2023,8,21,12,30,臺中市,西屯區,0,0,0,7,,,60,,,,,,,,,,,,,,13,84,,,,,B03,,,1,,2,,,84,,1,13,4,B03,120.650041,24.162855,3
7951,66000,387130000C,(04)23274275,(04)23288582,2023,8,21,12,36,臺中市,豐原區,0,0,0,7,,,50,,,,,,,,,,,,,,,49,,,,,B03,,,1,,2,,,49,,1,12,4,B03,120.74433,24.264579,3
7952,66000,387130000C,(04)23274275,(04)23288582,2023,8,21,12,39,臺中市,大里區,0,0,0,7,,,30,,,,,,,,,,,,,,,49,,,,,B03,,,1,,2,,,49,,1,12,5,B03,120.694611,24.123845,3
7953,66000,387130000C,(04)23274275,(04)23288582,2023,8,21,12,40,臺中市,南區,0,0,0,7,,,50,,,,,,,,,,,,,,,84,,,,,C03,,,1,,2,,,84,,1,12,4,C03,120.656901,24.113291,3
7954,66000,387130000C,(04)23274275,(04)23288582,2023,8,21,12,40,臺中市,大安區,0,0,0,7,,,50,,,,,,,,,,,,,,,15,,,,,B03,,,1,,2,,,15,,1,6,4,B03,120.59279,24.37052,3
7955,66000,387130000C,(04)23274275,(04)23288582,2023,8,21,12,51,臺中市,烏日區,0,0,0,7,,,30,,,,,,,,,,,,,,14,49,,,,,B12,,,1,,2,,,49,,1,6,4,B12,120.647393,24.084038,3
7956,66000,387130000C,(04)23274275,(04)23288582,2023,8,21,12,55,臺中市,霧峰區,0,1,0,7,2,6,40,3,1,1,5,4,6,6,1,1,10,5,5,2,17,11,3,10,3,1,B03,7,6,1,8,2,1,,11,11,1,12,4,B03,120.713599,24.07537,2
7957,66000,387130000C,(04)23274275,(04)23288582,2023,8,21,12,58,臺中市,大甲區,0,2,0,7,2,6,60,13,7,1,5,4,6,6,4,4,1,4,5,1,17,85,2,8,2,1,C03,7,21,1,10,2,14,,85,85,1,6,4,C03,120.617227,24.349561,2
7958,66000,387130000C,(04)23274275,(04)23288582,2023,8,21,13,0,臺中市,北屯區,0,0,0,7,,,50,,,,,,,,,,,,,,13,84,,,,,C03,,,1,,1,,,84,,1,12,4,C03,120.702133,24.169885,4
7959,66000,387130000C,(04)23274275,(04)23288582,2023,8,21,13,7,臺中市,霧峰區,0,0,0,7,,,50,,,,,,,,,,,,,,17,50,,,,,B12,,,1,,2,,,50,50,1,12,4,B12,120.696539,24.065457,3
7960,66000,387130000C,(04)23274275,(04)23288582,2023,8,21,13,7,臺中市,東勢區,0,0,0,7,3,6,40,13,9,1,5,4,6,6,4,4,10,5,5,2,14,49,,,,,B03,,,1,,2,,,49,,1,12,4,B03,120.838226,24.245459,3
7961,66000,387130000C,(04)23274275,(04)23288582,2023,8,21,13,9,臺中市,烏日區,0,0,0,7,1,6,,13,9,1,5,4,6,6,4,4,9,4,4,2,17,86,,,,,,,,,,,,,86,,1,,,,120.62825,24.108292,3
7962,66000,387130000C,(04)23274275,(04)23288582,2023,8,21,13,10,臺中市,沙鹿區,0,0,0,7,,,40,,,,,,,,,,,,,,14,50,,,,,B12,,,1,,9,,,50,50,2,6,4,B12,120.568731,24.254967,3
7963,66000,387130000C,(04)23274275,(04)23288582,2023,8,21,13,15,臺中市,沙鹿區,0,1,0,7,2,6,50,4,9,1,5,4,6,6,4,4,5,5,5,1,16,4,2,8,1,4,C03,7,6,1,10,2,14,,4,4,1,6,4,C03,120.55404,24.224361,2
7964,66000,387130000C,(04)23274275,(04)23288582,2023,8,21,13,17,臺中市,大雅區,0,0,0,7,1,6,30,13,9,1,5,4,6,6,4,4,10,5,5,2,17,51,,,,,B03,,,1,,2,,,51,,1,13,4,B03,120.621618,24.226688,3
7965,66000,387130000C,(04)23274275,(04)23288582,2023,8,21,13,22,臺中市,北區,0,1,0,7,3,6,50,4,1,1,5,4,6,6,1,1,10,5,5,2,16,23,3,10,3,1,B03,7,6,1,8,2,8,,23,23,1,12,4,B03,120.675156,24.16698,2
7966,66000,387130000C,(04)23274275,(04)23288582,2023,8,21,13,22,臺中市,沙鹿區,0,0,0,7,,,50,,,,,,,,,,,,,,,34,,,,,B03,,,1,,2,,,34,34,1,12,4,B03,120.569301,24.205771,3
7967,66000,387130000C,(04)23274275,(04)23288582,2023,8,21,13,23,臺中市,南屯區,0,2,0,7,2,6,50,4,2,1,5,4,6,6,2,1,5,2,5,2,30,8,3,10,5,4,B03,7,9,3,19,2,7,,8,8,1,13,4,B03,120.647768,24.150634,2