序號,縣市別代碼,機關代碼,市話,傳真,年,月,日,時,分,縣市,區,死亡數量,受傷數量,2-30,天候,光線,道路類別,速限,道路型態,事故位置,路面鋪裝,路面狀態,路面缺陷,障礙物,視距,號誌種類,號誌動作,分向設施,快車道或一般車道間,快慢車道間,路面邊線,事故類型及型態,主要肇因,受傷程度,主要傷處,保護裝備,行動電話,當事者區分(類別),車輛用途,當事者行動狀態,駕駛資格情形,駕駛執照種類,飲酒情形,車輛撞擊部位最初,車輛撞擊部位其他,肇事因素個別,肇事因素主要,肇事逃逸,職業,旅次目的,車種,GPS座標X,GPS座標Y,事故類別
7968,66000,387130000C,(04)23274275,(04)23288582,2023,8,21,13,30,臺中市,西屯區,0,1,0,7,2,6,80,13,9,1,5,4,6,6,4,4,1,4,4,2,13,7,2,9,5,4,C01,7,9,6,20,2,11,,7,7,1,13,4,C01,120.663185,24.201049,2
7969,66000,387130000C,(04)23274275,(04)23288582,2023,8,21,13,41,臺中市,大肚區,0,0,0,7,,,40,,,,,,,,,,,,,,,49,,,,,B03,,,1,,2,,,49,,1,12,4,B03,120.55225,24.143478,3
7970,66000,387130000C,(04)23274275,(04)23288582,2023,8,21,13,43,臺中市,大甲區,0,0,0,7,,,50,,,,,,,,,,,,,,,16,,,,,B03,,,1,,1,,,16,,1,6,4,B03,120.613182,24.348196,3
7971,66000,387130000C,(04)23274275,(04)23288582,2023,8,21,13,45,臺中市,西屯區,0,1,0,7,3,6,50,4,1,1,5,4,6,6,1,1,10,5,5,2,17,11,3,10,3,4,B12,7,5,1,8,2,16,,11,11,1,12,4,B12,120.668672,24.178276,2
7972,66000,387130000C,(04)23274275,(04)23288582,2023,8,21,13,46,臺中市,西區,0,0,0,7,,,50,,,,,,,,,,,,,,16,51,,,,,B03,,,1,,1,,,51,,1,13,4,B03,120.668202,24.14786,3
7973,66000,387130000C,(04)23274275,(04)23288582,2023,8,21,13,46,臺中市,北區,0,0,0,7,,,0,,,,,,,,,,,,,,,39,,,,,F01,,,7,,1,,,39,,1,13,4,F01,120.684805,24.152243,3
7974,66000,387130000C,(04)23274275,(04)23288582,2023,8,21,13,47,臺中市,烏日區,0,1,0,7,2,6,30,13,9,1,5,4,6,6,4,4,10,5,5,2,17,51,3,10,3,1,A11,7,1,1,1,2,4,,51,51,1,6,4,A11,120.640641,24.058086,2
7975,66000,387130000C,(04)23274275,(04)23288582,2023,8,21,13,59,臺中市,南屯區,0,0,0,7,,,50,,,,,,,,,,,,,,,7,,,,,A12,,,1,,1,,,7,,1,13,4,A12,120.612753,24.149551,3
7976,66000,387130000C,(04)23274275,(04)23288582,2023,8,21,14,0,臺中市,大里區,0,1,0,7,3,6,30,4,1,1,5,4,6,6,4,4,10,5,5,2,16,12,3,10,1,1,C03,7,9,2,19,2,12,,12,12,1,6,4,C03,120.692129,24.112095,2
7977,66000,387130000C,(04)23274275,(04)23288582,2023,8,21,14,0,臺中市,后里區,0,0,0,7,2,6,30,13,9,2,5,4,6,6,4,4,10,5,5,2,14,49,3,10,3,1,B03,7,2,1,8,2,5,,49,49,1,12,4,B03,120.71911,24.31097,3
7978,66000,387130000C,(04)23274275,(04)23288582,2023,8,21,14,2,臺中市,南區,0,0,0,7,3,6,50,4,1,1,5,4,6,6,1,1,10,5,5,2,13,7,3,10,1,1,C03,7,9,1,8,2,1,,7,7,1,12,4,C03,120.646663,24.110379,3
7979,66000,387130000C,(04)23274275,(04)23288582,2023,8,21,14,2,臺中市,梧棲區,0,1,0,7,2,6,50,3,1,1,5,4,6,6,4,4,10,5,5,2,17,45,3,10,3,1,B03,7,11,1,8,2,7,,45,45,1,6,4,B03,120.531999,24.254269,2
7980,66000,387130000C,(04)23274275,(04)23288582,2023,8,21,14,7,臺中市,沙鹿區,0,0,0,7,,,50,,,,,,,,,,,,,,15,24,,,,,B03,,,1,,2,,,24,,1,6,4,B03,120.56976,24.217045,3
7981,66000,387130000C,(04)23274275,(04)23288582,2023,8,21,14,10,臺中市,大肚區,0,1,0,7,1,6,30,4,1,1,5,4,6,6,4,4,10,5,5,2,15,15,2,9,1,1,C03,7,9,1,10,2,11,,15,15,1,12,4,C03,120.579489,24.172832,2
7982,66000,387130000C,(04)23274275,(04)23288582,2023,8,21,14,16,臺中市,西屯區,0,0,0,7,,,50,,,,,,,,,,,,,,13,59,,,,,B03,,,1,,1,,,59,,1,12,4,B03,120.608816,24.15514,3
7983,66000,387130000C,(04)23274275,(04)23288582,2023,8,21,14,20,臺中市,北屯區,0,0,0,7,,,50,,,,,,,,,,,,,,,59,,,,,B03,,,1,,1,,,59,59,1,13,4,B03,120.667012,24.179939,3
7984,66000,387130000C,(04)23274275,(04)23288582,2023,8,21,14,33,臺中市,沙鹿區,0,0,0,7,,,50,,,,,,,,,,,,,,13,7,,,,,B03,,,1,,2,,,7,,1,12,4,B03,120.571166,24.242619,3
7985,66000,387130000C,(04)23274275,(04)23288582,2023,8,21,14,35,臺中市,后里區,0,0,0,7,2,6,50,13,9,1,5,4,6,6,4,4,4,4,5,1,17,59,3,10,3,1,A41,7,9,1,3,2,9,,59,59,1,12,4,A41,120.669818,24.299088,3
7986,66000,387130000C,(04)23274275,(04)23288582,2023,8,21,14,37,臺中市,梧棲區,0,0,0,7,,,30,,,,,,,,,,,,,,15,15,,,,,F03,,,7,,2,,,15,,1,6,4,F03,120.528535,24.25801,3
7987,66000,387130000C,(04)23274275,(04)23288582,2023,8,21,14,39,臺中市,大里區,0,0,0,7,,,,,,,,,,,,,,,,,,119,,,,,,,,,,,,,119,,1,,5,,120.6793,24.114679,3
7988,66000,387130000C,(04)23274275,(04)23288582,2023,8,21,14,40,臺中市,大里區,0,0,0,7,,,50,,,,,,,,,,,,,,9,58,,,,,B03,,,1,,2,,,58,,1,6,4,B03,120.699324,24.104468,3
7989,66000,387130000C,(04)23274275,(04)23288582,2023,8,21,14,40,臺中市,龍井區,0,1,0,7,1,6,50,13,9,1,5,4,6,6,4,4,9,4,5,1,13,7,2,9,1,1,C03,7,9,1,10,2,11,,7,7,1,12,4,C03,120.581519,24.174986,2
7990,66000,387130000C,(04)23274275,(04)23288582,2023,8,21,14,46,臺中市,大里區,0,2,0,7,2,6,30,3,1,1,5,4,6,6,4,4,10,5,5,2,16,14,2,9,5,4,C03,7,6,1,10,2,14,,14,14,1,13,4,C03,120.698976,24.098383,2
7991,66000,387130000C,(04)23274275,(04)23288582,2023,8,21,14,47,臺中市,南區,0,0,0,7,,,50,,,,,,,,,,,,,,16,47,,,,,B03,,,1,,2,,,47,,1,12,4,B03,120.653921,24.116809,3
7992,66000,387130000C,(04)23274275,(04)23288582,2023,8,21,14,52,臺中市,東勢區,0,0,0,5,,,50,,,,,,,,,,,,,,,8,,,,,B03,,,1,,1,,,8,,1,13,4,B03,120.837876,24.266191,3
7993,66000,387130000C,(04)23274275,(04)23288582,2023,8,21,14,57,臺中市,西屯區,0,0,0,7,,,40,,,,,,,,,,,,,,13,7,,,,,B11,,,1,,1,,,7,,1,13,4,B11,120.611652,24.184377,3
7994,66000,387130000C,(04)23274275,(04)23288582,2023,8,21,14,58,臺中市,西屯區,0,0,0,7,,,50,,,,,,,,,,,,,,,7,,,,,B03,,,1,,1,,,7,,1,13,4,B03,120.660864,24.172447,3
7995,66000,387130000C,(04)23274275,(04)23288582,2023,8,21,14,59,臺中市,西屯區,0,2,0,7,2,6,50,13,7,1,5,4,6,6,2,1,1,4,4,2,13,8,2,9,2,1,C03,7,9,1,10,2,11,,8,8,1,6,4,C03,120.645032,24.162592,2
7996,66000,387130000C,(04)23274275,(04)23288582,2023,8,21,15,0,臺中市,潭子區,0,0,0,7,,,50,,,,,,,,,,,,,,,59,,,,,B12,,,1,,2,,,59,,1,13,4,B12,120.692259,24.222739,3
7997,66000,387130000C,(04)23274275,(04)23288582,2023,8,21,15,2,臺中市,北屯區,0,0,0,7,,,50,,,,,,,,,,,,,,13,7,,,,,C03,,,1,,2,,,7,,1,13,4,C03,120.719226,24.175838,3
7998,66000,387130000C,(04)23274275,(04)23288582,2023,8,21,15,5,臺中市,北屯區,0,0,0,7,,,50,,,,,,,,,,,,,,,7,,,,,B03,,,1,,1,,,7,,1,12,4,B03,120.658454,24.18238,3
7999,66000,387130000C,(04)23274275,(04)23288582,2023,8,21,15,10,臺中市,霧峰區,0,0,0,7,,,30,,,,,,,,,,,,,,14,49,,,,,B03,,,1,,2,,,49,,1,12,4,B03,120.70862,24.07407,3
8000,66000,387130000C,(04)23274275,(04)23288582,2023,8,21,15,10,臺中市,清水區,0,1,0,7,3,9,50,4,1,1,5,4,6,6,3,1,5,5,5,2,15,12,3,10,3,1,B03,7,9,1,8,2,2,,12,12,1,12,4,B03,120.567592,24.272506,2
8001,66000,387130000C,(04)23274275,(04)23288582,2023,8,21,15,10,臺中市,豐原區,0,1,0,7,2,6,30,4,1,1,5,4,6,6,2,1,10,5,5,2,17,51,3,10,5,4,B03,7,1,1,8,2,5,,51,51,1,12,4,B03,120.723036,24.265422,2
8002,66000,387130000C,(04)23274275,(04)23288582,2023,8,21,15,12,臺中市,南屯區,0,0,0,7,,,50,,,,,,,,,,,,,,10,47,,,,,B03,,,1,8,1,,,47,47,1,12,4,B03,120.608483,24.147118,3
8003,66000,387130000C,(04)23274275,(04)23288582,2023,8,21,15,17,臺中市,太平區,0,2,0,7,3,6,50,3,9,1,5,4,6,6,4,4,5,4,5,1,17,76,3,10,3,1,B03,7,15,1,8,2,4,,76,76,1,12,4,B03,120.71363,24.126025,2
8004,66000,387130000C,(04)23274275,(04)23288582,2023,8,21,15,24,臺中市,南屯區,0,0,0,7,,,50,,,,,,,,,,,,,,,49,,,,,B12,,,1,,2,,,49,,1,13,4,B12,120.616005,24.151889,3
8005,66000,387130000C,(04)23274275,(04)23288582,2023,8,21,15,27,臺中市,北屯區,0,0,0,7,,,40,,,,,,,,,,,,,,17,51,,,,,C03,,,1,,1,,,51,,1,13,4,C03,120.691977,24.170292,3
8006,66000,387130000C,(04)23274275,(04)23288582,2023,8,21,15,28,臺中市,大里區,0,0,0,7,,,50,,,,,,,,,,,,,,13,7,,,,,C03,,,1,,2,,,7,,1,13,4,C03,120.69456,24.100155,3
8007,66000,387130000C,(04)23274275,(04)23288582,2023,8,21,15,29,臺中市,北屯區,0,1,0,7,3,9,0,13,23,5,5,4,6,6,4,4,10,5,5,2,9,84,3,10,2,1,C03,7,15,1,10,9,14,,84,84,2,5,4,C03,120.704095,24.170187,2
8008,66000,387130000C,(04)23274275,(04)23288582,2023,8,21,15,33,臺中市,西區,0,1,0,7,2,6,50,4,1,1,5,4,6,6,1,1,10,5,5,2,16,36,2,7,1,1,C03,7,6,1,10,2,14,,36,36,1,13,4,C03,120.666862,24.153074,2
8009,66000,387130000C,(04)23274275,(04)23288582,2023,8,21,15,38,臺中市,北區,0,0,0,7,,,50,,,,,,,,,,,,,,12,59,,,,,B03,,,1,,2,,,59,,1,12,4,B03,120.690674,24.156417,3
8010,66000,387130000C,(04)23274275,(04)23288582,2023,8,21,15,40,臺中市,太平區,0,1,0,7,3,6,50,14,9,1,5,4,6,6,3,1,5,5,5,2,17,85,3,10,3,1,B12,7,11,3,19,2,1,,85,85,1,12,4,B12,120.728676,24.156911,2
8011,66000,387130000C,(04)23274275,(04)23288582,2023,8,21,15,42,臺中市,潭子區,0,0,0,7,,,40,,,,,,,,,,,,,,,49,,,,,C03,,,1,,2,,,49,,1,13,4,C03,120.709146,24.210721,3
8012,66000,387130000C,(04)23274275,(04)23288582,2023,8,21,15,43,臺中市,西屯區,0,0,0,7,,,70,,,,,,,,,,,,,,,84,,,,,B03,,,1,,2,,,84,,1,12,4,B03,120.62443,24.178573,3
8013,66000,387130000C,(04)23274275,(04)23288582,2023,8,21,15,43,臺中市,太平區,0,0,0,7,,,50,,,,,,,,,,,,,,17,21,,,,,C03,,,1,,2,,,21,21,1,12,4,C03,120.712182,24.144435,3
8014,66000,387130000C,(04)23274275,(04)23288582,2023,8,21,15,44,臺中市,潭子區,0,1,0,7,3,6,50,4,2,1,5,4,6,6,1,1,5,4,4,2,17,48,2,9,1,1,C03,7,6,1,10,2,11,,48,48,1,13,4,C03,120.703181,24.20725,2
8015,66000,387130000C,(04)23274275,(04)23288582,2023,8,21,15,46,臺中市,北屯區,0,1,0,7,2,6,50,13,9,1,5,4,6,6,4,4,1,2,5,2,17,40,3,10,3,1,B03,7,8,1,8,2,8,,40,40,1,12,4,B03,120.700709,24.178529,2
8016,66000,387130000C,(04)23274275,(04)23288582,2023,8,21,15,46,臺中市,神岡區,0,0,0,7,,,50,,,,,,,,,,,,,,14,49,,,,,A12,,,1,,1,,,49,,1,12,4,A12,120.660014,24.255523,3
8017,66000,387130000C,(04)23274275,(04)23288582,2023,8,21,15,47,臺中市,西屯區,0,0,0,7,,,50,,,,,,,,,,,,,,,84,,,,,C03,,,1,,1,,,84,,1,13,4,C03,120.63607,24.170969,3
8018,66000,387130000C,(04)23274275,(04)23288582,2023,8,21,15,47,臺中市,霧峰區,0,0,0,7,,,50,,,,,,,,,,,,,,17,51,,,,,C03,,,1,,2,,,87,,1,12,4,C03,120.698992,24.064243,3
8019,66000,387130000C,(04)23274275,(04)23288582,2023,8,21,15,48,臺中市,豐原區,0,0,0,7,,,30,,,,,,,,,,,,,,13,7,,,,,C03,,,1,,2,,,7,,1,13,4,C03,120.732547,24.263682,3
8020,66000,387130000C,(04)23274275,(04)23288582,2023,8,21,15,49,臺中市,南區,0,0,0,7,,,50,,,,,,,,,,,,,,,84,,,,,B03,,,1,,2,,,84,,1,13,4,B03,120.657277,24.11964,3
8021,66000,387130000C,(04)23274275,(04)23288582,2023,8,21,15,50,臺中市,豐原區,0,2,0,7,3,6,50,4,1,1,5,4,6,6,3,1,5,5,5,2,15,20,2,9,1,1,C03,7,9,1,10,2,12,,20,20,1,13,4,C03,120.720837,24.250632,2
8022,66000,387130000C,(04)23274275,(04)23288582,2023,8,21,15,55,臺中市,沙鹿區,0,0,0,7,,,30,,,,,,,,,,,,,,17,87,,,,,B03,,,1,,2,,,87,,1,6,4,B03,120.564865,24.24091,3
8023,66000,387130000C,(04)23274275,(04)23288582,2023,8,21,15,58,臺中市,沙鹿區,0,2,0,7,2,6,50,3,1,1,5,4,6,6,3,1,10,5,5,2,16,51,2,9,1,1,C03,7,1,3,19,2,14,,51,51,1,12,4,C03,120.566007,24.234446,2
8024,66000,387130000C,(04)23274275,(04)23288582,2023,8,21,16,2,臺中市,沙鹿區,0,0,0,7,,,60,,,,,,,,,,,,,,14,49,,,,,B12,,,1,,2,,,49,,1,6,4,B12,120.566661,24.203995,3
8025,66000,387130000C,(04)23274275,(04)23288582,2023,8,21,16,6,臺中市,大肚區,0,1,0,7,2,6,40,13,14,1,5,4,6,6,4,4,1,4,4,1,17,84,2,9,1,1,C03,7,9,1,10,9,12,,84,84,2,12,4,C03,120.561419,24.125053,2
8026,66000,387130000C,(04)23274275,(04)23288582,2023,8,21,16,6,臺中市,東勢區,0,1,0,7,3,6,40,13,9,1,5,4,6,6,1,1,1,4,4,1,13,6,2,9,1,1,C03,7,9,1,10,2,11,,6,6,1,13,4,C03,120.833156,24.244379,2
8027,66000,387130000C,(04)23274275,(04)23288582,2023,8,21,16,7,臺中市,龍井區,0,0,0,7,,,30,,,,,,,,,,,,,,14,49,,,,,B12,,,1,,2,,,49,,1,12,4,B12,120.59271,24.180806,3
8028,66000,387130000C,(04)23274275,(04)23288582,2023,8,21,16,8,臺中市,梧棲區,0,0,0,7,,,30,,,,,,,,,,,,,,,49,,,,,A12,,,1,,2,,,49,,1,6,4,A12,120.53406,24.226439,3
8029,66000,387130000C,(04)23274275,(04)23288582,2023,8,21,16,10,臺中市,后里區,0,0,0,7,2,6,50,4,1,1,5,4,6,6,1,1,1,2,4,1,12,48,3,10,3,1,A41,7,6,1,1,2,4,,48,48,1,12,4,A41,120.725283,24.321165,3
8030,66000,387130000C,(04)23274275,(04)23288582,2023,8,21,16,12,臺中市,太平區,0,0,0,7,,,80,,,,,,,,,,,,,,,59,,,,,B03,,,1,,2,,,59,,1,12,4,B03,120.70832,24.13361,3
8031,66000,387130000C,(04)23274275,(04)23288582,2023,8,21,16,17,臺中市,烏日區,0,2,0,7,2,6,30,3,1,1,5,4,6,6,4,4,10,5,5,1,16,12,2,9,2,1,C03,7,6,1,10,2,14,,12,12,1,12,4,C03,120.641656,24.098128,2
8032,66000,387130000C,(04)23274275,(04)23288582,2023,8,21,16,20,臺中市,北區,0,0,0,7,,,50,,,,,,,,,,,,,,,8,,,,,C03,,,1,,2,,,8,,1,12,4,C03,120.685909,24.143155,3
8033,66000,387130000C,(04)23274275,(04)23288582,2023,8,21,16,20,臺中市,北屯區,0,0,0,7,,,50,,,,,,,,,,,,,,,7,,,,,A02,,,1,,1,,,7,,1,12,4,A02,120.718626,24.187745,3
8034,66000,387130000C,(04)23274275,(04)23288582,2023,8,21,16,27,臺中市,中區,0,0,0,7,3,7,50,13,9,1,5,4,6,6,4,4,5,5,5,2,12,76,,,,,B03,,,1,,2,,,76,,1,12,4,B03,120.680554,24.145621,3
8035,66000,387130000C,(04)23274275,(04)23288582,2023,8,21,16,30,臺中市,西屯區,0,0,0,7,,,30,,,,,,,,,,,,,,,7,,,,,C03,,,1,,1,,,7,,1,12,4,C03,120.641688,24.192571,3
8036,66000,387130000C,(04)23274275,(04)23288582,2023,8,21,16,30,臺中市,豐原區,0,1,0,7,2,6,50,11,9,1,5,4,6,6,4,4,4,4,5,1,17,8,3,10,3,1,B03,7,9,1,8,2,6,,8,8,1,13,4,B03,120.725603,24.23428,2
8037,66000,387130000C,(04)23274275,(04)23288582,2023,8,21,16,31,臺中市,北區,0,1,0,7,2,6,50,4,2,1,5,4,6,6,1,1,2,4,4,2,13,84,3,10,5,1,B03,7,9,1,8,2,1,,84,84,1,13,4,B03,120.674507,24.162862,2
8038,66000,387130000C,(04)23274275,(04)23288582,2023,8,21,16,33,臺中市,沙鹿區,0,2,0,7,3,6,50,4,2,1,5,4,6,6,1,1,4,5,5,2,16,39,2,9,1,1,C03,7,11,1,10,2,13,,39,39,1,13,4,C03,120.576834,24.224518,2
8039,66000,387130000C,(04)23274275,(04)23288582,2023,8,21,16,38,臺中市,北屯區,0,3,0,7,3,6,50,4,2,1,5,4,6,6,1,1,10,5,5,2,12,85,2,9,2,1,C03,7,9,1,10,9,12,,85,85,1,13,4,C03,120.690923,24.171439,2
8040,66000,387130000C,(04)23274275,(04)23288582,2023,8,21,16,38,臺中市,豐原區,0,0,0,7,,,50,,,,,,,,,,,,,,13,7,,,,,C03,,,1,,9,,,7,,2,13,4,C03,120.71043,24.237253,3
8041,66000,387130000C,(04)23274275,(04)23288582,2023,8,21,16,44,臺中市,北屯區,0,1,0,7,3,6,50,4,1,1,5,4,6,6,1,1,10,5,5,2,12,40,2,9,2,1,C03,7,8,3,19,2,14,,40,40,1,12,4,C03,120.694785,24.176329,2
8042,66000,387130000C,(04)23274275,(04)23288582,2023,8,21,16,44,臺中市,北屯區,0,0,0,7,,,50,,,,,,,,,,,,,,12,26,,,,,B03,,,1,,1,,,26,,1,13,4,B03,120.695377,24.164938,3
8043,66000,387130000C,(04)23274275,(04)23288582,2023,8,21,16,45,臺中市,南區,0,0,0,7,,,30,,,,,,,,,,,,,,14,49,,,,,B03,,,1,8,2,,,49,49,1,12,4,B03,120.657069,24.12809,3
8044,66000,387130000C,(04)23274275,(04)23288582,2023,8,21,16,47,臺中市,大里區,0,0,0,7,2,6,30,3,1,1,5,4,6,6,4,4,10,5,5,2,14,49,,,,,B02,,,1,,2,,,49,,1,13,4,B02,120.705116,24.110159,3
8045,66000,387130000C,(04)23274275,(04)23288582,2023,8,21,16,48,臺中市,北區,0,0,0,7,,,50,,,,,,,,,,,,,,13,84,,,,,B03,,,1,,2,,,84,,1,12,4,B03,120.675966,24.163097,3
8046,66000,387130000C,(04)23274275,(04)23288582,2023,8,21,16,49,臺中市,霧峰區,0,3,0,7,3,6,50,13,9,1,5,4,6,6,4,4,9,5,5,1,17,51,2,9,2,1,C03,7,1,1,10,2,11,,51,51,1,12,4,C03,120.706658,24.074919,2
8047,66000,387130000C,(04)23274275,(04)23288582,2023,8,21,16,49,臺中市,大肚區,0,2,0,7,1,6,50,3,1,1,5,4,6,6,4,4,10,5,5,2,13,7,2,9,1,1,C03,7,9,1,10,2,11,,7,7,1,12,4,C03,120.544745,24.149184,2
8048,66000,387130000C,(04)23274275,(04)23288582,2023,8,21,16,50,臺中市,西屯區,0,0,0,7,,,50,,,,,,,,,,,,,,17,84,,,,,B03,,,1,,1,,,84,,1,13,4,B03,120.646987,24.158836,3
8049,66000,387130000C,(04)23274275,(04)23288582,2023,8,21,16,50,臺中市,豐原區,0,1,0,7,2,6,30,3,1,1,5,4,6,6,4,4,10,5,5,2,16,1,3,10,1,1,C02,7,4,1,9,2,12,,1,1,1,13,4,C02,120.709621,24.243824,2
8050,66000,387130000C,(04)23274275,(04)23288582,2023,8,21,16,58,臺中市,大甲區,0,3,0,7,3,6,50,13,9,1,5,4,6,6,4,4,5,5,5,1,13,7,2,9,1,1,C03,7,9,1,10,2,11,,7,7,1,6,4,C03,120.624682,24.347722,2
8051,66000,387130000C,(04)23274275,(04)23288582,2023,8,21,17,0,臺中市,太平區,0,0,0,7,,,50,,,,,,,,,,,,,,17,59,,,,,C03,,,1,,2,,,59,,1,12,4,C03,120.714032,24.158813,4
8052,66000,387130000C,(04)23274275,(04)23288582,2023,8,21,17,1,臺中市,太平區,0,3,0,7,2,6,50,3,2,1,5,4,6,6,1,1,5,5,5,2,13,84,2,9,1,1,C03,7,9,1,10,2,11,,84,84,1,5,4,C03,120.734387,24.148849,2
8053,66000,387130000C,(04)23274275,(04)23288582,2023,8,21,17,1,臺中市,豐原區,0,0,0,7,,,50,,,,,,,,,,,,,,2,8,,,,,B03,,,1,,2,,,8,,1,6,4,B03,120.728606,24.257326,3
8054,66000,387130000C,(04)23274275,(04)23288582,2023,8,21,17,2,臺中市,太平區,0,0,0,7,,,80,,,,,,,,,,,,,,,40,,,,,B03,,,1,,2,,,40,,1,12,4,B03,120.70832,24.13361,3
8055,66000,387130000C,(04)23274275,(04)23288582,2023,8,21,17,5,臺中市,西屯區,0,0,0,7,,,50,,,,,,,,,,,,,,,7,,,,,B03,,,1,,1,,,7,,1,12,4,B03,120.65198,24.18608,3
8056,66000,387130000C,(04)23274275,(04)23288582,2023,8,21,17,5,臺中市,霧峰區,0,0,0,7,,,50,,,,,,,,,,,,,,13,59,,,,,C03,,,1,,2,,,59,59,1,13,4,C03,120.696627,24.070157,3
8057,66000,387130000C,(04)23274275,(04)23288582,2023,8,21,17,6,臺中市,東區,0,1,0,7,2,6,50,4,1,1,5,4,6,6,1,1,10,5,5,2,17,84,3,10,3,1,B02,7,5,1,8,2,4,,84,84,1,12,4,B02,120.691062,24.142783,2
8058,66000,387130000C,(04)23274275,(04)23288582,2023,8,21,17,9,臺中市,霧峰區,0,1,0,7,3,6,30,3,1,1,5,4,6,6,4,4,10,5,5,1,16,14,3,10,3,1,B03,7,6,5,19,2,8,,14,14,1,12,4,B03,120.664829,24.064473,2
8059,66000,387130000C,(04)23274275,(04)23288582,2023,8,21,17,10,臺中市,龍井區,0,0,0,7,,,50,,,,,,,,,,,,,,,49,,,,,B03,,,1,,2,,,49,,1,6,4,B03,120.512651,24.209898,3
8060,66000,387130000C,(04)23274275,(04)23288582,2023,8,21,17,13,臺中市,太平區,0,0,0,7,,,50,,,,,,,,,,,,,,17,51,,,,,C03,,,1,,2,,,51,,1,12,4,C03,120.724015,24.145685,3
8061,66000,387130000C,(04)23274275,(04)23288582,2023,8,21,17,14,臺中市,西屯區,0,0,0,7,,,50,,,,,,,,,,,,,,13,56,,,,,B03,,,1,,1,,,56,,1,12,4,B03,120.651821,24.176606,3
8062,66000,387130000C,(04)23274275,(04)23288582,2023,8,21,17,16,臺中市,大雅區,0,3,0,7,1,6,50,13,8,1,5,4,6,6,1,1,5,5,4,1,3,98,2,8,6,5,H01,8,16,7,21,2,17,,98,98,1,12,5,H01,120.644137,24.208016,2
8063,66000,387130000C,(04)23274275,(04)23288582,2023,8,21,17,16,臺中市,西屯區,0,0,0,7,,,80,,,,,,,,,,,,,,,7,,,,,B03,,,1,,1,,,7,,1,12,4,B03,120.627734,24.160407,3
8064,66000,387130000C,(04)23274275,(04)23288582,2023,8,21,17,17,臺中市,北區,0,0,0,7,,,50,,,,,,,,,,,,,,17,8,,,,,B03,,,1,,2,,,8,,1,13,4,B03,120.676266,24.159207,3
8065,66000,387130000C,(04)23274275,(04)23288582,2023,8,21,17,19,臺中市,北屯區,0,1,0,7,3,6,50,13,9,1,5,4,6,6,4,4,1,4,5,2,13,7,3,10,5,4,B12,7,9,1,8,2,1,,7,7,1,13,4,B12,120.702009,24.182216,2
8066,66000,387130000C,(04)23274275,(04)23288582,2023,8,21,17,20,臺中市,北區,0,2,0,7,2,6,50,4,1,1,5,4,6,6,4,4,5,5,5,2,15,15,2,9,2,1,C03,7,9,1,10,2,11,,15,15,1,12,4,C03,120.683601,24.14677,2
8067,66000,387130000C,(04)23274275,(04)23288582,2023,8,21,17,22,臺中市,東區,0,0,0,7,,,50,,,,,,,,,,,,,,,84,,,,,C03,,,1,,11,,,84,,1,13,4,C03,120.691847,24.128183,3
8068,66000,387130000C,(04)23274275,(04)23288582,2023,8,21,17,22,臺中市,太平區,0,0,0,7,,,50,,,,,,,,,,,,,,,7,,,,,C03,,,1,,2,,,7,,1,12,4,C03,120.701941,24.153872,3
8069,66000,387130000C,(04)23274275,(04)23288582,2023,8,21,17,23,臺中市,北屯區,0,0,0,7,,,50,,,,,,,,,,,,,,,49,,,,,B03,,,1,,2,,,49,,1,11,4,B03,120.728222,24.17303,3
8070,66000,387130000C,(04)23274275,(04)23288582,2023,8,21,17,23,臺中市,烏日區,0,2,0,7,1,6,50,4,1,1,5,4,6,6,1,1,9,5,5,1,17,20,2,9,1,1,C03,7,6,1,10,2,14,,20,20,1,12,4,C03,120.64545,24.057853,2
8071,66000,387130000C,(04)23274275,(04)23288582,2023,8,21,17,23,臺中市,梧棲區,0,0,0,7,,,60,,,,,,,,,,,,,,12,8,,,,,A41,,,1,,1,,,8,,1,6,4,A41,120.530148,24.235339,3
8072,66000,387130000C,(04)23274275,(04)23288582,2023,8,21,17,24,臺中市,南屯區,0,0,0,7,,,50,,,,,,,,,,,,,,,47,,,,,B03,,,1,,1,,,47,,1,13,4,B03,120.624147,24.149373,3
8073,66000,387130000C,(04)23274275,(04)23288582,2023,8,21,17,24,臺中市,西屯區,0,1,0,7,2,6,50,13,9,1,5,4,6,6,4,4,1,4,5,2,18,84,2,9,1,1,C03,7,9,1,10,2,12,,84,84,1,13,4,C03,120.651916,24.197571,2
8074,66000,387130000C,(04)23274275,(04)23288582,2023,8,21,17,27,臺中市,南屯區,0,2,0,7,2,6,50,4,2,1,5,4,6,6,4,4,5,5,4,2,16,14,2,9,2,1,C03,7,6,3,19,2,12,,14,14,1,13,4,C03,120.610029,24.131414,2
8075,66000,387130000C,(04)23274275,(04)23288582,2023,8,21,17,27,臺中市,豐原區,0,0,0,7,,,50,,,,,,,,,,,,,,13,7,,,,,B03,,,1,,2,,,7,,1,13,4,B03,120.758583,24.275987,3
8076,66000,387130000C,(04)23274275,(04)23288582,2023,8,21,17,29,臺中市,太平區,0,0,0,7,,,50,,,,,,,,,,,,,,,84,,,,,B03,,,1,,2,,,84,,1,12,4,B03,120.717657,24.146504,3