序號,縣市別代碼,機關代碼,市話,傳真,年,月,日,時,分,縣市,區,死亡數量,受傷數量,2-30,天候,光線,道路類別,速限,道路型態,事故位置,路面鋪裝,路面狀態,路面缺陷,障礙物,視距,號誌種類,號誌動作,分向設施,快車道或一般車道間,快慢車道間,路面邊線,事故類型及型態,主要肇因,受傷程度,主要傷處,保護裝備,行動電話,當事者區分(類別),車輛用途,當事者行動狀態,駕駛資格情形,駕駛執照種類,飲酒情形,車輛撞擊部位最初,車輛撞擊部位其他,肇事因素個別,肇事因素主要,肇事逃逸,職業,旅次目的,車種,GPS座標X,GPS座標Y,事故類別
8077,66000,387130000C,(04)23274275,(04)23288582,2023,8,21,17,31,臺中市,南屯區,0,1,0,7,2,6,40,3,1,1,5,2,6,6,4,4,10,5,5,2,18,84,2,9,1,1,C03,7,9,1,10,2,14,,84,84,1,6,4,C03,120.64004,24.153679,2
8078,66000,387130000C,(04)23274275,(04)23288582,2023,8,21,17,33,臺中市,西區,0,0,0,7,,,50,,,,,,,,,,,,,,13,84,,,,,B03,,,1,,1,,,84,,1,12,4,B03,120.665754,24.139226,3
8079,66000,387130000C,(04)23274275,(04)23288582,2023,8,21,17,33,臺中市,清水區,0,1,0,7,3,6,30,4,1,1,5,4,6,6,4,4,10,5,5,2,15,12,2,9,2,1,C03,7,9,1,10,2,12,,12,12,1,12,4,C03,120.56595,24.265061,2
8080,66000,387130000C,(04)23274275,(04)23288582,2023,8,21,17,34,臺中市,太平區,0,2,0,7,2,6,50,13,14,1,5,4,6,6,4,4,5,5,5,1,16,59,3,10,3,1,B03,7,5,1,8,2,5,,59,59,1,12,4,B03,120.706219,24.117442,2
8081,66000,387130000C,(04)23274275,(04)23288582,2023,8,21,17,34,臺中市,神岡區,0,2,0,7,3,6,50,4,1,1,5,4,6,6,1,1,10,5,5,2,17,48,2,9,1,1,C03,7,6,3,19,2,14,,48,48,2,12,4,C03,120.70202,24.27336,2
8082,66000,387130000C,(04)23274275,(04)23288582,2023,8,21,17,35,臺中市,西屯區,0,0,0,7,,,40,,,,,,,,,,,,,,,50,,,,,B03,,,1,,2,,,50,50,1,13,4,B03,120.65297,24.156466,3
8083,66000,387130000C,(04)23274275,(04)23288582,2023,8,21,17,37,臺中市,北屯區,0,1,0,7,2,6,50,4,1,1,5,4,6,6,1,1,10,5,5,2,30,119,,,,,,,,,,,,,119,119,1,,,,120.676129,24.197903,2
8084,66000,387130000C,(04)23274275,(04)23288582,2023,8,21,17,40,臺中市,大雅區,0,1,0,7,3,6,50,13,7,1,5,4,6,6,4,4,1,3,4,1,17,7,3,10,3,1,B03,7,9,1,8,2,1,,7,7,1,12,4,B03,120.646212,24.223066,2
8085,66000,387130000C,(04)23274275,(04)23288582,2023,8,21,17,40,臺中市,南屯區,0,0,0,7,,,50,,,,,,,,,,,,,,,43,,,,,B12,,,1,,2,,,43,,1,13,4,B12,120.623136,24.135365,3
8086,66000,387130000C,(04)23274275,(04)23288582,2023,8,21,17,40,臺中市,龍井區,0,0,0,7,,,40,,,,,,,,,,,,,,,83,,,,,B03,,,1,,2,,,83,,1,6,4,B03,120.530451,24.221449,3
8087,66000,387130000C,(04)23274275,(04)23288582,2023,8,21,17,42,臺中市,大里區,0,0,0,7,,,50,,,,,,,,,,,,,,11,8,,,,,B03,,,1,,2,,,8,,1,13,4,B03,120.68709,24.117606,3
8088,66000,387130000C,(04)23274275,(04)23288582,2023,8,21,17,42,臺中市,太平區,0,1,0,7,3,6,50,3,1,1,5,4,6,6,4,4,10,5,5,2,13,84,3,10,3,1,B03,7,9,1,8,2,8,,84,84,1,12,4,B03,120.700744,24.146888,2
8089,66000,387130000C,(04)23274275,(04)23288582,2023,8,21,17,43,臺中市,北屯區,0,1,0,7,3,6,50,13,9,1,5,4,6,6,4,4,5,5,5,2,17,86,,,,,,,,,,,,,86,86,2,,,,120.690642,24.163613,2
8090,66000,387130000C,(04)23274275,(04)23288582,2023,8,21,17,44,臺中市,南屯區,0,0,0,7,,,50,,,,,,,,,,,,,,12,1,,,,,B03,,,1,,2,,,1,,1,12,4,B03,120.645068,24.132012,3
8091,66000,387130000C,(04)23274275,(04)23288582,2023,8,21,17,44,臺中市,北屯區,0,0,0,7,,,50,,,,,,,,,,,,,,13,59,,,,,B03,,,1,,1,,,59,,1,13,4,B03,120.694762,24.165102,3
8092,66000,387130000C,(04)23274275,(04)23288582,2023,8,21,17,45,臺中市,龍井區,0,0,0,7,,,50,,,,,,,,,,,,,,8,84,,,,,B03,,,1,,2,,,84,84,1,12,4,B03,120.57797,24.184093,3
8093,66000,387130000C,(04)23274275,(04)23288582,2023,8,21,17,47,臺中市,南屯區,0,1,0,7,2,6,50,3,1,1,5,4,6,6,2,1,5,4,5,2,16,87,3,10,5,4,B03,7,9,1,8,2,5,,87,87,1,13,4,B03,120.609878,24.140502,2
8094,66000,387130000C,(04)23274275,(04)23288582,2023,8,21,17,48,臺中市,大里區,0,2,0,7,2,6,40,3,1,1,5,4,6,6,3,1,5,5,5,1,13,59,2,9,1,1,C03,7,9,1,10,2,14,,59,59,1,13,4,C03,120.713025,24.109661,2
8095,66000,387130000C,(04)23274275,(04)23288582,2023,8,21,17,49,臺中市,北區,0,0,0,7,,,50,,,,,,,,,,,,,,14,49,,,,,B13,,,1,,9,,,49,,2,13,4,B13,120.669465,24.172903,3
8096,66000,387130000C,(04)23274275,(04)23288582,2023,8,21,17,50,臺中市,西屯區,0,0,0,7,,,50,,,,,,,,,,,,,,,1,,,,,A04,,,1,,9,,,87,1,1,6,4,A04,120.640517,24.187277,3
8097,66000,387130000C,(04)23274275,(04)23288582,2023,8,21,17,51,臺中市,東區,0,1,0,7,3,6,50,3,1,1,5,4,6,6,2,1,10,5,5,2,13,7,3,10,1,1,C03,7,9,5,19,2,11,,7,7,1,12,4,C03,120.690338,24.125036,2
8098,66000,387130000C,(04)23274275,(04)23288582,2023,8,21,17,52,臺中市,西屯區,0,0,0,7,,,50,,,,,,,,,,,,,,,14,,,,,B03,,,1,,2,,,14,,1,12,4,B03,120.615237,24.186481,3
8099,66000,387130000C,(04)23274275,(04)23288582,2023,8,21,17,52,臺中市,豐原區,0,1,0,7,1,6,50,3,2,1,5,4,6,6,4,4,5,5,4,2,13,7,2,7,1,1,C03,7,9,1,10,9,11,,7,7,1,13,4,C03,120.725751,24.241687,2
8100,66000,387130000C,(04)23274275,(04)23288582,2023,8,21,17,53,臺中市,豐原區,0,1,0,7,2,6,50,4,2,1,5,4,6,6,1,1,5,5,4,2,13,7,2,9,1,1,C03,7,9,1,13,2,11,,7,7,1,13,4,C03,120.712694,24.247587,2
8101,66000,387130000C,(04)23274275,(04)23288582,2023,8,21,17,54,臺中市,烏日區,0,0,0,7,,,50,,,,,,,,,,,,,,14,49,,,,,B12,,,1,,2,,,49,,1,6,4,B12,120.625563,24.106173,3
8102,66000,387130000C,(04)23274275,(04)23288582,2023,8,21,17,55,臺中市,大里區,0,1,0,7,2,6,50,13,9,1,5,4,6,6,4,4,5,4,5,1,13,7,3,10,5,4,C03,7,9,1,10,2,11,,7,7,1,13,4,C03,120.708721,24.082452,2
8103,66000,387130000C,(04)23274275,(04)23288582,2023,8,21,17,56,臺中市,烏日區,0,1,0,7,1,6,50,7,9,1,5,4,6,6,4,4,5,5,5,2,18,84,2,9,1,1,C03,7,11,1,10,2,14,,84,84,1,12,4,C03,120.62544,24.108804,2
8104,66000,387130000C,(04)23274275,(04)23288582,2023,8,21,17,57,臺中市,北區,0,2,0,7,2,6,50,4,2,1,5,4,6,6,1,1,5,5,5,2,16,48,2,9,5,1,C03,7,6,1,10,2,14,,48,48,1,13,4,C03,120.667024,24.155258,2
8105,66000,387130000C,(04)23274275,(04)23288582,2023,8,21,17,57,臺中市,北屯區,0,1,0,7,2,6,50,3,1,1,5,4,6,6,4,4,1,4,5,2,17,84,3,10,3,1,B03,7,5,1,8,2,5,,84,84,1,12,4,B03,120.690403,24.171502,2
8106,66000,387130000C,(04)23274275,(04)23288582,2023,8,21,17,57,臺中市,清水區,0,1,0,7,3,6,50,3,1,1,5,4,6,6,4,4,1,4,5,2,16,14,3,10,3,1,B12,7,5,4,8,2,2,,14,14,1,12,4,B12,120.550012,24.286506,2
8107,66000,387130000C,(04)23274275,(04)23288582,2023,8,21,18,0,臺中市,大雅區,0,1,0,7,1,6,30,3,9,1,5,4,6,6,4,4,10,5,5,1,17,14,3,10,3,1,B03,7,6,1,8,2,7,,14,14,1,13,4,B03,120.62898,24.220872,2
8108,66000,387130000C,(04)23274275,(04)23288582,2023,8,21,18,0,臺中市,北區,0,0,0,7,,,50,,,,,,,,,,,,,,17,77,,,,,B03,,,1,,1,,,77,,1,13,4,B03,120.672248,24.153,3
8109,66000,387130000C,(04)23274275,(04)23288582,2023,8,21,18,0,臺中市,南屯區,0,0,0,7,1,6,50,13,9,1,5,4,6,6,4,4,3,4,5,2,12,8,,,,,B03,,,1,,1,,,8,,1,11,4,B03,120.637876,24.148751,3
8110,66000,387130000C,(04)23274275,(04)23288582,2023,8,21,18,3,臺中市,梧棲區,0,0,0,7,,,50,,,,,,,,,,,,,,,84,,,,,B03,,,1,,2,,,84,84,1,6,4,B03,120.528786,24.248587,3
8111,66000,387130000C,(04)23274275,(04)23288582,2023,8,21,18,3,臺中市,神岡區,0,1,0,7,1,6,50,4,1,1,5,4,6,6,1,1,5,5,5,1,16,11,3,10,5,4,B03,7,6,1,8,2,5,,11,11,1,12,4,B03,120.697043,24.256923,2
8112,66000,387130000C,(04)23274275,(04)23288582,2023,8,21,18,4,臺中市,烏日區,0,0,0,7,1,6,50,13,7,1,5,4,6,6,1,1,1,4,1,1,13,7,,,,,B03,,,1,,2,,,7,,1,12,4,B03,120.617645,24.113703,3
8113,66000,387130000C,(04)23274275,(04)23288582,2023,8,21,18,6,臺中市,西屯區,0,1,0,7,3,6,50,13,7,1,5,4,6,6,4,4,8,4,4,1,17,84,2,9,5,4,C03,7,9,1,10,1,11,,84,84,1,13,4,C03,120.647231,24.165944,2
8114,66000,387130000C,(04)23274275,(04)23288582,2023,8,21,18,7,臺中市,北區,0,0,0,7,,,50,,,,,,,,,,,,,,,84,,,,,B03,,,1,,1,,,84,,1,13,4,B03,120.68245,24.167259,3
8115,66000,387130000C,(04)23274275,(04)23288582,2023,8,21,18,9,臺中市,北屯區,0,1,0,6,1,6,30,13,9,1,5,4,6,6,4,4,1,4,5,2,19,59,2,9,5,4,C03,7,9,1,10,2,11,,59,59,1,13,4,C03,120.663307,24.200726,2
8116,66000,387130000C,(04)23274275,(04)23288582,2023,8,21,18,10,臺中市,潭子區,0,1,0,7,3,9,40,13,18,1,5,4,6,6,4,4,10,4,5,1,13,59,3,10,3,1,B03,7,9,1,8,8,1,,59,59,1,13,4,B03,120.698383,24.20138,2
8117,66000,387130000C,(04)23274275,(04)23288582,2023,8,21,18,10,臺中市,西屯區,0,0,0,7,,,50,,,,,,,,,,,,,,17,84,,,,,A12,,,1,,2,,,84,,1,13,4,A12,120.644481,24.202166,3
8118,66000,387130000C,(04)23274275,(04)23288582,2023,8,21,18,15,臺中市,潭子區,0,0,0,7,,,60,,,,,,,,,,,,,,13,7,,,,,B03,,,1,,2,,,7,,1,13,4,B03,120.702514,24.193999,3
8119,66000,387130000C,(04)23274275,(04)23288582,2023,8,21,18,15,臺中市,北屯區,0,0,0,7,,,80,,,,,,,,,,,,,,,84,,,,,B03,,,1,,1,,,84,,1,12,4,B03,120.719512,24.163424,3
8120,66000,387130000C,(04)23274275,(04)23288582,2023,8,21,18,17,臺中市,烏日區,0,2,0,7,1,6,70,13,8,1,5,4,6,6,4,4,1,4,4,1,13,7,2,9,2,1,C03,7,9,1,10,2,11,,7,7,1,6,4,C03,120.599642,24.110249,2
8121,66000,387130000C,(04)23274275,(04)23288582,2023,8,21,18,18,臺中市,大雅區,0,1,0,7,1,6,50,4,3,1,5,4,6,6,1,1,10,5,5,2,14,49,3,10,3,1,B03,7,2,1,8,2,3,,49,49,1,12,4,B03,120.66384,24.233317,2
8122,66000,387130000C,(04)23274275,(04)23288582,2023,8,21,18,24,臺中市,龍井區,0,0,0,7,,,30,,,,,,,,,,,,,,,24,,,,,C03,,,1,,2,,,24,,1,6,4,C03,120.520311,24.201005,3
8123,66000,387130000C,(04)23274275,(04)23288582,2023,8,21,18,25,臺中市,南屯區,0,0,0,7,,,30,,,,,,,,,,,,,,,84,,,,,B03,,,1,,1,,,84,,1,6,4,B03,120.650472,24.152973,3
8124,66000,387130000C,(04)23274275,(04)23288582,2023,8,21,18,25,臺中市,大里區,0,2,0,7,1,6,50,13,9,1,5,4,6,6,4,4,1,4,5,1,16,51,2,9,1,1,C03,7,1,1,10,2,14,,51,51,1,6,4,C03,120.687173,24.09593,2
8125,66000,387130000C,(04)23274275,(04)23288582,2023,8,21,18,31,臺中市,豐原區,0,0,0,7,,,50,,,,,,,,,,,,,,14,49,,,,,B03,,,1,,2,,,49,,1,12,4,B03,120.731029,24.250035,3
8126,66000,387130000C,(04)23274275,(04)23288582,2023,8,21,18,32,臺中市,北屯區,0,0,0,7,,,50,,,,,,,,,,,,,,16,84,,,,,B03,,,1,,1,,,84,,1,13,4,B03,120.694919,24.185387,3
8127,66000,387130000C,(04)23274275,(04)23288582,2023,8,21,18,33,臺中市,北區,0,1,0,7,1,6,50,4,1,1,5,4,6,6,1,1,10,5,5,2,13,7,2,9,2,1,C03,7,9,1,10,2,11,,7,7,1,12,4,C03,120.67585,24.169968,2
8128,66000,387130000C,(04)23274275,(04)23288582,2023,8,21,18,35,臺中市,西屯區,0,1,0,7,1,6,50,5,1,1,5,4,6,6,2,1,10,5,5,2,16,11,3,10,1,1,C03,7,6,3,19,9,12,,11,11,1,13,4,C03,120.664025,24.164427,2
8129,66000,387130000C,(04)23274275,(04)23288582,2023,8,21,18,43,臺中市,南屯區,0,0,0,7,,,50,,,,,,,,,,,,,,,7,,,,,B03,,,1,,1,,,7,,1,13,4,B03,120.621629,24.150729,3
8130,66000,387130000C,(04)23274275,(04)23288582,2023,8,21,18,43,臺中市,南屯區,0,0,0,7,,,50,,,,,,,,,,,,,,13,8,,,,,C03,,,1,10,2,,,8,8,1,12,4,C03,120.646976,24.146012,3
8131,66000,387130000C,(04)23274275,(04)23288582,2023,8,21,18,45,臺中市,大里區,0,0,0,7,,,50,,,,,,,,,,,,,,13,57,,,,,B03,,,1,,2,,,57,57,1,12,4,B03,120.689561,24.09218,3
8132,66000,387130000C,(04)23274275,(04)23288582,2023,8,21,18,46,臺中市,西屯區,0,0,0,7,,,50,,,,,,,,,,,,,,,84,,,,,B03,,,1,,1,,,84,,1,13,4,B03,120.635989,24.169183,3
8133,66000,387130000C,(04)23274275,(04)23288582,2023,8,21,18,48,臺中市,西屯區,0,1,0,7,3,6,50,4,1,1,5,4,6,6,1,1,9,4,5,2,11,84,2,9,1,1,C03,7,6,1,10,2,16,,84,84,1,12,4,C03,120.619877,24.182747,2
8134,66000,387130000C,(04)23274275,(04)23288582,2023,8,21,18,50,臺中市,豐原區,0,0,0,6,1,6,50,13,9,1,5,4,6,6,1,1,1,5,1,1,13,7,3,10,4,1,B03,7,14,1,8,4,3,,7,7,1,12,4,B03,120.759631,24.277026,3
8135,66000,387130000C,(04)23274275,(04)23288582,2023,8,21,18,52,臺中市,大里區,0,0,0,7,,,50,,,,,,,,,,,,,,12,20,,,,,B03,,,1,,2,,,20,,1,6,4,B03,120.679369,24.094081,3
8136,66000,387130000C,(04)23274275,(04)23288582,2023,8,21,18,53,臺中市,西屯區,0,0,0,7,,,50,,,,,,,,,,,,,,17,49,,,,,B03,,,1,,1,,,49,49,1,13,4,B03,120.65735,24.159442,3
8137,66000,387130000C,(04)23274275,(04)23288582,2023,8,21,18,56,臺中市,大里區,0,0,0,7,,,30,,,,,,,,,,,,,,14,49,,,,,B03,,,1,,1,,,49,,1,13,4,B03,120.700205,24.091233,3
8138,66000,387130000C,(04)23274275,(04)23288582,2023,8,21,18,57,臺中市,外埔區,0,2,0,7,2,6,30,13,9,1,5,4,6,6,4,4,5,4,5,1,17,6,2,9,2,1,C03,7,9,1,10,2,12,,6,6,1,12,4,C03,120.660238,24.325118,2
8139,66000,387130000C,(04)23274275,(04)23288582,2023,8,21,18,58,臺中市,東區,0,1,0,6,1,6,50,13,7,1,5,4,6,6,4,4,1,4,4,2,28,84,2,9,1,1,C03,7,9,1,10,2,12,,84,84,1,12,4,C03,120.696284,24.136558,2
8140,66000,387130000C,(04)23274275,(04)23288582,2023,8,21,19,8,臺中市,太平區,0,0,0,7,,,50,,,,,,,,,,,,,,17,50,,,,,B03,,,1,,2,,,50,,1,13,4,B03,120.714274,24.139974,3
8141,66000,387130000C,(04)23274275,(04)23288582,2023,8,21,19,8,臺中市,烏日區,0,1,0,7,1,6,50,4,1,1,5,4,6,6,1,1,10,5,5,2,16,87,3,10,3,1,B03,7,5,1,8,2,6,,87,87,1,6,4,B03,120.625907,24.106109,2
8142,66000,387130000C,(04)23274275,(04)23288582,2023,8,21,19,12,臺中市,北區,0,0,0,7,,,50,,,,,,,,,,,,,,16,85,,,,,C03,,,1,,1,,,85,,1,12,4,C03,120.685414,24.147606,3
8143,66000,387130000C,(04)23274275,(04)23288582,2023,8,21,19,20,臺中市,北區,0,0,0,7,,,50,,,,,,,,,,,,,,,51,,,,,B03,,,1,,1,,,51,,1,12,4,B03,120.68367,24.161579,3
8144,66000,387130000C,(04)23274275,(04)23288582,2023,8,21,19,20,臺中市,南屯區,0,0,0,7,,,40,,,,,,,,,,,,,,17,94,,,,,B03,,,1,8,1,,,94,94,1,12,4,B03,120.627553,24.117907,3
8145,66000,387130000C,(04)23274275,(04)23288582,2023,8,21,19,21,臺中市,大里區,0,1,0,7,1,6,50,4,1,1,5,4,6,6,1,1,10,5,5,2,16,39,3,10,1,1,C03,7,6,1,10,2,12,,39,39,1,12,4,C03,120.709059,24.082369,2
8146,66000,387130000C,(04)23274275,(04)23288582,2023,8,21,19,23,臺中市,西屯區,0,0,0,7,,,30,,,,,,,,,,,,,,,85,,,,,,,,,,,,,85,,1,,,,120.607071,24.186414,3
8147,66000,387130000C,(04)23274275,(04)23288582,2023,8,21,19,24,臺中市,沙鹿區,0,0,0,7,,,60,,,,,,,,,,,,,,,40,,,,,B03,,,1,,2,,,40,,1,12,4,B03,120.575288,24.247375,3
8148,66000,387130000C,(04)23274275,(04)23288582,2023,8,21,19,25,臺中市,西屯區,0,1,0,7,1,6,40,4,1,1,5,4,6,6,2,1,10,5,5,2,17,21,2,9,1,1,C03,7,9,1,10,2,14,12,21,25,1,12,4,C03,120.637487,24.175913,2
8149,66000,387130000C,(04)23274275,(04)23288582,2023,8,21,19,33,臺中市,烏日區,0,1,0,7,1,6,50,4,1,1,5,4,6,6,1,1,10,5,5,2,16,21,3,10,3,1,B03,7,6,1,8,2,1,,23,21,1,5,4,B03,120.625741,24.110485,2
8150,66000,387130000C,(04)23274275,(04)23288582,2023,8,21,19,37,臺中市,大甲區,0,1,0,7,1,6,30,13,9,1,5,4,6,6,4,4,10,5,5,2,20,53,2,9,1,1,C03,7,9,1,10,8,12,,53,53,1,12,4,C03,120.624649,24.364812,2
8151,66000,387130000C,(04)23274275,(04)23288582,2023,8,21,19,43,臺中市,南屯區,0,0,0,7,,,50,,,,,,,,,,,,,,13,7,,,,,B12,,,1,,1,,,7,,1,12,4,B12,120.649752,24.151593,3
8152,66000,387130000C,(04)23274275,(04)23288582,2023,8,21,19,50,臺中市,南屯區,0,2,0,7,1,6,50,4,2,1,5,4,6,6,1,1,5,4,5,2,17,7,2,8,1,1,C03,7,9,1,10,2,12,14,7,7,1,12,4,C03,120.631763,24.125717,2
8153,66000,387130000C,(04)23274275,(04)23288582,2023,8,21,19,56,臺中市,南屯區,0,1,0,7,3,6,50,4,1,1,5,4,6,6,1,1,10,5,5,2,15,21,2,9,5,4,C03,7,9,1,10,2,12,,21,21,1,12,4,C03,120.634098,24.15825,2
8154,66000,387130000C,(04)23274275,(04)23288582,2023,8,21,19,57,臺中市,沙鹿區,0,0,0,7,,,50,,,,,,,,,,,,,,14,49,,,,,B03,,,1,,2,,,49,,1,12,4,B03,120.578784,24.214853,3
8155,66000,387130000C,(04)23274275,(04)23288582,2023,8,21,19,59,臺中市,北區,0,0,0,7,,,50,,,,,,,,,,,,,,15,24,,,,,B12,,,1,,2,,,24,,1,12,4,B12,120.697351,24.155613,3
8156,66000,387130000C,(04)23274275,(04)23288582,2023,8,21,20,0,臺中市,北區,0,0,0,7,,,50,,,,,,,,,,,,,,,84,,,,,C03,,,1,,1,,,84,,1,12,4,C03,120.685648,24.163827,3
8157,66000,387130000C,(04)23274275,(04)23288582,2023,8,21,20,3,臺中市,西屯區,0,0,0,7,,,50,,,,,,,,,,,,,,17,84,,,,,F01,,,1,,1,,,84,,1,13,4,F01,120.651711,24.166335,3
8158,66000,387130000C,(04)23274275,(04)23288582,2023,8,21,20,3,臺中市,豐原區,0,0,0,7,,,50,,,,,,,,,,,,,,12,4,,,,,C03,,,1,,2,,,4,,1,13,4,C03,120.731671,24.250351,3
8159,66000,387130000C,(04)23274275,(04)23288582,2023,8,21,20,6,臺中市,西屯區,0,1,0,7,1,6,50,4,1,1,5,4,6,6,4,4,8,4,5,1,17,84,2,9,5,4,B03,7,9,1,17,2,3,,84,84,1,13,4,B03,120.647842,24.155701,2
8160,66000,387130000C,(04)23274275,(04)23288582,2023,8,21,20,9,臺中市,南屯區,0,0,0,7,,,50,,,,,,,,,,,,,,,7,,,,,B03,,,1,,1,,,7,,1,13,4,B03,120.635452,24.149944,3
8161,66000,387130000C,(04)23274275,(04)23288582,2023,8,21,20,12,臺中市,南屯區,0,2,0,7,2,6,40,3,8,1,5,4,6,6,4,4,5,5,4,2,17,84,2,9,2,1,C03,7,15,1,10,2,12,,84,84,1,13,4,C03,120.638545,24.140745,2
8162,66000,387130000C,(04)23274275,(04)23288582,2023,8,21,20,14,臺中市,大甲區,0,3,0,7,1,6,40,3,1,1,5,4,6,6,4,4,10,5,5,2,17,48,2,1,1,1,C03,7,6,1,10,2,14,,48,48,1,12,4,C03,120.609684,24.355327,2
8163,66000,387130000C,(04)23274275,(04)23288582,2023,8,21,20,23,臺中市,南區,0,0,0,7,,,50,,,,,,,,,,,,,,,49,,,,,B03,,,1,,2,,,49,,1,13,4,B03,120.651064,24.12498,3
8164,66000,387130000C,(04)23274275,(04)23288582,2023,8,21,20,29,臺中市,東區,0,2,0,7,1,6,40,4,1,1,5,4,6,6,1,1,10,5,5,2,13,7,2,9,2,1,C03,7,9,1,10,2,11,,7,7,1,12,4,C03,120.698579,24.144681,2
8165,66000,387130000C,(04)23274275,(04)23288582,2023,8,21,20,32,臺中市,西屯區,0,0,0,7,,,1,,,,,,,,,,,,,,12,87,,,,,B13,,,1,,1,,,87,87,1,13,4,B13,120.629316,24.163574,3
8166,66000,387130000C,(04)23274275,(04)23288582,2023,8,21,20,35,臺中市,大里區,0,0,0,7,,,40,,,,,,,,,,,,,,13,58,,,,,B03,,,1,,2,,,58,,1,13,4,B03,120.690909,24.100987,3
8167,66000,387130000C,(04)23274275,(04)23288582,2023,8,21,20,35,臺中市,沙鹿區,0,1,0,6,1,6,50,4,2,1,5,4,6,6,1,1,8,3,5,1,17,51,3,10,5,4,B03,7,1,1,8,2,1,,51,51,1,13,4,B03,120.562345,24.24502,2
8168,66000,387130000C,(04)23274275,(04)23288582,2023,8,21,20,35,臺中市,清水區,0,0,0,7,,,40,,,,,,,,,,,,,,,51,,,,,B12,,,1,,2,,,51,,1,12,4,B12,120.570668,24.275274,3
8169,66000,387130000C,(04)23274275,(04)23288582,2023,8,21,20,41,臺中市,南區,0,0,0,7,,,50,,,,,,,,,,,,,,,49,,,,,B03,,,1,,2,,,49,,1,12,4,B03,120.652502,24.117636,3
8170,66000,387130000C,(04)23274275,(04)23288582,2023,8,21,20,55,臺中市,沙鹿區,0,1,0,6,1,6,40,5,1,1,5,4,6,6,2,1,10,5,5,2,16,21,2,9,1,1,C03,7,9,2,19,2,11,,21,21,1,13,4,C03,120.560378,24.240703,2
8171,66000,387130000C,(04)23274275,(04)23288582,2023,8,21,21,4,臺中市,西屯區,0,1,0,7,1,6,50,13,9,1,5,4,6,6,4,4,1,4,5,2,13,58,2,9,1,1,C03,7,9,1,10,2,11,12,58,58,1,12,4,C03,120.647067,24.15662,2
8172,66000,387130000C,(04)23274275,(04)23288582,2023,8,21,21,15,臺中市,大雅區,0,1,0,7,3,6,50,13,8,1,5,4,6,6,4,4,1,3,4,1,30,59,2,9,1,1,C03,7,9,1,10,2,14,,59,59,1,12,4,C03,120.613441,24.227617,2
8173,66000,387130000C,(04)23274275,(04)23288582,2023,8,21,21,22,臺中市,西屯區,0,0,0,7,,,40,,,,,,,,,,,,,,,7,,,,,B03,,,1,,1,,,7,,1,12,4,B03,120.638482,24.169172,3
8174,66000,387130000C,(04)23274275,(04)23288582,2023,8,21,21,25,臺中市,北屯區,0,3,0,7,1,6,50,4,1,1,5,4,6,6,2,1,10,5,5,2,12,84,2,9,2,1,C03,7,9,3,19,2,11,,84,84,1,12,4,C03,120.671456,24.17374,2
8175,66000,387130000C,(04)23274275,(04)23288582,2023,8,21,21,30,臺中市,西區,0,1,0,7,1,6,50,13,7,1,5,4,6,6,4,4,5,2,4,2,17,59,2,9,2,1,C03,7,5,1,10,2,11,,59,59,1,12,4,C03,120.665275,24.150793,2
8176,66000,387130000C,(04)23274275,(04)23288582,2023,8,21,21,34,臺中市,北區,0,1,0,7,1,6,50,5,1,1,5,4,6,6,1,1,2,4,5,2,12,8,3,10,5,1,B03,7,9,1,8,2,2,,8,8,1,13,4,B03,120.686252,24.15482,2
8177,66000,387130000C,(04)23274275,(04)23288582,2023,8,21,21,36,臺中市,南屯區,0,2,0,7,1,6,50,4,1,1,5,4,6,6,2,1,5,4,4,2,12,42,2,9,5,4,C03,7,5,1,10,2,12,,42,42,1,13,4,C03,120.651361,24.153609,2
8178,66000,387130000C,(04)23274275,(04)23288582,2023,8,21,21,40,臺中市,西屯區,0,0,0,7,,,50,,,,,,,,,,,,,,15,85,,,,,C03,,,1,,2,,,85,,1,13,4,C03,120.647907,24.174153,4
8179,66000,387130000C,(04)23274275,(04)23288582,2023,8,21,21,40,臺中市,西屯區,0,1,0,7,1,6,50,4,2,1,5,4,6,6,1,1,9,4,5,2,13,59,3,10,3,1,B03,7,9,1,8,2,1,,59,59,1,13,4,B03,120.639688,24.171647,2
8180,66000,387130000C,(04)23274275,(04)23288582,2023,8,21,21,45,臺中市,霧峰區,0,0,0,7,,,50,,,,,,,,,,,,,,13,59,,,,,B03,,,1,,2,,,59,,1,6,4,B03,120.700024,24.074998,3
8181,66000,387130000C,(04)23274275,(04)23288582,2023,8,21,22,0,臺中市,龍井區,0,0,0,7,,,50,,,,,,,,,,,,,,16,119,,,,,,,,,,,,,119,,1,,,,120.59261,24.181537,3
8182,66000,387130000C,(04)23274275,(04)23288582,2023,8,21,22,5,臺中市,北區,0,0,0,7,,,50,,,,,,,,,,,,,,13,7,,,,,C03,,,1,,1,,,7,,1,13,4,C03,120.671268,24.173885,3
8183,66000,387130000C,(04)23274275,(04)23288582,2023,8,21,22,25,臺中市,北區,0,2,0,7,1,6,50,4,1,1,5,4,6,6,1,1,10,5,5,2,17,84,2,9,2,1,C01,7,15,3,19,2,12,,84,84,1,13,4,C01,120.677063,24.151287,2
8184,66000,387130000C,(04)23274275,(04)23288582,2023,8,21,22,30,臺中市,清水區,0,0,0,7,,,40,,,,,,,,,,,,,,,49,,,,,B13,,,1,,2,,,49,,1,12,4,B13,120.532312,24.262108,3