序號,縣市別代碼,機關代碼,市話,傳真,年,月,日,時,分,縣市,區,死亡數量,受傷數量,2-30,天候,光線,道路類別,速限,道路型態,事故位置,路面鋪裝,路面狀態,路面缺陷,障礙物,視距,號誌種類,號誌動作,分向設施,快車道或一般車道間,快慢車道間,路面邊線,事故類型及型態,主要肇因,受傷程度,主要傷處,保護裝備,行動電話,當事者區分(類別),車輛用途,當事者行動狀態,駕駛資格情形,駕駛執照種類,飲酒情形,車輛撞擊部位最初,車輛撞擊部位其他,肇事因素個別,肇事因素主要,肇事逃逸,職業,旅次目的,車種,GPS座標X,GPS座標Y,事故類別
8185,66000,387130000C,(04)23274275,(04)23288582,2023,8,21,22,40,臺中市,西屯區,0,0,0,7,,,50,,,,,,,,,,,,,,,78,,,,,C03,,,1,,2,,,78,,1,13,4,C03,120.635897,24.174438,3
8186,66000,387130000C,(04)23274275,(04)23288582,2023,8,21,22,40,臺中市,霧峰區,0,0,0,7,,,30,,,,,,,,,,,,,,12,8,,,,,B03,,,1,,2,,,8,,1,11,4,B03,120.709082,24.07787,3
8187,66000,387130000C,(04)23274275,(04)23288582,2023,8,21,23,38,臺中市,烏日區,0,1,0,6,1,6,70,4,2,1,5,4,6,6,1,1,1,4,4,1,13,82,2,9,3,1,B03,7,9,3,19,2,1,,82,82,1,12,4,B03,120.603551,24.109606,2
8188,66000,387130000C,(04)23274275,(04)23288582,2023,8,21,23,58,臺中市,西屯區,0,0,0,7,,,50,,,,,,,,,,,,,,,59,,,,,B03,,,1,,1,,,59,,1,12,4,B03,120.649555,24.17172,3
8189,66000,387130000C,(04)23274275,(04)23288582,2023,8,22,0,0,臺中市,東區,0,0,0,7,3,6,,13,8,1,5,4,6,6,4,4,5,4,4,2,30,119,,,,,,,,,,,,,119,119,1,,,,120.699841,24.142478,3
8190,66000,387130000C,(04)23274275,(04)23288582,2023,8,22,0,28,臺中市,南屯區,0,1,0,7,1,6,50,4,1,1,5,4,6,6,4,4,10,5,5,2,16,14,3,10,3,1,B03,7,6,1,8,2,8,,14,14,1,6,4,B03,120.641887,24.148784,2
8191,66000,387130000C,(04)23274275,(04)23288582,2023,8,22,0,30,臺中市,大里區,0,1,0,7,3,6,50,4,1,1,5,4,6,6,1,1,10,5,5,2,16,85,2,9,1,1,C03,7,6,1,10,2,14,,85,85,1,6,4,C03,120.695581,24.096425,2
8192,66000,387130000C,(04)23274275,(04)23288582,2023,8,22,1,18,臺中市,西屯區,0,0,0,7,,,50,,,,,,,,,,,,,,,44,,,,,A05,,,1,,2,,,44,,1,13,4,A05,120.656532,24.197908,3
8193,66000,387130000C,(04)23274275,(04)23288582,2023,8,22,1,39,臺中市,大肚區,0,1,0,7,1,6,50,11,8,1,5,4,6,6,4,4,4,4,4,2,12,77,3,10,1,1,C03,7,14,1,10,2,13,,77,77,1,12,4,C03,120.556884,24.160566,2
8194,66000,387130000C,(04)23274275,(04)23288582,2023,8,22,3,25,臺中市,中區,0,1,0,7,1,6,50,4,2,1,5,4,6,6,1,1,5,4,5,2,13,59,3,10,3,1,B03,7,9,1,8,2,1,,59,59,1,12,4,B03,120.684456,24.142287,2
8195,66000,387130000C,(04)23274275,(04)23288582,2023,8,22,3,29,臺中市,西屯區,0,1,0,7,3,6,30,4,1,1,5,4,6,6,4,4,10,5,5,2,17,15,2,9,1,1,C03,7,9,1,10,2,12,,15,15,1,12,4,C03,120.64631,24.181923,2
8196,66000,387130000C,(04)23274275,(04)23288582,2023,8,22,4,20,臺中市,南屯區,0,0,0,7,,,40,,,,,,,,,,,,,,,49,,,,,B12,,,1,,1,,,49,,1,13,4,B12,120.628384,24.115719,3
8197,66000,387130000C,(04)23274275,(04)23288582,2023,8,22,4,25,臺中市,西區,0,0,0,7,,,50,,,,,,,,,,,,,,16,21,,,,,B03,,,1,,2,,,21,,2,12,4,B03,120.661743,24.16016,3
8198,66000,387130000C,(04)23274275,(04)23288582,2023,8,22,4,34,臺中市,北屯區,0,2,0,7,1,6,50,5,4,1,5,4,6,6,2,1,1,4,5,2,13,84,2,9,5,4,C03,7,9,3,19,2,11,,84,84,1,12,4,C03,120.659977,24.192743,2
8199,66000,387130000C,(04)23274275,(04)23288582,2023,8,22,5,47,臺中市,北屯區,0,3,0,7,1,6,50,4,1,1,5,4,6,6,3,1,10,5,5,2,15,21,2,9,5,4,B03,7,9,1,8,2,1,,21,21,1,6,4,B03,120.67609,24.2013,2
8200,66000,387130000C,(04)23274275,(04)23288582,2023,8,22,5,48,臺中市,潭子區,0,1,0,7,2,6,40,4,1,1,5,4,6,6,2,1,10,5,5,2,19,58,2,9,2,1,C03,7,6,2,19,2,12,,58,58,1,12,4,C03,120.719861,24.22886,2
8201,66000,387130000C,(04)23274275,(04)23288582,2023,8,22,6,24,臺中市,北屯區,0,1,0,7,2,6,50,13,9,1,5,4,6,6,4,4,9,5,5,2,17,51,2,9,5,4,C03,7,9,1,10,2,12,,87,51,1,12,4,C03,120.693867,24.175545,2
8202,66000,387130000C,(04)23274275,(04)23288582,2023,8,22,6,45,臺中市,沙鹿區,0,1,0,7,1,6,30,4,1,1,5,4,6,6,4,4,10,5,5,2,15,15,2,8,2,1,C03,7,9,3,19,5,11,,15,15,1,6,4,C03,120.569979,24.241584,2
8203,66000,387130000C,(04)23274275,(04)23288582,2023,8,22,7,0,臺中市,大雅區,0,0,0,7,2,6,50,4,2,1,5,4,,6,1,1,5,5,5,1,11,4,,,,,B03,,,1,,2,,,4,,1,12,4,B03,120.656408,24.220672,3
8204,66000,387130000C,(04)23274275,(04)23288582,2023,8,22,7,0,臺中市,沙鹿區,0,1,0,7,3,6,50,13,9,5,5,4,6,6,4,4,10,5,5,2,17,85,2,9,1,1,C03,7,9,1,10,2,11,,85,85,1,12,4,C03,120.579471,24.218511,2
8205,66000,387130000C,(04)23274275,(04)23288582,2023,8,22,7,1,臺中市,西屯區,0,2,0,7,2,6,50,3,1,1,5,4,6,6,1,1,10,5,5,2,16,20,2,9,5,4,C03,7,6,1,10,2,11,,20,20,1,13,4,C03,120.613015,24.167166,2
8206,66000,387130000C,(04)23274275,(04)23288582,2023,8,22,7,12,臺中市,沙鹿區,0,0,0,7,,,50,,,,,,,,,,,,,,13,59,,,,,B03,,,1,,2,,,59,,1,12,4,B03,120.575215,24.25242,3
8207,66000,387130000C,(04)23274275,(04)23288582,2023,8,22,7,13,臺中市,太平區,0,1,0,7,2,6,50,5,1,1,5,4,6,6,4,4,10,5,5,2,17,84,3,10,3,1,B12,7,6,1,8,2,1,,84,84,1,12,4,B12,120.712578,24.11645,2
8208,66000,387130000C,(04)23274275,(04)23288582,2023,8,22,7,17,臺中市,太平區,0,1,0,7,3,6,30,4,1,1,5,4,6,6,4,4,5,5,5,2,15,15,3,10,2,1,C03,7,9,3,19,2,12,,15,15,1,12,4,C03,120.71651,24.145213,2
8209,66000,387130000C,(04)23274275,(04)23288582,2023,8,22,7,23,臺中市,南屯區,0,3,0,7,2,6,50,5,1,1,5,4,6,6,2,1,1,3,3,2,13,59,2,9,2,1,C03,7,9,1,10,2,11,14,59,59,1,12,4,C03,120.633248,24.124221,2
8210,66000,387130000C,(04)23274275,(04)23288582,2023,8,22,7,25,臺中市,大里區,0,0,0,7,2,6,60,4,1,1,5,4,6,6,1,1,9,4,4,1,16,11,,,,,B03,,,1,,2,,,11,,1,13,4,B03,120.691692,24.073993,3
8211,66000,387130000C,(04)23274275,(04)23288582,2023,8,22,7,25,臺中市,沙鹿區,0,0,0,7,,,50,,,,,,,,,,,,,,,7,,,,,B03,,,1,,2,,,7,7,1,12,4,B03,120.568446,24.237926,3
8212,66000,387130000C,(04)23274275,(04)23288582,2023,8,22,7,26,臺中市,北屯區,0,0,0,7,,,50,,,,,,,,,,,,,,,59,,,,,B03,,,1,,2,,,59,59,1,13,4,B03,120.664448,24.197937,3
8213,66000,387130000C,(04)23274275,(04)23288582,2023,8,22,7,28,臺中市,大肚區,0,0,0,7,,,30,,,,,,,,,,,,,,,8,,,,,B03,,,1,,10,,,87,8,1,12,4,B03,120.581499,24.172958,3
8214,66000,387130000C,(04)23274275,(04)23288582,2023,8,22,7,28,臺中市,神岡區,0,2,0,7,3,6,50,5,9,1,5,4,6,6,1,1,5,5,4,1,17,7,2,8,1,1,C03,7,9,1,10,2,11,,7,7,1,13,4,C03,120.660523,24.271331,2
8215,66000,387130000C,(04)23274275,(04)23288582,2023,8,22,7,29,臺中市,豐原區,0,1,0,7,2,6,50,13,7,1,5,4,6,6,4,4,5,5,4,2,18,59,2,9,6,1,F01,7,9,7,21,2,12,,59,59,1,3,4,F01,120.721136,24.258409,2
8216,66000,387130000C,(04)23274275,(04)23288582,2023,8,22,7,30,臺中市,沙鹿區,0,0,0,7,2,6,50,13,7,1,5,4,6,6,4,4,4,5,4,2,13,7,3,10,3,1,B03,7,9,1,8,6,5,,7,7,1,6,4,B03,120.566781,24.23694,3
8217,66000,387130000C,(04)23274275,(04)23288582,2023,8,22,7,30,臺中市,后里區,0,0,0,7,,,50,,,,,,,,,,,,,,16,11,,,,,B03,,,1,,1,,,11,,1,6,4,B03,120.709839,24.305232,3
8218,66000,387130000C,(04)23274275,(04)23288582,2023,8,22,7,33,臺中市,南區,0,1,0,7,2,6,40,13,8,1,5,4,6,6,4,4,1,4,4,2,28,118,2,9,1,1,C03,7,9,1,10,2,11,,84,118,1,12,4,C03,120.647188,24.118897,2
8219,66000,387130000C,(04)23274275,(04)23288582,2023,8,22,7,37,臺中市,太平區,0,2,0,7,3,6,40,3,1,1,5,4,6,6,4,4,5,5,5,1,16,45,2,9,2,1,C03,7,11,1,10,2,11,,45,45,1,12,4,C03,120.741084,24.130987,2
8220,66000,387130000C,(04)23274275,(04)23288582,2023,8,22,7,38,臺中市,龍井區,0,2,0,7,1,6,30,3,2,1,5,4,6,6,4,4,10,5,5,1,12,7,2,9,1,1,C03,7,9,1,10,2,13,,7,7,1,12,4,C03,120.560205,24.184175,2
8221,66000,387130000C,(04)23274275,(04)23288582,2023,8,22,7,39,臺中市,大雅區,0,2,0,7,1,6,50,4,2,1,5,4,6,6,4,4,1,4,4,1,17,4,2,9,2,1,C03,7,6,1,10,2,11,,4,4,1,13,4,C03,120.665138,24.217414,2
8222,66000,387130000C,(04)23274275,(04)23288582,2023,8,22,7,42,臺中市,西屯區,0,0,0,7,,,40,,,,,,,,,,,,,,13,7,,,,,C03,,,1,,1,,,7,,1,12,4,C03,120.662457,24.163558,3
8223,66000,387130000C,(04)23274275,(04)23288582,2023,8,22,7,42,臺中市,龍井區,0,1,0,7,2,6,30,4,1,1,5,4,6,6,4,4,10,5,5,2,16,14,3,10,3,1,B03,7,6,1,8,2,5,,14,14,1,6,4,B03,120.537014,24.216973,2
8224,66000,387130000C,(04)23274275,(04)23288582,2023,8,22,7,45,臺中市,霧峰區,0,0,0,7,,,40,,,,,,,,,,,,,,,7,,,,,A12,,,1,,2,,,7,,1,12,4,A12,120.677754,24.039523,3
8225,66000,387130000C,(04)23274275,(04)23288582,2023,8,22,7,46,臺中市,西屯區,0,1,0,7,3,6,40,13,8,1,5,4,6,6,1,1,1,4,1,2,13,84,2,9,1,4,C03,7,9,1,10,1,11,,84,84,1,13,4,C03,120.614123,24.183851,2
8226,66000,387130000C,(04)23274275,(04)23288582,2023,8,22,7,47,臺中市,梧棲區,0,1,0,7,3,6,30,3,1,1,5,4,6,6,4,4,10,5,5,2,16,14,3,10,3,1,B03,7,6,1,6,2,8,,14,14,1,6,4,B03,120.535311,24.22089,2
8227,66000,387130000C,(04)23274275,(04)23288582,2023,8,22,7,48,臺中市,大雅區,0,1,0,7,2,6,70,5,1,1,5,4,6,6,1,1,3,4,5,1,17,87,2,9,2,1,C03,7,9,1,10,2,11,,87,87,1,12,4,C03,120.630626,24.24068,2
8228,66000,387130000C,(04)23274275,(04)23288582,2023,8,22,7,50,臺中市,中區,0,0,0,7,,,50,,,,,,,,,,,,,,13,84,,,,,B03,,,1,,1,,,84,,1,12,4,B03,120.68106,24.143928,3
8229,66000,387130000C,(04)23274275,(04)23288582,2023,8,22,7,50,臺中市,豐原區,0,0,0,7,,,30,,,,,,,,,,,,,,14,49,,,,,C03,,,1,,2,,,49,,1,12,4,C03,120.730996,24.23754,3
8230,66000,387130000C,(04)23274275,(04)23288582,2023,8,22,7,51,臺中市,潭子區,0,0,0,7,,,60,,,,,,,,,,,,,,,7,,,,,C03,,,1,,2,,,7,,1,13,4,C03,120.70515,24.215575,3
8231,66000,387130000C,(04)23274275,(04)23288582,2023,8,22,7,54,臺中市,后里區,0,0,0,7,,,50,,,,,,,,,,,,,,1,8,,,,,A12,,,1,,9,,,8,,2,6,4,A12,120.722407,24.32419,3
8232,66000,387130000C,(04)23274275,(04)23288582,2023,8,22,7,55,臺中市,太平區,0,1,0,7,3,6,30,3,1,1,5,4,6,6,4,4,10,5,5,2,16,20,3,10,2,1,C03,7,9,1,10,2,11,,20,20,1,12,4,C03,120.722358,24.12469,2
8233,66000,387130000C,(04)23274275,(04)23288582,2023,8,22,7,55,臺中市,沙鹿區,0,0,0,7,,,60,,,,,,,,,,,,,,,7,,,,,B12,,,1,,2,,,7,,1,6,4,B12,120.558013,24.21141,3
8234,66000,387130000C,(04)23274275,(04)23288582,2023,8,22,7,56,臺中市,太平區,0,2,0,7,2,6,40,3,1,1,5,4,6,6,4,4,10,5,5,2,16,48,2,7,6,1,F01,7,6,7,21,2,11,,48,48,1,12,4,F01,120.718281,24.132498,2
8235,66000,387130000C,(04)23274275,(04)23288582,2023,8,22,7,57,臺中市,北屯區,0,2,0,7,2,6,50,4,1,1,5,4,6,6,4,4,5,5,4,2,15,12,2,9,2,1,C03,7,9,1,10,2,11,,6,12,1,13,4,C03,120.699301,24.185407,2
8236,66000,387130000C,(04)23274275,(04)23288582,2023,8,22,7,57,臺中市,大里區,0,0,0,7,,,80,,,,,,,,,,,,,,,87,,,,,B03,,,1,,9,,,87,,1,12,5,B03,120.690704,24.098029,3
8237,66000,387130000C,(04)23274275,(04)23288582,2023,8,22,7,59,臺中市,南屯區,0,0,0,7,,,50,,,,,,,,,,,,,,,49,,,,,B12,,,1,,1,,,49,,1,12,4,B12,120.637398,24.14208,3
8238,66000,387130000C,(04)23274275,(04)23288582,2023,8,22,7,59,臺中市,西屯區,0,1,0,7,3,6,50,4,1,1,5,4,6,6,4,4,10,5,5,2,12,47,2,9,2,1,C03,7,5,5,10,2,13,,47,47,1,12,4,C03,120.616244,24.188873,2
8239,66000,387130000C,(04)23274275,(04)23288582,2023,8,22,7,59,臺中市,烏日區,0,1,0,6,2,6,40,13,8,1,5,4,6,6,4,4,1,4,1,1,13,58,2,9,2,1,C03,7,8,1,10,2,11,,58,58,1,12,4,C03,120.650581,24.106747,2
8240,66000,387130000C,(04)23274275,(04)23288582,2023,8,22,8,0,臺中市,北區,0,1,0,7,3,6,50,13,9,1,5,4,6,6,4,4,10,5,5,2,17,42,3,10,1,1,C03,7,9,1,10,2,16,,42,42,1,12,4,C03,120.680691,24.155309,2
8241,66000,387130000C,(04)23274275,(04)23288582,2023,8,22,8,0,臺中市,南區,0,0,0,7,,,40,,,,,,,,,,,,,,,84,,,,,B03,,,1,,2,,,84,,1,12,4,B03,120.657218,24.127773,3
8242,66000,387130000C,(04)23274275,(04)23288582,2023,8,22,8,1,臺中市,神岡區,0,1,0,7,3,6,50,4,9,1,5,4,6,6,1,1,5,5,4,1,17,11,3,10,3,1,B03,7,6,1,8,2,2,,11,11,1,13,4,B03,120.668262,24.257315,2
8243,66000,387130000C,(04)23274275,(04)23288582,2023,8,22,8,5,臺中市,東區,0,0,0,7,,,50,,,,,,,,,,,,,,,7,,,,,B03,,,1,,1,,,7,,1,6,4,B03,120.69779,24.146255,3
8244,66000,387130000C,(04)23274275,(04)23288582,2023,8,22,8,5,臺中市,南屯區,0,0,0,7,,,50,,,,,,,,,,,,,,12,8,,,,,B03,,,1,,9,,,8,,1,6,4,B03,120.648124,24.123176,3
8245,66000,387130000C,(04)23274275,(04)23288582,2023,8,22,8,7,臺中市,北屯區,0,1,0,7,2,6,50,4,1,1,5,4,6,6,2,1,10,5,5,2,16,11,3,10,3,1,B03,7,5,1,8,2,2,,11,11,1,12,4,B03,120.686626,24.197848,2
8246,66000,387130000C,(04)23274275,(04)23288582,2023,8,22,8,11,臺中市,大雅區,0,1,0,7,2,6,60,4,2,1,5,4,6,6,1,1,3,4,5,1,17,21,3,10,3,1,B03,7,9,1,8,2,4,,21,21,1,12,4,B03,120.650059,24.212026,2
8247,66000,387130000C,(04)23274275,(04)23288582,2023,8,22,8,11,臺中市,東區,0,2,0,7,2,6,50,3,1,1,5,4,6,6,4,4,7,4,5,2,16,4,2,9,1,1,C03,7,9,1,10,2,11,,4,4,1,12,4,C03,120.69426,24.132973,2
8248,66000,387130000C,(04)23274275,(04)23288582,2023,8,22,8,19,臺中市,南屯區,0,2,0,7,2,6,50,4,2,1,5,4,6,6,1,1,5,5,4,2,17,22,2,9,5,4,C03,7,5,1,10,2,14,,22,22,1,13,4,C03,120.63038,24.123135,2
8249,66000,387130000C,(04)23274275,(04)23288582,2023,8,22,8,20,臺中市,南區,0,1,0,7,2,6,50,4,1,1,5,4,6,6,2,1,1,2,5,2,16,23,3,10,3,1,B03,7,6,1,8,2,8,,23,23,1,12,4,B03,120.662473,24.127442,2
8250,66000,387130000C,(04)23274275,(04)23288582,2023,8,22,8,20,臺中市,霧峰區,0,0,0,7,,,80,,,,,,,,,,,,,,13,7,,,,,B03,,,1,,2,,,7,,1,6,4,B03,120.684203,24.054421,3
8251,66000,387130000C,(04)23274275,(04)23288582,2023,8,22,8,20,臺中市,沙鹿區,0,0,0,7,,,50,,,,,,,,,,,,,,,2,,,,,B03,,,1,,2,,,2,,1,6,4,B03,120.575215,24.226738,3
8252,66000,387130000C,(04)23274275,(04)23288582,2023,8,22,8,22,臺中市,霧峰區,0,2,0,7,3,6,30,13,9,1,5,4,6,6,4,4,10,5,5,1,11,41,2,9,2,1,C03,7,9,1,10,2,11,,41,41,1,13,4,C03,120.66161,24.059852,2
8253,66000,387130000C,(04)23274275,(04)23288582,2023,8,22,8,22,臺中市,太平區,0,1,0,7,3,6,50,4,1,1,5,4,6,6,4,4,5,5,5,2,16,20,2,9,2,1,C03,7,9,1,10,2,11,,20,20,1,12,4,C03,120.716954,24.126009,2
8254,66000,387130000C,(04)23274275,(04)23288582,2023,8,22,8,23,臺中市,北屯區,0,2,0,7,2,6,50,5,1,1,5,4,6,6,2,1,10,5,5,2,13,7,2,9,1,1,C03,7,9,1,10,2,11,,7,7,1,12,4,C03,120.691006,24.171612,2
8255,66000,387130000C,(04)23274275,(04)23288582,2023,8,22,8,27,臺中市,大雅區,0,2,0,7,1,6,30,4,1,1,5,4,6,6,1,1,10,5,5,2,15,21,2,9,2,1,C03,7,9,1,10,2,14,,21,21,1,13,4,C03,120.636908,24.222287,2
8256,66000,387130000C,(04)23274275,(04)23288582,2023,8,22,8,27,臺中市,潭子區,0,1,0,7,3,6,40,13,9,1,5,4,6,6,4,4,1,5,5,2,18,84,2,9,2,1,C03,7,9,1,10,2,15,,84,84,1,13,4,C03,120.717781,24.197709,2
8257,66000,387130000C,(04)23274275,(04)23288582,2023,8,22,8,28,臺中市,梧棲區,0,1,0,7,3,6,50,3,1,1,5,4,6,6,4,4,10,5,5,2,17,84,2,9,1,1,C03,7,6,1,10,2,15,,84,84,1,6,4,C03,120.533741,24.261526,2
8258,66000,387130000C,(04)23274275,(04)23288582,2023,8,22,8,30,臺中市,潭子區,0,0,0,7,,,60,,,,,,,,,,,,,,,8,,,,,B03,,,1,,2,,,8,,1,13,4,B03,120.703058,24.198108,3
8259,66000,387130000C,(04)23274275,(04)23288582,2023,8,22,8,30,臺中市,東區,0,0,0,7,,,50,,,,,,,,,,,,,,,84,,,,,B12,,,1,,1,,,84,,1,12,4,B12,120.690437,24.124545,3
8260,66000,387130000C,(04)23274275,(04)23288582,2023,8,22,8,30,臺中市,霧峰區,0,0,0,7,,,40,,,,,,,,,,,,,,,49,,,,,B03,,,1,,2,,,49,,1,12,4,B03,120.662181,24.071826,3
8261,66000,387130000C,(04)23274275,(04)23288582,2023,8,22,8,30,臺中市,烏日區,0,0,0,7,,,50,,,,,,,,,,,,,,12,50,,,,,B12,,,5,,2,,,50,,1,12,4,B12,120.641137,24.05205,3
8262,66000,387130000C,(04)23274275,(04)23288582,2023,8,22,8,32,臺中市,北屯區,0,1,0,7,2,6,50,13,9,1,5,4,6,6,4,4,1,4,5,2,17,1,3,10,3,1,B02,7,4,1,8,2,2,,1,1,1,11,4,B02,120.698571,24.183136,2
8263,66000,387130000C,(04)23274275,(04)23288582,2023,8,22,8,32,臺中市,太平區,0,1,0,7,2,6,50,5,1,1,5,4,6,6,2,1,10,5,5,2,17,68,3,10,3,1,B12,7,9,1,8,9,16,,68,68,1,12,4,B12,120.714687,24.110355,2
8264,66000,387130000C,(04)23274275,(04)23288582,2023,8,22,8,32,臺中市,梧棲區,0,1,0,7,3,6,50,13,9,1,5,4,6,6,4,4,5,5,5,1,16,51,2,8,1,1,C03,7,1,1,10,2,14,,51,51,1,6,4,C03,120.537376,24.242844,2
8265,66000,387130000C,(04)23274275,(04)23288582,2023,8,22,8,33,臺中市,大里區,0,0,0,7,,,50,,,,,,,,,,,,,,,87,,,,,B02,,,1,,9,,,87,,1,12,5,B02,120.700429,24.10855,3
8266,66000,387130000C,(04)23274275,(04)23288582,2023,8,22,8,36,臺中市,北區,0,1,0,7,2,6,50,13,9,1,5,4,6,6,4,4,1,4,5,2,30,59,2,9,1,1,C03,7,9,1,10,11,11,,59,59,1,12,4,C03,120.674216,24.163456,2
8267,66000,387130000C,(04)23274275,(04)23288582,2023,8,22,8,39,臺中市,大肚區,0,0,0,7,,,50,,,,,,,,,,,,,,,39,,,,,B03,,,1,,2,,,39,,1,12,4,B03,120.579155,24.117947,3
8268,66000,387130000C,(04)23274275,(04)23288582,2023,8,22,8,42,臺中市,西屯區,0,0,0,7,,,40,,,,,,,,,,,,,,12,84,,,,,B11,,,1,,1,,,84,,1,13,4,B11,120.617809,24.181391,3
8269,66000,387130000C,(04)23274275,(04)23288582,2023,8,22,8,43,臺中市,南屯區,0,0,0,7,,,50,,,,,,,,,,,,,,2,59,,,,,B03,,,1,,1,,,59,,1,12,4,B03,120.643187,24.144015,3
8270,66000,387130000C,(04)23274275,(04)23288582,2023,8,22,8,43,臺中市,北屯區,0,1,0,7,1,6,50,13,8,1,5,4,6,6,4,4,7,5,5,2,13,59,3,10,1,1,C03,7,9,1,10,2,11,,59,59,1,13,4,C03,120.72183,24.184683,2
8271,66000,387130000C,(04)23274275,(04)23288582,2023,8,22,8,45,臺中市,南屯區,0,1,0,7,2,6,50,4,19,1,5,4,6,6,2,1,5,5,5,2,3,96,3,10,6,5,H01,8,18,7,21,10,17,,96,96,1,4,5,H01,120.611568,24.138461,2
8272,66000,387130000C,(04)23274275,(04)23288582,2023,8,22,8,45,臺中市,大肚區,0,1,0,7,2,6,50,4,1,1,5,4,6,6,4,4,10,5,5,2,15,15,3,10,3,1,B03,7,9,1,8,2,8,,15,15,1,12,4,B03,120.540177,24.158799,2
8273,66000,387130000C,(04)23274275,(04)23288582,2023,8,22,8,48,臺中市,東區,0,2,0,7,3,6,50,4,1,1,5,4,6,6,4,4,3,4,4,2,17,51,2,9,2,1,C03,7,1,1,10,2,11,,51,51,1,12,4,C03,120.693573,24.147967,2
8274,66000,387130000C,(04)23274275,(04)23288582,2023,8,22,8,50,臺中市,南屯區,0,0,0,7,,,50,,,,,,,,,,,,,,,7,,,,,B03,,,1,,1,,,7,,1,12,4,B03,120.646817,24.140959,3
8275,66000,387130000C,(04)23274275,(04)23288582,2023,8,22,8,52,臺中市,南屯區,0,1,0,7,2,6,50,4,2,1,5,4,6,6,4,4,5,4,4,2,13,58,2,8,2,1,C03,7,9,1,10,2,11,,58,58,1,12,4,C03,120.639426,24.148575,2
8276,66000,387130000C,(04)23274275,(04)23288582,2023,8,22,8,52,臺中市,北屯區,0,1,0,7,2,6,50,5,1,1,5,4,6,6,4,4,5,4,4,2,16,84,2,9,2,1,C03,7,6,1,10,2,12,,84,84,1,13,4,C03,120.695648,24.163642,2
8277,66000,387130000C,(04)23274275,(04)23288582,2023,8,22,8,53,臺中市,西屯區,0,0,0,7,,,80,,,,,,,,,,,,,,13,7,,,,,B03,,,1,,1,,,7,,1,6,4,B03,120.630279,24.166157,3
8278,66000,387130000C,(04)23274275,(04)23288582,2023,8,22,8,53,臺中市,西屯區,0,0,0,7,,,50,,,,,,,,,,,,,,12,8,,,,,C03,,,1,,1,,,8,,1,13,4,C03,120.616678,24.182248,3
8279,66000,387130000C,(04)23274275,(04)23288582,2023,8,22,8,58,臺中市,西屯區,0,1,0,7,3,6,50,13,9,1,5,4,6,6,4,4,5,4,5,2,13,7,2,9,1,4,C03,7,9,1,10,2,11,,7,7,1,13,4,C03,120.593312,24.183422,2
8280,66000,387130000C,(04)23274275,(04)23288582,2023,8,22,9,1,臺中市,潭子區,0,0,0,7,,,60,,,,,,,,,,,,,,,7,,,,,B03,,,1,,2,,,7,,1,13,4,B03,120.702196,24.189927,3
8281,66000,387130000C,(04)23274275,(04)23288582,2023,8,22,9,7,臺中市,大里區,0,0,0,7,,,50,,,,,,,,,,,,,,13,7,,,,,B03,,,1,,2,,,7,,1,6,4,B03,120.695783,24.102449,3
8282,66000,387130000C,(04)23274275,(04)23288582,2023,8,22,9,7,臺中市,太平區,0,0,0,7,,,50,,,,,,,,,,,,,,,50,,,,,B12,,,1,,2,,,50,,1,12,4,B12,120.723437,24.104873,3
8283,66000,387130000C,(04)23274275,(04)23288582,2023,8,22,9,8,臺中市,中區,0,2,0,7,2,6,50,4,1,1,5,4,6,6,2,1,10,5,5,2,16,42,2,9,1,1,C03,7,5,1,10,2,13,,42,42,1,13,4,C03,120.67561,24.14176,2
8284,66000,387130000C,(04)23274275,(04)23288582,2023,8,22,9,8,臺中市,南屯區,0,1,0,7,2,6,50,3,9,1,5,4,6,6,4,4,3,4,5,2,18,84,2,9,5,4,C03,7,9,1,10,2,12,,84,84,1,13,4,C03,120.645452,24.139827,2
8285,66000,387130000C,(04)23274275,(04)23288582,2023,8,22,9,9,臺中市,東區,0,3,0,7,2,6,50,3,1,1,5,4,3,6,4,4,10,5,5,2,16,12,3,10,3,1,B03,7,13,1,8,2,16,,77,12,1,12,2,B03,120.705843,24.139842,2
8286,66000,387130000C,(04)23274275,(04)23288582,2023,8,22,9,10,臺中市,梧棲區,0,0,0,7,,,50,,,,,,,,,,,,,,13,59,,,,,F01,,,1,,2,,,59,,1,4,4,F01,120.543159,24.242838,3
8287,66000,387130000C,(04)23274275,(04)23288582,2023,8,22,9,14,臺中市,西屯區,0,2,0,7,3,6,50,4,1,1,5,4,6,6,2,1,10,5,5,2,12,85,3,10,2,1,C03,7,9,1,10,2,13,,85,85,1,12,4,C03,120.647907,24.174153,2
8288,66000,387130000C,(04)23274275,(04)23288582,2023,8,22,9,15,臺中市,潭子區,0,1,0,7,3,6,50,5,2,1,5,4,6,6,1,1,5,4,4,2,17,20,3,10,3,1,B12,7,5,1,8,2,2,,20,20,1,13,4,B12,120.706234,24.215467,2
8289,66000,387130000C,(04)23274275,(04)23288582,2023,8,22,9,17,臺中市,北屯區,0,1,0,7,2,6,50,4,1,1,5,4,6,6,2,1,10,5,5,2,12,84,3,10,3,1,B03,7,9,1,8,2,2,,84,84,1,12,4,B03,120.685475,24.173358,2
8290,66000,387130000C,(04)23274275,(04)23288582,2023,8,22,9,17,臺中市,北屯區,0,0,0,7,,,50,,,,,,,,,,,,,,13,84,,,,,B03,,,1,,1,,,84,,1,12,4,B03,120.719019,24.196682,3