序號,縣市別代碼,機關代碼,市話,傳真,年,月,日,時,分,縣市,區,死亡數量,受傷數量,2-30,天候,光線,道路類別,速限,道路型態,事故位置,路面鋪裝,路面狀態,路面缺陷,障礙物,視距,號誌種類,號誌動作,分向設施,快車道或一般車道間,快慢車道間,路面邊線,事故類型及型態,主要肇因,受傷程度,主要傷處,保護裝備,行動電話,當事者區分(類別),車輛用途,當事者行動狀態,駕駛資格情形,駕駛執照種類,飲酒情形,車輛撞擊部位最初,車輛撞擊部位其他,肇事因素個別,肇事因素主要,肇事逃逸,職業,旅次目的,車種,GPS座標X,GPS座標Y,事故類別
8291,66000,387130000C,(04)23274275,(04)23288582,2023,8,22,9,21,臺中市,大雅區,0,2,0,7,2,6,70,13,9,1,5,4,6,6,1,1,3,4,5,1,17,40,2,9,2,1,C03,7,8,3,19,2,13,,40,40,1,12,4,C03,120.641398,24.230001,2
8292,66000,387130000C,(04)23274275,(04)23288582,2023,8,22,9,24,臺中市,東區,0,1,0,7,2,6,40,13,8,1,5,4,6,6,1,1,1,4,4,2,13,7,2,9,1,1,C03,7,9,1,10,2,11,,7,7,1,12,4,C03,120.688276,24.130584,2
8293,66000,387130000C,(04)23274275,(04)23288582,2023,8,22,9,29,臺中市,西屯區,0,0,0,7,,,30,,,,,,,,,,,,,,14,49,,,,,B13,,,1,,1,,,49,,1,13,4,B13,120.618583,24.175481,3
8294,66000,387130000C,(04)23274275,(04)23288582,2023,8,22,9,30,臺中市,南區,0,1,0,7,2,6,50,13,9,1,5,4,6,6,4,4,5,4,5,2,13,84,3,10,2,1,C03,7,9,1,10,2,12,,84,84,1,12,4,C03,120.651829,24.121685,2
8295,66000,387130000C,(04)23274275,(04)23288582,2023,8,22,9,30,臺中市,大里區,0,1,0,7,2,6,50,3,2,1,5,4,6,6,1,1,5,2,5,1,13,7,3,10,3,1,B03,7,9,1,8,2,8,,7,7,1,13,4,B03,120.701162,24.087531,2
8296,66000,387130000C,(04)23274275,(04)23288582,2023,8,22,9,38,臺中市,龍井區,0,1,0,7,2,6,50,13,9,1,5,4,6,6,4,4,5,5,5,1,17,51,3,10,5,4,C03,7,1,1,10,2,11,,51,51,1,13,4,C03,120.582582,24.177989,2
8297,66000,387130000C,(04)23274275,(04)23288582,2023,8,22,9,41,臺中市,太平區,0,1,0,7,2,6,50,13,9,1,5,4,6,6,4,4,5,4,5,1,17,84,2,8,2,1,C03,7,9,1,10,2,11,,84,84,1,12,4,C03,120.717187,24.133619,2
8298,66000,387130000C,(04)23274275,(04)23288582,2023,8,22,9,44,臺中市,北屯區,0,0,0,7,,,80,,,,,,,,,,,,,,,40,,,,,A12,,,1,,1,,,40,40,1,13,4,A12,120.718411,24.160606,3
8299,66000,387130000C,(04)23274275,(04)23288582,2023,8,22,9,45,臺中市,西屯區,0,0,0,7,,,50,,,,,,,,,,,,,,13,84,,,,,B03,,,1,,1,,,84,,1,6,4,B03,120.622437,24.179503,3
8300,66000,387130000C,(04)23274275,(04)23288582,2023,8,22,9,46,臺中市,豐原區,0,2,0,7,2,6,50,4,1,1,5,4,6,6,1,1,5,5,5,2,16,11,2,9,1,1,F03,7,6,7,21,2,13,,11,11,1,6,4,F03,120.727822,24.251422,2
8301,66000,387130000C,(04)23274275,(04)23288582,2023,8,22,9,50,臺中市,北區,0,0,0,7,2,6,40,11,8,1,5,4,6,6,4,4,1,4,4,2,12,40,3,10,3,1,B12,7,8,1,8,1,7,,40,40,1,12,4,B12,120.683062,24.145771,3
8302,66000,387130000C,(04)23274275,(04)23288582,2023,8,22,9,50,臺中市,大里區,0,1,0,7,3,6,50,4,1,1,5,4,6,6,1,1,10,5,5,2,17,58,2,9,1,1,C03,7,9,1,10,2,12,,58,58,1,6,2,C03,120.686193,24.11044,2
8303,66000,387130000C,(04)23274275,(04)23288582,2023,8,22,9,52,臺中市,南屯區,0,0,0,7,,,50,,,,,,,,,,,,,,,49,,,,,B03,,,1,,1,,,49,,1,12,4,B03,120.627562,24.142297,3
8304,66000,387130000C,(04)23274275,(04)23288582,2023,8,22,9,52,臺中市,烏日區,0,1,0,7,2,6,50,3,1,1,5,4,6,6,4,4,5,5,4,2,12,14,2,9,2,1,C03,7,6,1,10,2,14,,14,14,1,12,4,C03,120.623608,24.102819,2
8305,66000,387130000C,(04)23274275,(04)23288582,2023,8,22,9,53,臺中市,太平區,0,0,0,7,,,50,,,,,,,,,,,,,,,51,,,,,C03,,,1,,1,,,51,,1,5,4,C03,120.719186,24.148812,3
8306,66000,387130000C,(04)23274275,(04)23288582,2023,8,22,9,56,臺中市,西屯區,0,0,0,7,,,50,,,,,,,,,,,,,,,87,,,,,B03,,,1,,2,,,87,,1,13,4,B03,120.651816,24.186501,3
8307,66000,387130000C,(04)23274275,(04)23288582,2023,8,22,10,0,臺中市,北屯區,0,0,0,7,,,50,,,,,,,,,,,,,,,50,,,,,B03,,,1,,9,,,50,,1,12,4,B03,120.718825,24.173583,3
8308,66000,387130000C,(04)23274275,(04)23288582,2023,8,22,10,8,臺中市,西屯區,0,0,0,7,,,50,,,,,,,,,,,,,,13,84,,,,,B03,,,1,,1,,,84,,1,12,4,B03,120.620863,24.183905,3
8309,66000,387130000C,(04)23274275,(04)23288582,2023,8,22,10,9,臺中市,北區,0,1,0,7,3,6,50,4,1,1,5,4,6,6,1,1,10,5,5,2,16,11,3,10,3,1,B03,7,5,1,8,2,5,,11,11,1,12,4,B03,120.676421,24.157514,2
8310,66000,387130000C,(04)23274275,(04)23288582,2023,8,22,10,10,臺中市,南屯區,0,0,0,7,,,50,,,,,,,,,,,,,,16,6,,,,,B12,,,1,,1,,,6,6,1,6,4,B12,120.647507,24.155639,3
8311,66000,387130000C,(04)23274275,(04)23288582,2023,8,22,10,12,臺中市,大里區,0,1,0,7,2,6,50,3,9,1,5,4,6,6,4,4,5,4,5,1,16,39,2,9,1,1,C03,7,6,1,10,2,12,,39,39,1,12,4,C03,120.689555,24.118132,2
8312,66000,387130000C,(04)23274275,(04)23288582,2023,8,22,10,15,臺中市,北區,0,1,0,7,3,6,50,13,8,1,5,4,6,6,4,4,3,2,4,1,17,59,2,9,5,4,F01,7,9,7,21,2,11,,59,59,1,13,4,F01,120.673785,24.163089,2
8313,66000,387130000C,(04)23274275,(04)23288582,2023,8,22,10,15,臺中市,外埔區,0,0,0,7,,,40,,,,,,,,,,,,,,16,87,,,,,A11,,,1,,2,,,68,87,1,6,4,A11,120.63123,24.324749,3
8314,66000,387130000C,(04)23274275,(04)23288582,2023,8,22,10,16,臺中市,沙鹿區,0,0,0,7,,,50,,,,,,,,,,,,,,,49,,,,,B03,,,1,,2,,,49,,1,12,4,B03,120.567644,24.197791,3
8315,66000,387130000C,(04)23274275,(04)23288582,2023,8,22,10,20,臺中市,大雅區,0,0,0,7,1,6,50,13,8,1,5,4,6,6,4,4,1,4,4,2,17,59,,,,,B12,,,1,,2,,,59,,1,13,4,B12,120.669066,24.216104,3
8316,66000,387130000C,(04)23274275,(04)23288582,2023,8,22,10,24,臺中市,北區,0,1,0,7,2,6,50,4,1,1,5,4,6,6,1,1,10,5,5,2,17,84,2,2,2,1,C03,7,9,1,10,2,11,,84,84,1,13,4,C03,120.670591,24.163031,2
8317,66000,387130000C,(04)23274275,(04)23288582,2023,8,22,10,25,臺中市,西區,0,0,0,7,,,50,,,,,,,,,,,,,,13,84,,,,,B03,,,1,,1,,,84,,1,12,4,B03,120.663096,24.146699,3
8318,66000,387130000C,(04)23274275,(04)23288582,2023,8,22,10,26,臺中市,北屯區,0,0,0,7,,,40,,,,,,,,,,,,,,14,49,,,,,B03,,,1,,2,,,49,49,1,13,4,B03,120.664059,24.190588,3
8319,66000,387130000C,(04)23274275,(04)23288582,2023,8,22,10,27,臺中市,西屯區,0,0,0,7,,,50,,,,,,,,,,,,,,14,49,,,,,B12,,,1,,1,,,49,,1,13,4,B12,120.59293,24.167353,3
8320,66000,387130000C,(04)23274275,(04)23288582,2023,8,22,10,27,臺中市,太平區,0,0,0,7,,,40,,,,,,,,,,,,,,17,84,,,,,B12,,,1,,9,,,84,,1,12,4,B12,120.709063,24.121683,3
8321,66000,387130000C,(04)23274275,(04)23288582,2023,8,22,10,28,臺中市,北屯區,0,2,0,7,2,6,50,4,4,1,5,4,6,6,1,1,5,5,4,2,13,84,2,9,1,1,C03,7,9,1,10,9,11,,84,84,1,12,4,C03,120.688313,24.17716,2
8322,66000,387130000C,(04)23274275,(04)23288582,2023,8,22,10,30,臺中市,西屯區,0,0,0,7,,,80,,,,,,,,,,,,,,12,40,,,,,B12,,,1,,2,,,40,,1,6,4,B12,120.656824,24.200232,3
8323,66000,387130000C,(04)23274275,(04)23288582,2023,8,22,10,30,臺中市,太平區,0,0,0,7,,,50,,,,,,,,,,,,,,,51,,,,,B03,,,1,,2,,,51,,1,12,4,B03,120.725275,24.149842,3
8324,66000,387130000C,(04)23274275,(04)23288582,2023,8,22,10,31,臺中市,北屯區,0,0,0,7,,,50,,,,,,,,,,,,,,21,59,,,,,B12,,,1,,2,,,59,59,1,12,4,B12,120.694068,24.170232,3
8325,66000,387130000C,(04)23274275,(04)23288582,2023,8,22,10,32,臺中市,西屯區,0,0,0,7,,,50,,,,,,,,,,,,,,13,8,,,,,B03,,,1,,1,,,8,,1,13,4,B03,120.658624,24.194467,3
8326,66000,387130000C,(04)23274275,(04)23288582,2023,8,22,10,33,臺中市,外埔區,0,0,0,7,,,50,,,,,,,,,,,,,,,48,,,,,C03,,,1,,2,,,48,,1,13,4,C03,120.638696,24.341664,3
8327,66000,387130000C,(04)23274275,(04)23288582,2023,8,22,10,35,臺中市,梧棲區,0,0,0,7,,,30,,,,,,,,,,,,,,11,8,,,,,B03,,,1,,2,,,8,,1,6,4,B03,120.532771,24.262496,3
8328,66000,387130000C,(04)23274275,(04)23288582,2023,8,22,10,35,臺中市,大甲區,0,1,0,7,2,6,60,4,1,1,5,4,6,6,1,1,10,5,5,2,16,11,3,10,3,1,B03,7,5,1,8,2,2,,11,11,1,6,4,B03,120.617558,24.351633,2
8329,66000,387130000C,(04)23274275,(04)23288582,2023,8,22,10,37,臺中市,南屯區,0,0,0,7,,,50,,,,,,,,,,,,,,,40,,,,,A41,,,1,,2,,,40,,1,12,4,A41,120.615157,24.147837,3
8330,66000,387130000C,(04)23274275,(04)23288582,2023,8,22,10,43,臺中市,大里區,0,3,0,7,3,6,50,4,1,1,5,4,6,6,4,4,10,5,5,2,15,15,2,9,1,1,C03,7,9,3,19,2,11,,15,15,1,6,4,C03,120.700523,24.108943,2
8331,66000,387130000C,(04)23274275,(04)23288582,2023,8,22,10,44,臺中市,霧峰區,0,1,0,7,2,6,50,4,2,1,5,4,6,6,4,4,9,4,4,1,9,51,3,10,3,1,A02,7,1,1,2,2,16,,51,51,1,12,4,A02,120.699672,24.072702,2
8332,66000,387130000C,(04)23274275,(04)23288582,2023,8,22,10,52,臺中市,太平區,0,1,0,7,2,6,50,5,1,1,5,4,6,6,2,1,10,5,5,2,16,11,3,10,3,1,B03,7,6,1,8,2,5,,11,11,1,12,4,B03,120.730847,24.112122,2
8333,66000,387130000C,(04)23274275,(04)23288582,2023,8,22,10,52,臺中市,清水區,0,1,0,7,3,6,50,3,2,1,5,4,6,6,4,4,5,5,5,1,12,1,3,10,3,1,B12,7,4,1,8,2,2,,1,1,2,12,4,B12,120.563974,24.2938,2
8334,66000,387130000C,(04)23274275,(04)23288582,2023,8,22,10,54,臺中市,太平區,0,1,0,7,3,6,30,4,1,1,5,4,6,6,4,4,5,5,5,2,15,15,2,9,2,1,C03,7,9,1,10,2,12,,15,15,1,12,4,C03,120.71669,24.137135,2
8335,66000,387130000C,(04)23274275,(04)23288582,2023,8,22,10,59,臺中市,潭子區,0,1,0,7,3,6,30,13,9,1,5,4,6,6,4,4,10,5,5,2,11,8,3,10,1,1,C03,7,9,1,10,11,11,,8,8,1,13,4,C03,120.671368,24.204548,2
8336,66000,387130000C,(04)23274275,(04)23288582,2023,8,22,11,3,臺中市,潭子區,0,0,0,7,,,60,,,,,,,,,,,,,,,94,,,,,B12,,,1,,2,,,94,,1,13,4,B12,120.717781,24.197709,3
8337,66000,387130000C,(04)23274275,(04)23288582,2023,8,22,11,5,臺中市,東區,0,3,0,7,2,6,50,3,1,1,5,4,6,6,4,4,10,5,5,2,16,14,2,8,1,1,F03,7,5,7,21,2,12,,14,14,1,12,4,F03,120.684575,24.133613,2
8338,66000,387130000C,(04)23274275,(04)23288582,2023,8,22,11,7,臺中市,南屯區,0,1,0,7,2,6,50,3,1,1,5,4,6,6,4,4,5,4,5,2,18,59,2,9,2,1,C03,7,5,1,10,2,12,,59,59,1,12,4,C03,120.644621,24.142971,2
8339,66000,387130000C,(04)23274275,(04)23288582,2023,8,22,11,10,臺中市,西區,0,0,0,7,,,50,,,,,,,,,,,,,,30,50,,,,,B03,,,1,,2,,,50,,1,13,4,B03,120.668866,24.137385,3
8340,66000,387130000C,(04)23274275,(04)23288582,2023,8,22,11,10,臺中市,太平區,0,0,0,7,,,50,,,,,,,,,,,,,,13,59,,,,,B12,,,1,,2,,,59,,1,12,4,B12,120.733357,24.146558,3
8341,66000,387130000C,(04)23274275,(04)23288582,2023,8,22,11,12,臺中市,太平區,0,1,0,7,3,6,50,13,9,1,5,4,6,6,4,4,5,5,5,1,18,84,2,9,2,1,C03,7,1,1,10,2,12,,84,84,1,12,4,C03,120.723057,24.129865,2
8342,66000,387130000C,(04)23274275,(04)23288582,2023,8,22,11,21,臺中市,西區,0,0,0,7,2,6,50,3,1,1,5,4,6,6,4,4,5,5,5,2,14,49,,,,,B03,,,1,,1,,,49,,1,12,4,B03,120.664314,24.146087,3
8343,66000,387130000C,(04)23274275,(04)23288582,2023,8,22,11,24,臺中市,豐原區,0,0,0,7,,,30,,,,,,,,,,,,,,14,59,,,,,B03,,,1,,2,,,59,,1,12,4,B03,120.746828,24.26218,3
8344,66000,387130000C,(04)23274275,(04)23288582,2023,8,22,11,27,臺中市,南屯區,0,1,0,7,2,6,50,13,9,1,5,4,6,6,4,4,9,4,5,2,16,45,3,10,3,1,B03,7,11,5,19,2,4,,45,45,1,12,4,B03,120.643947,24.132044,2
8345,66000,387130000C,(04)23274275,(04)23288582,2023,8,22,11,30,臺中市,大里區,0,1,0,7,3,6,50,3,1,1,5,4,6,6,4,4,10,5,5,2,16,51,3,10,3,1,B03,7,1,1,8,2,8,,51,51,1,6,4,B03,120.67755,24.116268,2
8346,66000,387130000C,(04)23274275,(04)23288582,2023,8,22,11,30,臺中市,大里區,0,0,0,7,,,30,,,,,,,,,,,,,,,8,,,,,B03,,,1,,2,,,8,,1,12,4,B03,120.706451,24.095882,3
8347,66000,387130000C,(04)23274275,(04)23288582,2023,8,22,11,30,臺中市,沙鹿區,0,0,0,7,,,50,,,,,,,,,,,,,,,58,,,,,B03,,,1,,1,,,58,,1,6,4,B03,120.559029,24.238865,3
8348,66000,387130000C,(04)23274275,(04)23288582,2023,8,22,11,32,臺中市,北屯區,0,1,0,7,2,6,50,3,1,1,5,4,6,6,4,4,1,4,5,2,12,14,3,10,3,1,B12,7,5,1,8,2,5,,14,14,1,13,4,B12,120.689327,24.201289,2
8349,66000,387130000C,(04)23274275,(04)23288582,2023,8,22,11,32,臺中市,西屯區,0,0,0,7,,,40,,,,,,,,,,,,,,12,40,,,,,B03,,,1,,2,,,40,,1,13,4,B03,120.636723,24.15559,3
8350,66000,387130000C,(04)23274275,(04)23288582,2023,8,22,11,32,臺中市,大里區,0,1,0,7,2,6,50,4,1,1,5,4,6,6,1,1,10,5,5,1,16,11,3,10,3,1,B12,7,5,5,19,2,5,,11,11,1,13,4,B12,120.695536,24.085498,2
8351,66000,387130000C,(04)23274275,(04)23288582,2023,8,22,11,34,臺中市,大里區,0,1,0,7,2,6,50,4,1,1,5,4,6,6,1,1,10,5,5,1,16,11,2,8,1,1,C03,7,6,3,19,2,14,,11,11,1,13,4,C03,120.695844,24.084211,2
8352,66000,387130000C,(04)23274275,(04)23288582,2023,8,22,11,35,臺中市,豐原區,0,1,0,7,2,6,50,13,9,1,5,4,6,6,4,4,5,4,5,1,17,84,2,9,1,1,C03,7,9,2,19,2,12,,84,84,1,13,4,C03,120.722926,24.244585,2
8353,66000,387130000C,(04)23274275,(04)23288582,2023,8,22,11,36,臺中市,南區,0,1,0,7,3,6,50,3,1,1,5,4,6,6,4,4,9,5,5,2,12,40,3,10,3,1,B03,7,7,1,8,2,2,,40,40,1,6,4,B03,120.670799,24.130421,2
8354,66000,387130000C,(04)23274275,(04)23288582,2023,8,22,11,37,臺中市,西屯區,0,1,0,7,2,6,0,13,21,1,5,4,6,6,4,4,10,5,5,2,30,119,,,,,,,,,,,,,119,119,1,,,,120.604562,24.183539,2
8355,66000,387130000C,(04)23274275,(04)23288582,2023,8,22,11,40,臺中市,烏日區,0,0,0,7,,,30,,,,,,,,,,,,,,14,49,,,,,B03,,,1,,2,,,49,,1,12,4,B03,120.625476,24.105817,3
8356,66000,387130000C,(04)23274275,(04)23288582,2023,8,22,11,41,臺中市,西區,0,3,0,7,2,6,50,4,1,1,5,4,6,6,1,1,10,5,5,2,17,87,2,7,1,1,C03,7,9,1,10,2,12,,87,87,1,12,4,C03,120.65218,24.147741,2
8357,66000,387130000C,(04)23274275,(04)23288582,2023,8,22,11,43,臺中市,南屯區,0,0,0,7,,,50,,,,,,,,,,,,,,16,12,,,,,B03,,,1,,1,,,12,,1,6,4,B03,120.633262,24.123785,3
8358,66000,387130000C,(04)23274275,(04)23288582,2023,8,22,11,43,臺中市,豐原區,0,1,0,7,2,6,50,4,1,1,5,4,6,6,1,1,1,5,5,2,2,7,3,10,5,4,B01,7,9,1,3,2,5,,7,7,1,6,4,B01,120.718948,24.243416,2
8359,66000,387130000C,(04)23274275,(04)23288582,2023,8,22,11,45,臺中市,北區,0,0,0,7,,,50,,,,,,,,,,,,,,,51,,,,,B03,,,1,,2,,,51,,1,13,4,B03,120.680495,24.157178,3
8360,66000,387130000C,(04)23274275,(04)23288582,2023,8,22,11,45,臺中市,西屯區,0,0,0,7,,,50,,,,,,,,,,,,,,13,7,,,,,B03,,,1,,1,,,7,,1,12,4,B03,120.620975,24.180209,3
8361,66000,387130000C,(04)23274275,(04)23288582,2023,8,22,11,46,臺中市,大里區,0,0,0,7,,,30,,,,,,,,,,,,,,,8,,,,,B12,,,1,,1,,,8,,1,12,4,B12,120.705018,24.083438,3
8362,66000,387130000C,(04)23274275,(04)23288582,2023,8,22,11,49,臺中市,北屯區,0,1,0,7,2,6,50,13,7,1,5,4,6,6,4,4,5,5,4,2,13,84,2,9,1,1,C03,7,9,1,10,2,11,,84,84,1,12,4,C03,120.6716,24.175423,2
8363,66000,387130000C,(04)23274275,(04)23288582,2023,8,22,11,50,臺中市,北區,0,1,0,7,2,6,50,13,9,1,5,4,6,6,4,4,5,5,5,2,12,59,2,9,1,1,C03,7,9,1,10,2,11,,59,59,1,12,4,C03,120.684139,24.154479,2
8364,66000,387130000C,(04)23274275,(04)23288582,2023,8,22,11,50,臺中市,北區,0,0,0,7,,,50,,,,,,,,,,,,,,13,84,,,,,B03,,,1,,2,,,84,,1,12,4,B03,120.68471,24.158941,3
8365,66000,387130000C,(04)23274275,(04)23288582,2023,8,22,11,54,臺中市,南屯區,0,0,0,7,,,50,,,,,,,,,,,,,,,84,,,,,C03,,,5,,1,,,84,,1,13,4,C03,120.624143,24.140987,3
8366,66000,387130000C,(04)23274275,(04)23288582,2023,8,22,11,54,臺中市,西屯區,0,2,0,7,3,6,50,4,1,1,5,4,6,6,1,1,10,5,5,2,17,11,2,9,1,4,C03,7,6,1,11,2,13,,11,11,1,13,4,C03,120.65263,24.166498,2
8367,66000,387130000C,(04)23274275,(04)23288582,2023,8,22,11,54,臺中市,外埔區,0,1,0,7,2,6,30,3,1,1,5,4,6,1,3,1,5,5,5,2,16,11,2,9,1,1,C03,7,9,1,10,2,12,,84,11,1,6,4,C03,120.633889,24.340915,2
8368,66000,387130000C,(04)23274275,(04)23288582,2023,8,22,11,57,臺中市,沙鹿區,0,0,0,7,,,50,,,,,,,,,,,,,,,49,,,,,A11,,,1,,1,,,49,,1,12,4,A11,120.557478,24.232323,3
8369,66000,387130000C,(04)23274275,(04)23288582,2023,8,22,11,59,臺中市,南屯區,0,1,0,7,2,6,50,4,1,1,5,4,6,6,4,4,5,4,5,2,15,15,2,9,2,1,C03,7,9,1,10,2,11,14,15,15,1,12,4,C03,120.642843,24.139516,2
8370,66000,387130000C,(04)23274275,(04)23288582,2023,8,22,12,7,臺中市,西屯區,0,0,0,7,,,50,,,,,,,,,,,,,,9,40,,,,,B03,,,1,,2,,,40,,1,13,4,B03,120.656236,24.198226,3
8371,66000,387130000C,(04)23274275,(04)23288582,2023,8,22,12,8,臺中市,北屯區,0,2,0,7,2,6,30,4,1,1,5,4,6,6,4,4,10,5,5,2,15,12,2,9,2,1,C03,7,9,3,19,2,11,,12,12,1,13,4,C03,120.66209,24.19126,2
8372,66000,387130000C,(04)23274275,(04)23288582,2023,8,22,12,8,臺中市,大肚區,0,0,0,7,,,30,,,,,,,,,,,,,,,47,,,,,B03,,,1,,2,,,47,,1,12,4,B03,120.565411,24.125927,3
8373,66000,387130000C,(04)23274275,(04)23288582,2023,8,22,12,8,臺中市,清水區,0,1,0,7,3,6,50,13,9,1,5,4,6,6,4,4,9,4,5,2,17,39,2,9,2,1,C03,7,1,1,10,2,11,,39,39,1,12,4,C03,120.574058,24.267826,2
8374,66000,387130000C,(04)23274275,(04)23288582,2023,8,22,12,10,臺中市,霧峰區,0,2,0,7,2,6,30,3,1,1,5,4,6,6,4,4,10,5,5,2,17,84,2,9,2,1,C03,7,4,1,10,2,12,,84,84,1,12,4,C03,120.683433,24.065343,2
8375,66000,387130000C,(04)23274275,(04)23288582,2023,8,22,12,20,臺中市,西屯區,0,2,0,7,2,6,40,4,1,1,5,4,6,6,2,1,10,5,5,2,16,84,2,9,5,4,C03,7,5,1,10,2,13,,84,84,1,13,4,C03,120.641076,24.167898,2
8376,66000,387130000C,(04)23274275,(04)23288582,2023,8,22,12,20,臺中市,西屯區,0,0,0,7,,,50,,,,,,,,,,,,,,,51,,,,,B03,,,1,,9,,,51,,1,13,4,B03,120.602671,24.183629,3
8377,66000,387130000C,(04)23274275,(04)23288582,2023,8,22,12,27,臺中市,潭子區,0,1,0,7,3,6,30,3,1,1,5,4,6,6,4,4,10,5,5,2,15,15,2,9,2,1,C03,7,9,1,10,2,11,,15,15,1,13,4,C03,120.678423,24.206312,2
8378,66000,387130000C,(04)23274275,(04)23288582,2023,8,22,12,28,臺中市,新社區,0,0,0,7,,,50,,,,,,,,,,,,,,11,8,,,,,B03,,,5,,1,,,8,,1,13,4,B03,120.804803,24.19562,3
8379,66000,387130000C,(04)23274275,(04)23288582,2023,8,22,12,30,臺中市,烏日區,0,0,0,7,,,60,,,,,,,,,,,,,,14,49,,,,,B03,,,1,,1,,,49,,1,12,4,B03,120.598333,24.111309,4
8380,66000,387130000C,(04)23274275,(04)23288582,2023,8,22,12,32,臺中市,東區,0,0,0,7,2,6,50,4,2,1,5,4,6,6,2,1,5,4,5,2,13,8,3,10,3,1,B03,7,4,1,8,2,2,,8,8,1,12,4,B03,120.696201,24.14275,3
8381,66000,387130000C,(04)23274275,(04)23288582,2023,8,22,12,32,臺中市,西屯區,0,2,0,7,2,6,50,4,2,1,5,4,6,6,2,1,5,4,5,2,13,7,2,9,2,1,C03,7,5,1,10,2,11,,7,7,1,12,4,C03,120.635994,24.164126,2
8382,66000,387130000C,(04)23274275,(04)23288582,2023,8,22,12,32,臺中市,烏日區,0,0,0,7,,,30,,,,,,,,,,,,,,9,58,,,,,B01,,,1,,2,,,87,,1,6,4,B01,120.605773,24.118608,3
8383,66000,387130000C,(04)23274275,(04)23288582,2023,8,22,12,40,臺中市,后里區,0,2,0,7,2,6,50,4,2,1,5,4,6,6,4,4,4,4,5,1,17,6,2,9,2,1,C03,7,9,1,10,2,11,,6,6,1,12,4,C03,120.692176,24.316804,2
8384,66000,387130000C,(04)23274275,(04)23288582,2023,8,22,12,43,臺中市,南區,0,2,0,7,2,6,50,3,1,1,5,4,6,6,1,1,10,5,5,2,15,21,2,8,6,1,F01,7,9,7,21,2,14,,21,21,1,12,4,F01,120.664816,24.12605,2
8385,66000,387130000C,(04)23274275,(04)23288582,2023,8,22,12,47,臺中市,北區,0,1,0,7,3,6,50,4,2,1,5,4,6,6,4,4,10,5,5,2,11,14,3,10,5,4,C03,7,6,1,10,2,11,,14,14,1,13,4,C03,120.674821,24.154618,2
8386,66000,387130000C,(04)23274275,(04)23288582,2023,8,22,12,50,臺中市,西屯區,0,2,0,7,3,6,50,3,1,1,5,4,6,6,4,4,10,5,5,2,17,14,2,9,1,4,C03,7,6,1,10,2,11,,14,14,1,13,4,C03,120.64249,24.183709,2
8387,66000,387130000C,(04)23274275,(04)23288582,2023,8,22,12,51,臺中市,西區,0,2,0,7,2,6,50,13,9,1,5,4,6,6,4,4,5,5,5,2,13,87,3,10,5,4,C03,7,9,1,9,2,13,,87,87,2,12,4,C03,120.660043,24.145743,2
8388,66000,387130000C,(04)23274275,(04)23288582,2023,8,22,12,52,臺中市,潭子區,0,1,0,7,3,6,30,13,9,1,5,4,6,6,4,4,10,4,5,2,30,59,2,9,1,1,C03,7,9,1,10,2,11,,59,59,1,13,4,C03,120.713286,24.193719,2
8389,66000,387130000C,(04)23274275,(04)23288582,2023,8,22,12,53,臺中市,烏日區,0,0,0,7,,,80,,,,,,,,,,,,,,2,8,,,,,B12,,,1,,2,,,8,,1,6,4,B12,120.616521,24.107356,3
8390,66000,387130000C,(04)23274275,(04)23288582,2023,8,22,12,56,臺中市,太平區,0,0,0,7,,,50,,,,,,,,,,,,,,9,84,,,,,B03,,,1,,2,,,84,,1,12,4,B03,120.704169,24.148362,3
8391,66000,387130000C,(04)23274275,(04)23288582,2023,8,22,12,58,臺中市,沙鹿區,0,1,0,7,2,6,30,13,9,1,5,4,6,6,4,4,10,5,5,2,13,7,2,9,1,1,C03,7,9,1,10,2,11,,7,7,1,5,4,C03,120.575239,24.224153,2
8392,66000,387130000C,(04)23274275,(04)23288582,2023,8,22,13,0,臺中市,東勢區,0,0,0,7,,,30,,,,,,,,,,,,,,14,49,,,,,B03,,,1,,2,,,49,,1,12,4,B03,120.811384,24.281996,3
8393,66000,387130000C,(04)23274275,(04)23288582,2023,8,22,13,7,臺中市,西屯區,0,0,0,7,,,50,,,,,,,,,,,,,,,11,,,,,B03,,,1,,1,,,11,,1,13,4,B03,120.647093,24.168559,3
8394,66000,387130000C,(04)23274275,(04)23288582,2023,8,22,13,7,臺中市,西屯區,0,0,0,7,,,40,,,,,,,,,,,,,,13,59,,,,,B03,,,1,,1,,,59,,1,12,4,B03,120.634982,24.17175,3
8395,66000,387130000C,(04)23274275,(04)23288582,2023,8,22,13,7,臺中市,西屯區,0,1,0,7,2,6,50,3,2,1,5,4,6,6,4,4,5,5,5,2,16,12,2,9,5,4,C03,7,5,1,10,2,11,,12,14,1,13,4,C03,120.646842,24.169434,2
8396,66000,387130000C,(04)23274275,(04)23288582,2023,8,22,13,10,臺中市,霧峰區,0,1,0,7,2,6,50,3,1,1,5,4,6,6,4,4,5,2,5,1,16,14,3,10,3,1,B03,7,6,1,8,2,5,,14,14,1,13,4,B03,120.708178,24.079623,2
8397,66000,387130000C,(04)23274275,(04)23288582,2023,8,22,13,10,臺中市,烏日區,0,1,0,7,2,6,50,3,8,1,5,4,6,6,4,4,1,4,4,1,14,49,3,10,3,1,B03,7,2,1,8,2,7,,49,49,1,12,4,B03,120.63644,24.107041,2