序號,縣市別代碼,機關代碼,市話,傳真,年,月,日,時,分,縣市,區,死亡數量,受傷數量,2-30,天候,光線,道路類別,速限,道路型態,事故位置,路面鋪裝,路面狀態,路面缺陷,障礙物,視距,號誌種類,號誌動作,分向設施,快車道或一般車道間,快慢車道間,路面邊線,事故類型及型態,主要肇因,受傷程度,主要傷處,保護裝備,行動電話,當事者區分(類別),車輛用途,當事者行動狀態,駕駛資格情形,駕駛執照種類,飲酒情形,車輛撞擊部位最初,車輛撞擊部位其他,肇事因素個別,肇事因素主要,肇事逃逸,職業,旅次目的,車種,GPS座標X,GPS座標Y,事故類別
8398,66000,387130000C,(04)23274275,(04)23288582,2023,8,22,13,12,臺中市,豐原區,0,0,0,7,,,50,,,,,,,,,,,,,,17,8,,,,,B03,,,1,,2,,,8,,1,12,4,B03,120.701209,24.249299,3
8399,66000,387130000C,(04)23274275,(04)23288582,2023,8,22,13,13,臺中市,豐原區,0,0,0,7,,,30,,,,,,,,,,,,,,30,84,,,,,A41,,,1,,2,,,84,,1,13,4,A41,120.718054,24.274804,3
8400,66000,387130000C,(04)23274275,(04)23288582,2023,8,22,13,14,臺中市,西屯區,0,0,0,7,,,50,,,,,,,,,,,,,,17,49,,,,,B03,,,1,,1,,,49,,1,13,4,B03,120.636415,24.178445,3
8401,66000,387130000C,(04)23274275,(04)23288582,2023,8,22,13,23,臺中市,潭子區,0,0,0,7,,,60,,,,,,,,,,,,,,,49,,,,,B03,,,1,,2,,,49,,1,13,4,B03,120.705528,24.216631,3
8402,66000,387130000C,(04)23274275,(04)23288582,2023,8,22,13,28,臺中市,西屯區,0,0,0,7,,,50,,,,,,,,,,,,,,17,78,,,,,B03,,,1,,2,,,78,,1,5,4,B03,120.635856,24.171158,3
8403,66000,387130000C,(04)23274275,(04)23288582,2023,8,22,13,33,臺中市,南屯區,0,1,0,7,2,6,50,13,9,1,5,4,6,6,4,4,5,4,5,2,2,58,3,10,3,1,B03,7,9,1,8,2,5,,58,58,1,12,4,B03,120.650893,24.154875,2
8404,66000,387130000C,(04)23274275,(04)23288582,2023,8,22,13,40,臺中市,南區,0,2,0,7,3,6,50,4,1,1,5,4,6,6,4,4,3,4,4,2,15,42,2,9,1,1,F01,7,11,7,21,2,11,,42,42,1,4,4,F01,120.659885,24.126371,2
8405,66000,387130000C,(04)23274275,(04)23288582,2023,8,22,13,40,臺中市,北屯區,0,2,0,7,2,6,50,4,1,1,5,4,6,6,1,1,10,5,5,2,16,46,2,8,4,1,F01,7,11,7,21,2,12,,46,46,1,4,4,F01,120.718858,24.172693,2
8406,66000,387130000C,(04)23274275,(04)23288582,2023,8,22,13,42,臺中市,西屯區,0,0,0,7,,,70,,,,,,,,,,,,,,,56,,,,,B03,,,1,,1,,,56,,1,13,4,B03,120.593044,24.183185,4
8407,66000,387130000C,(04)23274275,(04)23288582,2023,8,22,13,44,臺中市,西區,0,0,0,7,,,50,,,,,,,,,,,,,,13,7,,,,,C03,,,1,,1,,,7,,1,13,4,C03,120.669909,24.146469,3
8408,66000,387130000C,(04)23274275,(04)23288582,2023,8,22,13,44,臺中市,梧棲區,0,0,0,7,,,50,,,,,,,,,,,,,,,49,,,,,B03,,,1,,1,,,49,,1,6,4,B03,120.53239,24.25825,3
8409,66000,387130000C,(04)23274275,(04)23288582,2023,8,22,13,48,臺中市,大里區,0,0,0,7,,,80,,,,,,,,,,,,,,2,40,,,,,A12,,,1,,2,,,40,,1,13,4,A12,120.679179,24.07611,3
8410,66000,387130000C,(04)23274275,(04)23288582,2023,8,22,13,50,臺中市,西區,0,2,0,7,2,6,50,4,1,1,5,4,6,6,1,1,10,5,5,2,16,48,2,9,2,1,C03,7,6,1,10,1,14,,48,48,1,13,4,C03,120.680119,24.13497,2
8411,66000,387130000C,(04)23274275,(04)23288582,2023,8,22,13,53,臺中市,北屯區,0,1,0,7,1,6,50,4,2,1,5,4,6,6,4,4,5,4,5,2,13,7,3,10,3,1,B11,7,9,1,8,2,1,,7,7,1,13,4,B11,120.687573,24.171241,2
8412,66000,387130000C,(04)23274275,(04)23288582,2023,8,22,13,53,臺中市,北屯區,0,0,0,7,,,50,,,,,,,,,,,,,,17,40,,,,,B03,,,1,,2,,,40,,1,13,4,B03,120.748647,24.195776,3
8413,66000,387130000C,(04)23274275,(04)23288582,2023,8,22,13,54,臺中市,北區,0,0,0,7,,,50,,,,,,,,,,,,,,17,84,,,,,B03,,,1,,2,,,84,,1,12,4,B03,120.666598,24.155423,3
8414,66000,387130000C,(04)23274275,(04)23288582,2023,8,22,13,56,臺中市,北區,0,0,0,7,,,50,,,,,,,,,,,,,,,7,,,,,C03,,,1,,1,,,7,,1,13,4,C03,120.685818,24.15446,3
8415,66000,387130000C,(04)23274275,(04)23288582,2023,8,22,14,0,臺中市,南區,0,1,0,7,2,6,50,3,1,1,5,4,6,6,4,4,1,5,5,2,16,47,2,8,1,1,C03,7,9,1,10,2,14,,6,47,1,13,4,C03,120.651631,24.119205,2
8416,66000,387130000C,(04)23274275,(04)23288582,2023,8,22,14,0,臺中市,西屯區,0,2,0,7,3,6,30,3,1,1,5,4,6,6,4,4,10,5,5,2,17,14,3,10,5,4,C03,7,6,1,10,2,11,,14,14,1,13,4,C03,120.646168,24.18104,2
8417,66000,387130000C,(04)23274275,(04)23288582,2023,8,22,14,0,臺中市,大里區,0,0,0,7,,,50,,,,,,,,,,,,,,,84,,,,,B12,,,1,,2,,,84,,1,12,4,B12,120.706037,24.095562,3
8418,66000,387130000C,(04)23274275,(04)23288582,2023,8,22,14,5,臺中市,西屯區,0,0,0,7,,,40,,,,,,,,,,,,,,12,40,,,,,B03,,,1,,1,,,40,,1,13,4,B03,120.640034,24.154667,3
8419,66000,387130000C,(04)23274275,(04)23288582,2023,8,22,14,5,臺中市,東勢區,0,0,0,7,,,30,,,,,,,,,,,,,,11,84,,,,,B03,,,1,,2,,,84,84,1,13,4,B03,120.881587,24.212966,3
8420,66000,387130000C,(04)23274275,(04)23288582,2023,8,22,14,6,臺中市,北屯區,0,0,0,7,,,50,,,,,,,,,,,,,,13,84,,,,,B03,,,1,,1,,,84,,1,12,4,B03,120.659156,24.1911,3
8421,66000,387130000C,(04)23274275,(04)23288582,2023,8,22,14,16,臺中市,大雅區,0,1,0,7,1,6,30,5,2,1,5,4,6,6,4,4,10,5,5,1,16,14,2,9,2,1,C03,7,5,1,10,2,11,,14,14,1,12,4,C03,120.665554,24.23114,2
8422,66000,387130000C,(04)23274275,(04)23288582,2023,8,22,14,20,臺中市,西屯區,0,1,0,7,2,6,1,13,9,1,5,4,6,6,4,4,5,5,5,2,16,51,3,10,5,4,C03,7,1,1,10,1,13,,51,51,1,13,4,C03,120.643973,24.175658,2
8423,66000,387130000C,(04)23274275,(04)23288582,2023,8,22,14,24,臺中市,神岡區,0,0,0,7,,,50,,,,,,,,,,,,,,,7,,,,,B03,,,1,,2,,,7,,1,13,4,B03,120.69552,24.238956,3
8424,66000,387130000C,(04)23274275,(04)23288582,2023,8,22,14,29,臺中市,太平區,0,1,0,7,3,6,50,4,1,1,5,4,6,6,1,1,5,4,5,2,12,39,3,10,2,1,C03,7,15,1,10,2,12,,39,39,1,5,4,C03,120.7172,24.156903,2
8425,66000,387130000C,(04)23274275,(04)23288582,2023,8,22,14,30,臺中市,南區,0,0,0,7,3,6,50,13,9,1,5,4,6,6,4,4,5,5,5,2,1,39,3,10,1,1,C03,7,9,1,10,1,14,,39,39,1,12,4,C03,120.683099,24.131563,3
8426,66000,387130000C,(04)23274275,(04)23288582,2023,8,22,14,31,臺中市,太平區,0,0,0,7,,,80,,,,,,,,,,,,,,13,7,,,,,B03,,,1,,2,,,7,,1,12,4,B03,120.710725,24.141557,3
8427,66000,387130000C,(04)23274275,(04)23288582,2023,8,22,14,31,臺中市,龍井區,0,2,0,7,1,6,50,13,9,1,5,4,6,6,1,1,10,4,5,2,13,84,2,9,1,1,C03,7,1,1,10,1,11,,84,54,1,12,4,C03,120.563894,24.197863,2
8428,66000,387130000C,(04)23274275,(04)23288582,2023,8,22,14,34,臺中市,西屯區,0,1,0,7,3,6,50,13,9,1,5,4,6,6,4,4,9,5,5,2,17,4,3,10,5,4,C03,7,9,1,10,2,16,,4,4,2,12,4,C03,120.59341,24.183607,2
8429,66000,387130000C,(04)23274275,(04)23288582,2023,8,22,14,34,臺中市,大里區,0,1,0,7,2,6,50,13,8,1,5,4,6,6,4,4,1,4,4,1,16,47,3,10,3,1,A11,7,5,1,3,2,5,,47,47,1,12,4,A11,120.662505,24.108259,2
8430,66000,387130000C,(04)23274275,(04)23288582,2023,8,22,14,39,臺中市,大里區,0,1,0,7,2,6,50,13,9,1,5,4,6,6,4,4,5,2,5,1,12,8,3,10,3,1,B03,7,9,1,8,2,6,,8,8,1,13,4,B03,120.69471,24.095035,2
8431,66000,387130000C,(04)23274275,(04)23288582,2023,8,22,14,39,臺中市,太平區,0,0,0,7,,,50,,,,,,,,,,,,,,16,85,,,,,B03,,,1,,2,,,85,85,1,12,4,B03,120.717584,24.152594,3
8432,66000,387130000C,(04)23274275,(04)23288582,2023,8,22,14,39,臺中市,大甲區,0,0,0,7,,,50,,,,,,,,,,,,,,13,59,,,,,B03,,,1,,1,,,59,,1,6,4,B03,120.664567,24.401052,3
8433,66000,387130000C,(04)23274275,(04)23288582,2023,8,22,14,43,臺中市,南屯區,0,0,0,7,,,50,,,,,,,,,,,,,,,51,,,,,C03,,,1,,2,,,51,,1,12,4,C03,120.6493,24.147898,3
8434,66000,387130000C,(04)23274275,(04)23288582,2023,8,22,14,43,臺中市,西屯區,0,1,0,7,2,6,60,13,7,1,5,4,6,6,4,4,1,4,1,2,13,7,3,10,3,1,B03,7,9,1,8,2,1,,7,7,1,6,4,B03,120.651441,24.161285,2
8435,66000,387130000C,(04)23274275,(04)23288582,2023,8,22,14,44,臺中市,西區,0,1,0,7,2,6,50,4,1,1,5,4,6,6,4,4,10,5,5,2,16,1,3,10,2,1,F03,7,4,7,21,2,14,,1,1,1,13,4,F03,120.673247,24.146435,2
8436,66000,387130000C,(04)23274275,(04)23288582,2023,8,22,14,46,臺中市,烏日區,0,0,0,7,,,50,,,,,,,,,,,,,,9,6,,,,,B03,,,1,,2,,,6,,1,6,4,B03,120.644875,24.089475,3
8437,66000,387130000C,(04)23274275,(04)23288582,2023,8,22,14,50,臺中市,清水區,0,0,0,7,,,50,,,,,,,,,,,,,,14,49,,,,,B03,,,1,,1,,,49,,1,12,4,B03,120.567342,24.268369,3
8438,66000,387130000C,(04)23274275,(04)23288582,2023,8,22,14,51,臺中市,北區,0,1,0,7,2,6,50,4,1,1,5,4,6,6,1,1,3,4,5,2,13,7,2,1,3,1,B01,7,9,1,4,2,1,,7,7,1,12,4,B01,120.68592,24.154551,2
8439,66000,387130000C,(04)23274275,(04)23288582,2023,8,22,14,51,臺中市,太平區,0,0,0,7,,,50,,,,,,,,,,,,,,,56,,,,,B03,,,1,,2,,,56,,1,12,4,B03,120.732902,24.134859,3
8440,66000,387130000C,(04)23274275,(04)23288582,2023,8,22,14,52,臺中市,西屯區,0,1,0,7,3,6,40,3,8,1,5,4,6,6,1,1,1,5,1,2,13,7,2,9,1,4,C03,7,9,1,10,1,14,,7,7,1,13,4,C03,120.615369,24.183119,2
8441,66000,387130000C,(04)23274275,(04)23288582,2023,8,22,14,57,臺中市,西屯區,0,0,0,7,,,50,,,,,,,,,,,,,,12,84,,,,,B03,,,1,,1,,,84,,1,12,4,B03,120.657905,24.170414,3
8442,66000,387130000C,(04)23274275,(04)23288582,2023,8,22,14,58,臺中市,南區,0,0,0,7,2,6,50,5,2,1,5,4,6,6,1,1,10,5,5,2,12,48,3,10,3,1,B03,7,6,1,8,2,4,,48,48,1,6,4,B03,120.6615,24.121513,3
8443,66000,387130000C,(04)23274275,(04)23288582,2023,8,22,14,58,臺中市,太平區,0,1,0,7,3,6,30,11,9,1,5,4,6,6,4,4,5,5,5,1,18,84,2,9,2,4,C03,7,9,1,10,2,12,,84,84,1,13,4,C03,120.808065,24.095749,2
8444,66000,387130000C,(04)23274275,(04)23288582,2023,8,22,15,15,臺中市,北區,0,1,0,7,2,6,50,13,9,1,5,4,6,6,4,4,5,4,4,2,17,51,3,10,1,1,C03,7,1,5,19,2,11,,51,51,1,12,4,C03,120.678931,24.171086,2
8445,66000,387130000C,(04)23274275,(04)23288582,2023,8,22,15,15,臺中市,北屯區,0,0,0,7,,,40,,,,,,,,,,,,,,,7,,,,,B11,,,1,,1,,,7,,1,12,4,B11,120.68847,24.201012,3
8446,66000,387130000C,(04)23274275,(04)23288582,2023,8,22,15,25,臺中市,神岡區,0,3,0,7,1,6,50,4,2,1,5,4,6,6,1,1,5,4,4,2,17,39,2,9,6,1,F01,7,9,7,21,2,11,,39,39,1,13,4,F01,120.680835,24.251623,2
8447,66000,387130000C,(04)23274275,(04)23288582,2023,8,22,15,26,臺中市,清水區,0,2,0,7,3,6,70,3,1,1,5,4,6,6,2,1,1,4,4,1,16,38,3,10,3,1,B03,7,5,1,8,2,2,,38,38,1,12,4,B03,120.532885,24.272215,2
8448,66000,387130000C,(04)23274275,(04)23288582,2023,8,22,15,28,臺中市,大里區,0,2,0,7,2,6,50,3,1,1,5,4,6,6,1,1,5,4,5,1,13,7,2,9,1,1,C03,7,9,1,10,2,11,,7,7,1,13,4,C03,120.686904,24.120858,2
8449,66000,387130000C,(04)23274275,(04)23288582,2023,8,22,15,30,臺中市,南屯區,0,1,0,7,3,6,50,4,1,1,5,4,6,6,2,1,10,5,5,2,16,47,2,9,5,4,C03,7,9,1,10,2,11,12,87,47,1,12,4,C03,120.6357,24.148511,2
8450,66000,387130000C,(04)23274275,(04)23288582,2023,8,22,15,30,臺中市,大里區,0,0,0,7,2,6,,11,9,1,5,4,6,6,4,4,5,5,5,2,30,109,,,,,,,,,,,,,109,,1,6,5,,120.673337,24.081778,3
8451,66000,387130000C,(04)23274275,(04)23288582,2023,8,22,15,34,臺中市,梧棲區,0,1,0,7,2,6,50,3,2,1,5,4,6,6,4,4,5,5,5,1,16,47,3,10,3,1,B03,7,5,1,8,2,2,,47,47,1,6,4,B03,120.533423,24.23194,2
8452,66000,387130000C,(04)23274275,(04)23288582,2023,8,22,15,35,臺中市,霧峰區,0,0,0,7,,,40,,,,,,,,,,,,,,11,8,,,,,B12,,,1,,2,,,8,,1,12,4,B12,120.706063,24.073068,3
8453,66000,387130000C,(04)23274275,(04)23288582,2023,8,22,15,39,臺中市,北屯區,0,3,0,7,3,6,50,4,1,1,5,4,6,6,4,4,10,5,5,2,15,12,2,9,5,4,C03,7,9,1,10,2,11,,12,12,1,13,4,C03,120.699186,24.18527,2
8454,66000,387130000C,(04)23274275,(04)23288582,2023,8,22,15,40,臺中市,大甲區,0,0,0,7,,,50,,,,,,,,,,,,,,,49,,,,,B12,,,1,,2,,,49,,1,6,4,B12,120.631746,24.346986,3
8455,66000,387130000C,(04)23274275,(04)23288582,2023,8,22,15,42,臺中市,西屯區,0,0,0,7,,,50,,,,,,,,,,,,,,,84,,,,,B03,,,1,,1,,,84,,1,13,4,B03,120.620823,24.174775,3
8456,66000,387130000C,(04)23274275,(04)23288582,2023,8,22,15,50,臺中市,南屯區,0,0,0,7,,,1,,,,,,,,,,,,,,17,50,,,,,C03,,,1,,2,,,50,50,1,12,4,C03,120.646974,24.144965,3
8457,66000,387130000C,(04)23274275,(04)23288582,2023,8,22,15,50,臺中市,清水區,0,0,0,7,,,30,,,,,,,,,,,,,,14,49,,,,,B03,,,1,,2,,,49,,1,12,4,B03,120.605584,24.30406,3
8458,66000,387130000C,(04)23274275,(04)23288582,2023,8,22,15,51,臺中市,東區,1,0,0,7,2,6,50,13,9,1,5,4,6,6,4,4,9,4,5,2,9,95,3,10,5,4,B03,7,9,1,8,2,8,,84,95,1,13,4,B03,120.710322,24.139319,1
8459,66000,387130000C,(04)23274275,(04)23288582,2023,8,22,16,0,臺中市,西區,0,0,0,7,,,50,,,,,,,,,,,,,,13,7,,,,,B03,,,1,,1,,,7,,1,12,4,B03,120.679708,24.137531,3
8460,66000,387130000C,(04)23274275,(04)23288582,2023,8,22,16,0,臺中市,北區,0,0,0,7,,,30,,,,,,,,,,,,,,17,84,,,,,F01,,,7,,1,,,84,,1,13,4,F01,120.671789,24.173707,3
8461,66000,387130000C,(04)23274275,(04)23288582,2023,8,22,16,0,臺中市,大里區,0,0,0,7,,,50,,,,,,,,,,,,,,13,7,,,,,C03,,,3,,9,,,7,,2,12,4,C03,120.688298,24.094528,3
8462,66000,387130000C,(04)23274275,(04)23288582,2023,8,22,16,3,臺中市,西區,0,0,0,7,,,50,,,,,,,,,,,,,,18,84,,,,,B02,,,1,,2,,,84,,1,12,4,B02,120.66366,24.135167,3
8463,66000,387130000C,(04)23274275,(04)23288582,2023,8,22,16,5,臺中市,太平區,0,1,0,7,3,6,50,4,1,1,5,4,6,6,1,1,10,5,5,2,16,11,3,10,3,1,B12,7,6,1,8,2,6,,11,11,1,12,4,B12,120.708391,24.128395,2
8464,66000,387130000C,(04)23274275,(04)23288582,2023,8,22,16,5,臺中市,豐原區,0,0,0,7,,,50,,,,,,,,,,,,,,30,87,,,,,B12,,,1,,2,,,87,,1,13,4,B12,120.721018,24.250776,3
8465,66000,387130000C,(04)23274275,(04)23288582,2023,8,22,16,6,臺中市,潭子區,0,1,0,7,3,6,60,4,1,1,5,4,6,6,1,1,10,5,5,2,17,51,3,10,1,1,C03,7,1,1,10,2,14,,51,51,1,12,2,C03,120.702547,24.190853,2
8466,66000,387130000C,(04)23274275,(04)23288582,2023,8,22,16,6,臺中市,南區,0,0,0,7,3,6,50,4,1,1,5,4,6,6,1,1,10,5,5,2,17,68,,,,,B12,,,1,,1,,,68,,1,12,4,B12,120.657407,24.125094,3
8467,66000,387130000C,(04)23274275,(04)23288582,2023,8,22,16,7,臺中市,大里區,0,1,0,7,3,6,40,5,1,1,5,4,6,6,1,1,10,5,5,2,16,11,3,10,3,1,B03,7,5,1,8,2,2,,11,11,1,6,4,B03,120.671904,24.107903,2
8468,66000,387130000C,(04)23274275,(04)23288582,2023,8,22,16,8,臺中市,西屯區,0,0,0,7,,,50,,,,,,,,,,,,,,,10,,,,,B03,,,1,,2,,,10,,1,13,4,B03,120.63882,24.172066,3
8469,66000,387130000C,(04)23274275,(04)23288582,2023,8,22,16,11,臺中市,后里區,0,0,0,7,,,50,,,,,,,,,,,,,,16,59,,,,,B03,,,1,,7,,,59,,1,12,4,B03,120.709281,24.315031,3
8470,66000,387130000C,(04)23274275,(04)23288582,2023,8,22,16,12,臺中市,西屯區,0,3,0,7,2,6,50,4,1,1,5,4,6,6,4,4,10,5,5,2,15,15,2,9,1,1,C03,7,9,5,19,2,11,,15,15,1,12,4,C03,120.612529,24.196152,2
8471,66000,387130000C,(04)23274275,(04)23288582,2023,8,22,16,15,臺中市,西屯區,0,0,0,7,,,50,,,,,,,,,,,,,,,76,,,,,B03,,,1,,1,,,76,,1,12,4,B03,120.609717,24.18832,3
8472,66000,387130000C,(04)23274275,(04)23288582,2023,8,22,16,16,臺中市,東勢區,0,1,0,6,2,6,50,13,9,1,4,4,6,6,4,4,5,5,5,1,12,34,3,10,3,1,B03,7,6,1,8,2,8,,34,34,1,12,4,B03,120.840729,24.251433,2
8473,66000,387130000C,(04)23274275,(04)23288582,2023,8,22,16,18,臺中市,北區,0,1,0,7,2,6,50,4,1,1,5,4,6,6,1,1,10,5,5,2,12,84,2,9,1,1,C03,7,5,3,19,2,12,,84,84,1,12,4,C03,120.682218,24.165034,2
8474,66000,387130000C,(04)23274275,(04)23288582,2023,8,22,16,19,臺中市,北區,0,1,0,7,2,6,40,13,8,1,5,4,6,6,4,4,5,4,4,2,13,7,3,10,2,1,C03,7,9,1,10,2,11,,7,7,1,13,4,C03,120.670424,24.159178,2
8475,66000,387130000C,(04)23274275,(04)23288582,2023,8,22,16,20,臺中市,南區,0,0,0,7,,,50,,,,,,,,,,,,,,9,49,,,,,A41,,,1,,2,,,49,,1,13,4,A41,120.655593,24.109001,3
8476,66000,387130000C,(04)23274275,(04)23288582,2023,8,22,16,20,臺中市,大里區,0,1,0,7,3,6,50,4,1,1,5,4,6,6,4,4,10,5,5,2,17,41,3,10,4,1,F01,7,6,7,21,2,11,,41,41,1,12,4,F01,120.697143,24.08895,2
8477,66000,387130000C,(04)23274275,(04)23288582,2023,8,22,16,22,臺中市,南屯區,0,0,0,7,,,50,,,,,,,,,,,,,,,40,,,,,B03,,,1,,2,,,40,,1,12,4,B03,120.585375,24.166733,3
8478,66000,387130000C,(04)23274275,(04)23288582,2023,8,22,16,24,臺中市,南屯區,0,1,0,7,2,6,50,4,12,1,5,4,6,6,1,1,5,4,4,2,16,40,3,10,5,4,B03,7,7,1,8,2,2,,40,40,1,13,4,B03,120.645481,24.148778,2
8479,66000,387130000C,(04)23274275,(04)23288582,2023,8,22,16,26,臺中市,北屯區,0,0,0,7,,,50,,,,,,,,,,,,,,13,7,,,,,B03,,,1,,1,,,7,,1,12,4,B03,120.700297,24.164975,3
8480,66000,387130000C,(04)23274275,(04)23288582,2023,8,22,16,32,臺中市,大里區,0,0,0,7,2,6,40,13,9,1,5,4,6,6,4,4,2,4,5,1,12,8,,,,,B03,,,1,,2,,,8,,1,13,4,B03,120.692071,24.101727,3
8481,66000,387130000C,(04)23274275,(04)23288582,2023,8,22,16,33,臺中市,南屯區,0,1,0,7,2,6,40,13,8,1,5,4,6,6,4,4,10,5,5,2,16,45,3,10,3,1,B03,7,11,1,8,2,8,,45,45,1,12,4,B03,120.634628,24.154465,2
8482,66000,387130000C,(04)23274275,(04)23288582,2023,8,22,16,35,臺中市,大里區,0,2,0,7,3,6,60,4,1,1,5,4,6,6,1,1,10,5,5,2,12,11,3,10,3,1,B03,7,5,1,8,2,3,,11,11,1,13,4,B03,120.666933,24.105278,2
8483,66000,387130000C,(04)23274275,(04)23288582,2023,8,22,16,40,臺中市,潭子區,0,0,0,7,,,50,,,,,,,,,,,,,,,59,,,,,B03,,,1,,2,,,59,,1,12,4,B03,120.701097,24.207303,3
8484,66000,387130000C,(04)23274275,(04)23288582,2023,8,22,16,48,臺中市,南屯區,0,2,0,7,2,6,50,4,1,1,5,4,6,6,2,1,5,4,4,2,15,21,2,1,5,4,B03,7,9,3,19,2,4,,21,21,1,13,4,B03,120.65317,24.132008,2
8485,66000,387130000C,(04)23274275,(04)23288582,2023,8,22,16,49,臺中市,南區,0,0,0,7,2,6,50,13,9,1,5,4,6,6,4,4,1,4,5,2,17,84,3,10,2,1,C03,7,9,3,11,9,14,,84,84,2,6,4,C03,120.67019,24.113893,3
8486,66000,387130000C,(04)23274275,(04)23288582,2023,8,22,16,49,臺中市,大甲區,0,2,0,7,3,6,50,13,9,1,5,4,6,6,4,4,5,5,5,1,16,39,2,8,1,1,C03,7,6,1,10,2,12,,39,39,1,6,4,C03,120.621963,24.344644,2
8487,66000,387130000C,(04)23274275,(04)23288582,2023,8,22,16,53,臺中市,太平區,0,1,0,7,2,6,30,11,9,1,5,4,6,6,4,4,5,5,5,1,18,59,2,9,1,1,C03,7,9,1,10,2,14,,59,59,1,12,4,C03,120.707632,24.160163,2
8488,66000,387130000C,(04)23274275,(04)23288582,2023,8,22,16,54,臺中市,北屯區,0,1,0,7,2,6,50,4,1,1,5,4,6,6,2,1,10,5,5,2,13,84,3,10,3,1,B03,7,9,1,8,2,1,,84,84,1,12,4,B03,120.710719,24.18224,2
8489,66000,387130000C,(04)23274275,(04)23288582,2023,8,22,16,59,臺中市,太平區,0,1,0,7,2,6,40,13,9,1,5,4,6,6,4,4,5,5,5,2,17,51,3,10,3,1,B03,7,1,1,8,2,1,,51,51,1,12,4,B03,120.715228,24.111136,2
8490,66000,387130000C,(04)23274275,(04)23288582,2023,8,22,16,59,臺中市,沙鹿區,0,1,0,7,3,6,50,4,1,1,5,4,6,6,2,1,10,5,5,2,16,21,3,10,3,1,B03,7,9,1,10,2,1,,87,21,1,13,4,B03,120.564691,24.23969,2
8491,66000,387130000C,(04)23274275,(04)23288582,2023,8,22,17,0,臺中市,西屯區,0,0,0,7,,,50,,,,,,,,,,,,,,,109,,,,,,,,,,,,,109,,1,,,,120.59275,24.177089,3
8492,66000,387130000C,(04)23274275,(04)23288582,2023,8,22,17,3,臺中市,北區,0,1,0,7,2,6,50,4,1,1,5,4,6,6,1,1,10,5,5,2,16,45,2,9,2,1,C03,7,11,1,10,2,12,,45,45,1,12,4,C03,120.6771,24.155709,2
8493,66000,387130000C,(04)23274275,(04)23288582,2023,8,22,17,6,臺中市,清水區,0,1,0,7,3,6,50,13,7,1,5,4,6,6,4,4,9,4,4,2,16,51,3,10,3,1,B03,7,1,1,8,2,4,,51,51,1,11,4,B03,120.550341,24.261875,2
8494,66000,387130000C,(04)23274275,(04)23288582,2023,8,22,17,9,臺中市,烏日區,0,1,0,7,2,6,50,3,2,1,5,4,6,6,2,1,5,5,5,1,13,84,3,10,3,1,B03,7,1,1,8,2,1,,84,84,1,12,4,B03,120.627384,24.108772,2
8495,66000,387130000C,(04)23274275,(04)23288582,2023,8,22,17,10,臺中市,外埔區,0,1,0,7,2,6,30,3,1,1,5,4,6,6,4,4,10,5,5,2,11,59,3,10,2,1,F03,7,9,7,21,2,11,,59,59,1,12,4,F03,120.655613,24.329369,2
8496,66000,387130000C,(04)23274275,(04)23288582,2023,8,22,17,12,臺中市,大肚區,0,0,0,7,,,30,,,,,,,,,,,,,,,8,,,,,B03,,,1,,2,,,8,,1,12,4,B03,120.562572,24.117913,3
8497,66000,387130000C,(04)23274275,(04)23288582,2023,8,22,17,13,臺中市,北屯區,0,1,0,7,2,6,50,4,1,1,5,4,6,6,1,1,10,5,5,2,21,84,3,10,5,1,B03,7,5,1,8,9,1,,84,84,1,12,4,B03,120.707032,24.189582,2
8498,66000,387130000C,(04)23274275,(04)23288582,2023,8,22,17,13,臺中市,清水區,0,1,0,7,3,6,40,4,1,1,5,4,6,6,2,1,1,4,5,1,16,84,3,10,2,1,F03,7,9,7,21,2,14,,84,84,1,12,4,F03,120.54416,24.268027,2
8499,66000,387130000C,(04)23274275,(04)23288582,2023,8,22,17,15,臺中市,潭子區,0,1,0,7,3,6,50,5,2,1,5,4,6,6,1,1,3,4,4,2,18,59,2,9,1,1,C03,7,6,1,10,2,11,,59,59,1,13,4,C03,120.711369,24.206849,2
8500,66000,387130000C,(04)23274275,(04)23288582,2023,8,22,17,15,臺中市,大雅區,0,2,0,7,3,6,40,3,2,1,5,4,6,6,3,1,8,3,5,1,17,7,2,7,1,1,C03,7,9,1,10,2,11,,7,7,1,12,4,C03,120.62402,24.231046,2
8501,66000,387130000C,(04)23274275,(04)23288582,2023,8,22,17,15,臺中市,東區,0,1,0,7,3,6,50,4,1,1,5,4,6,6,1,1,10,5,5,2,16,11,3,10,2,1,C03,7,6,1,10,2,12,,11,11,1,12,4,C03,120.708999,24.143854,2
8502,66000,387130000C,(04)23274275,(04)23288582,2023,8,22,17,15,臺中市,神岡區,0,2,0,7,3,6,50,3,1,1,5,4,6,6,4,4,10,5,5,2,17,20,2,9,1,1,C03,7,6,1,10,2,13,,20,20,1,13,4,C03,120.674161,24.252637,2
8503,66000,387130000C,(04)23274275,(04)23288582,2023,8,22,17,16,臺中市,潭子區,0,0,0,7,,,40,,,,,,,,,,,,,,13,7,,,,,B03,,,1,,2,,,7,,1,12,4,B03,120.705058,24.215066,3