序號,縣市別代碼,機關代碼,市話,傳真,年,月,日,時,分,縣市,區,死亡數量,受傷數量,2-30,天候,光線,道路類別,速限,道路型態,事故位置,路面鋪裝,路面狀態,路面缺陷,障礙物,視距,號誌種類,號誌動作,分向設施,快車道或一般車道間,快慢車道間,路面邊線,事故類型及型態,主要肇因,受傷程度,主要傷處,保護裝備,行動電話,當事者區分(類別),車輛用途,當事者行動狀態,駕駛資格情形,駕駛執照種類,飲酒情形,車輛撞擊部位最初,車輛撞擊部位其他,肇事因素個別,肇事因素主要,肇事逃逸,職業,旅次目的,車種,GPS座標X,GPS座標Y,事故類別
8504,66000,387130000C,(04)23274275,(04)23288582,2023,8,22,17,20,臺中市,大里區,0,0,0,7,2,7,80,10,7,1,5,4,6,6,4,4,1,3,5,1,12,40,,,,,B12,,,1,,1,,,40,,1,6,4,B12,120.690704,24.098029,3
8505,66000,387130000C,(04)23274275,(04)23288582,2023,8,22,17,20,臺中市,大里區,0,1,0,7,3,6,30,3,1,1,5,4,6,6,4,4,3,4,4,2,16,14,3,10,3,1,B12,7,5,1,8,2,8,,14,14,1,6,4,B12,120.690001,24.124203,2
8506,66000,387130000C,(04)23274275,(04)23288582,2023,8,22,17,20,臺中市,烏日區,0,0,0,7,,,40,,,,,,,,,,,,,,13,7,,,,,C03,,,1,,2,,,7,,1,12,4,C03,120.653314,24.089932,4
8507,66000,387130000C,(04)23274275,(04)23288582,2023,8,22,17,20,臺中市,清水區,0,1,0,7,3,6,40,4,1,1,5,4,6,6,1,1,1,4,4,2,16,11,3,10,3,1,B03,7,5,1,8,2,5,,11,11,1,12,4,B03,120.5329,24.268214,2
8508,66000,387130000C,(04)23274275,(04)23288582,2023,8,22,17,22,臺中市,西區,0,1,0,7,3,6,50,13,9,1,5,4,6,6,4,4,5,4,5,2,12,84,2,9,1,1,C03,7,9,1,10,2,12,,84,84,1,12,4,C03,120.653107,24.146915,2
8509,66000,387130000C,(04)23274275,(04)23288582,2023,8,22,17,22,臺中市,清水區,0,0,0,7,,,50,,,,,,,,,,,,,,,7,,,,,C02,,,1,,1,,,7,,1,12,4,C02,120.574654,24.285552,3
8510,66000,387130000C,(04)23274275,(04)23288582,2023,8,22,17,23,臺中市,潭子區,0,1,0,7,3,6,60,13,9,1,5,4,6,6,4,4,9,4,4,1,13,7,3,10,3,1,B03,7,9,1,8,2,1,,7,7,1,12,4,B03,120.703376,24.199518,2
8511,66000,387130000C,(04)23274275,(04)23288582,2023,8,22,17,24,臺中市,西屯區,0,1,0,7,3,6,50,13,9,1,5,4,6,6,4,4,9,4,5,2,18,84,2,9,1,1,C03,7,9,1,10,2,12,,84,84,1,13,4,C03,120.608007,24.197238,2
8512,66000,387130000C,(04)23274275,(04)23288582,2023,8,22,17,25,臺中市,后里區,0,0,0,7,,,50,,,,,,,,,,,,,,,7,,,,,B03,,,1,,1,,,7,,1,12,4,B03,120.717155,24.304619,3
8513,66000,387130000C,(04)23274275,(04)23288582,2023,8,22,17,26,臺中市,豐原區,0,0,0,7,,,50,,,,,,,,,,,,,,12,8,,,,,C03,,,1,,2,,,8,,1,13,4,C03,120.718834,24.250661,3
8514,66000,387130000C,(04)23274275,(04)23288582,2023,8,22,17,28,臺中市,西屯區,0,0,0,7,,,50,,,,,,,,,,,,,,,84,,,,,B03,,,1,,1,,,84,,1,13,4,B03,120.648843,24.174845,3
8515,66000,387130000C,(04)23274275,(04)23288582,2023,8,22,17,29,臺中市,北區,0,1,0,7,2,6,50,13,9,1,5,4,6,6,4,4,9,5,5,2,3,119,2,7,6,5,H01,8,16,7,21,10,17,,119,119,1,13,5,H01,120.685845,24.151575,2
8516,66000,387130000C,(04)23274275,(04)23288582,2023,8,22,17,29,臺中市,烏日區,0,1,0,7,2,6,30,13,9,1,5,4,6,6,4,4,10,5,5,1,17,51,3,10,3,1,B03,7,1,1,8,2,1,,51,51,1,6,4,B03,120.64398,24.073126,2
8517,66000,387130000C,(04)23274275,(04)23288582,2023,8,22,17,30,臺中市,北屯區,0,1,0,7,2,6,50,4,2,1,5,4,6,6,2,1,10,5,5,2,28,118,,,,,,,,,,,,,118,118,1,,,,120.693306,24.174806,2
8518,66000,387130000C,(04)23274275,(04)23288582,2023,8,22,17,30,臺中市,大里區,0,0,0,7,2,6,50,4,1,1,5,4,6,6,1,1,5,5,4,2,13,7,,,,,B03,,,1,,2,,,7,,1,13,4,B03,120.683372,24.100748,3
8519,66000,387130000C,(04)23274275,(04)23288582,2023,8,22,17,30,臺中市,龍井區,0,1,0,7,1,6,40,4,1,1,5,4,6,6,1,1,3,5,5,2,17,20,2,9,1,1,C03,7,9,1,10,2,12,,87,20,1,12,4,C03,120.581398,24.175646,2
8520,66000,387130000C,(04)23274275,(04)23288582,2023,8,22,17,31,臺中市,南屯區,0,2,0,7,2,6,50,13,7,1,5,4,6,6,4,4,5,5,4,2,16,32,3,10,3,1,B03,7,11,1,4,2,4,,32,32,1,13,4,B03,120.643043,24.145524,2
8521,66000,387130000C,(04)23274275,(04)23288582,2023,8,22,17,31,臺中市,西屯區,0,1,0,7,2,6,50,4,1,1,5,4,6,6,2,1,10,5,5,2,16,11,3,10,3,1,B03,7,5,1,8,2,5,,11,11,1,12,4,B03,120.655099,24.176111,2
8522,66000,387130000C,(04)23274275,(04)23288582,2023,8,22,17,31,臺中市,大里區,0,1,0,6,3,6,50,4,1,1,5,4,6,6,3,1,10,5,5,2,16,11,3,10,1,1,C03,7,5,1,10,2,12,,11,11,1,12,4,C03,120.689383,24.100406,2
8523,66000,387130000C,(04)23274275,(04)23288582,2023,8,22,17,31,臺中市,太平區,0,1,0,7,3,6,50,4,1,1,5,4,6,6,4,4,10,5,5,2,15,15,2,9,1,1,C03,7,9,1,10,2,12,,15,15,1,12,4,C03,120.72155,24.135205,2
8524,66000,387130000C,(04)23274275,(04)23288582,2023,8,22,17,32,臺中市,西屯區,0,1,0,7,2,6,50,4,1,1,5,4,6,6,1,1,5,4,4,2,17,51,3,10,3,1,B03,7,1,1,8,2,8,,51,51,1,12,4,B03,120.645545,24.172416,2
8525,66000,387130000C,(04)23274275,(04)23288582,2023,8,22,17,32,臺中市,烏日區,0,2,0,7,1,6,40,10,8,1,5,4,6,6,4,4,1,4,1,2,13,7,2,9,2,1,C03,7,4,1,10,2,12,,7,7,1,12,4,C03,120.642251,24.115208,2
8526,66000,387130000C,(04)23274275,(04)23288582,2023,8,22,17,33,臺中市,豐原區,0,0,0,7,,,50,,,,,,,,,,,,,,17,93,,,,,A04,,,1,,2,,,93,,1,13,4,A04,120.738822,24.262061,3
8527,66000,387130000C,(04)23274275,(04)23288582,2023,8,22,17,35,臺中市,北區,0,1,0,7,2,6,50,4,1,1,5,4,6,6,1,1,10,5,5,2,30,87,2,9,1,1,C03,7,9,1,10,2,11,,87,87,1,12,4,C03,120.675845,24.159218,2
8528,66000,387130000C,(04)23274275,(04)23288582,2023,8,22,17,35,臺中市,大甲區,0,0,0,7,,,60,,,,,,,,,,,,,,2,47,,,,,B12,,,1,,1,,,47,47,1,13,4,B12,120.619228,24.348516,3
8529,66000,387130000C,(04)23274275,(04)23288582,2023,8,22,17,37,臺中市,南屯區,0,0,0,7,,,50,,,,,,,,,,,,,,,50,,,,,B03,,,1,,1,,,50,,1,5,4,B03,120.650381,24.140913,3
8530,66000,387130000C,(04)23274275,(04)23288582,2023,8,22,17,37,臺中市,西屯區,0,1,0,7,3,6,50,4,9,1,5,4,6,6,1,1,8,4,5,1,17,84,3,10,5,4,B03,7,6,1,8,2,4,,84,84,1,13,4,B03,120.613424,24.173418,2
8531,66000,387130000C,(04)23274275,(04)23288582,2023,8,22,17,41,臺中市,大里區,0,3,0,7,3,6,50,3,19,1,5,4,6,6,3,1,10,5,5,2,3,10,2,9,1,1,C03,7,9,1,10,2,11,,10,10,1,6,4,C03,120.674235,24.116425,2
8532,66000,387130000C,(04)23274275,(04)23288582,2023,8,22,17,42,臺中市,潭子區,0,1,0,7,3,6,50,3,2,1,5,4,6,6,4,4,3,4,4,1,17,20,3,10,3,1,B12,7,5,1,8,2,2,,20,20,1,13,4,B12,120.704433,24.215686,2
8533,66000,387130000C,(04)23274275,(04)23288582,2023,8,22,17,42,臺中市,霧峰區,0,1,0,7,3,6,50,4,1,1,5,4,6,6,4,4,10,5,5,2,15,15,3,10,2,1,C03,7,9,1,10,2,11,,15,15,1,12,4,C03,120.665747,24.073192,2
8534,66000,387130000C,(04)23274275,(04)23288582,2023,8,22,17,44,臺中市,豐原區,0,1,0,7,2,6,60,13,8,1,5,4,6,6,4,4,1,3,4,2,12,20,3,10,3,1,B03,7,7,1,8,2,2,,20,20,1,13,4,B03,120.702982,24.24011,2
8535,66000,387130000C,(04)23274275,(04)23288582,2023,8,22,17,46,臺中市,沙鹿區,0,0,0,7,,,60,,,,,,,,,,,,,,13,7,,,,,B03,,,1,,2,,,7,,1,13,4,B03,120.56414,24.239798,3
8536,66000,387130000C,(04)23274275,(04)23288582,2023,8,22,17,47,臺中市,西屯區,0,1,0,7,3,6,30,4,1,1,5,4,6,6,4,4,10,5,5,2,15,15,2,9,1,1,C03,7,9,1,10,2,15,,15,15,1,13,4,C03,120.61715,24.18913,2
8537,66000,387130000C,(04)23274275,(04)23288582,2023,8,22,17,47,臺中市,大里區,0,2,0,7,2,6,30,3,2,1,5,4,6,6,1,1,10,5,5,1,12,41,2,8,1,1,C03,7,9,1,10,2,12,,41,41,1,13,4,C03,120.689589,24.112491,2
8538,66000,387130000C,(04)23274275,(04)23288582,2023,8,22,17,48,臺中市,太平區,0,1,0,7,2,6,50,13,8,1,5,4,6,6,4,4,9,4,4,2,16,65,3,10,3,1,B03,7,7,1,8,9,2,,65,65,1,12,4,B03,120.699642,24.150076,2
8539,66000,387130000C,(04)23274275,(04)23288582,2023,8,22,17,49,臺中市,北屯區,0,1,0,7,2,6,50,3,1,1,5,4,6,6,4,4,1,4,5,2,17,13,2,9,1,1,C03,7,5,1,10,2,14,,13,13,1,12,4,C03,120.697323,24.170632,2
8540,66000,387130000C,(04)23274275,(04)23288582,2023,8,22,17,49,臺中市,西屯區,0,1,0,7,2,6,40,3,1,1,5,4,6,6,4,4,10,5,5,2,17,14,3,10,5,4,B01,7,5,1,4,2,2,,14,14,1,12,4,B01,120.649213,24.1581,2
8541,66000,387130000C,(04)23274275,(04)23288582,2023,8,22,17,51,臺中市,西屯區,0,1,0,7,2,6,50,3,1,1,5,4,6,6,2,1,10,5,5,2,16,11,3,10,3,1,B03,7,6,1,8,2,1,,11,11,1,12,4,B03,120.653238,24.168726,2
8542,66000,387130000C,(04)23274275,(04)23288582,2023,8,22,17,52,臺中市,西屯區,0,1,0,7,2,6,50,4,1,1,5,4,6,6,1,1,3,4,3,2,12,8,3,10,3,1,B03,7,15,1,8,2,5,,8,8,1,12,4,B03,120.63504,24.181835,2
8543,66000,387130000C,(04)23274275,(04)23288582,2023,8,22,17,53,臺中市,梧棲區,0,2,0,7,2,6,50,13,8,1,5,4,6,6,4,4,1,4,1,1,13,7,2,9,2,1,C03,7,9,1,10,2,11,,7,7,1,12,4,C03,120.537635,24.25421,2
8544,66000,387130000C,(04)23274275,(04)23288582,2023,8,22,17,56,臺中市,北區,0,1,0,7,2,6,50,4,1,1,5,4,6,6,4,4,10,5,5,2,15,15,3,10,2,1,C03,7,9,1,10,2,11,,15,15,1,12,4,C03,120.697547,24.158903,2
8545,66000,387130000C,(04)23274275,(04)23288582,2023,8,22,17,56,臺中市,西屯區,0,1,0,7,3,9,30,4,1,1,5,4,6,6,4,4,10,5,5,1,17,12,3,10,5,4,B03,7,9,1,8,1,1,,12,12,1,13,4,B03,120.639717,24.157157,2
8546,66000,387130000C,(04)23274275,(04)23288582,2023,8,22,17,57,臺中市,大甲區,0,1,0,7,3,6,60,4,1,1,5,4,6,6,1,1,1,5,5,2,16,21,3,10,3,1,B03,7,9,1,8,3,1,,21,21,1,6,4,B03,120.62884,24.430504,2
8547,66000,387130000C,(04)23274275,(04)23288582,2023,8,22,17,58,臺中市,西區,0,0,0,7,2,6,50,3,1,1,5,4,6,6,4,4,5,5,5,2,16,14,,,,,B03,,,1,,1,,,14,,1,12,4,B03,120.674445,24.1344,3
8548,66000,387130000C,(04)23274275,(04)23288582,2023,8,22,17,58,臺中市,北屯區,0,1,0,7,1,6,50,4,19,1,5,4,6,6,2,1,10,5,5,2,9,51,3,10,5,4,B03,7,1,1,8,9,16,,51,51,1,6,4,B03,120.694257,24.171271,2
8549,66000,387130000C,(04)23274275,(04)23288582,2023,8,22,18,0,臺中市,西屯區,0,0,0,7,,,,,,,,,,,,,,,,,,119,,,,,,,,,,,,,119,,1,,,,120.619743,24.169045,3
8550,66000,387130000C,(04)23274275,(04)23288582,2023,8,22,18,2,臺中市,大甲區,0,1,0,7,3,6,50,13,9,1,5,4,6,6,4,4,5,5,5,1,9,87,3,10,3,1,B03,7,21,6,20,11,15,,87,87,1,12,4,B03,120.603515,24.347088,2
8551,66000,387130000C,(04)23274275,(04)23288582,2023,8,22,18,8,臺中市,清水區,0,1,0,7,3,6,50,4,1,1,5,4,6,6,1,1,1,4,4,2,17,23,2,9,2,1,C03,7,9,1,10,2,11,,87,23,1,12,4,C03,120.573023,24.262897,2
8552,66000,387130000C,(04)23274275,(04)23288582,2023,8,22,18,10,臺中市,南區,0,0,0,7,,,50,,,,,,,,,,,,,,13,59,,,,,B03,,,1,,2,,,59,,1,13,4,B03,120.655928,24.11419,3
8553,66000,387130000C,(04)23274275,(04)23288582,2023,8,22,18,13,臺中市,大里區,0,2,0,3,2,6,30,4,1,1,4,4,6,6,4,4,10,5,5,2,15,15,2,9,1,1,C03,7,9,1,10,2,12,,15,15,1,6,4,C03,120.699454,24.109115,2
8554,66000,387130000C,(04)23274275,(04)23288582,2023,8,22,18,14,臺中市,潭子區,0,2,0,7,2,6,50,13,12,1,5,4,6,6,4,4,1,4,4,1,13,58,2,7,2,1,C03,7,9,1,10,2,11,,58,58,1,13,4,C03,120.687882,24.21555,2
8555,66000,387130000C,(04)23274275,(04)23288582,2023,8,22,18,15,臺中市,東區,0,0,0,5,1,6,50,8,9,1,4,4,6,6,4,4,1,4,5,2,13,7,3,10,2,1,C03,7,9,1,10,2,11,,7,7,1,6,4,C03,120.699789,24.132602,3
8556,66000,387130000C,(04)23274275,(04)23288582,2023,8,22,18,15,臺中市,大里區,0,0,0,5,,,50,,,,,,,,,,,,,,14,49,,,,,B12,,,1,,1,,,49,,1,13,4,B12,120.679735,24.105578,3
8557,66000,387130000C,(04)23274275,(04)23288582,2023,8,22,18,18,臺中市,豐原區,0,0,0,7,,,30,,,,,,,,,,,,,,14,49,,,,,B03,,,1,,2,,,49,,1,13,4,B03,120.728555,24.261807,3
8558,66000,387130000C,(04)23274275,(04)23288582,2023,8,22,18,19,臺中市,太平區,0,2,0,6,3,6,50,13,9,1,5,4,6,6,4,4,5,5,5,1,16,39,2,9,1,1,C03,7,11,1,10,2,12,,39,39,1,12,4,C03,120.718352,24.128113,2
8559,66000,387130000C,(04)23274275,(04)23288582,2023,8,22,18,20,臺中市,西屯區,0,0,0,7,,,50,,,,,,,,,,,,,,,59,,,,,B03,,,1,,1,,,59,,1,13,4,B03,120.644717,24.183861,3
8560,66000,387130000C,(04)23274275,(04)23288582,2023,8,22,18,20,臺中市,大里區,0,0,0,5,2,6,80,10,7,1,5,4,6,6,4,4,1,3,5,1,13,7,,,,,B03,,,1,,1,,,7,,1,6,4,B03,120.682544,24.078811,3
8561,66000,387130000C,(04)23274275,(04)23288582,2023,8,22,18,20,臺中市,清水區,0,1,0,7,3,6,60,4,1,1,5,4,6,6,1,1,1,4,3,1,16,27,3,10,3,1,B12,7,5,1,8,2,5,,27,27,1,12,4,B12,120.549608,24.27675,2
8562,66000,387130000C,(04)23274275,(04)23288582,2023,8,22,18,22,臺中市,西屯區,0,0,0,7,,,80,,,,,,,,,,,,,,,7,,,,,B03,,,1,,1,,,7,,1,13,4,B03,120.634948,24.179291,3
8563,66000,387130000C,(04)23274275,(04)23288582,2023,8,22,18,23,臺中市,西區,0,0,0,7,1,6,50,13,8,1,5,4,6,6,4,4,1,4,4,2,17,8,,,,,C03,,,1,,1,,,8,,1,12,4,C03,120.66053,24.140301,3
8564,66000,387130000C,(04)23274275,(04)23288582,2023,8,22,18,26,臺中市,新社區,0,3,0,5,3,6,30,4,1,1,4,4,6,6,4,4,5,5,5,2,15,12,2,9,1,1,C03,7,9,2,19,2,11,,6,12,1,3,4,C03,120.808784,24.213118,2
8565,66000,387130000C,(04)23274275,(04)23288582,2023,8,22,18,30,臺中市,東區,0,0,0,5,1,6,50,3,1,1,5,4,6,6,4,4,5,4,5,2,13,7,3,10,3,1,B03,7,9,1,8,2,1,,7,7,1,12,4,B03,120.704475,24.130619,3
8566,66000,387130000C,(04)23274275,(04)23288582,2023,8,22,18,30,臺中市,太平區,0,2,0,5,2,6,50,4,2,1,4,4,6,6,1,1,5,5,5,2,17,39,2,9,6,1,F01,7,9,7,21,2,12,,39,39,1,12,4,F01,120.724025,24.111108,2
8567,66000,387130000C,(04)23274275,(04)23288582,2023,8,22,18,30,臺中市,沙鹿區,0,1,0,6,1,6,40,13,8,1,5,4,6,6,4,4,3,3,3,1,9,84,3,10,5,4,A02,7,9,1,2,2,16,,84,84,1,13,4,A02,120.573781,24.230041,2
8568,66000,387130000C,(04)23274275,(04)23288582,2023,8,22,18,33,臺中市,北屯區,0,0,0,7,,,50,,,,,,,,,,,,,,,84,,,,,B03,,,1,,2,,,84,,1,12,4,B03,120.683429,24.176217,3
8569,66000,387130000C,(04)23274275,(04)23288582,2023,8,22,18,39,臺中市,南區,0,0,0,7,1,6,50,13,9,1,5,4,6,6,4,4,5,5,5,2,14,49,3,10,2,1,C03,7,2,3,19,9,13,,49,49,2,6,4,C03,120.684059,24.130208,3
8570,66000,387130000C,(04)23274275,(04)23288582,2023,8,22,18,40,臺中市,西屯區,0,1,0,7,3,6,50,4,1,1,5,4,6,6,1,1,8,5,5,1,18,84,2,9,5,4,C03,7,6,1,10,2,14,,84,84,1,13,4,C03,120.64249,24.181542,2
8571,66000,387130000C,(04)23274275,(04)23288582,2023,8,22,18,43,臺中市,西區,0,0,0,7,,,50,,,,,,,,,,,,,,14,49,,,,,B03,,,1,,1,,,49,,1,12,4,B03,120.651455,24.147629,3
8572,66000,387130000C,(04)23274275,(04)23288582,2023,8,22,18,45,臺中市,西屯區,0,0,0,7,,,40,,,,,,,,,,,,,,,84,,,,,B03,,,1,,1,,,84,,1,12,4,B03,120.637751,24.16776,3
8573,66000,387130000C,(04)23274275,(04)23288582,2023,8,22,18,53,臺中市,西屯區,0,2,0,7,1,6,50,4,1,1,5,4,6,6,1,1,10,5,5,2,12,8,2,9,1,1,C02,7,9,1,10,2,15,,8,8,1,13,4,C02,120.646661,24.174715,2
8574,66000,387130000C,(04)23274275,(04)23288582,2023,8,22,19,0,臺中市,北屯區,0,0,0,7,,,50,,,,,,,,,,,,,,17,84,,,,,C03,,,5,,9,,,84,,1,13,4,C03,120.690888,24.171452,3
8575,66000,387130000C,(04)23274275,(04)23288582,2023,8,22,19,0,臺中市,霧峰區,0,0,0,7,,,30,,,,,,,,,,,,,,17,14,,,,,B03,,,1,,1,,,14,,1,12,4,B03,120.681851,24.063879,3
8576,66000,387130000C,(04)23274275,(04)23288582,2023,8,22,19,3,臺中市,烏日區,0,11,0,7,1,6,60,3,1,1,5,4,6,6,2,1,10,5,5,2,13,59,2,9,5,1,B03,7,13,1,8,7,1,,59,59,1,6,4,B03,120.63579,24.106691,2
8577,66000,387130000C,(04)23274275,(04)23288582,2023,8,22,19,4,臺中市,西屯區,0,0,0,7,,,50,,,,,,,,,,,,,,,58,,,,,B03,,,1,,1,,,58,,1,13,4,B03,120.634595,24.176292,3
8578,66000,387130000C,(04)23274275,(04)23288582,2023,8,22,19,5,臺中市,西區,0,1,0,7,1,6,50,4,1,1,5,4,1,4,2,1,10,5,5,2,16,84,3,10,5,1,B03,7,5,1,8,2,5,,65,84,1,12,4,B03,120.663096,24.146699,2
8579,66000,387130000C,(04)23274275,(04)23288582,2023,8,22,19,5,臺中市,南屯區,0,0,0,7,,,50,,,,,,,,,,,,,,,21,,,,,B03,,,1,,2,,,21,,1,13,4,B03,120.633095,24.123612,3
8580,66000,387130000C,(04)23274275,(04)23288582,2023,8,22,19,5,臺中市,北屯區,0,1,0,7,1,6,50,5,1,1,5,4,6,6,1,1,10,5,5,2,17,26,2,9,2,1,C03,7,15,1,10,3,11,,26,26,1,13,4,C03,120.686736,24.20127,2
8581,66000,387130000C,(04)23274275,(04)23288582,2023,8,22,19,7,臺中市,潭子區,0,0,0,7,,,60,,,,,,,,,,,,,,2,40,,,,,B03,,,1,,2,,,40,,1,12,4,B03,120.703989,24.203389,3
8582,66000,387130000C,(04)23274275,(04)23288582,2023,8,22,19,10,臺中市,東區,0,0,0,7,,,80,,,,,,,,,,,,,,13,84,,,,,B03,,,1,8,2,,,84,84,1,12,4,B03,120.707751,24.132754,3
8583,66000,387130000C,(04)23274275,(04)23288582,2023,8,22,19,11,臺中市,西區,0,0,0,7,,,50,,,,,,,,,,,,,,,40,,,,,B03,,,1,8,1,,,40,40,1,13,4,B03,120.677083,24.139982,3
8584,66000,387130000C,(04)23274275,(04)23288582,2023,8,22,19,12,臺中市,北區,0,2,0,7,1,6,50,13,9,1,5,4,6,6,4,4,5,4,5,2,12,8,2,7,2,1,C03,7,9,1,10,2,12,,8,8,1,12,4,C03,120.670509,24.158386,2
8585,66000,387130000C,(04)23274275,(04)23288582,2023,8,22,19,15,臺中市,西區,0,0,0,7,3,6,50,,9,1,5,4,6,6,4,4,5,5,5,2,12,84,,,,,C03,,,1,,1,,,84,84,1,12,4,C03,120.673535,24.136636,3
8586,66000,387130000C,(04)23274275,(04)23288582,2023,8,22,19,15,臺中市,北屯區,0,1,0,6,1,6,50,13,9,1,5,4,6,6,4,4,1,4,5,2,13,85,2,7,5,4,C03,7,9,1,10,2,11,,85,85,1,13,4,C03,120.722707,24.181806,2
8587,66000,387130000C,(04)23274275,(04)23288582,2023,8,22,19,17,臺中市,南區,0,0,0,7,,,40,,,,,,,,,,,,,,12,40,,,,,B01,,,1,,2,,,40,,1,13,4,B01,120.663394,24.119716,3
8588,66000,387130000C,(04)23274275,(04)23288582,2023,8,22,19,17,臺中市,沙鹿區,0,1,0,7,1,6,50,3,1,1,5,4,6,6,4,4,1,4,4,2,12,8,3,10,3,1,B12,7,4,1,5,2,5,,8,8,1,6,4,B12,120.568193,24.254452,2
8589,66000,387130000C,(04)23274275,(04)23288582,2023,8,22,19,21,臺中市,北屯區,0,1,0,5,1,6,60,4,1,1,4,4,6,6,2,1,10,5,5,2,16,11,3,10,3,1,B03,7,5,1,8,2,5,,11,11,1,12,4,B03,120.72147,24.162428,2
8590,66000,387130000C,(04)23274275,(04)23288582,2023,8,22,19,25,臺中市,西屯區,0,0,0,7,,,50,,,,,,,,,,,,,,,7,,,,,B03,,,1,,1,,,7,,1,13,4,B03,120.669347,24.177188,3
8591,66000,387130000C,(04)23274275,(04)23288582,2023,8,22,19,28,臺中市,豐原區,0,1,0,5,1,6,50,13,24,1,4,4,6,6,4,4,10,5,5,2,18,84,2,9,5,1,C03,7,9,1,10,2,12,,84,84,1,13,4,C03,120.699214,24.24732,2
8592,66000,387130000C,(04)23274275,(04)23288582,2023,8,22,19,30,臺中市,東區,0,1,0,7,1,6,50,4,1,1,5,4,6,6,1,1,10,5,5,2,17,25,3,10,1,1,C03,7,9,1,10,2,11,,25,25,1,12,4,C03,120.698785,24.133,2
8593,66000,387130000C,(04)23274275,(04)23288582,2023,8,22,19,33,臺中市,北屯區,0,0,0,7,,,30,,,,,,,,,,,,,,,58,,,,,C03,,,1,,1,,,58,,1,12,4,C03,120.696303,24.162873,3
8594,66000,387130000C,(04)23274275,(04)23288582,2023,8,22,19,35,臺中市,北屯區,0,0,0,6,,,40,,,,,,,,,,,,,,30,59,,,,,B03,,,1,,2,,,59,,1,13,4,B03,120.691697,24.169632,3
8595,66000,387130000C,(04)23274275,(04)23288582,2023,8,22,19,41,臺中市,龍井區,0,1,0,7,1,6,60,5,1,1,5,4,6,6,1,1,10,5,5,1,17,48,2,9,5,4,C03,7,6,1,10,2,14,,48,48,1,6,4,C03,120.534433,24.193971,2
8596,66000,387130000C,(04)23274275,(04)23288582,2023,8,22,19,55,臺中市,北屯區,0,0,0,7,,,50,,,,,,,,,,,,,,,84,,,,,B03,,,1,,2,,,84,,1,12,4,B03,120.721736,24.174062,3
8597,66000,387130000C,(04)23274275,(04)23288582,2023,8,22,19,55,臺中市,豐原區,0,1,0,6,2,6,60,13,8,1,4,4,6,6,4,4,1,3,4,1,12,40,3,10,3,1,B03,7,7,1,8,2,3,,40,20,1,13,4,B03,120.706413,24.237427,2
8598,66000,387130000C,(04)23274275,(04)23288582,2023,8,22,19,57,臺中市,南區,0,0,0,7,,,40,,,,,,,,,,,,,,2,51,,,,,B03,,,1,8,2,,,51,51,1,12,4,B03,120.679425,24.126964,3
8599,66000,387130000C,(04)23274275,(04)23288582,2023,8,22,19,58,臺中市,大里區,0,1,0,6,1,6,50,4,1,1,4,4,6,6,1,1,5,5,5,1,17,11,3,10,4,1,F01,7,6,7,21,2,16,,11,11,1,13,4,F01,120.684514,24.104731,2
8600,66000,387130000C,(04)23274275,(04)23288582,2023,8,22,19,59,臺中市,北區,0,0,0,7,,,50,,,,,,,,,,,,,,12,84,,,,,C03,,,1,,2,,,84,,1,12,4,C03,120.677949,24.17081,3
8601,66000,387130000C,(04)23274275,(04)23288582,2023,8,22,20,4,臺中市,西屯區,0,1,0,7,1,6,50,4,1,1,5,4,6,6,1,1,10,5,5,2,17,11,3,10,5,4,B01,7,6,1,4,2,2,,11,11,1,13,4,B01,120.608091,24.18732,2
8602,66000,387130000C,(04)23274275,(04)23288582,2023,8,22,20,7,臺中市,西屯區,0,1,0,7,1,6,50,13,9,1,5,4,5,6,4,4,5,5,5,2,24,84,2,9,1,1,C03,7,9,1,8,2,11,12,84,84,1,12,4,C03,120.654183,24.155644,2
8603,66000,387130000C,(04)23274275,(04)23288582,2023,8,22,20,8,臺中市,北區,0,0,0,7,,,30,,,,,,,,,,,,,,17,8,,,,,G03,,,1,,1,,,8,,1,13,4,G03,120.693743,24.153706,3
8604,66000,387130000C,(04)23274275,(04)23288582,2023,8,22,20,10,臺中市,西屯區,0,0,0,7,,,50,,,,,,,,,,,,,,,7,,,,,C03,,,2,,9,,,7,,1,12,4,C03,120.646861,24.174894,3
8605,66000,387130000C,(04)23274275,(04)23288582,2023,8,22,20,12,臺中市,南屯區,0,0,0,7,,,40,,,,,,,,,,,,,,,56,,,,,C03,,,1,,1,,,56,56,1,13,4,C03,120.637945,24.14871,3
8606,66000,387130000C,(04)23274275,(04)23288582,2023,8,22,20,25,臺中市,大里區,0,0,0,7,,,50,,,,,,,,,,,,,,12,50,,,,,B12,,,1,,2,,,50,,1,13,4,B12,120.689771,24.106002,3
8607,66000,387130000C,(04)23274275,(04)23288582,2023,8,22,20,26,臺中市,北區,0,0,0,7,,,50,,,,,,,,,,,,,,17,51,,,,,B03,,,1,,2,,,51,,1,12,4,B03,120.669579,24.162733,3
8608,66000,387130000C,(04)23274275,(04)23288582,2023,8,22,20,36,臺中市,北屯區,0,0,0,7,,,50,,,,,,,,,,,,,,,40,,,,,B03,,,1,,1,,,40,,1,12,4,B03,120.700946,24.18249,3
8609,66000,387130000C,(04)23274275,(04)23288582,2023,8,22,20,42,臺中市,西屯區,0,0,0,7,,,50,,,,,,,,,,,,,,,49,,,,,B03,,,1,,2,,,49,49,1,13,4,B03,120.614215,24.185311,3