序號,縣市別代碼,機關代碼,市話,傳真,年,月,日,時,分,縣市,區,死亡數量,受傷數量,2-30,天候,光線,道路類別,速限,道路型態,事故位置,路面鋪裝,路面狀態,路面缺陷,障礙物,視距,號誌種類,號誌動作,分向設施,快車道或一般車道間,快慢車道間,路面邊線,事故類型及型態,主要肇因,受傷程度,主要傷處,保護裝備,行動電話,當事者區分(類別),車輛用途,當事者行動狀態,駕駛資格情形,駕駛執照種類,飲酒情形,車輛撞擊部位最初,車輛撞擊部位其他,肇事因素個別,肇事因素主要,肇事逃逸,職業,旅次目的,車種,GPS座標X,GPS座標Y,事故類別
8610,66000,387130000C,(04)23274275,(04)23288582,2023,8,22,20,49,臺中市,西區,0,1,0,7,1,6,50,4,1,1,4,4,6,6,1,1,10,5,5,2,17,11,3,10,3,1,B03,7,5,1,8,2,2,,11,11,1,12,4,B03,120.661725,24.144333,2
8611,66000,387130000C,(04)23274275,(04)23288582,2023,8,22,20,49,臺中市,東勢區,0,0,0,7,,,30,,,,,,,,,,,,,,,84,,,,,B12,,,1,,2,,,84,,1,12,4,B12,120.824311,24.266384,3
8612,66000,387130000C,(04)23274275,(04)23288582,2023,8,22,20,55,臺中市,南區,0,0,0,7,,,50,,,,,,,,,,,,,,17,59,,,,,B03,,,1,,2,,,59,,1,13,4,B03,120.653609,24.124822,3
8613,66000,387130000C,(04)23274275,(04)23288582,2023,8,22,21,8,臺中市,東區,0,0,0,7,1,6,50,4,1,1,5,4,6,6,1,1,10,5,5,2,17,84,3,10,1,1,C03,7,6,1,10,2,14,,84,84,1,12,4,C03,120.689699,24.1328,3
8614,66000,387130000C,(04)23274275,(04)23288582,2023,8,22,21,9,臺中市,西區,0,1,0,7,1,6,50,4,1,1,5,4,6,6,4,4,10,5,5,2,13,7,2,8,1,1,C03,7,9,1,10,1,11,,7,7,1,6,4,C03,120.669331,24.136085,2
8615,66000,387130000C,(04)23274275,(04)23288582,2023,8,22,21,9,臺中市,東區,0,0,0,7,,,40,,,,,,,,,,,,,,14,49,,,,,B03,,,1,8,2,,,49,49,1,12,4,B03,120.705504,24.148263,4
8616,66000,387130000C,(04)23274275,(04)23288582,2023,8,22,21,14,臺中市,北區,0,0,0,7,,,50,,,,,,,,,,,,,,17,49,,,,,B12,,,1,,1,,,49,,1,13,4,B12,120.676658,24.151965,3
8617,66000,387130000C,(04)23274275,(04)23288582,2023,8,22,21,18,臺中市,大里區,0,0,0,6,1,6,50,4,2,1,5,4,6,6,1,1,5,5,5,1,16,35,,,,,F01,,,7,,2,,,35,,1,13,4,F01,120.676825,24.107881,3
8618,66000,387130000C,(04)23274275,(04)23288582,2023,8,22,21,19,臺中市,北屯區,0,0,0,7,,,40,,,,,,,,,,,,,,12,48,,,,,C03,,,1,,2,,,48,,1,13,4,C03,120.669457,24.177268,3
8619,66000,387130000C,(04)23274275,(04)23288582,2023,8,22,21,32,臺中市,北屯區,0,0,0,7,,,50,,,,,,,,,,,,,,13,84,,,,,B03,,,1,,1,,,84,,1,13,4,B03,120.686482,24.18825,3
8620,66000,387130000C,(04)23274275,(04)23288582,2023,8,22,21,34,臺中市,北區,0,0,0,7,,,50,,,,,,,,,,,,,,13,59,,,,,B03,,,1,,1,,,87,59,1,12,4,B03,120.686721,24.147858,3
8621,66000,387130000C,(04)23274275,(04)23288582,2023,8,22,21,40,臺中市,南屯區,0,1,0,7,1,6,50,3,9,1,5,4,6,6,4,4,9,5,5,2,17,45,3,10,3,1,B03,7,11,1,8,2,8,,45,45,1,13,4,B03,120.645737,24.137692,2
8622,66000,387130000C,(04)23274275,(04)23288582,2023,8,22,21,42,臺中市,西屯區,0,0,0,7,,,50,,,,,,,,,,,,,,,84,,,,,B03,,,1,,1,,,84,84,1,12,4,B03,120.658978,24.168577,3
8623,66000,387130000C,(04)23274275,(04)23288582,2023,8,22,21,50,臺中市,沙鹿區,0,1,0,7,3,6,40,3,8,1,5,4,6,6,2,1,10,5,5,2,17,51,2,9,2,1,C03,7,9,1,10,2,12,,6,51,1,13,4,C03,120.574062,24.229745,2
8624,66000,387130000C,(04)23274275,(04)23288582,2023,8,22,22,9,臺中市,南區,0,0,0,6,1,6,50,4,2,1,5,4,6,6,1,1,5,2,5,2,17,32,3,10,3,1,B03,7,11,1,8,2,5,,32,32,1,6,4,B03,120.666459,24.122551,3
8625,66000,387130000C,(04)23274275,(04)23288582,2023,8,22,22,10,臺中市,西屯區,0,0,0,7,,,40,,,,,,,,,,,,,,,51,,,,,B03,,,1,,1,,,51,,1,12,4,B03,120.644621,24.178918,3
8626,66000,387130000C,(04)23274275,(04)23288582,2023,8,22,22,10,臺中市,西屯區,0,1,0,7,1,6,50,4,2,1,5,4,6,6,1,1,5,5,4,2,17,51,2,9,1,1,C03,7,1,1,10,2,12,,51,51,1,12,4,C03,120.651611,24.158501,2
8627,66000,387130000C,(04)23274275,(04)23288582,2023,8,22,22,16,臺中市,北屯區,0,2,0,7,1,6,50,4,2,1,5,4,6,6,2,1,1,4,5,2,13,7,2,9,1,1,C03,7,9,1,10,2,11,,7,7,1,12,4,C03,120.701831,24.182039,2
8628,66000,387130000C,(04)23274275,(04)23288582,2023,8,22,22,50,臺中市,東區,0,0,0,7,1,6,50,4,1,1,5,4,6,6,1,1,,5,5,2,17,84,3,10,1,1,C03,7,9,1,10,2,14,,84,84,1,12,4,C03,120.698785,24.133,3
8629,66000,387130000C,(04)23274275,(04)23288582,2023,8,22,22,57,臺中市,霧峰區,0,1,0,7,1,6,40,4,1,1,5,4,6,6,1,1,1,3,4,1,16,47,3,10,3,1,B03,7,5,1,8,2,5,,47,47,1,12,4,B03,120.66268,24.072542,2
8630,66000,387130000C,(04)23274275,(04)23288582,2023,8,22,23,6,臺中市,西屯區,0,0,0,7,,,50,,,,,,,,,,,,,,13,7,,,,,C03,,,1,,1,,,7,,1,13,4,C03,120.640476,24.175862,3
8631,66000,387130000C,(04)23274275,(04)23288582,2023,8,22,23,10,臺中市,大里區,0,0,0,7,,,50,,,,,,,,,,,,,,13,59,,,,,B03,,,1,,1,,,59,,1,13,4,B03,120.678851,24.115117,3
8632,66000,387130000C,(04)23274275,(04)23288582,2023,8,22,23,16,臺中市,沙鹿區,0,0,0,7,,,50,,,,,,,,,,,,,,13,58,,,,,B03,,,1,,1,,,58,,1,13,4,B03,120.554143,24.224966,3
8633,66000,387130000C,(04)23274275,(04)23288582,2023,8,23,0,5,臺中市,西區,0,1,0,7,1,6,50,4,1,1,5,4,6,6,3,1,10,5,5,2,15,12,2,9,1,1,C03,7,9,1,10,9,11,,12,12,1,12,4,C03,120.663851,24.135148,2
8634,66000,387130000C,(04)23274275,(04)23288582,2023,8,23,0,21,臺中市,大里區,0,1,0,7,1,6,50,4,9,1,5,4,6,6,4,4,5,4,4,1,28,59,2,9,2,1,C03,7,9,1,10,2,11,,59,59,1,13,4,C03,120.716546,24.09467,2
8635,66000,387130000C,(04)23274275,(04)23288582,2023,8,23,0,33,臺中市,北屯區,0,1,0,7,1,6,50,4,1,1,5,4,6,6,3,1,10,5,5,2,15,24,3,10,3,1,B03,7,9,1,8,2,4,,24,24,1,13,4,B03,120.668428,24.200756,2
8636,66000,387130000C,(04)23274275,(04)23288582,2023,8,23,1,11,臺中市,北區,0,0,0,7,,,50,,,,,,,,,,,,,,14,49,,,,,B03,,,3,,2,,,49,,1,13,4,B03,120.677811,24.149814,3
8637,66000,387130000C,(04)23274275,(04)23288582,2023,8,23,1,26,臺中市,西區,0,0,0,7,,,50,,,,,,,,,,,,,,,84,,,,,B03,,,1,,1,,,84,,1,6,4,B03,120.657146,24.157063,3
8638,66000,387130000C,(04)23274275,(04)23288582,2023,8,23,1,50,臺中市,霧峰區,0,1,0,7,1,6,60,13,14,1,5,4,6,6,4,4,1,4,4,1,13,59,2,9,1,1,C03,7,9,3,19,2,11,,59,59,1,13,4,C03,120.693016,24.038655,2
8639,66000,387130000C,(04)23274275,(04)23288582,2023,8,23,1,51,臺中市,南區,0,1,0,7,1,6,50,13,9,1,5,4,6,6,4,4,5,5,5,2,17,59,2,9,1,1,C03,7,9,1,10,2,11,,59,59,1,12,4,C03,120.662183,24.117003,2
8640,66000,387130000C,(04)23274275,(04)23288582,2023,8,23,2,0,臺中市,南屯區,0,0,0,7,,,50,,,,,,,,,,,,,,,7,,,,,C03,,,1,,1,,,7,,1,13,4,C03,120.626356,24.145117,3
8641,66000,387130000C,(04)23274275,(04)23288582,2023,8,23,2,2,臺中市,北屯區,0,0,0,7,,,,,,,,,,,,,,,,,17,86,,,,,,,,,,,,,86,,1,,,,120.724461,24.179398,3
8642,66000,387130000C,(04)23274275,(04)23288582,2023,8,23,2,14,臺中市,大里區,0,2,0,7,1,6,50,4,1,1,5,4,6,6,1,1,3,4,4,1,16,22,2,9,2,1,C03,7,5,3,19,2,11,,22,22,1,13,4,C03,120.696495,24.085959,2
8643,66000,387130000C,(04)23274275,(04)23288582,2023,8,23,3,20,臺中市,烏日區,0,0,0,6,,,30,,,,,,,,,,,,,,,43,,,,,A11,,,1,,2,,,43,,1,12,4,A11,120.638303,24.084937,3
8644,66000,387130000C,(04)23274275,(04)23288582,2023,8,23,3,24,臺中市,西屯區,0,1,0,7,1,6,50,4,1,1,5,4,6,6,4,4,10,5,5,2,15,15,2,9,5,4,C03,7,10,1,10,2,12,,15,15,1,13,4,C03,120.653685,24.16135,2
8645,66000,387130000C,(04)23274275,(04)23288582,2023,8,23,3,31,臺中市,太平區,0,2,0,7,1,6,50,3,14,1,5,4,6,6,3,1,5,4,5,1,17,84,2,9,1,1,C03,7,15,2,19,2,11,,84,84,1,12,4,C03,120.728617,24.134729,2
8646,66000,387130000C,(04)23274275,(04)23288582,2023,8,23,4,47,臺中市,大雅區,0,0,0,7,,,50,,,,,,,,,,,,,,14,49,,,,,B03,,,1,,9,,,49,,1,13,4,B03,120.653548,24.225048,3
8647,66000,387130000C,(04)23274275,(04)23288582,2023,8,23,5,10,臺中市,西區,0,0,0,7,,,40,,,,,,,,,,,,,,,50,,,,,B01,,,1,,1,,,50,,1,6,4,B01,120.672519,24.146971,3
8648,66000,387130000C,(04)23274275,(04)23288582,2023,8,23,5,48,臺中市,北區,0,0,0,7,3,6,50,13,9,1,5,4,6,6,4,4,4,1,5,2,14,49,,,,,B12,,,1,,1,,,49,,1,12,4,B12,120.697113,24.158299,4
8649,66000,387130000C,(04)23274275,(04)23288582,2023,8,23,6,15,臺中市,豐原區,0,0,0,7,,,50,,,,,,,,,,,,,,,7,,,,,B03,,,1,,2,,,7,,1,6,4,B03,120.744422,24.264641,3
8650,66000,387130000C,(04)23274275,(04)23288582,2023,8,23,6,27,臺中市,大甲區,0,2,0,7,3,6,50,4,1,1,5,4,6,6,4,4,10,5,5,2,17,7,2,9,1,1,C03,7,9,1,10,2,12,,7,7,1,6,4,C03,120.61816,24.351399,2
8651,66000,387130000C,(04)23274275,(04)23288582,2023,8,23,6,34,臺中市,南區,0,2,0,7,3,6,40,4,1,1,5,4,6,6,4,4,10,5,5,2,16,14,2,8,1,1,C03,7,6,1,10,2,14,,14,14,1,12,4,C03,120.662012,24.129362,2
8652,66000,387130000C,(04)23274275,(04)23288582,2023,8,23,6,35,臺中市,西區,0,0,0,7,,,50,,,,,,,,,,,,,,14,49,,,,,B03,,,1,,2,,,49,,1,12,4,B03,120.658658,24.155345,3
8653,66000,387130000C,(04)23274275,(04)23288582,2023,8,23,6,43,臺中市,北屯區,0,1,0,7,2,6,50,13,9,1,5,4,6,6,4,4,1,2,5,2,13,7,2,1,5,4,C03,7,9,1,10,2,11,,7,7,1,12,4,C03,120.685495,24.173396,2
8654,66000,387130000C,(04)23274275,(04)23288582,2023,8,23,6,45,臺中市,西區,0,0,0,7,,,60,,,,,,,,,,,,,,,84,,,,,B12,,,1,,1,,,84,,1,6,4,B12,120.666927,24.153191,3
8655,66000,387130000C,(04)23274275,(04)23288582,2023,8,23,6,59,臺中市,新社區,0,0,0,7,,,50,,,,,,,,,,,,,,13,7,,,,,B03,,,1,,2,,,7,,1,13,4,B03,120.809064,24.24969,3
8656,66000,387130000C,(04)23274275,(04)23288582,2023,8,23,7,0,臺中市,沙鹿區,0,1,0,7,2,6,40,11,9,1,5,4,6,6,4,4,9,5,5,1,18,59,2,9,2,1,C03,7,9,1,10,2,14,,59,59,1,12,4,C03,120.588816,24.252038,2
8657,66000,387130000C,(04)23274275,(04)23288582,2023,8,23,7,12,臺中市,外埔區,0,3,0,7,2,6,50,4,2,1,5,4,6,6,1,1,10,5,5,2,16,48,2,9,2,1,C03,7,6,5,19,2,14,,48,48,1,12,4,C03,120.656562,24.328657,2
8658,66000,387130000C,(04)23274275,(04)23288582,2023,8,23,7,26,臺中市,烏日區,0,0,0,7,,,30,,,,,,,,,,,,,,,7,,,,,C03,,,1,,2,,,7,,1,12,4,C03,120.6406,24.098561,3
8659,66000,387130000C,(04)23274275,(04)23288582,2023,8,23,7,31,臺中市,西屯區,0,2,0,7,3,6,40,4,1,1,5,4,6,6,1,1,9,4,1,2,13,7,2,9,1,1,C03,7,9,1,10,2,11,,7,7,1,12,4,C03,120.636439,24.160617,2
8660,66000,387130000C,(04)23274275,(04)23288582,2023,8,23,7,32,臺中市,南屯區,0,0,0,7,,,40,,,,,,,,,,,,,,,40,,,,,C03,,,1,,2,,,40,,1,12,4,C03,120.622205,24.139847,3
8661,66000,387130000C,(04)23274275,(04)23288582,2023,8,23,7,35,臺中市,北區,0,2,0,7,3,6,50,13,9,1,5,2,6,6,4,4,9,5,5,2,17,5,2,9,1,1,C03,7,9,1,10,2,11,,5,5,1,13,4,C03,120.679158,24.156394,2
8662,66000,387130000C,(04)23274275,(04)23288582,2023,8,23,7,35,臺中市,大甲區,0,2,0,7,2,6,30,3,1,1,5,4,6,6,4,4,10,5,5,2,16,48,2,9,2,1,C03,7,6,1,10,2,14,,48,11,1,6,4,C03,120.692117,24.366208,2
8663,66000,387130000C,(04)23274275,(04)23288582,2023,8,23,7,36,臺中市,南屯區,0,1,0,6,2,6,50,3,2,1,4,4,6,6,4,4,4,4,5,2,18,59,2,9,2,1,C03,7,9,1,10,2,12,,59,59,1,12,4,C03,120.639321,24.147181,2
8664,66000,387130000C,(04)23274275,(04)23288582,2023,8,23,7,38,臺中市,沙鹿區,0,0,0,7,,,60,,,,,,,,,,,,,,,7,,,,,B03,,,1,,2,,,7,7,1,12,4,B03,120.560862,24.241025,3
8665,66000,387130000C,(04)23274275,(04)23288582,2023,8,23,7,39,臺中市,北屯區,0,0,0,7,,,50,,,,,,,,,,,,,,13,84,,,,,B03,,,1,,2,,,84,,1,12,4,B03,120.680364,24.179335,3
8666,66000,387130000C,(04)23274275,(04)23288582,2023,8,23,7,40,臺中市,東區,0,1,0,7,3,6,50,4,3,1,5,4,6,6,2,1,5,5,5,2,12,39,3,10,5,4,B03,7,9,1,8,2,5,,39,39,1,13,4,B03,120.706073,24.12975,2
8667,66000,387130000C,(04)23274275,(04)23288582,2023,8,23,7,40,臺中市,烏日區,0,1,0,7,2,6,50,3,1,1,5,4,6,6,2,1,1,4,4,2,16,20,3,10,1,1,C03,7,5,1,10,2,13,,20,20,1,12,4,C03,120.629696,24.109163,2
8668,66000,387130000C,(04)23274275,(04)23288582,2023,8,23,7,40,臺中市,沙鹿區,0,0,0,7,,,40,,,,,,,,,,,,,,14,50,,,,,B03,,,1,,2,,,50,,1,12,4,B03,120.579326,24.209783,3
8669,66000,387130000C,(04)23274275,(04)23288582,2023,8,23,7,40,臺中市,豐原區,0,1,0,7,3,6,50,4,1,1,5,4,6,6,1,1,5,5,4,2,16,48,3,10,1,1,C03,7,6,1,10,2,13,,48,48,1,13,4,C03,120.727044,24.251781,2
8670,66000,387130000C,(04)23274275,(04)23288582,2023,8,23,7,41,臺中市,西屯區,0,2,0,7,2,6,40,13,8,1,5,4,6,6,4,4,1,5,1,2,17,51,2,7,1,1,C03,7,1,1,10,11,14,,51,51,1,13,4,C03,120.615495,24.183376,2
8671,66000,387130000C,(04)23274275,(04)23288582,2023,8,23,7,45,臺中市,龍井區,0,0,0,7,,,30,,,,,,,,,,,,,,12,8,,,,,B03,,,1,,2,,,8,,1,13,4,B03,120.584076,24.180605,3
8672,66000,387130000C,(04)23274275,(04)23288582,2023,8,23,7,46,臺中市,太平區,0,1,0,7,3,6,50,3,1,1,5,4,6,6,4,4,10,4,5,2,13,7,3,10,2,1,C03,7,9,1,10,2,14,,7,7,1,12,4,C03,120.734387,24.148849,2
8673,66000,387130000C,(04)23274275,(04)23288582,2023,8,23,7,48,臺中市,西屯區,0,0,0,7,,,50,,,,,,,,,,,,,,12,8,,,,,B03,,,1,,2,,,8,8,1,13,4,B03,120.644164,24.201417,3
8674,66000,387130000C,(04)23274275,(04)23288582,2023,8,23,7,48,臺中市,霧峰區,0,1,0,7,1,6,30,3,9,1,5,4,6,6,4,4,10,5,5,2,16,48,2,9,6,1,F01,7,6,7,21,2,14,,48,48,1,13,4,F01,120.684044,24.066223,2
8675,66000,387130000C,(04)23274275,(04)23288582,2023,8,23,7,48,臺中市,龍井區,0,0,0,7,,,60,,,,,,,,,,,,,,,84,,,,,C03,,,1,,2,,,84,84,1,6,4,C03,120.523908,24.180284,3
8676,66000,387130000C,(04)23274275,(04)23288582,2023,8,23,7,50,臺中市,太平區,0,1,0,7,2,6,50,4,1,1,5,4,6,6,4,4,5,5,5,2,15,15,3,10,3,1,B03,7,9,1,8,2,2,,15,15,1,12,4,B03,120.721124,24.116512,2
8677,66000,387130000C,(04)23274275,(04)23288582,2023,8,23,7,50,臺中市,龍井區,0,1,0,7,2,6,50,13,7,1,5,4,6,6,4,4,9,5,4,2,17,45,3,10,3,1,B03,7,11,1,8,2,7,,45,45,1,6,4,B03,120.520045,24.20029,2
8678,66000,387130000C,(04)23274275,(04)23288582,2023,8,23,7,52,臺中市,潭子區,0,1,0,7,3,6,60,3,1,1,5,4,6,6,1,1,1,4,4,1,17,47,3,10,3,1,B01,7,5,1,4,2,6,,47,47,1,13,4,B01,120.704429,24.204695,2
8679,66000,387130000C,(04)23274275,(04)23288582,2023,8,23,7,56,臺中市,龍井區,0,0,0,7,,,30,,,,,,,,,,,,,,9,8,,,,,B03,,,1,,2,,,8,,1,13,4,B03,120.589353,24.180678,3
8680,66000,387130000C,(04)23274275,(04)23288582,2023,8,23,7,56,臺中市,豐原區,0,2,0,7,3,6,50,13,9,1,5,4,6,6,4,4,10,5,5,1,17,41,2,9,1,1,C03,7,4,1,10,2,14,,41,41,1,12,4,C03,120.733556,24.244638,2
8681,66000,387130000C,(04)23274275,(04)23288582,2023,8,23,8,1,臺中市,大里區,0,2,0,7,2,6,50,3,1,1,5,4,6,6,4,4,5,2,5,2,16,39,2,9,2,1,C03,7,9,1,10,2,14,,39,39,1,13,4,C03,120.703375,24.097318,2
8682,66000,387130000C,(04)23274275,(04)23288582,2023,8,23,8,3,臺中市,北區,0,1,0,7,3,6,50,4,2,1,5,4,6,6,2,1,5,4,4,1,17,76,3,10,5,4,B03,7,15,1,8,2,2,,76,76,1,13,4,B03,120.663884,24.157614,2
8683,66000,387130000C,(04)23274275,(04)23288582,2023,8,23,8,3,臺中市,南區,0,0,0,7,,,50,,,,,,,,,,,,,,,40,,,,,B03,,,1,,2,,,40,,1,9,4,B03,120.670128,24.111512,3
8684,66000,387130000C,(04)23274275,(04)23288582,2023,8,23,8,5,臺中市,北屯區,0,0,0,7,,,50,,,,,,,,,,,,,,13,84,,,,,B03,,,1,,1,,,84,,1,12,4,B03,120.658192,24.182304,3
8685,66000,387130000C,(04)23274275,(04)23288582,2023,8,23,8,5,臺中市,大肚區,0,2,0,7,2,6,50,4,2,1,5,4,6,6,4,4,5,5,5,1,16,4,3,10,5,4,C03,7,9,1,10,2,13,,4,4,1,13,4,C03,120.578869,24.168913,2
8686,66000,387130000C,(04)23274275,(04)23288582,2023,8,23,8,10,臺中市,北區,0,0,0,7,2,6,50,4,9,1,5,4,6,6,4,4,5,5,5,2,13,56,3,10,1,1,C03,7,9,1,10,1,11,,56,56,1,12,4,C03,120.692802,24.159767,3
8687,66000,387130000C,(04)23274275,(04)23288582,2023,8,23,8,13,臺中市,中區,0,0,0,7,,,50,,,,,,,,,,,,,,13,7,,,,,C03,,,1,,1,,,7,,1,12,4,C03,120.679497,24.142426,3
8688,66000,387130000C,(04)23274275,(04)23288582,2023,8,23,8,18,臺中市,潭子區,0,0,0,7,,,80,,,,,,,,,,,,,,13,7,,,,,B03,,,1,,2,,,7,,1,13,4,B03,120.696555,24.201,3
8689,66000,387130000C,(04)23274275,(04)23288582,2023,8,23,8,18,臺中市,神岡區,0,0,0,7,,,50,,,,,,,,,,,,,,11,84,,,,,B03,,,1,,2,,,84,,1,12,4,B03,120.704758,24.256692,3
8690,66000,387130000C,(04)23274275,(04)23288582,2023,8,23,8,20,臺中市,東區,0,1,0,7,2,6,50,5,1,1,5,4,6,6,4,4,10,5,5,2,17,84,2,9,2,1,F03,7,15,7,21,2,14,,84,84,1,12,4,F03,120.69315,24.132824,2
8691,66000,387130000C,(04)23274275,(04)23288582,2023,8,23,8,24,臺中市,西屯區,0,1,0,7,3,6,30,11,9,1,5,4,6,6,4,4,10,5,5,2,17,59,3,10,5,4,B03,7,6,1,8,2,4,,59,59,1,13,4,B03,120.642707,24.204835,2
8692,66000,387130000C,(04)23274275,(04)23288582,2023,8,23,8,29,臺中市,大里區,0,1,0,7,1,6,30,4,1,1,5,4,6,6,4,4,9,5,5,1,17,12,3,10,3,1,B12,7,9,1,8,2,16,,12,12,1,13,4,B12,120.703545,24.092031,2
8693,66000,387130000C,(04)23274275,(04)23288582,2023,8,23,8,30,臺中市,北區,0,2,0,7,3,6,50,4,1,1,5,4,6,6,4,4,10,5,5,2,15,15,2,9,1,1,C03,7,9,1,10,2,14,,15,15,1,13,4,C03,120.679966,24.162541,2
8694,66000,387130000C,(04)23274275,(04)23288582,2023,8,23,8,30,臺中市,南屯區,0,1,0,7,2,6,50,3,9,1,5,4,6,6,4,4,5,5,5,2,16,47,3,10,3,1,B02,7,5,1,8,2,2,,47,47,1,12,4,B02,120.632261,24.123265,2
8695,66000,387130000C,(04)23274275,(04)23288582,2023,8,23,8,30,臺中市,霧峰區,0,0,0,7,,,30,,,,,,,,,,,,,,13,7,,,,,A12,,,1,,2,,,7,,1,13,4,A12,120.66302,24.079751,3
8696,66000,387130000C,(04)23274275,(04)23288582,2023,8,23,8,30,臺中市,大甲區,0,1,0,7,2,6,50,13,9,1,5,4,6,6,4,4,5,5,5,1,18,51,2,9,2,1,C03,7,1,1,10,2,14,,51,51,1,6,4,C03,120.625216,24.347966,2
8697,66000,387130000C,(04)23274275,(04)23288582,2023,8,23,8,33,臺中市,中區,0,0,0,7,,,50,,,,,,,,,,,,,,13,84,,,,,B03,,,1,,1,,,84,,1,12,4,B03,120.677171,24.14578,3
8698,66000,387130000C,(04)23274275,(04)23288582,2023,8,23,8,35,臺中市,南屯區,0,0,0,7,,,40,,,,,,,,,,,,,,13,7,,,,,C03,,,1,,1,,,7,,1,6,4,C03,120.623498,24.144909,3
8699,66000,387130000C,(04)23274275,(04)23288582,2023,8,23,8,35,臺中市,太平區,0,0,0,7,,,50,,,,,,,,,,,,,,13,7,,,,,B12,,,1,,1,,,7,,1,12,4,B12,120.712182,24.144435,3
8700,66000,387130000C,(04)23274275,(04)23288582,2023,8,23,8,37,臺中市,西屯區,0,1,0,7,2,6,30,4,1,1,5,4,6,6,4,4,10,5,5,2,16,14,3,10,2,1,C03,7,6,1,10,2,12,,14,14,1,12,4,C03,120.666171,24.171698,2
8701,66000,387130000C,(04)23274275,(04)23288582,2023,8,23,8,37,臺中市,太平區,0,0,0,7,,,50,,,,,,,,,,,,,,17,43,,,,,B03,,,1,,2,,,43,,1,12,4,B03,120.706796,24.111769,3
8702,66000,387130000C,(04)23274275,(04)23288582,2023,8,23,8,38,臺中市,龍井區,0,1,0,7,2,6,50,5,1,1,5,4,6,6,3,1,10,5,5,2,30,82,2,9,5,4,C03,7,9,1,10,2,12,,82,82,1,13,4,C03,120.592604,24.181535,2
8703,66000,387130000C,(04)23274275,(04)23288582,2023,8,23,8,38,臺中市,豐原區,0,1,0,1,3,6,30,13,9,1,5,4,6,6,4,4,10,5,5,2,17,51,3,10,1,1,C03,7,1,5,19,2,11,,51,51,1,13,4,C03,120.727693,24.250338,2
8704,66000,387130000C,(04)23274275,(04)23288582,2023,8,23,8,40,臺中市,大里區,0,0,0,7,,,50,,,,,,,,,,,,,,12,58,,,,,A12,,,1,,2,,,58,58,1,13,4,A12,120.694326,24.089685,3
8705,66000,387130000C,(04)23274275,(04)23288582,2023,8,23,8,40,臺中市,神岡區,0,0,0,7,,,50,,,,,,,,,,,,,,11,62,,,,,C03,,,3,,9,,,62,,1,12,4,C03,120.704655,24.260885,3
8706,66000,387130000C,(04)23274275,(04)23288582,2023,8,23,8,40,臺中市,神岡區,0,1,0,7,3,6,50,5,1,1,5,4,6,6,1,1,5,5,4,1,17,11,3,10,3,1,B03,7,6,1,8,2,15,,11,11,1,13,4,B03,120.65542,24.258686,2
8707,66000,387130000C,(04)23274275,(04)23288582,2023,8,23,8,44,臺中市,潭子區,0,0,0,7,,,30,,,,,,,,,,,,,,,49,,,,,B03,,,1,,2,,,49,,1,13,4,B03,120.700268,24.190933,3
8708,66000,387130000C,(04)23274275,(04)23288582,2023,8,23,8,44,臺中市,北屯區,0,1,0,7,2,6,50,4,1,1,5,4,6,6,1,1,5,5,4,2,16,11,3,10,3,1,B03,7,6,1,8,2,2,,11,11,1,13,4,B03,120.680473,24.197879,2
8709,66000,387130000C,(04)23274275,(04)23288582,2023,8,23,8,44,臺中市,大里區,0,2,0,7,2,6,50,4,2,1,5,4,6,6,2,1,5,4,4,1,13,7,2,9,1,1,C03,7,9,1,10,2,11,,7,7,1,13,4,C03,120.684812,24.102333,2
8710,66000,387130000C,(04)23274275,(04)23288582,2023,8,23,8,48,臺中市,南屯區,0,1,0,7,2,6,40,4,1,1,5,4,6,6,1,1,10,5,5,2,16,11,3,10,3,1,A02,7,5,1,8,2,2,,11,11,1,12,4,A02,120.62267,24.140394,2
8711,66000,387130000C,(04)23274275,(04)23288582,2023,8,23,8,48,臺中市,霧峰區,0,1,0,7,2,6,40,4,1,1,5,4,6,6,1,1,9,4,5,1,13,48,2,9,2,1,C03,7,9,1,10,2,11,,59,48,1,13,4,C03,120.66174,24.07212,2
8712,66000,387130000C,(04)23274275,(04)23288582,2023,8,23,8,52,臺中市,太平區,0,0,0,7,,,50,,,,,,,,,,,,,,,26,,,,,B03,,,1,,2,,,26,,1,12,4,B03,120.712963,24.150006,3
8713,66000,387130000C,(04)23274275,(04)23288582,2023,8,23,8,55,臺中市,后里區,0,1,0,7,2,6,40,4,1,1,5,4,6,6,1,1,5,5,5,2,16,48,3,10,3,1,B03,7,6,1,8,2,5,,48,48,1,12,4,B03,120.717793,24.309618,2
8714,66000,387130000C,(04)23274275,(04)23288582,2023,8,23,8,56,臺中市,西區,0,0,0,7,,,50,,,,,,,,,,,,,,12,39,,,,,B03,,,1,,1,,,39,,1,13,4,B03,120.659787,24.156961,3
8715,66000,387130000C,(04)23274275,(04)23288582,2023,8,23,8,56,臺中市,大肚區,0,1,0,7,2,6,50,11,9,1,5,4,6,6,4,4,4,4,5,1,17,84,2,9,2,1,C03,7,11,1,10,2,11,,84,84,1,12,4,C03,120.554996,24.15053,2
8716,66000,387130000C,(04)23274275,(04)23288582,2023,8,23,8,57,臺中市,南屯區,0,1,0,7,2,6,50,4,1,1,5,4,6,6,2,1,3,4,5,2,17,11,3,10,3,1,B03,7,6,1,8,1,2,5,11,11,1,12,4,B03,120.64982,24.15081,2