序號,縣市別代碼,機關代碼,市話,傳真,年,月,日,時,分,縣市,區,死亡數量,受傷數量,2-30,天候,光線,道路類別,速限,道路型態,事故位置,路面鋪裝,路面狀態,路面缺陷,障礙物,視距,號誌種類,號誌動作,分向設施,快車道或一般車道間,快慢車道間,路面邊線,事故類型及型態,主要肇因,受傷程度,主要傷處,保護裝備,行動電話,當事者區分(類別),車輛用途,當事者行動狀態,駕駛資格情形,駕駛執照種類,飲酒情形,車輛撞擊部位最初,車輛撞擊部位其他,肇事因素個別,肇事因素主要,肇事逃逸,職業,旅次目的,車種,GPS座標X,GPS座標Y,事故類別
8717,66000,387130000C,(04)23274275,(04)23288582,2023,8,23,8,58,臺中市,太平區,0,0,0,7,,,30,,,,,,,,,,,,,,,84,,,,,B03,,,1,,1,,,84,,1,12,4,B03,120.716104,24.146819,3
8718,66000,387130000C,(04)23274275,(04)23288582,2023,8,23,8,59,臺中市,龍井區,0,0,0,7,,,60,,,,,,,,,,,,,,13,7,,,,,B02,,,1,,2,,,7,7,1,13,4,B02,120.587469,24.185406,3
8719,66000,387130000C,(04)23274275,(04)23288582,2023,8,23,9,3,臺中市,北屯區,0,1,0,7,2,6,50,13,7,1,5,4,6,6,4,4,7,5,4,2,12,1,3,10,3,1,B01,7,4,1,4,2,2,,1,1,1,12,4,B01,120.691646,24.175083,2
8720,66000,387130000C,(04)23274275,(04)23288582,2023,8,23,9,4,臺中市,南屯區,0,0,0,7,,,,,,,,,,,,,,,,,,119,,,,,,,,,,,,,119,,1,,,,120.637309,24.130189,3
8721,66000,387130000C,(04)23274275,(04)23288582,2023,8,23,9,5,臺中市,大里區,0,0,0,7,,,30,,,,,,,,,,,,,,14,49,,,,,B03,,,1,,2,,,49,,1,13,4,B03,120.66513,24.096811,3
8722,66000,387130000C,(04)23274275,(04)23288582,2023,8,23,9,6,臺中市,西屯區,0,0,0,7,,,60,,,,,,,,,,,,,,12,40,,,,,B03,,,1,,1,,,40,,1,12,4,B03,120.636439,24.160617,3
8723,66000,387130000C,(04)23274275,(04)23288582,2023,8,23,9,12,臺中市,西屯區,0,0,0,7,,,50,,,,,,,,,,,,,,,84,,,,,A12,,,1,,2,,,84,,1,13,4,A12,120.648425,24.163045,4
8724,66000,387130000C,(04)23274275,(04)23288582,2023,8,23,9,16,臺中市,西屯區,0,0,0,7,,,30,,,,,,,,,,,,,,9,8,,,,,B02,,,1,,2,,,8,,1,13,4,B02,120.64402,24.16902,3
8725,66000,387130000C,(04)23274275,(04)23288582,2023,8,23,9,21,臺中市,大里區,0,0,0,7,,,50,,,,,,,,,,,,,,11,39,,,,,B12,,,1,,9,,,39,,1,6,4,B12,120.697545,24.108333,3
8726,66000,387130000C,(04)23274275,(04)23288582,2023,8,23,9,22,臺中市,大里區,0,1,0,7,1,6,50,13,9,1,5,4,6,6,4,4,10,5,5,2,17,59,2,9,5,4,C03,7,9,1,10,2,12,,59,59,1,13,4,C03,120.694514,24.118216,2
8727,66000,387130000C,(04)23274275,(04)23288582,2023,8,23,9,23,臺中市,南屯區,0,1,0,7,2,6,50,4,2,1,5,4,6,6,4,4,1,2,4,2,13,7,2,4,1,1,C03,7,12,1,10,1,11,,7,7,1,6,4,C03,120.652971,24.140127,2
8728,66000,387130000C,(04)23274275,(04)23288582,2023,8,23,9,24,臺中市,西屯區,0,0,0,7,,,50,,,,,,,,,,,,,,14,49,,,,,B12,,,1,,2,,,49,,1,6,4,B12,120.649356,24.175396,3
8729,66000,387130000C,(04)23274275,(04)23288582,2023,8,23,9,28,臺中市,沙鹿區,0,0,0,7,,,40,,,,,,,,,,,,,,,59,,,,,A12,,,1,,2,,,59,,1,12,5,A12,120.582176,24.223871,3
8730,66000,387130000C,(04)23274275,(04)23288582,2023,8,23,9,29,臺中市,南區,0,1,0,7,2,6,50,4,1,1,5,4,6,6,1,1,10,5,5,2,15,21,3,10,3,1,B03,7,9,1,8,2,4,,21,21,1,12,4,B03,120.656321,24.119666,2
8731,66000,387130000C,(04)23274275,(04)23288582,2023,8,23,9,34,臺中市,沙鹿區,0,0,0,7,,,50,,,,,,,,,,,,,,,59,,,,,B03,,,1,,2,,,59,,1,12,4,B03,120.606947,24.247213,3
8732,66000,387130000C,(04)23274275,(04)23288582,2023,8,23,9,35,臺中市,西屯區,0,0,0,7,,,40,,,,,,,,,,,,,,17,51,,,,,B03,,,1,,1,,,51,,2,12,4,B03,120.637827,24.16813,3
8733,66000,387130000C,(04)23274275,(04)23288582,2023,8,23,9,43,臺中市,大里區,0,1,0,7,3,6,50,13,9,1,5,4,6,6,4,4,5,4,5,1,16,40,2,9,5,4,C03,7,8,1,10,2,14,,40,40,1,13,4,C03,120.68975,24.110889,2
8734,66000,387130000C,(04)23274275,(04)23288582,2023,8,23,9,43,臺中市,后里區,0,0,0,7,2,6,50,4,1,1,5,4,6,6,1,1,10,5,5,1,12,8,,,,,B12,,,1,,2,,,8,,1,6,4,B12,120.712432,24.304058,3
8735,66000,387130000C,(04)23274275,(04)23288582,2023,8,23,9,43,臺中市,神岡區,0,0,0,7,,,30,,,,,,,,,,,,,,,7,,,,,B12,,,1,,1,,,7,,1,13,4,B12,120.685765,24.235853,3
8736,66000,387130000C,(04)23274275,(04)23288582,2023,8,23,9,45,臺中市,大里區,0,0,0,7,,,80,,,,,,,,,,,,,,17,85,,,,,B12,,,1,,2,,,85,,1,6,4,B12,120.689847,24.09688,3
8737,66000,387130000C,(04)23274275,(04)23288582,2023,8,23,9,47,臺中市,南屯區,0,0,0,7,,,40,,,,,,,,,,,,,,,7,,,,,C03,,,1,,2,,,7,,1,12,4,C03,120.623677,24.143002,3
8738,66000,387130000C,(04)23274275,(04)23288582,2023,8,23,9,49,臺中市,西屯區,0,0,0,7,,,50,,,,,,,,,,,,,,,84,,,,,B03,,,1,,1,,,84,,1,13,4,B03,120.663196,24.164245,3
8739,66000,387130000C,(04)23274275,(04)23288582,2023,8,23,9,50,臺中市,梧棲區,0,0,0,7,,,50,,,,,,,,,,,,,,16,50,,,,,B12,,,1,,2,,,50,,1,6,4,B12,120.535384,24.263685,3
8740,66000,387130000C,(04)23274275,(04)23288582,2023,8,23,9,51,臺中市,太平區,0,0,0,7,,,50,,,,,,,,,,,,,,21,75,,,,,A12,,,1,,2,,,75,,1,12,4,A12,120.703891,24.114401,3
8741,66000,387130000C,(04)23274275,(04)23288582,2023,8,23,9,56,臺中市,東區,0,0,0,7,,,50,,,,,,,,,,,,,,,84,,,,,B03,,,1,,2,,,84,,1,13,4,B03,120.687838,24.140098,3
8742,66000,387130000C,(04)23274275,(04)23288582,2023,8,23,9,56,臺中市,后里區,0,2,0,7,2,6,50,4,2,1,5,4,6,6,1,1,4,4,5,1,17,6,2,9,2,1,C03,7,9,1,10,2,11,,6,6,1,12,4,C03,120.730752,24.308078,2
8743,66000,387130000C,(04)23274275,(04)23288582,2023,8,23,9,57,臺中市,西屯區,0,0,0,7,,,50,,,,,,,,,,,,,,,51,,,,,B03,,,1,,9,,,51,,2,12,4,B03,120.61852,24.177662,3
8744,66000,387130000C,(04)23274275,(04)23288582,2023,8,23,9,57,臺中市,西屯區,0,1,0,7,3,6,40,4,1,1,5,4,6,6,1,1,9,4,1,2,13,7,2,9,1,1,C03,7,9,1,10,2,11,,7,7,1,12,4,C03,120.649796,24.162755,2
8745,66000,387130000C,(04)23274275,(04)23288582,2023,8,23,9,57,臺中市,新社區,0,2,0,7,3,6,30,4,1,1,5,4,6,6,4,4,10,5,5,2,15,20,2,9,2,1,C03,7,9,1,10,2,11,,20,20,1,13,4,C03,120.812291,24.197603,2
8746,66000,387130000C,(04)23274275,(04)23288582,2023,8,23,10,2,臺中市,大甲區,0,2,0,7,2,6,50,4,1,1,5,4,6,6,4,4,10,5,5,2,15,12,2,9,3,1,B03,7,9,1,8,2,1,,12,12,1,6,4,B03,120.638103,24.427274,2
8747,66000,387130000C,(04)23274275,(04)23288582,2023,8,23,10,10,臺中市,南屯區,0,3,0,7,2,6,50,13,9,1,5,4,6,6,4,4,1,4,5,2,12,43,2,9,1,1,C04,7,8,1,10,2,14,,43,43,1,11,4,C04,120.646958,24.151284,2
8748,66000,387130000C,(04)23274275,(04)23288582,2023,8,23,10,16,臺中市,西屯區,0,0,0,7,,,30,,,,,,,,,,,,,,,84,,,,,C03,,,1,,1,,,84,,1,13,4,C03,120.626877,24.186917,3
8749,66000,387130000C,(04)23274275,(04)23288582,2023,8,23,10,19,臺中市,梧棲區,0,0,0,7,,,60,,,,,,,,,,,,,,13,7,,,,,B03,,,1,,1,,,7,,1,6,4,B03,120.53912,24.256453,3
8750,66000,387130000C,(04)23274275,(04)23288582,2023,8,23,10,24,臺中市,南屯區,0,1,0,7,2,6,50,4,1,1,5,4,6,6,2,1,10,5,5,2,18,58,2,9,2,1,C03,7,9,1,10,2,14,,58,58,1,12,4,C03,120.646802,24.146809,2
8751,66000,387130000C,(04)23274275,(04)23288582,2023,8,23,10,26,臺中市,霧峰區,0,0,0,7,,,50,,,,,,,,,,,,,,14,49,,,,,B12,,,1,,2,,,49,,1,13,4,B12,120.699718,24.062683,3
8752,66000,387130000C,(04)23274275,(04)23288582,2023,8,23,10,27,臺中市,沙鹿區,0,0,0,7,,,30,,,,,,,,,,,,,,30,71,,,,,A31,,,1,,2,,,71,,1,6,4,A31,120.565099,24.240084,3
8753,66000,387130000C,(04)23274275,(04)23288582,2023,8,23,10,29,臺中市,西屯區,0,0,0,7,,,1,,,,,,,,,,,,,,17,51,,,,,B02,,,1,,2,,,51,,1,13,4,B02,120.644418,24.175837,3
8754,66000,387130000C,(04)23274275,(04)23288582,2023,8,23,10,33,臺中市,神岡區,0,0,0,7,,,50,,,,,,,,,,,,,,13,58,,,,,B03,,,1,,2,,,58,,1,12,4,B03,120.699699,24.264329,3
8755,66000,387130000C,(04)23274275,(04)23288582,2023,8,23,10,34,臺中市,大里區,0,1,0,7,2,6,30,3,2,1,5,4,6,6,4,4,10,5,4,1,16,47,3,10,3,1,B12,7,5,1,7,2,5,,47,47,1,6,4,B12,120.669382,24.100097,2
8756,66000,387130000C,(04)23274275,(04)23288582,2023,8,23,10,34,臺中市,大甲區,0,0,0,7,,,40,,,,,,,,,,,,,,,51,,,,,B12,,,1,,1,,,51,51,1,13,4,B12,120.624383,24.340698,3
8757,66000,387130000C,(04)23274275,(04)23288582,2023,8,23,10,35,臺中市,清水區,0,0,0,7,,,60,,,,,,,,,,,,,,13,7,,,,,B03,,,1,,2,,,7,7,1,12,4,B03,120.567433,24.270303,3
8758,66000,387130000C,(04)23274275,(04)23288582,2023,8,23,10,37,臺中市,大里區,0,2,0,7,2,6,50,3,1,1,5,4,6,6,4,4,5,2,5,1,16,48,2,8,4,1,F01,7,6,7,21,2,13,,48,48,1,13,4,F01,120.695941,24.090877,2
8759,66000,387130000C,(04)23274275,(04)23288582,2023,8,23,10,40,臺中市,南區,0,2,0,7,2,6,50,3,1,1,5,4,6,6,4,4,1,4,5,2,13,7,2,9,1,1,C03,7,9,1,10,2,11,,7,7,1,12,4,C03,120.655776,24.114866,2
8760,66000,387130000C,(04)23274275,(04)23288582,2023,8,23,10,40,臺中市,豐原區,0,1,0,7,2,6,50,12,9,1,5,4,6,6,4,4,5,4,5,1,13,7,3,10,3,1,B03,7,9,1,8,2,5,,7,7,1,13,4,B03,120.702409,24.251474,2
8761,66000,387130000C,(04)23274275,(04)23288582,2023,8,23,10,45,臺中市,南屯區,0,0,0,7,,,50,,,,,,,,,,,,,,16,71,,,,,A41,,,1,,1,,,71,,1,6,4,A41,120.614876,24.153539,3
8762,66000,387130000C,(04)23274275,(04)23288582,2023,8,23,10,45,臺中市,南屯區,0,0,0,7,,,50,,,,,,,,,,,,,,,13,,,,,B03,,,1,,2,,,13,,1,12,4,B03,120.64302,24.137117,3
8763,66000,387130000C,(04)23274275,(04)23288582,2023,8,23,10,50,臺中市,烏日區,0,0,0,7,,,50,,,,,,,,,,,,,,13,84,,,,,B03,,,1,,2,,,84,,1,12,4,B03,120.606893,24.123351,3
8764,66000,387130000C,(04)23274275,(04)23288582,2023,8,23,10,52,臺中市,沙鹿區,0,0,0,7,,,50,,,,,,,,,,,,,,,49,,,,,B03,,,1,,2,,,49,49,1,12,5,B03,120.574375,24.226342,3
8765,66000,387130000C,(04)23274275,(04)23288582,2023,8,23,11,2,臺中市,西屯區,0,0,0,7,,,40,,,,,,,,,,,,,,,35,,,,,B03,,,1,,1,,,35,,1,13,4,B03,120.62904,24.163157,3
8766,66000,387130000C,(04)23274275,(04)23288582,2023,8,23,11,3,臺中市,烏日區,0,1,0,7,2,6,60,13,7,1,5,4,6,6,4,4,1,4,4,1,12,40,2,9,2,1,C03,7,8,1,10,2,14,,40,40,1,12,4,C03,120.641441,24.108974,2
8767,66000,387130000C,(04)23274275,(04)23288582,2023,8,23,11,5,臺中市,南區,0,1,0,7,2,6,50,13,9,1,5,4,6,6,4,4,5,2,5,2,17,76,3,10,3,1,B01,7,14,1,4,2,6,,76,76,1,12,4,B01,120.658909,24.117111,2
8768,66000,387130000C,(04)23274275,(04)23288582,2023,8,23,11,16,臺中市,西屯區,0,1,0,7,2,6,50,4,1,1,5,4,6,6,1,1,10,5,5,2,17,47,3,10,3,1,B03,7,5,1,8,2,5,,47,47,1,13,4,B03,120.663162,24.178929,2
8769,66000,387130000C,(04)23274275,(04)23288582,2023,8,23,11,17,臺中市,豐原區,0,2,0,7,3,6,50,13,7,1,5,4,6,6,4,4,5,5,4,2,11,84,2,9,1,1,C03,7,15,1,10,2,11,,84,84,1,13,4,C03,120.722677,24.240137,2
8770,66000,387130000C,(04)23274275,(04)23288582,2023,8,23,11,18,臺中市,潭子區,0,0,0,7,,,30,,,,,,,,,,,,,,11,41,,,,,A11,,,1,,1,,,41,,1,13,4,A11,120.725186,24.218292,3
8771,66000,387130000C,(04)23274275,(04)23288582,2023,8,23,11,20,臺中市,北屯區,0,0,0,7,,,50,,,,,,,,,,,,,,13,84,,,,,B12,,,1,,1,,,84,84,1,13,4,B12,120.697613,24.169888,3
8772,66000,387130000C,(04)23274275,(04)23288582,2023,8,23,11,23,臺中市,大里區,0,0,0,7,,,50,,,,,,,,,,,,,,14,49,,,,,B03,,,1,,9,,,49,,1,6,4,B03,120.685918,24.1034,3
8773,66000,387130000C,(04)23274275,(04)23288582,2023,8,23,11,26,臺中市,南區,0,1,0,7,3,6,50,13,9,1,5,4,6,6,2,1,3,5,5,2,13,7,2,9,5,4,C03,7,5,1,10,2,11,,7,7,1,13,4,C03,120.655457,24.115199,2
8774,66000,387130000C,(04)23274275,(04)23288582,2023,8,23,11,26,臺中市,西屯區,0,0,0,7,,,40,,,,,,,,,,,,,,13,7,,,,,B12,,,1,,1,,,7,,1,12,4,B12,120.584375,24.173109,3
8775,66000,387130000C,(04)23274275,(04)23288582,2023,8,23,11,29,臺中市,西屯區,0,2,0,7,2,6,50,4,1,1,5,4,6,6,4,4,10,5,5,2,15,20,3,10,3,1,B03,7,9,1,8,2,6,,20,20,1,12,4,B03,120.661704,24.166124,2
8776,66000,387130000C,(04)23274275,(04)23288582,2023,8,23,11,30,臺中市,西屯區,0,0,0,7,,,30,,,,,,,,,,,,,,,84,,,,,B03,,,1,,1,,,84,,1,13,4,B03,120.639168,24.18032,3
8777,66000,387130000C,(04)23274275,(04)23288582,2023,8,23,11,33,臺中市,西屯區,0,1,0,7,3,6,50,3,1,1,5,4,6,6,2,1,10,5,5,2,17,39,2,9,5,4,C03,7,9,1,10,2,14,,39,39,1,13,4,C03,120.613216,24.171574,2
8778,66000,387130000C,(04)23274275,(04)23288582,2023,8,23,11,37,臺中市,中區,0,0,0,7,,,50,,,,,,,,,,,,,,17,8,,,,,B03,,,1,,2,,,8,,1,12,4,B03,120.684323,24.137238,3
8779,66000,387130000C,(04)23274275,(04)23288582,2023,8,23,11,37,臺中市,大肚區,0,0,0,7,,,40,,,,,,,,,,,,,,,49,,,,,B03,,,1,,9,,,49,,1,12,4,B03,120.562447,24.135873,3
8780,66000,387130000C,(04)23274275,(04)23288582,2023,8,23,11,40,臺中市,東區,0,0,0,7,,,50,,,,,,,,,,,,,,,84,,,,,B03,,,1,,2,,,84,,1,12,4,B03,120.691641,24.125536,3
8781,66000,387130000C,(04)23274275,(04)23288582,2023,8,23,11,41,臺中市,太平區,0,0,0,7,,,50,,,,,,,,,,,,,,,84,,,,,C03,,,1,,2,,,84,,1,12,4,C03,120.710557,24.139459,3
8782,66000,387130000C,(04)23274275,(04)23288582,2023,8,23,11,43,臺中市,西屯區,0,0,0,7,,,40,,,,,,,,,,,,,,2,39,,,,,B03,,,1,,1,,,39,,1,12,4,B03,120.645866,24.164491,3
8783,66000,387130000C,(04)23274275,(04)23288582,2023,8,23,11,43,臺中市,西屯區,0,0,0,7,,,50,,,,,,,,,,,,,,,84,,,,,B03,,,1,,11,,,84,,2,13,4,B03,120.610002,24.185449,3
8784,66000,387130000C,(04)23274275,(04)23288582,2023,8,23,11,45,臺中市,中區,0,0,0,7,2,7,50,,,1,5,4,6,6,1,1,1,5,5,2,12,39,,,,,C03,,,1,,2,,,39,,1,12,4,C03,120.685665,24.138348,3
8785,66000,387130000C,(04)23274275,(04)23288582,2023,8,23,11,48,臺中市,大雅區,0,0,0,7,2,6,50,13,23,1,5,4,6,6,4,4,9,5,5,2,17,59,,,,,B12,,,1,,1,,,59,,1,12,4,B12,120.649223,24.22929,3
8786,66000,387130000C,(04)23274275,(04)23288582,2023,8,23,11,54,臺中市,東區,0,0,0,7,2,6,40,4,8,1,5,4,6,6,1,1,5,5,4,2,17,84,3,10,1,1,C03,7,9,1,10,2,11,,84,84,1,12,4,C03,120.701746,24.138781,3
8787,66000,387130000C,(04)23274275,(04)23288582,2023,8,23,11,58,臺中市,外埔區,0,1,0,7,2,6,50,13,9,1,5,4,6,6,4,4,9,5,5,1,19,59,2,9,3,1,B03,7,9,1,8,2,4,,59,59,1,12,4,B03,120.693796,24.345794,2
8788,66000,387130000C,(04)23274275,(04)23288582,2023,8,23,12,0,臺中市,東區,0,0,0,7,,,50,,,,,,,,,,,,,,,77,,,,,B03,,,1,,2,,,77,,1,6,4,B03,120.685536,24.135418,3
8789,66000,387130000C,(04)23274275,(04)23288582,2023,8,23,12,1,臺中市,北屯區,0,0,0,7,,,50,,,,,,,,,,,,,,12,84,,,,,C03,,,1,,1,,,84,,1,12,4,C03,120.704901,24.169209,3
8790,66000,387130000C,(04)23274275,(04)23288582,2023,8,23,12,2,臺中市,北區,0,2,0,7,2,6,30,4,1,1,5,4,6,6,4,4,10,5,5,2,15,15,2,7,1,1,C03,7,9,1,10,2,12,,15,15,1,12,4,C03,120.670538,24.16628,2
8791,66000,387130000C,(04)23274275,(04)23288582,2023,8,23,12,2,臺中市,沙鹿區,0,1,0,7,3,6,50,3,1,1,5,4,6,6,4,4,10,5,5,2,17,51,3,10,3,1,B03,7,1,1,8,2,4,,51,51,1,12,4,B03,120.566505,24.240932,2
8792,66000,387130000C,(04)23274275,(04)23288582,2023,8,23,12,4,臺中市,北屯區,0,1,0,7,2,6,50,13,9,1,5,4,6,6,4,4,10,4,5,2,16,20,3,10,3,1,B03,7,6,1,8,2,1,,20,20,1,12,4,B03,120.714771,24.163639,2
8793,66000,387130000C,(04)23274275,(04)23288582,2023,8,23,12,4,臺中市,東勢區,0,1,0,7,2,6,50,4,19,1,5,4,6,6,1,1,10,5,5,2,1,10,3,10,5,4,B12,7,6,1,7,9,8,,10,10,1,12,4,B12,120.828037,24.260225,2
8794,66000,387130000C,(04)23274275,(04)23288582,2023,8,23,12,6,臺中市,西區,0,2,0,7,3,6,40,13,8,1,5,4,6,6,4,4,1,4,1,2,17,51,2,8,2,1,C03,7,1,1,10,2,14,,51,51,1,13,4,C03,120.665472,24.153602,2
8795,66000,387130000C,(04)23274275,(04)23288582,2023,8,23,12,7,臺中市,西區,0,0,0,7,,,50,,,,,,,,,,,,,,13,84,,,,,B03,,,1,,1,,,84,,1,12,4,B03,120.654324,24.150679,3
8796,66000,387130000C,(04)23274275,(04)23288582,2023,8,23,12,8,臺中市,西屯區,0,0,0,7,,,50,,,,,,,,,,,,,,16,35,,,,,B02,,,1,,2,,,35,,1,13,4,B02,120.617384,24.184501,3
8797,66000,387130000C,(04)23274275,(04)23288582,2023,8,23,12,10,臺中市,大里區,0,0,0,7,,,50,,,,,,,,,,,,,,14,49,,,,,B03,,,1,,2,,,49,,1,13,4,B03,120.675599,24.10297,4
8798,66000,387130000C,(04)23274275,(04)23288582,2023,8,23,12,13,臺中市,大雅區,0,1,0,7,1,6,50,13,9,1,5,4,6,6,4,4,5,5,5,1,16,45,2,7,2,1,C03,7,11,1,10,2,11,,45,45,1,12,4,C03,120.649008,24.225232,2
8799,66000,387130000C,(04)23274275,(04)23288582,2023,8,23,12,13,臺中市,西屯區,0,0,0,7,,,50,,,,,,,,,,,,,,17,50,,,,,B03,,,1,,2,,,50,,1,12,4,B03,120.649921,24.156536,3
8800,66000,387130000C,(04)23274275,(04)23288582,2023,8,23,12,20,臺中市,豐原區,0,1,0,7,3,6,50,3,1,1,5,4,6,6,4,4,9,5,4,2,17,14,3,10,3,1,B03,7,6,1,8,2,8,,14,14,1,11,4,B03,120.714637,24.250686,2
8801,66000,387130000C,(04)23274275,(04)23288582,2023,8,23,12,24,臺中市,沙鹿區,0,0,0,7,2,6,50,3,2,1,5,,6,6,4,4,10,5,5,2,16,48,3,10,5,1,C03,7,6,3,19,8,12,,48,14,1,12,4,C03,120.570469,24.219736,3
8802,66000,387130000C,(04)23274275,(04)23288582,2023,8,23,12,25,臺中市,西區,0,2,0,7,2,6,50,3,1,1,5,4,6,6,4,4,10,5,5,2,16,13,2,7,2,1,C03,7,6,1,10,2,11,,13,13,1,13,4,C03,120.670283,24.143458,2
8803,66000,387130000C,(04)23274275,(04)23288582,2023,8,23,12,29,臺中市,西屯區,0,0,0,7,,,40,,,,,,,,,,,,,,,84,,,,,C02,,,3,,1,,,84,,1,13,4,C02,120.656454,24.158447,3
8804,66000,387130000C,(04)23274275,(04)23288582,2023,8,23,12,35,臺中市,大雅區,0,0,0,7,,,50,,,,,,,,,,,,,,,50,,,,,B03,,,1,,2,,,50,50,1,12,4,B03,120.653414,24.219225,3
8805,66000,387130000C,(04)23274275,(04)23288582,2023,8,23,12,46,臺中市,北區,0,0,0,7,,,50,,,,,,,,,,,,,,11,8,,,,,B03,,,1,,1,,,8,,1,12,4,B03,120.692929,24.160202,3
8806,66000,387130000C,(04)23274275,(04)23288582,2023,8,23,12,48,臺中市,沙鹿區,0,0,0,7,,,60,,,,,,,,,,,,,,,59,,,,,B03,,,1,,1,,,59,,1,12,5,B03,120.590874,24.250115,3
8807,66000,387130000C,(04)23274275,(04)23288582,2023,8,23,12,50,臺中市,北區,0,1,0,7,3,6,50,3,1,1,5,4,6,6,2,1,2,4,5,2,17,84,3,10,3,1,B03,7,10,1,8,2,5,,84,84,1,13,4,B03,120.684381,24.162884,2
8808,66000,387130000C,(04)23274275,(04)23288582,2023,8,23,13,0,臺中市,潭子區,0,2,0,7,2,6,50,3,2,1,5,4,6,6,4,4,8,4,5,1,16,14,2,8,2,1,C03,7,6,1,10,2,13,,14,14,1,13,4,C03,120.707074,24.212763,2
8809,66000,387130000C,(04)23274275,(04)23288582,2023,8,23,13,3,臺中市,北屯區,0,0,0,7,,,50,,,,,,,,,,,,,,,59,,,,,B03,,,1,,9,,,59,,1,13,4,B03,120.693893,24.167972,3
8810,66000,387130000C,(04)23274275,(04)23288582,2023,8,23,13,9,臺中市,南屯區,0,1,0,7,2,6,50,13,9,1,5,4,6,6,4,4,1,4,5,2,12,51,3,10,3,1,B03,7,1,1,8,2,4,,51,51,1,12,4,B03,120.647077,24.151447,2
8811,66000,387130000C,(04)23274275,(04)23288582,2023,8,23,13,12,臺中市,大肚區,0,0,0,7,,,50,,,,,,,,,,,,,,,47,,,,,B03,,,1,,2,,,47,,1,12,4,B03,120.530631,24.173473,3
8812,66000,387130000C,(04)23274275,(04)23288582,2023,8,23,13,16,臺中市,西屯區,0,0,0,7,,,50,,,,,,,,,,,,,,,84,,,,,A12,,,1,,2,,,84,,1,13,4,A12,120.618907,24.184707,3
8813,66000,387130000C,(04)23274275,(04)23288582,2023,8,23,13,17,臺中市,西區,0,0,0,7,,,50,,,,,,,,,,,,,,13,7,,,,,B03,,,1,,1,,,7,,1,12,4,B03,120.666118,24.153344,3
8814,66000,387130000C,(04)23274275,(04)23288582,2023,8,23,13,17,臺中市,西屯區,0,1,0,7,2,6,60,3,2,1,5,4,6,6,2,1,1,4,1,2,13,59,2,9,5,4,B03,7,7,1,10,2,1,,59,59,1,12,4,B03,120.634845,24.160867,2
8815,66000,387130000C,(04)23274275,(04)23288582,2023,8,23,13,18,臺中市,沙鹿區,0,0,0,7,,,30,,,,,,,,,,,,,,,49,,,,,B12,,,1,,2,,,49,,1,13,4,B12,120.574815,24.242298,3
8816,66000,387130000C,(04)23274275,(04)23288582,2023,8,23,13,20,臺中市,西區,0,0,0,7,,,50,,,,,,,,,,,,,,12,51,,,,,B03,,,1,,1,,,51,,1,12,4,B03,120.675356,24.136376,3
8817,66000,387130000C,(04)23274275,(04)23288582,2023,8,23,13,20,臺中市,東區,0,0,0,7,,,50,,,,,,,,,,,,,,,7,,,,,B12,,,1,,2,,,7,,1,13,4,B12,120.689893,24.132163,3
8818,66000,387130000C,(04)23274275,(04)23288582,2023,8,23,13,30,臺中市,烏日區,0,1,0,7,1,6,40,13,9,1,5,4,6,6,4,4,10,5,5,2,13,77,3,10,3,1,B12,7,14,1,8,2,3,,77,77,1,13,4,B12,120.583857,24.111654,2
8819,66000,387130000C,(04)23274275,(04)23288582,2023,8,23,13,32,臺中市,西屯區,0,2,0,7,2,6,50,3,1,1,5,4,6,6,2,1,10,5,5,2,17,51,2,9,2,1,C03,7,1,1,10,2,14,,51,51,1,5,4,C03,120.639194,24.169461,2
8820,66000,387130000C,(04)23274275,(04)23288582,2023,8,23,13,32,臺中市,東勢區,0,2,0,7,3,6,30,13,9,1,5,4,6,6,4,4,10,5,5,2,17,51,3,10,1,1,C03,7,1,1,10,2,11,,51,51,1,13,4,C03,120.831251,24.253498,2
8821,66000,387130000C,(04)23274275,(04)23288582,2023,8,23,13,33,臺中市,北區,0,1,0,7,2,6,50,13,9,1,5,4,6,6,4,4,5,5,5,2,17,59,3,10,3,1,B03,7,9,1,8,2,1,,59,59,1,12,4,B03,120.675823,24.150571,2
8822,66000,387130000C,(04)23274275,(04)23288582,2023,8,23,13,40,臺中市,東區,0,1,0,7,2,6,50,13,9,1,5,4,6,6,4,4,5,5,5,2,13,59,2,8,2,1,C03,7,9,1,10,2,11,,59,59,1,12,4,C03,120.707503,24.143932,2
8823,66000,387130000C,(04)23274275,(04)23288582,2023,8,23,13,46,臺中市,太平區,0,1,0,7,2,6,30,3,1,1,5,4,6,6,1,1,10,5,5,2,16,21,3,10,3,1,B03,7,9,3,19,9,1,,21,21,1,12,4,B03,120.728686,24.150141,2
8824,66000,387130000C,(04)23274275,(04)23288582,2023,8,23,13,53,臺中市,西區,0,0,0,7,,,50,,,,,,,,,,,,,,,8,,,,,B03,,,1,,1,,,8,,1,13,4,B03,120.675341,24.138191,3
8825,66000,387130000C,(04)23274275,(04)23288582,2023,8,23,13,55,臺中市,大里區,0,2,0,7,2,6,50,13,9,1,5,4,6,6,1,1,5,2,5,1,12,35,2,8,2,1,C03,7,15,5,19,2,14,,87,35,1,13,4,C03,120.679898,24.109349,2