序號,縣市別代碼,機關代碼,市話,傳真,年,月,日,時,分,縣市,區,死亡數量,受傷數量,2-30,天候,光線,道路類別,速限,道路型態,事故位置,路面鋪裝,路面狀態,路面缺陷,障礙物,視距,號誌種類,號誌動作,分向設施,快車道或一般車道間,快慢車道間,路面邊線,事故類型及型態,主要肇因,受傷程度,主要傷處,保護裝備,行動電話,當事者區分(類別),車輛用途,當事者行動狀態,駕駛資格情形,駕駛執照種類,飲酒情形,車輛撞擊部位最初,車輛撞擊部位其他,肇事因素個別,肇事因素主要,肇事逃逸,職業,旅次目的,車種,GPS座標X,GPS座標Y,事故類別
8826,66000,387130000C,(04)23274275,(04)23288582,2023,8,23,13,56,臺中市,霧峰區,0,0,0,7,,,40,,,,,,,,,,,,,,13,7,,,,,A05,,,1,,2,,,7,,1,6,4,A05,120.662755,24.071669,3
8827,66000,387130000C,(04)23274275,(04)23288582,2023,8,23,13,57,臺中市,南區,0,1,0,7,2,6,50,4,1,1,5,4,6,6,2,1,3,2,5,2,30,59,2,9,1,1,C03,7,9,1,10,2,12,,59,59,1,12,4,C03,120.655457,24.115199,2
8828,66000,387130000C,(04)23274275,(04)23288582,2023,8,23,14,0,臺中市,沙鹿區,0,0,0,7,,,50,,,,,,,,,,,,,,14,49,,,,,B03,,,1,,2,,,49,,1,13,4,B03,120.570647,24.213371,3
8829,66000,387130000C,(04)23274275,(04)23288582,2023,8,23,14,4,臺中市,太平區,0,2,0,7,3,6,30,4,1,1,5,4,6,6,3,1,5,5,5,2,15,12,2,9,2,1,C03,7,9,1,10,2,12,,12,12,1,12,4,C03,120.715599,24.14521,2
8830,66000,387130000C,(04)23274275,(04)23288582,2023,8,23,14,4,臺中市,梧棲區,0,1,0,7,2,6,50,4,1,1,5,4,6,6,1,1,10,5,5,2,15,21,3,10,3,1,B03,7,9,1,8,2,2,,21,21,1,6,4,B03,120.551653,24.254721,2
8831,66000,387130000C,(04)23274275,(04)23288582,2023,8,23,14,5,臺中市,東勢區,0,0,0,7,,,50,,,,,,,,,,,,,,,45,,,,,B02,,,1,,2,,,45,,1,13,4,B02,120.830749,24.252545,3
8832,66000,387130000C,(04)23274275,(04)23288582,2023,8,23,14,6,臺中市,潭子區,0,0,0,7,,,30,,,,,,,,,,,,,,,20,,,,,B03,,,1,,2,,,20,,1,12,4,B03,120.706949,24.211374,3
8833,66000,387130000C,(04)23274275,(04)23288582,2023,8,23,14,7,臺中市,南屯區,0,1,0,7,3,6,40,13,8,1,5,4,6,6,4,4,2,4,5,2,13,7,3,10,5,4,C03,7,9,5,19,2,12,,7,7,1,12,4,C03,120.623145,24.150405,2
8834,66000,387130000C,(04)23274275,(04)23288582,2023,8,23,14,8,臺中市,西屯區,0,0,0,7,,,50,,,,,,,,,,,,,,,84,,,,,B03,,,1,,2,,,84,,1,13,4,B03,120.619143,24.18189,3
8835,66000,387130000C,(04)23274275,(04)23288582,2023,8,23,14,9,臺中市,西屯區,0,0,0,7,,,40,,,,,,,,,,,,,,12,51,,,,,A11,,,1,,1,,,51,,1,12,4,A11,120.635349,24.169426,3
8836,66000,387130000C,(04)23274275,(04)23288582,2023,8,23,14,9,臺中市,豐原區,0,0,0,7,,,50,,,,,,,,,,,,,,13,7,,,,,B12,,,1,,2,,,7,,1,12,4,B12,120.69937,24.248335,3
8837,66000,387130000C,(04)23274275,(04)23288582,2023,8,23,14,13,臺中市,北屯區,0,0,0,7,,,50,,,,,,,,,,,,,,17,84,,,,,B12,,,1,,2,,,84,84,1,13,4,B12,120.666838,24.186917,3
8838,66000,387130000C,(04)23274275,(04)23288582,2023,8,23,14,15,臺中市,西屯區,0,1,0,7,2,6,50,4,1,1,5,4,6,6,2,1,10,5,5,2,12,8,3,10,1,1,C03,7,9,1,10,2,13,,8,8,1,13,4,C03,120.637979,24.180788,2
8839,66000,387130000C,(04)23274275,(04)23288582,2023,8,23,14,25,臺中市,南區,0,0,0,7,,,50,,,,,,,,,,,,,,,50,,,,,B12,,,1,,2,,,50,,1,13,4,B12,120.657425,24.113175,3
8840,66000,387130000C,(04)23274275,(04)23288582,2023,8,23,14,25,臺中市,西屯區,0,0,0,7,,,50,,,,,,,,,,,,,,13,84,,,,,B03,,,1,,2,,,84,,1,6,4,B03,120.656181,24.194057,3
8841,66000,387130000C,(04)23274275,(04)23288582,2023,8,23,14,26,臺中市,南區,0,1,0,7,2,6,50,4,1,1,5,4,6,6,1,1,3,4,4,2,16,11,3,10,3,1,B03,7,5,1,8,2,6,,11,11,1,12,4,B03,120.653659,24.113755,2
8842,66000,387130000C,(04)23274275,(04)23288582,2023,8,23,14,27,臺中市,北屯區,0,1,0,7,2,6,50,4,1,1,5,4,6,6,2,1,10,5,5,2,18,43,2,9,2,1,C03,7,9,1,10,2,12,,43,43,1,6,4,C03,120.683808,24.177657,2
8843,66000,387130000C,(04)23274275,(04)23288582,2023,8,23,14,27,臺中市,太平區,0,0,0,7,,,40,,,,,,,,,,,,,,,84,,,,,B12,,,1,,2,,,84,,1,12,4,B12,120.722234,24.109775,3
8844,66000,387130000C,(04)23274275,(04)23288582,2023,8,23,14,28,臺中市,南區,0,0,0,7,,,50,,,,,,,,,,,,,,,45,,,,,B03,,,1,,2,,,45,,1,12,4,B03,120.662285,24.128018,3
8845,66000,387130000C,(04)23274275,(04)23288582,2023,8,23,14,28,臺中市,南屯區,0,1,0,7,2,6,30,4,1,1,5,4,6,6,4,4,10,5,5,2,15,15,3,10,3,1,B12,7,9,1,8,2,1,,15,15,1,13,4,B12,120.639306,24.137679,2
8846,66000,387130000C,(04)23274275,(04)23288582,2023,8,23,14,31,臺中市,大里區,0,1,0,7,3,6,50,4,1,1,5,4,6,6,2,1,3,4,4,1,13,7,2,8,5,4,C03,7,9,1,10,2,11,,7,7,1,13,4,C03,120.679898,24.109349,2
8847,66000,387130000C,(04)23274275,(04)23288582,2023,8,23,14,33,臺中市,北屯區,0,0,0,7,,,50,,,,,,,,,,,,,,9,51,,,,,B03,,,1,,2,,,51,,1,12,4,B03,120.670569,24.178631,3
8848,66000,387130000C,(04)23274275,(04)23288582,2023,8,23,14,34,臺中市,北區,0,0,0,7,,,30,,,,,,,,,,,,,,17,39,,,,,C03,,,1,,1,,,39,,1,13,4,C03,120.686802,24.154276,3
8849,66000,387130000C,(04)23274275,(04)23288582,2023,8,23,14,34,臺中市,豐原區,0,1,0,7,3,6,50,3,3,1,5,4,6,6,4,4,1,5,5,1,16,20,3,10,3,1,B03,7,5,1,8,2,5,,20,20,1,13,4,B03,120.745989,24.269695,2
8850,66000,387130000C,(04)23274275,(04)23288582,2023,8,23,14,35,臺中市,清水區,0,0,0,7,,,40,,,,,,,,,,,,,,,50,,,,,B03,,,1,,2,,,50,50,1,11,4,B03,120.573626,24.269478,3
8851,66000,387130000C,(04)23274275,(04)23288582,2023,8,23,14,39,臺中市,南區,0,0,0,7,,,30,,,,,,,,,,,,,,,49,,,,,B03,,,1,,1,,,49,,1,9,4,B03,120.660649,24.125397,3
8852,66000,387130000C,(04)23274275,(04)23288582,2023,8,23,14,40,臺中市,霧峰區,0,3,0,7,1,6,50,4,1,1,5,4,6,6,4,4,9,5,4,1,16,48,2,9,1,1,C03,7,6,1,10,2,12,,48,48,1,13,4,C03,120.699724,24.072704,2
8853,66000,387130000C,(04)23274275,(04)23288582,2023,8,23,14,41,臺中市,北屯區,0,1,0,7,2,6,50,13,8,1,5,4,6,6,4,4,5,5,4,2,16,51,3,10,3,1,B03,7,1,1,8,2,8,,51,51,1,12,4,B03,120.725072,24.158639,2
8854,66000,387130000C,(04)23274275,(04)23288582,2023,8,23,14,44,臺中市,南屯區,0,0,0,7,,,40,,,,,,,,,,,,,,,84,,,,,C03,,,1,,1,,,84,84,1,12,4,C03,120.634143,24.159279,3
8855,66000,387130000C,(04)23274275,(04)23288582,2023,8,23,14,45,臺中市,西屯區,0,0,0,7,,,40,,,,,,,,,,,,,,,49,,,,,B03,,,1,,2,,,49,,1,13,4,B03,120.637348,24.185146,3
8856,66000,387130000C,(04)23274275,(04)23288582,2023,8,23,14,52,臺中市,西區,0,1,0,7,2,6,50,3,1,1,5,4,6,6,4,4,5,5,5,2,17,39,2,9,5,4,C03,7,5,1,10,2,11,,39,39,1,12,4,C03,120.655135,24.150315,2
8857,66000,387130000C,(04)23274275,(04)23288582,2023,8,23,14,56,臺中市,南屯區,0,1,0,7,2,6,50,13,7,1,5,4,6,6,4,4,5,4,4,2,17,32,3,10,3,1,B03,7,11,1,8,2,7,,32,32,1,12,4,B03,120.648689,24.153609,2
8858,66000,387130000C,(04)23274275,(04)23288582,2023,8,23,14,58,臺中市,南區,0,0,0,7,,,50,,,,,,,,,,,,,,,7,,,,,B12,,,1,,2,,,7,,1,13,4,B12,120.668629,24.128937,3
8859,66000,387130000C,(04)23274275,(04)23288582,2023,8,23,14,58,臺中市,西屯區,0,0,0,7,,,50,,,,,,,,,,,,,,13,8,,,,,B03,,,1,,1,,,8,,1,12,4,B03,120.644308,24.203442,3
8860,66000,387130000C,(04)23274275,(04)23288582,2023,8,23,15,0,臺中市,南區,0,0,0,7,,,50,,,,,,,,,,,,,,30,119,,,,,,,,,,,,,119,,1,,,,120.659512,24.124038,3
8861,66000,387130000C,(04)23274275,(04)23288582,2023,8,23,15,3,臺中市,神岡區,0,2,0,7,2,6,50,3,1,1,5,4,6,6,1,1,1,4,4,1,16,26,2,8,1,1,C03,7,5,1,10,2,12,,26,26,1,12,4,C03,120.689839,24.247779,2
8862,66000,387130000C,(04)23274275,(04)23288582,2023,8,23,15,7,臺中市,東區,0,1,0,7,2,6,50,4,1,1,5,4,6,6,1,1,10,5,5,2,16,48,2,9,2,1,C03,7,6,1,10,2,14,,48,48,1,6,4,C03,120.692441,24.140098,2
8863,66000,387130000C,(04)23274275,(04)23288582,2023,8,23,15,8,臺中市,西屯區,0,1,0,7,2,6,50,4,1,1,5,4,6,6,1,1,10,5,5,2,15,84,2,9,5,4,B03,7,9,1,8,1,1,,84,84,1,12,4,B03,120.649221,24.159259,2
8864,66000,387130000C,(04)23274275,(04)23288582,2023,8,23,15,10,臺中市,神岡區,0,1,0,7,1,6,30,3,1,1,5,4,6,6,4,4,10,5,5,2,17,14,3,10,3,1,B03,7,6,1,8,2,7,,14,20,1,6,4,B03,120.672948,24.251133,2
8865,66000,387130000C,(04)23274275,(04)23288582,2023,8,23,15,12,臺中市,北屯區,0,0,0,7,,,50,,,,,,,,,,,,,,13,59,,,,,B03,,,1,,2,,,59,59,1,6,4,B03,120.66065,24.191436,3
8866,66000,387130000C,(04)23274275,(04)23288582,2023,8,23,15,13,臺中市,北屯區,0,1,0,7,2,6,50,3,2,1,5,4,6,6,4,4,5,5,5,2,17,14,2,9,1,1,C03,7,6,1,10,2,12,,14,14,1,12,4,C03,120.692111,24.184387,2
8867,66000,387130000C,(04)23274275,(04)23288582,2023,8,23,15,15,臺中市,南區,0,0,0,7,2,6,50,4,1,1,5,4,6,6,1,1,10,5,5,2,12,40,3,10,3,1,B03,7,7,1,8,2,6,,40,40,1,6,4,B03,120.684557,24.129493,3
8868,66000,387130000C,(04)23274275,(04)23288582,2023,8,23,15,22,臺中市,西屯區,0,1,0,7,2,6,50,4,1,1,5,4,6,6,1,1,10,5,5,2,16,11,3,10,3,1,B01,7,5,1,4,2,2,,11,11,1,12,4,B01,120.652605,24.206959,2
8869,66000,387130000C,(04)23274275,(04)23288582,2023,8,23,15,25,臺中市,北區,0,1,0,7,2,6,40,3,1,1,5,4,6,6,3,1,5,5,4,2,16,51,3,10,3,1,B03,7,1,1,8,2,4,,51,51,1,12,4,B03,120.684265,24.159089,2
8870,66000,387130000C,(04)23274275,(04)23288582,2023,8,23,15,25,臺中市,北屯區,0,1,0,7,2,6,30,4,19,1,5,4,6,6,2,1,10,5,5,2,3,21,3,10,3,1,B03,7,9,1,8,2,2,,21,21,1,13,4,B03,120.697636,24.168629,2
8871,66000,387130000C,(04)23274275,(04)23288582,2023,8,23,15,27,臺中市,南屯區,0,0,0,7,,,40,,,,,,,,,,,,,,14,49,,,,,B03,,,1,,1,,,49,,1,13,4,B03,120.643807,24.148205,3
8872,66000,387130000C,(04)23274275,(04)23288582,2023,8,23,15,27,臺中市,北屯區,0,0,0,7,,,50,,,,,,,,,,,,,,14,49,,,,,B03,,,1,,1,,,49,49,1,6,4,B03,120.694977,24.179824,3
8873,66000,387130000C,(04)23274275,(04)23288582,2023,8,23,15,28,臺中市,北屯區,0,0,0,7,,,50,,,,,,,,,,,,,,16,14,,,,,B03,,,1,,1,,,14,,1,13,4,B03,120.689069,24.19889,3
8874,66000,387130000C,(04)23274275,(04)23288582,2023,8,23,15,30,臺中市,東區,0,1,0,7,3,6,50,4,1,1,5,4,6,6,1,1,10,5,5,2,17,11,3,10,3,1,B03,7,6,1,8,2,5,,11,11,1,12,4,B03,120.692483,24.151715,2
8875,66000,387130000C,(04)23274275,(04)23288582,2023,8,23,15,30,臺中市,西屯區,0,0,0,7,,,50,,,,,,,,,,,,,,17,87,,,,,C03,,,1,,1,,,87,,1,12,4,C03,120.647056,24.157512,3
8876,66000,387130000C,(04)23274275,(04)23288582,2023,8,23,15,30,臺中市,西屯區,0,0,0,7,,,40,,,,,,,,,,,,,,,7,,,,,C03,,,1,,1,,,7,,1,12,4,C03,120.654173,24.159716,3
8877,66000,387130000C,(04)23274275,(04)23288582,2023,8,23,15,33,臺中市,北區,0,0,0,7,,,40,,,,,,,,,,,,,,16,51,,,,,B03,,,1,,1,,,51,,1,13,4,B03,120.685024,24.147688,3
8878,66000,387130000C,(04)23274275,(04)23288582,2023,8,23,15,36,臺中市,新社區,0,0,0,5,,,50,,,,,,,,,,,,,,,49,,,,,B12,,,1,,1,,,49,49,1,7,4,B12,120.821075,24.208409,3
8879,66000,387130000C,(04)23274275,(04)23288582,2023,8,23,15,39,臺中市,南區,0,0,0,7,2,6,50,13,9,1,5,4,6,6,4,4,1,4,5,2,13,7,3,10,3,1,B03,7,9,1,7,2,1,,7,7,1,6,4,B03,120.657018,24.130546,3
8880,66000,387130000C,(04)23274275,(04)23288582,2023,8,23,15,39,臺中市,西屯區,0,1,0,7,2,6,50,3,1,1,5,4,6,6,1,1,5,4,5,2,16,11,3,10,3,1,B03,7,5,1,8,2,2,,11,11,1,13,4,B03,120.599728,24.163176,2
8881,66000,387130000C,(04)23274275,(04)23288582,2023,8,23,15,41,臺中市,北屯區,0,0,0,7,,,50,,,,,,,,,,,,,,12,8,,,,,B12,,,1,,1,,,8,8,1,6,4,B12,120.719208,24.175849,3
8882,66000,387130000C,(04)23274275,(04)23288582,2023,8,23,15,41,臺中市,大里區,0,0,0,7,2,6,60,4,1,1,5,4,6,6,1,1,1,2,5,1,17,87,,,,,B12,,,1,,2,,,87,,1,13,4,B12,120.676281,24.086055,3
8883,66000,387130000C,(04)23274275,(04)23288582,2023,8,23,15,48,臺中市,西屯區,0,0,0,7,,,50,,,,,,,,,,,,,,,20,,,,,B03,,,1,,1,,,20,,1,12,4,B03,120.610119,24.17054,3
8884,66000,387130000C,(04)23274275,(04)23288582,2023,8,23,15,50,臺中市,神岡區,0,0,0,7,,,50,,,,,,,,,,,,,,17,35,,,,,A12,,,1,,2,,,35,,1,6,4,A12,120.692833,24.248361,3
8885,66000,387130000C,(04)23274275,(04)23288582,2023,8,23,15,51,臺中市,東區,0,1,0,7,3,6,50,4,1,1,5,4,6,6,1,1,10,5,5,2,30,84,2,9,1,1,C03,7,15,5,10,2,15,,84,84,1,12,4,C03,120.694457,24.147985,2
8886,66000,387130000C,(04)23274275,(04)23288582,2023,8,23,15,52,臺中市,北區,0,1,0,7,2,6,50,4,9,1,5,4,6,6,4,4,10,4,5,2,12,84,2,9,5,1,C03,7,9,3,19,2,14,,84,84,1,12,4,C03,120.674983,24.166982,2
8887,66000,387130000C,(04)23274275,(04)23288582,2023,8,23,15,55,臺中市,大里區,0,0,0,7,,,50,,,,,,,,,,,,,,,51,,,,,B02,,,1,,2,,,51,,1,12,4,B02,120.693218,24.085561,3
8888,66000,387130000C,(04)23274275,(04)23288582,2023,8,23,15,59,臺中市,北屯區,0,1,0,7,2,6,50,3,2,1,5,4,6,6,2,1,1,2,5,2,13,7,2,9,1,1,C03,7,9,1,10,2,11,,7,7,1,12,2,C03,120.697853,24.173464,2
8889,66000,387130000C,(04)23274275,(04)23288582,2023,8,23,16,3,臺中市,南屯區,0,0,0,7,,,50,,,,,,,,,,,,,,13,59,,,,,B03,,,1,,2,,,59,,1,13,4,B03,120.639258,24.151129,3
8890,66000,387130000C,(04)23274275,(04)23288582,2023,8,23,16,6,臺中市,西屯區,0,2,0,7,2,6,30,3,2,1,5,4,6,6,4,4,10,5,5,2,16,14,2,9,1,1,C03,7,6,1,10,2,14,12,14,14,1,12,4,C03,120.666139,24.177343,2
8891,66000,387130000C,(04)23274275,(04)23288582,2023,8,23,16,7,臺中市,太平區,0,2,0,7,3,6,40,11,9,1,5,4,6,6,4,4,4,5,5,1,10,35,2,9,2,1,C03,7,15,1,10,2,11,,35,35,1,12,4,C03,120.808065,24.095749,2
8892,66000,387130000C,(04)23274275,(04)23288582,2023,8,23,16,9,臺中市,霧峰區,0,0,0,7,,,30,,,,,,,,,,,,,,14,49,,,,,B12,,,1,,2,,,49,,1,12,4,B12,120.702251,24.042614,3
8893,66000,387130000C,(04)23274275,(04)23288582,2023,8,23,16,10,臺中市,大雅區,0,2,0,7,3,6,50,3,1,1,5,4,6,6,4,4,10,5,5,2,17,14,3,10,3,1,B03,7,6,1,8,2,8,,14,14,1,12,4,B03,120.649019,24.222926,2
8894,66000,387130000C,(04)23274275,(04)23288582,2023,8,23,16,12,臺中市,太平區,0,2,0,7,3,6,50,3,1,1,5,4,6,6,4,4,5,5,5,2,16,39,2,9,2,1,F03,7,6,7,21,2,11,,39,39,1,12,4,F03,120.716231,24.138241,2
8895,66000,387130000C,(04)23274275,(04)23288582,2023,8,23,16,12,臺中市,烏日區,0,0,0,7,,,70,,,,,,,,,,,,,,21,84,,,,,B03,,,1,,2,,,84,84,1,13,4,B03,120.587434,24.112778,3
8896,66000,387130000C,(04)23274275,(04)23288582,2023,8,23,16,13,臺中市,西區,0,1,0,7,2,6,50,4,1,1,5,4,6,6,1,1,5,5,5,2,13,7,3,10,5,4,B03,7,9,1,8,2,1,,7,7,1,12,4,B03,120.662619,24.155698,2
8897,66000,387130000C,(04)23274275,(04)23288582,2023,8,23,16,13,臺中市,北區,0,0,0,7,,,50,,,,,,,,,,,,,,13,7,,,,,B02,,,1,,2,,,7,,1,12,4,B02,120.672226,24.145077,3
8898,66000,387130000C,(04)23274275,(04)23288582,2023,8,23,16,13,臺中市,梧棲區,0,2,0,7,2,6,30,13,9,1,5,4,6,6,4,4,10,5,5,2,12,85,2,9,2,1,C03,7,9,1,10,2,12,,85,85,1,6,4,C03,120.543505,24.233513,2
8899,66000,387130000C,(04)23274275,(04)23288582,2023,8,23,16,18,臺中市,北區,0,0,0,7,,,50,,,,,,,,,,,,,,17,43,,,,,B03,,,1,,1,,,43,,1,13,4,B03,120.67817,24.151537,3
8900,66000,387130000C,(04)23274275,(04)23288582,2023,8,23,16,22,臺中市,沙鹿區,0,0,0,7,,,30,,,,,,,,,,,,,,,49,,,,,B03,,,1,,2,,,49,,1,13,4,B03,120.613684,24.243762,3
8901,66000,387130000C,(04)23274275,(04)23288582,2023,8,23,16,23,臺中市,北屯區,0,0,0,7,,,50,,,,,,,,,,,,,,,11,,,,,B03,,,1,,1,,,11,,1,13,4,B03,120.687004,24.185553,3
8902,66000,387130000C,(04)23274275,(04)23288582,2023,8,23,16,25,臺中市,南屯區,0,1,0,7,3,6,50,3,1,1,5,4,6,6,4,4,5,4,5,2,16,20,3,10,5,4,B03,7,5,1,8,2,5,,20,20,1,12,4,B03,120.644945,24.146885,2
8903,66000,387130000C,(04)23274275,(04)23288582,2023,8,23,16,25,臺中市,沙鹿區,0,1,0,7,2,6,40,13,8,1,5,4,6,6,4,4,1,4,4,2,18,62,2,9,2,2,C03,7,9,1,10,2,12,,62,62,1,6,4,C03,120.562405,24.245687,2
8904,66000,387130000C,(04)23274275,(04)23288582,2023,8,23,16,27,臺中市,北屯區,0,0,0,7,,,50,,,,,,,,,,,,,,13,59,,,,,B03,,,1,,1,,,59,59,1,6,4,B03,120.663593,24.186085,3
8905,66000,387130000C,(04)23274275,(04)23288582,2023,8,23,16,28,臺中市,東區,0,0,0,7,,,50,,,,,,,,,,,,,,,38,,,,,C03,,,1,,2,,,38,,1,12,4,C03,120.697149,24.12934,3
8906,66000,387130000C,(04)23274275,(04)23288582,2023,8,23,16,29,臺中市,西屯區,0,0,0,7,,,30,,,,,,,,,,,,,,24,84,,,,,B03,,,1,,2,,,84,,1,11,4,B03,120.666058,24.177214,3
8907,66000,387130000C,(04)23274275,(04)23288582,2023,8,23,16,32,臺中市,南屯區,0,1,0,7,2,6,50,3,9,1,5,4,6,6,4,4,1,4,5,2,13,7,2,9,2,1,C03,7,9,1,10,2,11,,7,7,1,13,4,C03,120.646866,24.140822,2
8908,66000,387130000C,(04)23274275,(04)23288582,2023,8,23,16,36,臺中市,西屯區,0,1,0,7,2,6,40,4,1,1,5,4,6,6,1,1,3,4,5,2,16,47,3,10,3,1,B03,7,5,1,8,2,2,,47,47,1,12,4,B03,120.609692,24.184584,2
8909,66000,387130000C,(04)23274275,(04)23288582,2023,8,23,16,36,臺中市,后里區,0,0,0,7,1,7,50,13,14,1,5,4,3,2,4,4,5,5,4,1,14,49,,,,,B03,,,1,,2,,,49,,1,12,4,B03,120.718396,24.309519,3
8910,66000,387130000C,(04)23274275,(04)23288582,2023,8,23,16,39,臺中市,西屯區,0,1,0,7,3,6,40,13,8,1,5,4,6,6,4,4,5,5,4,2,12,84,2,9,2,1,C03,7,9,1,10,2,11,,84,84,1,12,4,C03,120.653221,24.169002,2
8911,66000,387130000C,(04)23274275,(04)23288582,2023,8,23,16,40,臺中市,西屯區,0,0,0,7,,,1,,,,,,,,,,,,,,,25,,,,,B03,,,1,,1,,,25,,1,12,4,B03,120.640628,24.186638,3
8912,66000,387130000C,(04)23274275,(04)23288582,2023,8,23,16,42,臺中市,南區,0,0,0,7,,,50,,,,,,,,,,,,,,17,40,,,,,B02,,,1,,2,,,40,,1,6,4,B02,120.649332,24.12006,3
8913,66000,387130000C,(04)23274275,(04)23288582,2023,8,23,16,43,臺中市,西屯區,0,0,0,7,,,50,,,,,,,,,,,,,,16,45,,,,,B03,,,1,,2,,,45,,1,13,4,B03,120.603397,24.185609,3
8914,66000,387130000C,(04)23274275,(04)23288582,2023,8,23,16,44,臺中市,北屯區,0,0,0,7,,,50,,,,,,,,,,,,,,12,84,,,,,C03,,,1,,1,,,84,84,1,13,4,C03,120.704808,24.169497,3
8915,66000,387130000C,(04)23274275,(04)23288582,2023,8,23,16,47,臺中市,西屯區,0,0,0,7,,,30,,,,,,,,,,,,,,12,8,,,,,B12,,,1,,2,,,8,,1,13,4,B12,120.63533,24.188598,3
8916,66000,387130000C,(04)23274275,(04)23288582,2023,8,23,16,51,臺中市,西區,0,1,0,7,3,6,30,3,1,1,5,4,6,6,4,4,10,5,5,2,16,20,3,10,3,1,B03,7,5,1,8,2,8,,20,20,1,12,4,B03,120.670159,24.152485,2
8917,66000,387130000C,(04)23274275,(04)23288582,2023,8,23,16,56,臺中市,烏日區,0,0,0,7,,,40,,,,,,,,,,,,,,,49,,,,,B03,,,1,,2,,,49,,1,12,4,B03,120.635295,24.109937,3
8918,66000,387130000C,(04)23274275,(04)23288582,2023,8,23,16,57,臺中市,大甲區,0,0,0,7,,,50,,,,,,,,,,,,,,,84,,,,,F01,,,7,,1,,,84,,1,3,4,F01,120.624657,24.347486,3
8919,66000,387130000C,(04)23274275,(04)23288582,2023,8,23,17,3,臺中市,豐原區,0,1,0,7,3,6,60,4,1,1,5,4,6,6,1,1,10,5,5,2,16,11,3,10,3,1,B03,7,5,1,8,2,2,,11,11,1,13,4,B03,120.729763,24.243619,2
8920,66000,387130000C,(04)23274275,(04)23288582,2023,8,23,17,6,臺中市,太平區,0,1,0,7,3,6,50,4,1,1,5,4,6,6,4,4,10,5,5,2,15,12,2,8,2,1,C03,7,9,1,10,2,11,,12,12,1,12,4,C03,120.719297,24.103128,2
8921,66000,387130000C,(04)23274275,(04)23288582,2023,8,23,17,8,臺中市,大肚區,0,2,0,7,2,6,30,4,1,1,5,4,6,6,4,4,10,5,5,2,15,20,2,9,1,1,C03,7,9,1,10,2,11,,20,20,1,12,4,C03,120.568504,24.12661,2
8922,66000,387130000C,(04)23274275,(04)23288582,2023,8,23,17,10,臺中市,大里區,0,1,0,7,2,6,50,13,9,1,5,4,6,6,4,4,9,4,5,1,13,59,2,9,1,1,C03,7,9,1,10,2,11,,59,59,1,12,4,C03,120.678687,24.080841,2
8923,66000,387130000C,(04)23274275,(04)23288582,2023,8,23,17,10,臺中市,烏日區,0,1,0,7,3,6,30,4,1,1,5,4,6,6,4,4,10,5,5,1,15,15,3,10,3,1,B03,7,9,1,8,2,2,,15,15,1,12,4,B03,120.63173,24.078994,2
8924,66000,387130000C,(04)23274275,(04)23288582,2023,8,23,17,15,臺中市,南屯區,0,0,0,7,,,50,,,,,,,,,,,,,,,49,,,,,C03,,,7,,10,,,87,49,1,12,4,C03,120.639061,24.140251,3
8925,66000,387130000C,(04)23274275,(04)23288582,2023,8,23,17,15,臺中市,南屯區,0,1,0,7,3,6,50,4,1,1,5,4,6,6,2,1,10,5,5,2,12,8,3,10,5,4,B03,7,7,1,8,2,2,,8,8,1,13,4,B03,120.637475,24.138079,2
8926,66000,387130000C,(04)23274275,(04)23288582,2023,8,23,17,19,臺中市,西屯區,0,0,0,7,,,50,,,,,,,,,,,,,,,40,,,,,B03,,,1,,2,,,40,,1,13,4,B03,120.653047,24.167312,3
8927,66000,387130000C,(04)23274275,(04)23288582,2023,8,23,17,20,臺中市,龍井區,0,0,0,7,,,30,,,,,,,,,,,,,,,49,,,,,B12,,,1,,2,,,49,,1,6,4,B12,120.551789,24.212686,3
8928,66000,387130000C,(04)23274275,(04)23288582,2023,8,23,17,20,臺中市,烏日區,0,1,0,6,1,9,50,13,9,1,5,4,6,6,4,4,3,4,5,1,13,84,2,9,2,1,C03,7,9,1,8,2,11,,84,7,1,12,4,C03,120.659918,24.059041,2
8929,66000,387130000C,(04)23274275,(04)23288582,2023,8,23,17,20,臺中市,大肚區,0,0,0,7,,,50,,,,,,,,,,,,,,,7,,,,,B03,,,1,,2,,,87,7,1,12,4,B03,120.581289,24.174397,3
8930,66000,387130000C,(04)23274275,(04)23288582,2023,8,23,17,21,臺中市,東區,0,0,0,7,2,6,50,4,4,1,5,4,6,6,1,1,10,5,5,2,17,45,3,10,2,1,C03,7,11,1,10,2,14,,45,45,1,6,4,C03,120.696393,24.139038,3
8931,66000,387130000C,(04)23274275,(04)23288582,2023,8,23,17,23,臺中市,豐原區,0,0,0,7,,,50,,,,,,,,,,,,,,12,40,,,,,C03,,,1,,2,,,40,,1,13,4,C03,120.733722,24.252708,3
8932,66000,387130000C,(04)23274275,(04)23288582,2023,8,23,17,24,臺中市,大甲區,0,0,0,7,3,6,40,13,9,1,5,4,6,6,4,4,10,5,5,1,30,50,3,10,3,1,B12,7,3,1,8,1,6,,50,50,1,13,5,B12,120.622224,24.346974,3
8933,66000,387130000C,(04)23274275,(04)23288582,2023,8,23,17,27,臺中市,大甲區,0,1,0,7,3,6,50,4,2,1,5,4,6,6,4,4,5,5,5,2,17,7,2,9,1,1,F03,7,9,7,21,2,16,,7,7,1,6,4,F03,120.631287,24.342769,2