序號,縣市別代碼,機關代碼,市話,傳真,年,月,日,時,分,縣市,區,死亡數量,受傷數量,2-30,天候,光線,道路類別,速限,道路型態,事故位置,路面鋪裝,路面狀態,路面缺陷,障礙物,視距,號誌種類,號誌動作,分向設施,快車道或一般車道間,快慢車道間,路面邊線,事故類型及型態,主要肇因,受傷程度,主要傷處,保護裝備,行動電話,當事者區分(類別),車輛用途,當事者行動狀態,駕駛資格情形,駕駛執照種類,飲酒情形,車輛撞擊部位最初,車輛撞擊部位其他,肇事因素個別,肇事因素主要,肇事逃逸,職業,旅次目的,車種,GPS座標X,GPS座標Y,事故類別
8934,66000,387130000C,(04)23274275,(04)23288582,2023,8,23,17,30,臺中市,大里區,0,2,0,7,3,6,50,3,2,1,5,4,6,6,4,4,5,5,4,2,12,45,2,9,1,1,C03,7,11,1,10,2,12,,45,45,1,6,4,C03,120.681305,24.114915,2
8935,66000,387130000C,(04)23274275,(04)23288582,2023,8,23,17,30,臺中市,清水區,0,0,0,7,,,80,,,,,,,,,,,,,,,7,,,,,B13,,,1,,2,,,7,7,1,12,4,B13,120.553015,24.296798,3
8936,66000,387130000C,(04)23274275,(04)23288582,2023,8,23,17,32,臺中市,豐原區,0,1,0,7,3,6,50,4,1,1,5,4,6,6,1,1,10,5,5,2,16,21,2,9,5,1,C03,7,9,1,10,2,13,,21,21,1,13,4,C03,120.720217,24.264003,2
8937,66000,387130000C,(04)23274275,(04)23288582,2023,8,23,17,36,臺中市,西屯區,0,0,0,7,,,50,,,,,,,,,,,,,,,7,,,,,B03,,,1,,1,,,7,,1,12,4,B03,120.608599,24.18705,3
8938,66000,387130000C,(04)23274275,(04)23288582,2023,8,23,17,37,臺中市,大里區,0,0,0,7,2,6,50,3,2,1,5,4,6,6,4,4,5,5,5,2,14,49,,,,,B03,,,1,,2,,,49,,1,13,4,B03,120.681409,24.112304,3
8939,66000,387130000C,(04)23274275,(04)23288582,2023,8,23,17,38,臺中市,大里區,0,0,0,7,,,50,,,,,,,,,,,,,,13,59,,,,,B03,,,1,,2,,,59,,1,12,4,B03,120.714198,24.102783,3
8940,66000,387130000C,(04)23274275,(04)23288582,2023,8,23,17,40,臺中市,潭子區,0,0,0,7,,,60,,,,,,,,,,,,,,,59,,,,,B03,,,1,,2,,,59,,1,12,4,B03,120.703707,24.20249,3
8941,66000,387130000C,(04)23274275,(04)23288582,2023,8,23,17,40,臺中市,西屯區,0,0,0,7,,,50,,,,,,,,,,,,,,3,10,,,,,B03,,,1,,1,,,10,,1,13,4,B03,120.644486,24.178794,3
8942,66000,387130000C,(04)23274275,(04)23288582,2023,8,23,17,41,臺中市,南屯區,0,0,0,7,,,50,,,,,,,,,,,,,,,7,,,,,B03,,,1,,2,,,7,,1,13,4,B03,120.6199,24.126748,3
8943,66000,387130000C,(04)23274275,(04)23288582,2023,8,23,17,42,臺中市,西區,0,1,0,7,2,6,50,3,1,1,5,4,6,6,4,4,10,5,5,2,17,20,3,10,3,1,B03,7,6,1,8,2,4,,20,20,1,12,4,B03,120.663023,24.158036,2
8944,66000,387130000C,(04)23274275,(04)23288582,2023,8,23,17,42,臺中市,豐原區,0,1,0,7,1,6,50,5,1,1,5,4,6,6,4,4,5,4,4,2,16,14,3,10,3,1,B03,7,6,1,8,2,2,,14,14,1,13,4,B03,120.700094,24.245977,2
8945,66000,387130000C,(04)23274275,(04)23288582,2023,8,23,17,44,臺中市,西屯區,0,0,0,7,,,50,,,,,,,,,,,,,,13,7,,,,,B03,,,1,,1,,,7,,1,12,4,B03,120.628311,24.202845,3
8946,66000,387130000C,(04)23274275,(04)23288582,2023,8,23,17,45,臺中市,豐原區,0,2,0,7,3,6,50,13,9,1,5,4,6,6,4,4,5,4,5,1,17,51,2,9,5,1,C03,7,1,1,10,2,14,,51,51,1,13,4,C03,120.724218,24.226729,2
8947,66000,387130000C,(04)23274275,(04)23288582,2023,8,23,17,46,臺中市,神岡區,0,3,0,7,2,6,50,13,9,1,5,4,6,6,4,4,5,5,5,1,13,7,2,9,2,1,C03,7,9,1,10,2,11,,7,7,1,13,4,C03,120.68197,24.246861,2
8948,66000,387130000C,(04)23274275,(04)23288582,2023,8,23,17,48,臺中市,南屯區,0,0,0,7,,,40,,,,,,,,,,,,,,,56,,,,,B03,,,1,,1,,,56,,1,13,4,B03,120.622806,24.141479,3
8949,66000,387130000C,(04)23274275,(04)23288582,2023,8,23,17,50,臺中市,北區,0,0,0,7,,,40,,,,,,,,,,,,,,17,49,,,,,C03,,,1,,1,,,49,,1,12,4,C03,120.691825,24.160146,3
8950,66000,387130000C,(04)23274275,(04)23288582,2023,8,23,17,50,臺中市,沙鹿區,0,0,0,7,,,60,,,,,,,,,,,,,,,40,,,,,B03,,,1,,2,,,40,,1,13,4,B03,120.575814,24.227227,3
8951,66000,387130000C,(04)23274275,(04)23288582,2023,8,23,17,56,臺中市,西區,0,0,0,7,2,6,50,13,9,1,5,4,6,6,4,4,9,5,5,2,11,4,,,,,B03,,,1,,2,,,4,,1,12,4,B03,120.675376,24.137761,3
8952,66000,387130000C,(04)23274275,(04)23288582,2023,8,23,17,58,臺中市,南區,0,2,0,7,1,6,50,4,1,1,5,4,6,6,1,1,10,5,5,2,13,7,2,9,1,1,C03,7,9,1,10,2,11,,7,7,1,12,4,C03,120.648252,24.135999,2
8953,66000,387130000C,(04)23274275,(04)23288582,2023,8,23,17,58,臺中市,沙鹿區,0,0,0,7,,,50,,,,,,,,,,,,,,13,58,,,,,C03,,,1,,2,,,58,,1,13,4,C03,120.565532,24.203927,3
8954,66000,387130000C,(04)23274275,(04)23288582,2023,8,23,18,0,臺中市,北區,0,2,0,7,2,6,50,3,2,1,5,4,6,6,1,1,5,4,5,2,16,39,2,9,5,1,B03,7,11,1,8,2,2,,39,39,1,13,4,B03,120.688411,24.151722,2
8955,66000,387130000C,(04)23274275,(04)23288582,2023,8,23,18,0,臺中市,大里區,0,0,0,7,,,50,,,,,,,,,,,,,,12,40,,,,,B03,,,1,,2,,,40,,1,6,4,B03,120.687489,24.094924,3
8956,66000,387130000C,(04)23274275,(04)23288582,2023,8,23,18,3,臺中市,北區,0,0,0,7,,,50,,,,,,,,,,,,,,13,7,,,,,B12,,,1,,1,,,7,7,1,12,4,B12,120.674256,24.163066,3
8957,66000,387130000C,(04)23274275,(04)23288582,2023,8,23,18,6,臺中市,西屯區,0,0,0,7,,,50,,,,,,,,,,,,,,12,84,,,,,B03,,,1,,1,,,84,,1,12,4,B03,120.590311,24.175559,3
8958,66000,387130000C,(04)23274275,(04)23288582,2023,8,23,18,13,臺中市,南屯區,0,0,0,7,,,50,,,,,,,,,,,,,,13,7,,,,,B03,,,1,,1,,,7,,1,13,4,B03,120.627418,24.148351,3
8959,66000,387130000C,(04)23274275,(04)23288582,2023,8,23,18,14,臺中市,南區,0,0,0,7,,,50,,,,,,,,,,,,,,,7,,,,,C03,,,1,,2,,,7,,1,12,4,C03,120.660003,24.124776,3
8960,66000,387130000C,(04)23274275,(04)23288582,2023,8,23,18,17,臺中市,北屯區,0,1,0,7,1,6,50,13,9,1,5,4,6,6,4,4,5,4,5,2,13,59,3,10,5,4,B03,7,9,1,8,2,5,,59,59,1,13,4,B03,120.715156,24.164242,2
8961,66000,387130000C,(04)23274275,(04)23288582,2023,8,23,18,20,臺中市,西屯區,0,0,0,7,,,30,,,,,,,,,,,,,,,8,,,,,B03,,,1,,1,,,8,8,1,12,4,B03,120.64827,24.183021,3
8962,66000,387130000C,(04)23274275,(04)23288582,2023,8,23,18,21,臺中市,南屯區,0,1,0,7,2,6,50,13,9,1,5,4,6,6,4,4,1,4,5,2,17,84,2,9,5,4,C03,7,9,1,10,2,11,14,87,84,1,12,4,C03,120.64704,24.153132,2
8963,66000,387130000C,(04)23274275,(04)23288582,2023,8,23,18,30,臺中市,北區,0,2,0,7,1,6,50,3,1,1,5,4,6,6,4,4,5,4,5,2,16,48,2,9,5,1,C03,7,6,3,19,2,14,,48,48,1,13,4,C03,120.675574,24.14859,2
8964,66000,387130000C,(04)23274275,(04)23288582,2023,8,23,18,30,臺中市,南屯區,0,1,0,7,1,6,50,3,2,1,5,4,6,6,2,1,1,2,5,2,13,7,2,9,5,4,C03,7,9,1,10,2,11,,7,7,1,13,4,C03,120.638544,24.142207,2
8965,66000,387130000C,(04)23274275,(04)23288582,2023,8,23,18,30,臺中市,大里區,0,0,0,7,,,50,,,,,,,,,,,,,,,84,,,,,B03,,,1,,2,,,84,,1,12,4,B03,120.693142,24.090627,3
8966,66000,387130000C,(04)23274275,(04)23288582,2023,8,23,18,30,臺中市,豐原區,0,0,0,7,1,4,40,13,9,1,5,4,6,6,4,4,5,2,5,1,2,51,3,10,3,1,B03,7,1,1,8,2,8,8,51,51,1,12,5,B03,120.706402,24.249073,3
8967,66000,387130000C,(04)23274275,(04)23288582,2023,8,23,18,32,臺中市,大雅區,0,0,0,7,,,50,,,,,,,,,,,,,,,50,,,,,B03,,,1,,2,,,50,,1,12,4,B03,120.646502,24.226418,3
8968,66000,387130000C,(04)23274275,(04)23288582,2023,8,23,18,32,臺中市,北屯區,0,2,0,7,1,6,50,3,2,1,5,4,6,6,1,1,1,4,5,2,17,1,2,9,1,1,C03,7,9,1,10,2,11,,84,1,1,13,4,C03,120.699829,24.176445,2
8969,66000,387130000C,(04)23274275,(04)23288582,2023,8,23,18,32,臺中市,沙鹿區,0,1,0,7,1,6,50,4,1,1,5,4,6,6,2,1,10,5,5,2,17,11,3,10,3,1,B03,7,6,1,8,2,6,,11,11,1,13,4,B03,120.558825,24.234814,2
8970,66000,387130000C,(04)23274275,(04)23288582,2023,8,23,18,34,臺中市,大里區,0,1,0,7,1,6,50,13,9,1,5,4,6,6,4,4,5,5,5,1,17,4,2,9,2,1,C03,7,6,1,10,2,14,,4,4,1,12,4,C03,120.704657,24.095931,2
8971,66000,387130000C,(04)23274275,(04)23288582,2023,8,23,18,42,臺中市,南區,0,1,0,7,1,6,40,13,8,1,5,4,6,6,4,4,1,4,4,2,17,76,3,10,3,1,B03,7,15,1,8,2,4,,76,76,1,6,4,B03,120.653503,24.113441,2
8972,66000,387130000C,(04)23274275,(04)23288582,2023,8,23,18,45,臺中市,西屯區,0,1,0,7,1,6,50,13,7,1,5,4,6,6,4,4,5,5,4,2,13,84,3,10,1,1,C03,7,9,1,10,2,15,,84,84,1,12,4,C03,120.658466,24.166469,2
8973,66000,387130000C,(04)23274275,(04)23288582,2023,8,23,18,46,臺中市,南區,0,0,0,7,1,6,50,13,7,1,5,4,6,6,4,4,5,5,4,2,13,56,3,10,3,1,B03,7,9,1,8,2,1,,56,56,1,6,4,B03,120.67334,24.130464,3
8974,66000,387130000C,(04)23274275,(04)23288582,2023,8,23,18,46,臺中市,烏日區,0,4,0,7,1,6,40,8,8,1,5,4,5,6,4,4,1,4,1,1,13,7,2,9,2,1,C03,7,12,1,10,2,11,,7,7,1,12,4,C03,120.582911,24.109211,2
8975,66000,387130000C,(04)23274275,(04)23288582,2023,8,23,18,47,臺中市,西屯區,0,3,0,7,1,6,30,13,9,1,5,4,6,6,4,4,10,5,5,2,16,20,2,8,1,1,C03,7,5,1,10,2,12,,20,20,1,12,4,C03,120.650016,24.176034,2
8976,66000,387130000C,(04)23274275,(04)23288582,2023,8,23,18,48,臺中市,南屯區,0,0,0,7,,,50,,,,,,,,,,,,,,,59,,,,,B03,,,1,,1,,,59,59,1,13,4,B03,120.637471,24.149263,3
8977,66000,387130000C,(04)23274275,(04)23288582,2023,8,23,18,52,臺中市,大肚區,0,0,0,7,,,50,,,,,,,,,,,,,,11,8,,,,,B03,,,1,,2,,,8,,1,12,4,B03,120.543487,24.150729,3
8978,66000,387130000C,(04)23274275,(04)23288582,2023,8,23,18,59,臺中市,南屯區,0,1,0,7,1,6,50,13,9,1,5,4,6,6,4,4,1,4,5,2,13,59,2,8,2,4,C03,7,9,1,10,2,11,,59,59,1,13,2,C03,120.636662,24.142271,2
8979,66000,387130000C,(04)23274275,(04)23288582,2023,8,23,19,5,臺中市,大雅區,0,0,0,7,,,50,,,,,,,,,,,,,,16,84,,,,,B03,,,1,,2,,,84,,1,13,4,B03,120.649566,24.225146,3
8980,66000,387130000C,(04)23274275,(04)23288582,2023,8,23,19,7,臺中市,霧峰區,0,0,0,7,,,60,,,,,,,,,,,,,,,84,,,,,B03,,,3,,2,,,84,,1,12,4,B03,120.69557,24.052776,3
8981,66000,387130000C,(04)23274275,(04)23288582,2023,8,23,19,15,臺中市,大雅區,0,0,0,7,,,50,,,,,,,,,,,,,,,87,,,,,B03,,,1,,10,,,87,,1,12,4,B03,120.646974,24.218341,3
8982,66000,387130000C,(04)23274275,(04)23288582,2023,8,23,19,25,臺中市,潭子區,0,0,0,7,,,80,,,,,,,,,,,,,,12,40,,,,,B03,,,1,,2,,,40,,1,12,4,B03,120.711285,24.200594,3
8983,66000,387130000C,(04)23274275,(04)23288582,2023,8,23,19,26,臺中市,沙鹿區,0,3,0,7,1,6,60,4,1,1,5,4,6,6,1,1,10,5,5,2,16,21,2,1,3,1,B03,7,9,1,1,2,1,,21,21,1,13,4,B03,120.589913,24.250072,2
8984,66000,387130000C,(04)23274275,(04)23288582,2023,8,23,19,27,臺中市,北屯區,0,0,0,7,,,80,,,,,,,,,,,,,,13,7,,,,,B03,,,1,,1,,,7,7,1,6,4,B03,120.720627,24.16573,3
8985,66000,387130000C,(04)23274275,(04)23288582,2023,8,23,19,30,臺中市,北區,0,2,0,7,2,6,50,13,7,1,5,4,6,6,4,4,3,4,5,2,12,7,2,9,2,1,C03,7,9,1,10,2,11,,7,7,1,12,4,C03,120.679332,24.162933,2
8986,66000,387130000C,(04)23274275,(04)23288582,2023,8,23,19,36,臺中市,沙鹿區,0,0,0,6,,,50,,,,,,,,,,,,,,,58,,,,,B03,,,1,,2,,,58,58,1,13,4,B03,120.561402,24.242253,3
8987,66000,387130000C,(04)23274275,(04)23288582,2023,8,23,19,45,臺中市,大雅區,0,0,0,7,,,50,,,,,,,,,,,,,,16,78,,,,,B03,,,1,,2,,,78,,1,13,4,B03,120.645648,24.225677,3
8988,66000,387130000C,(04)23274275,(04)23288582,2023,8,23,19,50,臺中市,霧峰區,0,0,0,7,,,50,,,,,,,,,,,,,,17,8,,,,,B03,,,1,,2,,,8,,1,12,4,B03,120.69922,24.067287,3
8989,66000,387130000C,(04)23274275,(04)23288582,2023,8,23,19,57,臺中市,北屯區,0,0,0,7,,,50,,,,,,,,,,,,,,13,59,,,,,B03,,,1,,1,,,59,59,1,6,4,B03,120.660224,24.192639,3
8990,66000,387130000C,(04)23274275,(04)23288582,2023,8,23,20,0,臺中市,霧峰區,0,0,0,7,,,50,,,,,,,,,,,,,,,19,,,,,E01,,,1,,2,,,87,19,1,12,4,E01,120.693362,24.058739,3
8991,66000,387130000C,(04)23274275,(04)23288582,2023,8,23,20,0,臺中市,沙鹿區,0,1,0,7,3,6,40,18,14,1,5,4,6,6,4,4,3,5,5,1,17,59,2,9,2,1,C03,7,9,1,10,2,12,,59,59,1,13,4,C03,120.57263,24.243624,2
8992,66000,387130000C,(04)23274275,(04)23288582,2023,8,23,20,1,臺中市,沙鹿區,0,1,0,7,1,6,50,3,1,1,5,4,6,6,4,4,10,5,5,2,3,59,3,10,3,1,B12,7,6,1,8,2,8,,59,59,1,13,4,B12,120.560862,24.237609,2
8993,66000,387130000C,(04)23274275,(04)23288582,2023,8,23,20,2,臺中市,西區,0,1,0,7,1,6,50,4,1,1,5,4,6,6,1,1,10,5,5,2,16,40,3,10,1,1,C03,7,7,1,10,2,16,,40,40,1,12,4,C03,120.671879,24.149002,2
8994,66000,387130000C,(04)23274275,(04)23288582,2023,8,23,20,5,臺中市,北區,0,2,0,7,2,6,50,13,9,1,5,4,6,6,4,4,5,5,5,2,3,59,2,8,2,1,C03,7,9,1,10,2,11,,59,59,1,13,4,C03,120.685481,24.152631,2
8995,66000,387130000C,(04)23274275,(04)23288582,2023,8,23,20,6,臺中市,北區,0,2,0,7,1,6,50,4,1,1,5,4,6,6,4,4,10,5,5,2,15,15,2,9,2,1,C03,7,9,1,10,2,12,,15,15,1,12,2,C03,120.693546,24.155611,2
8996,66000,387130000C,(04)23274275,(04)23288582,2023,8,23,20,10,臺中市,烏日區,0,0,0,7,,,50,,,,,,,,,,,,,,,12,,,,,B03,,,1,,2,,,12,12,1,12,4,B03,120.593602,24.109964,3
8997,66000,387130000C,(04)23274275,(04)23288582,2023,8,23,20,10,臺中市,豐原區,0,0,0,7,,,30,,,,,,,,,,,,,,,7,,,,,B03,,,1,,2,,,7,,1,12,4,B03,120.721444,24.230555,3
8998,66000,387130000C,(04)23274275,(04)23288582,2023,8,23,20,13,臺中市,東勢區,0,1,0,7,1,6,40,3,1,1,5,4,6,6,4,4,10,5,5,2,16,51,3,10,3,1,B03,7,1,1,8,2,4,,51,51,1,12,4,B03,120.830695,24.253059,2
8999,66000,387130000C,(04)23274275,(04)23288582,2023,8,23,20,15,臺中市,霧峰區,0,0,0,7,,,50,,,,,,,,,,,,,,9,8,,,,,B03,,,1,,2,,,8,,1,12,4,B03,120.6991,24.069212,3
9000,66000,387130000C,(04)23274275,(04)23288582,2023,8,23,20,15,臺中市,太平區,0,0,0,7,,,30,,,,,,,,,,,,,,,49,,,,,B03,,,1,,9,,,49,,1,13,4,B03,120.723836,24.099522,3
9001,66000,387130000C,(04)23274275,(04)23288582,2023,8,23,20,16,臺中市,北屯區,0,1,0,7,1,6,50,13,9,1,5,4,6,6,4,4,5,4,5,2,13,7,2,9,1,1,C03,7,9,1,10,2,11,,7,7,1,12,2,C03,120.698356,24.170115,2
9002,66000,387130000C,(04)23274275,(04)23288582,2023,8,23,20,19,臺中市,沙鹿區,0,1,0,7,1,6,30,13,9,1,5,4,6,6,4,4,10,5,5,1,13,59,2,9,1,1,F03,7,9,7,21,2,11,,59,59,1,6,4,F03,120.55957,24.244264,2
9003,66000,387130000C,(04)23274275,(04)23288582,2023,8,23,20,20,臺中市,南區,0,2,0,7,1,6,50,4,1,1,5,4,6,6,4,4,10,5,5,2,15,15,3,10,3,1,B03,7,9,1,8,2,5,,15,15,1,12,4,B03,120.664449,24.119093,2
9004,66000,387130000C,(04)23274275,(04)23288582,2023,8,23,20,20,臺中市,南區,0,0,0,7,1,6,50,13,9,1,5,4,6,6,4,4,10,5,5,2,17,84,3,10,3,1,B03,7,9,1,8,1,5,,84,84,1,12,4,B03,120.667122,24.115806,3
9005,66000,387130000C,(04)23274275,(04)23288582,2023,8,23,20,22,臺中市,大雅區,0,0,0,7,,,30,,,,,,,,,,,,,,,84,,,,,B03,,,1,,2,,,84,,1,12,4,B03,120.654298,24.211357,3
9006,66000,387130000C,(04)23274275,(04)23288582,2023,8,23,20,35,臺中市,北區,0,0,0,7,,,50,,,,,,,,,,,,,,13,84,,,,,B12,,,1,,2,,,84,,1,13,4,B12,120.676978,24.156177,3
9007,66000,387130000C,(04)23274275,(04)23288582,2023,8,23,20,39,臺中市,北區,0,0,0,7,,,50,,,,,,,,,,,,,,13,7,,,,,B03,,,1,,1,,,7,,1,12,4,B03,120.702866,24.159543,3
9008,66000,387130000C,(04)23274275,(04)23288582,2023,8,23,20,46,臺中市,清水區,0,2,0,7,1,6,40,13,9,1,5,4,6,6,4,4,5,5,5,1,16,39,2,9,6,1,F01,7,6,7,21,2,14,,39,39,1,12,4,F01,120.557125,24.266386,2
9009,66000,387130000C,(04)23274275,(04)23288582,2023,8,23,20,53,臺中市,沙鹿區,0,2,0,7,3,6,50,13,9,1,5,4,6,6,4,4,1,4,4,2,3,6,2,8,2,1,C03,7,9,1,8,2,11,,6,6,1,13,4,C03,120.569006,24.221194,2
9010,66000,387130000C,(04)23274275,(04)23288582,2023,8,23,20,54,臺中市,北區,0,0,0,7,,,50,,,,,,,,,,,,,,11,39,,,,,B02,,,1,,1,,,39,,1,12,4,B02,120.686956,24.15574,3
9011,66000,387130000C,(04)23274275,(04)23288582,2023,8,23,20,58,臺中市,北區,0,0,0,7,,,50,,,,,,,,,,,,,,16,84,,,,,B03,,,1,,1,,,84,,1,13,4,B03,120.682719,24.147104,3
9012,66000,387130000C,(04)23274275,(04)23288582,2023,8,23,21,5,臺中市,西區,0,1,0,7,1,6,50,4,1,1,5,4,6,6,1,1,10,5,5,2,16,11,3,10,3,1,B03,7,6,1,8,2,8,,11,11,1,6,4,B03,120.668198,24.146717,2
9013,66000,387130000C,(04)23274275,(04)23288582,2023,8,23,21,9,臺中市,東勢區,0,1,0,7,1,6,50,5,1,1,5,4,6,6,1,1,10,5,5,2,12,8,3,10,2,1,C03,7,4,1,10,2,12,,8,8,1,12,4,C03,120.826056,24.264468,2
9014,66000,387130000C,(04)23274275,(04)23288582,2023,8,23,21,22,臺中市,南區,0,0,0,7,1,6,50,11,9,1,5,4,6,6,4,4,10,5,5,2,11,84,3,10,3,1,B03,7,5,1,8,9,4,,84,84,2,6,4,B03,120.655321,24.117876,3
9015,66000,387130000C,(04)23274275,(04)23288582,2023,8,23,21,26,臺中市,東區,0,1,0,7,1,6,50,5,1,1,5,4,6,6,1,1,10,5,5,2,17,25,2,9,2,1,C03,7,1,1,10,2,14,,25,25,1,6,4,C03,120.696471,24.135629,2
9016,66000,387130000C,(04)23274275,(04)23288582,2023,8,23,21,31,臺中市,外埔區,0,0,0,7,1,6,30,13,9,1,5,4,3,3,4,4,10,5,5,2,12,8,,,,,B03,,,1,,2,,,8,,1,12,4,B03,120.639139,24.341971,3
9017,66000,387130000C,(04)23274275,(04)23288582,2023,8,23,21,32,臺中市,梧棲區,0,0,0,7,,,50,,,,,,,,,,,,,,12,20,,,,,B03,,,1,,1,,,20,,1,6,4,B03,120.532725,24.25995,3
9018,66000,387130000C,(04)23274275,(04)23288582,2023,8,23,21,47,臺中市,北屯區,0,0,0,7,,,50,,,,,,,,,,,,,,14,49,,,,,B12,,,1,,9,,,49,49,1,6,4,B12,120.66383,24.195975,3
9019,66000,387130000C,(04)23274275,(04)23288582,2023,8,23,21,58,臺中市,西屯區,0,1,0,7,1,6,50,4,1,1,5,4,6,6,1,1,10,5,5,2,9,10,3,10,5,4,B03,7,6,1,8,2,5,,10,10,1,12,4,B03,120.661553,24.158161,2
9020,66000,387130000C,(04)23274275,(04)23288582,2023,8,23,22,18,臺中市,北屯區,0,1,0,7,1,6,50,4,1,1,5,4,6,6,1,1,10,5,5,2,17,11,3,10,3,1,B03,7,6,1,8,2,2,,11,11,1,12,4,B03,120.68246,24.195168,2
9021,66000,387130000C,(04)23274275,(04)23288582,2023,8,23,22,40,臺中市,潭子區,0,0,0,7,,,50,,,,,,,,,,,,,,13,58,,,,,B03,,,1,,2,,,58,,1,12,4,B03,120.711845,24.213218,3
9022,66000,387130000C,(04)23274275,(04)23288582,2023,8,23,22,45,臺中市,東區,0,0,0,7,1,9,50,13,8,1,5,4,6,6,4,4,10,5,5,2,16,84,3,10,3,1,B03,7,9,1,8,2,2,,84,84,1,12,4,B03,120.705507,24.130888,3
9023,66000,387130000C,(04)23274275,(04)23288582,2023,8,23,23,0,臺中市,豐原區,0,0,0,7,,,50,,,,,,,,,,,,,,13,7,,,,,B03,,,1,,2,,,7,,1,6,4,B03,120.746305,24.265582,3
9024,66000,387130000C,(04)23274275,(04)23288582,2023,8,23,23,36,臺中市,東區,0,2,0,7,1,6,50,4,1,1,5,4,6,6,1,1,10,5,5,2,16,48,2,9,2,1,C03,7,6,3,19,2,12,,48,48,1,13,4,C03,120.700103,24.138881,2
9025,66000,387130000C,(04)23274275,(04)23288582,2023,8,23,23,40,臺中市,西屯區,0,2,0,7,1,6,50,5,1,1,5,4,6,6,2,1,10,5,5,2,15,21,2,1,1,1,C03,7,9,1,10,2,11,,21,21,1,13,4,C03,120.660451,24.164449,2
9026,66000,387130000C,(04)23274275,(04)23288582,2023,8,23,23,50,臺中市,西屯區,0,1,0,7,2,6,50,4,1,1,5,4,6,6,2,1,10,5,5,2,15,21,3,10,3,1,B03,7,9,1,8,2,1,,21,21,1,13,4,B03,120.653468,24.195275,2
9027,66000,387130000C,(04)23274275,(04)23288582,2023,8,24,0,5,臺中市,西屯區,0,0,0,7,,,50,,,,,,,,,,,,,,13,7,,,,,B03,,,1,,1,,,7,,1,13,4,B03,120.637449,24.177602,3
9028,66000,387130000C,(04)23274275,(04)23288582,2023,8,24,0,26,臺中市,南屯區,0,1,0,7,1,6,50,3,1,1,5,4,6,6,4,4,3,4,5,2,17,65,3,10,3,1,B03,7,5,1,8,2,2,,65,65,1,13,4,B03,120.646352,24.13693,2
9029,66000,387130000C,(04)23274275,(04)23288582,2023,8,24,0,43,臺中市,南區,0,2,0,7,1,6,50,3,1,1,5,4,6,6,4,4,10,5,5,2,17,48,3,10,3,1,A41,7,6,1,7,2,8,,48,48,1,12,4,A41,120.665648,24.115806,2
9030,66000,387130000C,(04)23274275,(04)23288582,2023,8,24,2,15,臺中市,南屯區,0,1,0,7,1,6,40,4,1,1,5,4,6,6,1,1,10,5,5,2,18,58,2,9,2,1,C03,7,5,1,10,2,12,,58,58,1,13,4,C03,120.638236,24.139794,2
9031,66000,387130000C,(04)23274275,(04)23288582,2023,8,24,2,17,臺中市,潭子區,0,0,0,7,,,60,,,,,,,,,,,,,,,40,,,,,B03,,,1,,2,,,40,,1,13,4,B03,120.702532,24.18956,3
9032,66000,387130000C,(04)23274275,(04)23288582,2023,8,24,4,38,臺中市,大里區,0,0,0,7,,,50,,,,,,,,,,,,,,,7,,,,,B03,,,1,,2,,,7,,1,6,4,B03,120.71375,24.094684,3
9033,66000,387130000C,(04)23274275,(04)23288582,2023,8,24,5,51,臺中市,東區,0,0,0,7,,,50,,,,,,,,,,,,,,16,25,,,,,B03,,,1,,2,,,25,,1,13,4,B03,120.694457,24.147985,3
9034,66000,387130000C,(04)23274275,(04)23288582,2023,8,24,5,52,臺中市,清水區,0,0,0,7,,,50,,,,,,,,,,,,,,,13,,,,,B03,,,1,,9,,,6,13,1,12,4,B03,120.538621,24.268373,3
9035,66000,387130000C,(04)23274275,(04)23288582,2023,8,24,6,0,臺中市,北屯區,0,0,0,7,,,50,,,,,,,,,,,,,,17,51,,,,,A11,,,1,,2,,,51,51,1,6,4,A11,120.686163,24.171828,3
9036,66000,387130000C,(04)23274275,(04)23288582,2023,8,24,6,28,臺中市,東區,0,1,0,7,1,6,50,4,1,1,5,4,6,6,4,4,10,5,5,2,16,48,3,10,3,1,B12,7,6,1,8,2,4,,48,48,1,12,4,B12,120.690982,24.140689,2
9037,66000,387130000C,(04)23274275,(04)23288582,2023,8,24,6,47,臺中市,大里區,0,0,0,7,,,50,,,,,,,,,,,,,,,48,,,,,C03,,,1,,2,,,48,,1,13,4,C03,120.692171,24.111862,3
9038,66000,387130000C,(04)23274275,(04)23288582,2023,8,24,6,49,臺中市,龍井區,0,1,0,7,3,6,50,4,2,1,5,4,6,6,4,4,10,5,5,2,16,14,3,10,3,1,B03,7,5,1,8,2,8,,14,14,1,12,4,B03,120.546948,24.199033,2
9039,66000,387130000C,(04)23274275,(04)23288582,2023,8,24,6,51,臺中市,烏日區,0,2,0,7,2,6,50,4,1,1,5,4,6,6,2,1,10,5,5,2,13,48,2,9,1,1,C03,7,6,1,10,2,13,12,48,48,1,12,4,C03,120.64329,24.077028,2
9040,66000,387130000C,(04)23274275,(04)23288582,2023,8,24,7,10,臺中市,清水區,0,0,0,7,,,70,,,,,,,,,,,,,,12,8,,,,,B03,,,1,,1,,,8,8,1,12,4,B03,120.566565,24.268398,3