序號,縣市別代碼,機關代碼,市話,傳真,年,月,日,時,分,縣市,區,死亡數量,受傷數量,2-30,天候,光線,道路類別,速限,道路型態,事故位置,路面鋪裝,路面狀態,路面缺陷,障礙物,視距,號誌種類,號誌動作,分向設施,快車道或一般車道間,快慢車道間,路面邊線,事故類型及型態,主要肇因,受傷程度,主要傷處,保護裝備,行動電話,當事者區分(類別),車輛用途,當事者行動狀態,駕駛資格情形,駕駛執照種類,飲酒情形,車輛撞擊部位最初,車輛撞擊部位其他,肇事因素個別,肇事因素主要,肇事逃逸,職業,旅次目的,車種,GPS座標X,GPS座標Y,事故類別
9041,66000,387130000C,(04)23274275,(04)23288582,2023,8,24,7,27,臺中市,石岡區,0,2,0,7,2,6,70,13,8,1,5,4,6,6,4,4,1,4,4,1,12,20,2,9,1,1,C03,7,9,1,10,2,11,,20,20,1,6,4,C03,120.767226,24.276206,2
9042,66000,387130000C,(04)23274275,(04)23288582,2023,8,24,7,30,臺中市,龍井區,0,1,0,7,3,6,40,3,1,1,5,4,3,6,4,4,10,5,5,2,17,20,3,10,4,1,B03,7,5,1,7,2,6,,20,20,1,6,4,B03,120.504748,24.210567,2
9043,66000,387130000C,(04)23274275,(04)23288582,2023,8,24,7,30,臺中市,龍井區,0,2,0,7,2,6,50,4,1,1,5,4,6,6,1,1,10,5,5,1,16,43,2,7,1,1,C03,7,4,1,10,2,11,,43,43,1,12,4,C03,120.545751,24.182464,2
9044,66000,387130000C,(04)23274275,(04)23288582,2023,8,24,7,30,臺中市,清水區,0,1,0,7,3,6,50,4,2,1,5,4,6,6,4,4,5,5,5,1,12,84,2,7,2,1,C03,7,9,1,10,1,14,,84,84,1,12,4,C03,120.553437,24.273438,2
9045,66000,387130000C,(04)23274275,(04)23288582,2023,8,24,7,33,臺中市,豐原區,0,1,0,7,3,6,40,5,1,1,5,4,6,6,4,4,10,5,5,2,17,13,2,9,1,1,C03,7,9,1,10,2,11,,13,13,1,12,4,C03,120.717164,24.248243,2
9046,66000,387130000C,(04)23274275,(04)23288582,2023,8,24,7,33,臺中市,豐原區,0,1,0,7,3,6,50,13,9,1,5,4,6,6,4,4,9,5,5,2,17,84,3,10,3,1,B03,7,15,1,8,2,7,,84,84,1,12,4,B03,120.716066,24.249357,2
9047,66000,387130000C,(04)23274275,(04)23288582,2023,8,24,7,37,臺中市,梧棲區,0,0,0,7,,,50,,,,,,,,,,,,,,14,49,,,,,B03,,,1,,2,,,49,49,1,6,4,B03,120.522177,24.239603,3
9048,66000,387130000C,(04)23274275,(04)23288582,2023,8,24,7,39,臺中市,西屯區,0,0,0,7,,,50,,,,,,,,,,,,,,,85,,,,,F03,,,7,,1,,,85,,1,13,4,F03,120.591455,24.168919,3
9049,66000,387130000C,(04)23274275,(04)23288582,2023,8,24,7,40,臺中市,南屯區,0,0,0,7,,,30,,,,,,,,,,,,,,9,84,,,,,B03,,,1,8,2,,,84,84,1,12,4,B03,120.62184,24.149661,3
9050,66000,387130000C,(04)23274275,(04)23288582,2023,8,24,7,40,臺中市,龍井區,0,0,0,7,,,50,,,,,,,,,,,,,,,45,,,,,B03,,,1,,2,,,45,,1,12,4,B03,120.551054,24.211223,3
9051,66000,387130000C,(04)23274275,(04)23288582,2023,8,24,7,42,臺中市,北屯區,0,2,0,7,3,6,50,3,2,1,5,4,6,6,4,4,1,4,5,2,13,7,2,3,2,1,C03,7,9,1,10,2,11,,7,7,1,12,4,C03,120.722513,24.187181,2
9052,66000,387130000C,(04)23274275,(04)23288582,2023,8,24,7,43,臺中市,豐原區,0,2,0,7,3,6,40,13,7,1,5,4,6,6,4,4,3,4,4,2,17,54,2,9,1,1,F07,7,9,7,21,2,13,,54,54,1,12,4,F07,120.716408,24.24406,2
9053,66000,387130000C,(04)23274275,(04)23288582,2023,8,24,7,45,臺中市,太平區,0,1,0,7,3,6,50,13,9,1,5,4,6,6,4,4,10,5,5,2,16,7,2,7,2,1,C03,7,9,1,10,2,14,,7,7,1,13,4,C03,120.732508,24.142259,2
9054,66000,387130000C,(04)23274275,(04)23288582,2023,8,24,7,46,臺中市,霧峰區,0,1,0,7,2,6,50,3,1,1,5,4,6,6,4,4,10,4,4,2,17,51,3,10,3,1,B03,7,1,1,8,2,8,,51,51,1,6,4,B03,120.697846,24.058327,2
9055,66000,387130000C,(04)23274275,(04)23288582,2023,8,24,7,47,臺中市,北屯區,0,0,0,7,,,50,,,,,,,,,,,,,,,7,,,,,B03,,,1,,1,,,7,7,1,13,4,B03,120.693837,24.163623,3
9056,66000,387130000C,(04)23274275,(04)23288582,2023,8,24,7,47,臺中市,北屯區,0,0,0,7,,,50,,,,,,,,,,,,,,13,84,,,,,B12,,,1,,1,,,84,84,1,13,4,B12,120.680055,24.201583,3
9057,66000,387130000C,(04)23274275,(04)23288582,2023,8,24,7,55,臺中市,太平區,0,2,0,7,3,6,50,3,1,1,5,4,6,6,4,4,5,5,5,1,13,7,2,8,2,1,C03,7,6,1,10,2,11,,7,7,1,12,4,C03,120.704933,24.115911,2
9058,66000,387130000C,(04)23274275,(04)23288582,2023,8,24,7,57,臺中市,豐原區,0,0,0,7,,,50,,,,,,,,,,,,,,8,87,,,,,B03,,,1,,10,,,87,,1,12,5,B03,120.725093,24.242923,3
9059,66000,387130000C,(04)23274275,(04)23288582,2023,8,24,7,58,臺中市,東區,0,0,0,7,,,50,,,,,,,,,,,,,,13,7,,,,,C03,,,1,10,2,,,7,7,1,13,4,C03,120.699357,24.14797,3
9060,66000,387130000C,(04)23274275,(04)23288582,2023,8,24,7,59,臺中市,大里區,0,0,0,7,,,50,,,,,,,,,,,,,,12,7,,,,,B03,,,1,,2,,,7,,1,13,4,B03,120.685006,24.115402,4
9061,66000,387130000C,(04)23274275,(04)23288582,2023,8,24,8,4,臺中市,大里區,0,1,0,7,1,6,30,13,9,1,5,4,6,6,4,4,10,5,5,1,17,51,3,10,3,1,B12,7,1,1,8,2,8,,51,51,1,13,4,B12,120.733125,24.088621,2
9062,66000,387130000C,(04)23274275,(04)23288582,2023,8,24,8,7,臺中市,烏日區,0,1,0,7,1,6,50,13,9,1,5,4,6,6,4,4,10,5,5,1,13,7,2,9,1,1,C03,7,9,1,10,2,11,,7,7,1,12,4,C03,120.646375,24.110952,2
9063,66000,387130000C,(04)23274275,(04)23288582,2023,8,24,8,9,臺中市,南區,0,1,0,7,2,6,30,3,1,1,5,4,6,6,3,1,10,5,5,2,16,48,3,10,3,1,B12,7,6,1,8,2,5,,48,48,1,12,4,B12,120.663735,24.128042,2
9064,66000,387130000C,(04)23274275,(04)23288582,2023,8,24,8,9,臺中市,東區,0,1,0,7,3,6,50,4,4,1,5,4,6,6,2,1,5,5,5,2,17,7,2,9,5,4,C03,7,9,1,10,2,11,,7,7,1,12,4,C03,120.682918,24.134425,2
9065,66000,387130000C,(04)23274275,(04)23288582,2023,8,24,8,10,臺中市,西屯區,0,0,0,7,,,50,,,,,,,,,,,,,,2,8,,,,,B03,,,1,,1,,,8,,1,12,4,B03,120.608818,24.169216,3
9066,66000,387130000C,(04)23274275,(04)23288582,2023,8,24,8,13,臺中市,北屯區,0,1,0,7,3,6,50,4,1,1,5,4,6,6,3,1,10,5,5,2,15,12,2,9,2,1,C03,7,9,1,10,2,11,,12,12,1,12,4,C03,120.692407,24.195377,2
9067,66000,387130000C,(04)23274275,(04)23288582,2023,8,24,8,14,臺中市,石岡區,0,0,0,7,3,,70,13,9,1,5,4,6,6,2,1,1,5,5,1,13,7,,,,,B03,,,1,,2,,,7,,1,12,4,B03,120.7647,24.277086,3
9068,66000,387130000C,(04)23274275,(04)23288582,2023,8,24,8,15,臺中市,中區,0,0,0,7,2,6,50,4,1,1,5,4,6,6,1,1,10,5,5,2,16,48,,,,,C03,,,1,,1,,,48,,1,13,4,C03,120.683678,24.141513,3
9069,66000,387130000C,(04)23274275,(04)23288582,2023,8,24,8,16,臺中市,西區,0,1,0,7,3,6,50,13,9,1,5,4,6,6,2,1,5,2,5,2,13,7,2,9,2,1,C03,7,9,1,10,2,11,,7,7,1,13,4,C03,120.67556,24.141676,2
9070,66000,387130000C,(04)23274275,(04)23288582,2023,8,24,8,16,臺中市,西屯區,0,0,0,7,,,1,,,,,,,,,,,,,,17,85,,,,,B03,,,1,,2,,,85,,1,13,4,B03,120.656192,24.168982,3
9071,66000,387130000C,(04)23274275,(04)23288582,2023,8,24,8,19,臺中市,龍井區,0,1,0,6,2,6,50,3,1,1,5,4,6,6,4,4,10,5,5,2,3,10,3,10,3,1,B03,7,6,1,8,2,8,,10,10,1,12,4,B03,120.584707,24.183448,2
9072,66000,387130000C,(04)23274275,(04)23288582,2023,8,24,8,20,臺中市,南屯區,0,0,0,7,,,50,,,,,,,,,,,,,,,58,,,,,B03,,,1,,2,,,58,,1,12,4,B03,120.640595,24.153705,3
9073,66000,387130000C,(04)23274275,(04)23288582,2023,8,24,8,20,臺中市,霧峰區,0,1,0,7,2,6,50,3,1,1,5,4,6,5,4,4,10,5,5,1,16,14,3,10,5,4,B03,7,6,3,19,2,8,,14,14,1,13,4,B03,120.679149,24.064744,2
9074,66000,387130000C,(04)23274275,(04)23288582,2023,8,24,8,23,臺中市,大肚區,0,0,0,7,,,50,,,,,,,,,,,,,,17,51,,,,,B03,,,1,,2,,,51,,1,6,4,B03,120.565788,24.124658,3
9075,66000,387130000C,(04)23274275,(04)23288582,2023,8,24,8,27,臺中市,龍井區,0,1,0,7,2,6,50,3,1,1,5,4,6,6,4,4,10,5,5,2,16,14,3,10,5,4,B03,7,6,1,8,2,1,,14,14,1,13,4,B03,120.58995,24.19146,2
9076,66000,387130000C,(04)23274275,(04)23288582,2023,8,24,8,30,臺中市,東區,0,0,0,7,,,40,,,,,,,,,,,,,,,84,,,,,B12,,,1,,2,,,84,,1,12,4,B12,120.685526,24.129037,3
9077,66000,387130000C,(04)23274275,(04)23288582,2023,8,24,8,31,臺中市,北屯區,0,0,0,7,,,80,,,,,,,,,,,,,,,7,,,,,B03,,,1,,2,,,7,7,1,13,4,B03,120.720976,24.174058,3
9078,66000,387130000C,(04)23274275,(04)23288582,2023,8,24,8,33,臺中市,大里區,0,2,0,7,2,6,50,3,1,1,5,4,6,6,4,4,5,5,5,1,16,14,2,9,1,1,C03,7,6,3,19,2,12,,14,14,1,12,4,C03,120.680773,24.094838,2
9079,66000,387130000C,(04)23274275,(04)23288582,2023,8,24,8,35,臺中市,西區,0,2,0,7,2,6,50,4,2,1,5,4,6,6,1,1,10,5,5,2,13,84,2,7,5,4,C03,7,9,1,10,2,12,,84,84,1,12,4,C03,120.674994,24.138036,2
9080,66000,387130000C,(04)23274275,(04)23288582,2023,8,24,8,37,臺中市,霧峰區,0,0,0,7,,,30,,,,,,,,,,,,,,11,41,,,,,B03,,,1,,2,,,41,,1,6,4,B03,120.666159,24.074239,3
9081,66000,387130000C,(04)23274275,(04)23288582,2023,8,24,8,37,臺中市,豐原區,0,0,0,7,,,50,,,,,,,,,,,,,,,7,,,,,B03,,,1,,2,,,7,,1,12,4,B03,120.72901,24.256935,3
9082,66000,387130000C,(04)23274275,(04)23288582,2023,8,24,8,40,臺中市,東區,0,1,0,7,3,6,50,4,1,1,5,4,6,6,1,1,10,5,5,2,12,84,3,10,3,1,B12,7,5,1,8,1,2,,84,84,1,13,4,B12,120.702063,24.142703,2
9083,66000,387130000C,(04)23274275,(04)23288582,2023,8,24,8,40,臺中市,西屯區,0,1,0,7,3,6,30,13,9,1,5,4,6,6,4,4,10,5,5,2,17,20,3,10,1,1,C03,7,11,1,10,2,16,,20,20,1,12,4,C03,120.639389,24.174467,2
9084,66000,387130000C,(04)23274275,(04)23288582,2023,8,24,8,41,臺中市,大里區,0,0,0,7,,,50,,,,,,,,,,,,,,13,7,,,,,C03,,,1,,2,,,7,,1,13,4,C03,120.70656,24.111671,3
9085,66000,387130000C,(04)23274275,(04)23288582,2023,8,24,8,43,臺中市,龍井區,0,2,0,6,2,6,50,13,9,1,5,4,6,6,4,4,9,4,5,1,13,7,2,9,1,1,C03,7,9,2,19,2,11,,7,7,1,12,4,C03,120.585889,24.189551,2
9086,66000,387130000C,(04)23274275,(04)23288582,2023,8,24,8,43,臺中市,沙鹿區,0,0,0,7,,,70,,,,,,,,,,,,,,17,68,,,,,A11,,,1,,1,,,68,,1,6,4,A11,120.61277,24.244832,3
9087,66000,387130000C,(04)23274275,(04)23288582,2023,8,24,8,45,臺中市,西屯區,0,0,0,7,,,40,,,,,,,,,,,,,,,40,,,,,B01,,,1,,1,,,40,40,1,12,4,B01,120.62904,24.163157,3
9088,66000,387130000C,(04)23274275,(04)23288582,2023,8,24,8,45,臺中市,太平區,0,0,0,7,,,30,,,,,,,,,,,,,,,41,,,,,B12,,,1,,2,,,41,,1,13,4,B12,120.732892,24.105497,3
9089,66000,387130000C,(04)23274275,(04)23288582,2023,8,24,8,48,臺中市,南區,0,1,0,7,1,6,50,4,1,1,5,4,6,6,4,4,10,5,5,2,15,84,2,7,5,4,C03,7,9,5,10,2,12,,84,84,1,13,4,C03,120.662226,24.121648,2
9090,66000,387130000C,(04)23274275,(04)23288582,2023,8,24,8,48,臺中市,西屯區,0,0,0,7,,,50,,,,,,,,,,,,,,,7,,,,,C03,,,1,,1,,,7,,1,13,4,C03,120.631832,24.170448,3
9091,66000,387130000C,(04)23274275,(04)23288582,2023,8,24,8,49,臺中市,西屯區,0,3,0,7,3,6,40,13,8,1,5,4,6,6,4,4,9,4,4,2,13,7,2,9,1,1,C03,7,9,1,10,2,11,,7,7,1,12,4,C03,120.65965,24.174343,2
9092,66000,387130000C,(04)23274275,(04)23288582,2023,8,24,8,50,臺中市,東區,0,1,0,7,3,6,30,4,9,1,5,4,6,6,4,4,5,5,5,2,17,12,3,10,5,4,B03,7,5,1,8,2,16,,12,12,1,13,4,B03,120.699854,24.126243,2
9093,66000,387130000C,(04)23274275,(04)23288582,2023,8,24,8,56,臺中市,南屯區,0,1,0,7,2,6,50,5,1,1,5,4,6,6,2,1,1,4,1,2,17,20,3,10,3,1,B12,7,8,1,8,2,4,,20,20,1,12,4,B12,120.624108,24.152316,2
9094,66000,387130000C,(04)23274275,(04)23288582,2023,8,24,9,5,臺中市,太平區,0,2,0,7,2,6,50,3,1,1,5,4,6,6,4,4,10,5,5,2,16,14,2,7,1,1,C03,7,6,1,10,2,11,,14,14,1,12,4,C03,120.707698,24.11168,2
9095,66000,387130000C,(04)23274275,(04)23288582,2023,8,24,9,6,臺中市,西屯區,0,0,0,7,,,50,,,,,,,,,,,,,,16,11,,,,,B03,,,1,,2,,,11,,1,13,4,B03,120.64087,24.185055,3
9096,66000,387130000C,(04)23274275,(04)23288582,2023,8,24,9,7,臺中市,太平區,0,0,0,7,,,50,,,,,,,,,,,,,,,11,,,,,B12,,,1,,1,,,11,,1,13,4,B12,120.714183,24.138413,3
9097,66000,387130000C,(04)23274275,(04)23288582,2023,8,24,9,15,臺中市,太平區,0,0,0,7,,,50,,,,,,,,,,,,,,,51,,,,,B03,,,1,,1,,,51,,1,13,4,B03,120.715263,24.136684,3
9098,66000,387130000C,(04)23274275,(04)23288582,2023,8,24,9,15,臺中市,清水區,0,1,0,7,3,6,50,3,2,1,5,4,6,6,4,4,5,4,5,1,13,85,2,9,1,1,C03,7,9,1,10,2,11,,85,85,1,12,4,C03,120.557876,24.26655,2
9099,66000,387130000C,(04)23274275,(04)23288582,2023,8,24,9,17,臺中市,北區,0,3,0,7,3,6,50,13,7,1,5,4,6,6,2,1,2,4,5,2,17,40,2,9,1,1,C03,7,7,1,10,2,12,,40,40,1,13,4,C03,120.686662,24.16309,2
9100,66000,387130000C,(04)23274275,(04)23288582,2023,8,24,9,17,臺中市,清水區,0,0,0,7,,,50,,,,,,,,,,,,,,,49,,,,,A11,,,1,,2,,,49,,1,12,4,A11,120.540677,24.267474,3
9101,66000,387130000C,(04)23274275,(04)23288582,2023,8,24,9,18,臺中市,西區,0,0,0,7,,,30,,,,,,,,,,,,,,,84,,,,,,,,,,,,,109,118,1,,5,,120.655563,24.147273,3
9102,66000,387130000C,(04)23274275,(04)23288582,2023,8,24,9,18,臺中市,太平區,0,1,0,7,2,6,50,4,2,1,5,4,6,6,2,1,10,5,5,2,13,84,2,9,2,1,C03,7,9,3,19,2,11,,84,84,1,12,4,C03,120.723166,24.149422,2
9103,66000,387130000C,(04)23274275,(04)23288582,2023,8,24,9,19,臺中市,西區,0,1,0,7,2,6,50,3,1,1,5,4,6,6,4,4,10,5,5,2,17,14,3,10,3,1,B03,7,6,1,8,2,1,,14,14,1,12,4,B03,120.666989,24.129951,2
9104,66000,387130000C,(04)23274275,(04)23288582,2023,8,24,9,20,臺中市,潭子區,0,1,0,7,3,6,50,5,2,1,5,4,6,6,1,1,1,4,4,1,18,84,2,9,2,1,C03,7,6,1,10,2,12,,84,84,1,13,4,C03,120.686781,24.210318,2
9105,66000,387130000C,(04)23274275,(04)23288582,2023,8,24,9,22,臺中市,豐原區,0,0,0,7,,,50,,,,,,,,,,,,,,12,43,,,,,C03,,,1,,2,,,43,,1,13,4,C03,120.720641,24.267338,3
9106,66000,387130000C,(04)23274275,(04)23288582,2023,8,24,9,24,臺中市,南屯區,0,0,0,7,,,80,,,,,,,,,,,,,,,59,,,,,A12,,,1,1,1,,,59,59,1,12,4,A12,120.6233,24.149699,3
9107,66000,387130000C,(04)23274275,(04)23288582,2023,8,24,9,29,臺中市,潭子區,0,2,0,7,2,6,50,13,9,1,5,4,6,6,4,4,9,4,5,1,13,51,2,9,2,1,C03,7,1,1,10,2,14,,51,51,1,13,4,C03,120.7118,24.203404,2
9108,66000,387130000C,(04)23274275,(04)23288582,2023,8,24,9,30,臺中市,烏日區,0,0,0,7,,,60,,,,,,,,,,,,,,13,7,,,,,B03,,,1,,2,,,7,,1,12,4,B03,120.614756,24.117754,3
9109,66000,387130000C,(04)23274275,(04)23288582,2023,8,24,9,38,臺中市,大雅區,0,0,0,7,,,50,,,,,,,,,,,,,,,8,,,,,B03,,,1,,2,,,8,,1,13,4,B03,120.63614,24.23494,3
9110,66000,387130000C,(04)23274275,(04)23288582,2023,8,24,9,42,臺中市,沙鹿區,0,0,0,7,,,50,,,,,,,,,,,,,,,40,,,,,C03,,,1,,2,,,40,,1,5,5,C03,120.559828,24.238001,3
9111,66000,387130000C,(04)23274275,(04)23288582,2023,8,24,9,49,臺中市,南屯區,0,0,0,7,,,40,,,,,,,,,,,,,,,58,,,,,B03,,,1,,1,,,58,,1,12,4,B03,120.62267,24.140394,3
9112,66000,387130000C,(04)23274275,(04)23288582,2023,8,24,9,51,臺中市,西屯區,0,0,0,7,,,50,,,,,,,,,,,,,,,87,,,,,A32,,,1,,2,,,87,,1,12,4,A32,120.63607,24.170969,3
9113,66000,387130000C,(04)23274275,(04)23288582,2023,8,24,9,51,臺中市,西屯區,0,0,0,7,,,50,,,,,,,,,,,,,,,49,,,,,B11,,,1,,1,,,49,,1,13,4,B11,120.637213,24.184191,3
9114,66000,387130000C,(04)23274275,(04)23288582,2023,8,24,9,51,臺中市,石岡區,0,0,0,7,,,50,,,,,,,,,,,,,,,7,,,,,A41,,,1,,2,,,7,,1,12,4,A41,120.816642,24.260248,3
9115,66000,387130000C,(04)23274275,(04)23288582,2023,8,24,9,52,臺中市,南區,0,0,0,7,2,6,30,13,9,1,5,4,6,6,4,4,10,5,5,2,17,50,3,10,3,1,B03,7,3,1,8,2,5,,50,50,1,12,4,B03,120.657137,24.122475,3
9116,66000,387130000C,(04)23274275,(04)23288582,2023,8,24,9,53,臺中市,北區,0,0,0,7,2,6,50,3,9,1,5,4,6,6,4,4,5,5,5,2,30,75,3,10,6,1,A12,7,13,1,7,1,16,,75,75,1,12,4,A12,120.692773,24.156736,3
9117,66000,387130000C,(04)23274275,(04)23288582,2023,8,24,10,10,臺中市,清水區,0,0,0,7,,,60,,,,,,,,,,,,,,,84,,,,,A11,,,1,,2,,,84,,1,12,4,A11,120.547253,24.275411,3
9118,66000,387130000C,(04)23274275,(04)23288582,2023,8,24,10,11,臺中市,北屯區,0,0,0,7,,,40,,,,,,,,,,,,,,17,51,,,,,B03,,,1,,1,,,51,,1,13,4,B03,120.663276,24.18651,3
9119,66000,387130000C,(04)23274275,(04)23288582,2023,8,24,10,13,臺中市,西屯區,0,2,0,7,3,6,30,13,9,1,5,4,6,6,4,4,9,5,5,2,13,20,2,9,1,1,C03,7,6,1,10,2,14,,20,20,1,12,4,C03,120.646635,24.173673,2
9120,66000,387130000C,(04)23274275,(04)23288582,2023,8,24,10,17,臺中市,太平區,0,0,0,7,,,50,,,,,,,,,,,,,,21,84,,,,,A12,,,1,,2,,,84,,1,12,4,A12,120.732383,24.134745,3
9121,66000,387130000C,(04)23274275,(04)23288582,2023,8,24,10,23,臺中市,梧棲區,0,0,0,7,,,30,,,,,,,,,,,,,,14,49,,,,,B12,,,1,,1,,,49,49,1,6,4,B12,120.529691,24.240618,3
9122,66000,387130000C,(04)23274275,(04)23288582,2023,8,24,10,29,臺中市,西區,0,2,0,7,2,6,50,4,1,1,5,4,6,6,4,4,10,5,5,2,15,15,2,9,2,1,C03,7,9,1,10,2,11,,15,15,1,13,4,C03,120.660906,24.152539,2
9123,66000,387130000C,(04)23274275,(04)23288582,2023,8,24,10,32,臺中市,南屯區,0,2,0,7,2,6,50,13,9,1,5,4,6,6,4,4,5,4,5,2,12,59,2,9,2,1,C03,7,9,1,10,2,11,14,59,59,1,12,4,C03,120.648896,24.147138,2
9124,66000,387130000C,(04)23274275,(04)23288582,2023,8,24,10,34,臺中市,梧棲區,0,3,0,7,1,6,90,13,7,1,5,4,6,6,4,4,1,4,5,1,17,40,2,9,3,1,B03,7,8,1,8,2,4,,40,40,1,12,4,B03,120.524056,24.22165,2
9125,66000,387130000C,(04)23274275,(04)23288582,2023,8,24,10,35,臺中市,南區,0,0,0,7,,,40,,,,,,,,,,,,,,,49,,,,,B03,,,1,,2,,,49,,1,12,4,B03,120.671315,24.122742,3
9126,66000,387130000C,(04)23274275,(04)23288582,2023,8,24,10,36,臺中市,西屯區,0,0,0,7,,,50,,,,,,,,,,,,,,30,50,,,,,B03,,,1,,2,,,50,,1,12,4,B03,120.606572,24.187219,3
9127,66000,387130000C,(04)23274275,(04)23288582,2023,8,24,10,37,臺中市,神岡區,0,2,0,7,1,6,50,4,1,1,5,4,6,6,1,1,5,4,4,2,16,45,3,10,5,4,B03,7,11,1,8,2,7,,45,45,1,12,4,B03,120.680276,24.248182,2
9128,66000,387130000C,(04)23274275,(04)23288582,2023,8,24,10,40,臺中市,大雅區,0,0,0,7,,,50,,,,,,,,,,,,,,,8,,,,,B03,,,1,,2,,,8,,1,12,4,B03,120.645183,24.222141,4
9129,66000,387130000C,(04)23274275,(04)23288582,2023,8,24,10,40,臺中市,東區,0,0,0,7,,,50,,,,,,,,,,,,,,17,84,,,,,B02,,,1,8,2,,,84,84,1,13,4,B02,120.697943,24.148693,3
9130,66000,387130000C,(04)23274275,(04)23288582,2023,8,24,10,41,臺中市,大雅區,0,1,0,7,2,6,50,13,9,1,5,4,6,6,4,4,5,5,5,1,17,51,3,10,3,1,B03,7,1,1,8,2,16,,51,51,1,12,4,B03,120.65485,24.22448,2
9131,66000,387130000C,(04)23274275,(04)23288582,2023,8,24,10,45,臺中市,西區,0,0,0,7,,,50,,,,,,,,,,,,,,,84,,,,,B03,,,1,,1,,,84,,1,13,4,B03,120.663873,24.148798,3
9132,66000,387130000C,(04)23274275,(04)23288582,2023,8,24,10,47,臺中市,豐原區,0,1,0,7,3,6,50,3,1,1,5,4,6,6,4,4,10,5,5,2,17,59,3,10,3,1,B03,7,9,1,8,2,4,,59,59,1,11,4,B03,120.717565,24.25323,2
9133,66000,387130000C,(04)23274275,(04)23288582,2023,8,24,10,54,臺中市,西區,0,0,0,7,,,50,,,,,,,,,,,,,,14,49,,,,,B03,,,1,,2,,,49,,1,12,4,B03,120.656626,24.145089,4
9134,66000,387130000C,(04)23274275,(04)23288582,2023,8,24,10,57,臺中市,烏日區,0,0,0,7,1,6,50,4,1,1,5,4,6,6,1,1,1,4,4,1,17,48,,,,,B03,,,1,,2,,,48,,1,12,4,B03,120.614085,24.106776,3
9135,66000,387130000C,(04)23274275,(04)23288582,2023,8,24,11,7,臺中市,南區,0,1,0,7,3,6,50,4,9,1,5,4,6,6,2,1,3,5,5,2,18,84,2,9,5,4,C03,7,9,1,10,2,12,,84,84,1,13,4,C03,120.699854,24.126243,2
9136,66000,387130000C,(04)23274275,(04)23288582,2023,8,24,11,8,臺中市,太平區,0,0,0,7,,,40,,,,,,,,,,,,,,,7,,,,,B03,,,1,,2,,,7,7,1,12,4,B03,120.713675,24.124111,3
9137,66000,387130000C,(04)23274275,(04)23288582,2023,8,24,11,9,臺中市,西屯區,0,1,0,7,3,6,50,4,2,1,5,4,6,6,2,1,8,3,5,1,17,39,2,9,2,1,C01,7,1,1,9,2,11,,39,39,1,13,4,C01,120.651942,24.178105,2
9138,66000,387130000C,(04)23274275,(04)23288582,2023,8,24,11,10,臺中市,烏日區,0,1,0,7,1,6,30,3,1,1,5,4,6,6,4,4,10,5,5,2,16,14,2,9,1,1,C03,7,5,1,10,2,14,,14,14,1,12,4,C03,120.647163,24.064841,2
9139,66000,387130000C,(04)23274275,(04)23288582,2023,8,24,11,13,臺中市,南屯區,0,0,0,7,,,50,,,,,,,,,,,,,,,59,,,,,B03,,,1,,2,,,59,,1,12,4,B03,120.625148,24.144916,3
9140,66000,387130000C,(04)23274275,(04)23288582,2023,8,24,11,13,臺中市,豐原區,0,2,0,7,2,6,50,3,1,1,5,4,6,6,4,4,5,4,4,2,15,20,2,9,4,1,F01,7,9,7,21,2,11,,20,20,1,12,4,F01,120.720244,24.251731,2
9141,66000,387130000C,(04)23274275,(04)23288582,2023,8,24,11,15,臺中市,東區,0,0,0,7,,,50,,,,,,,,,,,,,,,84,,,,,B12,,,5,,2,,,84,,1,12,4,B12,120.705239,24.130353,3
9142,66000,387130000C,(04)23274275,(04)23288582,2023,8,24,11,18,臺中市,大里區,0,1,0,7,2,6,50,14,9,1,5,4,6,6,4,4,1,5,5,1,14,49,3,10,3,1,B03,7,2,1,8,2,3,,49,49,1,6,4,B03,120.679242,24.110544,2
9143,66000,387130000C,(04)23274275,(04)23288582,2023,8,24,11,26,臺中市,南區,0,0,0,7,,,50,,,,,,,,,,,,,,17,84,,,,,B03,,,1,,2,,,84,,1,13,4,B03,120.664624,24.113562,3
9144,66000,387130000C,(04)23274275,(04)23288582,2023,8,24,11,28,臺中市,東區,0,0,0,7,2,6,40,4,8,1,5,4,6,6,4,4,5,5,4,2,13,59,3,10,3,1,B03,7,9,1,8,2,1,,59,59,1,12,4,B03,120.68965,24.132654,3
9145,66000,387130000C,(04)23274275,(04)23288582,2023,8,24,11,30,臺中市,潭子區,0,0,0,7,,,50,,,,,,,,,,,,,,12,26,,,,,B03,,,1,,2,,,26,,2,13,4,B03,120.703702,24.201306,3
9146,66000,387130000C,(04)23274275,(04)23288582,2023,8,24,11,30,臺中市,西屯區,0,0,0,7,,,50,,,,,,,,,,,,,,2,8,,,,,C03,,,1,,1,,,8,,1,12,4,C03,120.649888,24.163536,3
9147,66000,387130000C,(04)23274275,(04)23288582,2023,8,24,11,31,臺中市,北區,0,0,0,7,,,50,,,,,,,,,,,,,,,85,,,,,B03,,,1,,2,,,85,,1,13,4,B03,120.672168,24.171285,3
9148,66000,387130000C,(04)23274275,(04)23288582,2023,8,24,11,33,臺中市,北屯區,0,1,0,7,2,6,40,13,7,1,5,4,6,6,4,4,4,3,4,2,12,85,2,9,1,1,C03,7,9,1,10,2,14,,85,85,1,12,4,C03,120.693815,24.164926,2