序號,縣市別代碼,機關代碼,市話,傳真,年,月,日,時,分,縣市,區,死亡數量,受傷數量,2-30,天候,光線,道路類別,速限,道路型態,事故位置,路面鋪裝,路面狀態,路面缺陷,障礙物,視距,號誌種類,號誌動作,分向設施,快車道或一般車道間,快慢車道間,路面邊線,事故類型及型態,主要肇因,受傷程度,主要傷處,保護裝備,行動電話,當事者區分(類別),車輛用途,當事者行動狀態,駕駛資格情形,駕駛執照種類,飲酒情形,車輛撞擊部位最初,車輛撞擊部位其他,肇事因素個別,肇事因素主要,肇事逃逸,職業,旅次目的,車種,GPS座標X,GPS座標Y,事故類別
9149,66000,387130000C,(04)23274275,(04)23288582,2023,8,24,11,35,臺中市,太平區,0,0,0,7,,,50,,,,,,,,,,,,,,16,14,,,,,B12,,,1,,2,,,14,,1,12,4,B12,120.712652,24.149874,3
9150,66000,387130000C,(04)23274275,(04)23288582,2023,8,24,11,35,臺中市,太平區,0,0,0,7,,,40,,,,,,,,,,,,,,16,84,,,,,B03,,,1,,2,,,87,84,1,12,4,B03,120.724025,24.111108,3
9151,66000,387130000C,(04)23274275,(04)23288582,2023,8,24,11,42,臺中市,中區,0,1,0,7,3,6,50,4,1,1,5,4,6,6,2,1,10,5,5,2,16,84,3,10,3,1,B03,7,5,1,8,2,2,,87,84,1,13,4,B03,120.675975,24.141326,2
9152,66000,387130000C,(04)23274275,(04)23288582,2023,8,24,11,44,臺中市,西屯區,0,0,0,7,,,50,,,,,,,,,,,,,,,84,,,,,B03,,,1,,1,,,84,,1,13,4,B03,120.640624,24.173597,3
9153,66000,387130000C,(04)23274275,(04)23288582,2023,8,24,11,45,臺中市,南區,0,1,0,7,2,6,50,4,1,1,5,4,6,6,2,1,10,5,5,2,17,84,3,10,5,4,B12,7,5,1,8,2,5,,84,84,1,13,4,B12,120.669051,24.128577,2
9154,66000,387130000C,(04)23274275,(04)23288582,2023,8,24,11,56,臺中市,北屯區,0,0,0,7,,,50,,,,,,,,,,,,,,13,84,,,,,B12,,,1,,1,,,84,,1,12,4,B12,120.694087,24.164215,3
9155,66000,387130000C,(04)23274275,(04)23288582,2023,8,24,11,59,臺中市,北屯區,0,0,0,7,,,50,,,,,,,,,,,,,,,49,,,,,B03,,,1,,1,,,49,,1,13,4,B03,120.725067,24.160076,4
9156,66000,387130000C,(04)23274275,(04)23288582,2023,8,24,12,1,臺中市,北屯區,0,0,0,7,,,50,,,,,,,,,,,,,,14,49,,,,,B12,,,1,,1,,,49,49,1,6,4,B12,120.667187,24.184609,3
9157,66000,387130000C,(04)23274275,(04)23288582,2023,8,24,12,8,臺中市,大甲區,0,0,0,7,,,30,,,,,,,,,,,,,,,7,,,,,C03,,,1,,2,,,7,,1,6,4,C03,120.613232,24.358465,3
9158,66000,387130000C,(04)23274275,(04)23288582,2023,8,24,12,12,臺中市,大里區,0,1,0,7,1,6,30,4,1,1,5,4,6,6,4,4,10,5,5,2,15,15,3,10,1,1,C03,7,9,1,10,2,12,,15,15,1,13,4,C03,120.703285,24.09524,2
9159,66000,387130000C,(04)23274275,(04)23288582,2023,8,24,12,14,臺中市,潭子區,0,0,0,7,,,50,,,,,,,,,,,,,,,59,,,,,B03,,,1,,2,,,59,,1,13,4,B03,120.706031,24.200805,3
9160,66000,387130000C,(04)23274275,(04)23288582,2023,8,24,12,16,臺中市,太平區,0,1,0,7,2,6,50,13,9,1,5,4,6,6,4,4,5,5,5,2,17,84,2,9,1,1,F03,7,9,7,21,2,12,,84,84,1,4,4,F03,120.736412,24.15663,2
9161,66000,387130000C,(04)23274275,(04)23288582,2023,8,24,12,20,臺中市,神岡區,0,1,0,7,2,6,30,13,9,1,5,4,6,6,4,4,10,5,5,2,14,49,3,10,3,1,B12,7,2,1,8,2,3,,49,49,1,12,4,B12,120.695477,24.245681,2
9162,66000,387130000C,(04)23274275,(04)23288582,2023,8,24,12,22,臺中市,沙鹿區,0,0,0,7,,,50,,,,,,,,,,,,,,,49,,,,,B12,,,1,,2,,,49,,1,12,4,B12,120.564386,24.23731,3
9163,66000,387130000C,(04)23274275,(04)23288582,2023,8,24,12,22,臺中市,外埔區,0,0,0,7,1,6,60,4,2,1,5,4,6,6,1,1,1,5,5,1,13,7,,,,,B03,,,1,,2,,,7,,1,12,4,B03,120.653258,24.320796,4
9164,66000,387130000C,(04)23274275,(04)23288582,2023,8,24,12,23,臺中市,烏日區,0,1,0,7,2,6,50,4,1,1,5,4,6,6,2,1,5,5,4,2,16,11,3,10,3,1,B12,7,5,1,8,2,5,,11,11,1,12,4,B12,120.607647,24.120939,2
9165,66000,387130000C,(04)23274275,(04)23288582,2023,8,24,12,34,臺中市,東區,0,0,0,7,,,50,,,,,,,,,,,,,,,50,,,,,B12,,,1,,2,,,50,,1,13,4,B12,120.707288,24.144995,3
9166,66000,387130000C,(04)23274275,(04)23288582,2023,8,24,12,34,臺中市,北屯區,0,0,0,7,,,50,,,,,,,,,,,,,,9,84,,,,,B03,,,1,,1,,,84,,1,12,4,B03,120.710085,24.171855,3
9167,66000,387130000C,(04)23274275,(04)23288582,2023,8,24,12,40,臺中市,烏日區,0,1,0,7,2,6,30,4,1,1,5,4,6,6,4,4,10,5,5,2,15,12,2,9,1,1,C03,7,9,1,10,2,11,,12,12,1,12,4,C03,120.635027,24.11043,2
9168,66000,387130000C,(04)23274275,(04)23288582,2023,8,24,12,42,臺中市,南屯區,0,0,0,7,,,50,,,,,,,,,,,,,,13,7,,,,,B03,,,,,1,,,7,,1,12,4,B03,120.638836,24.141777,3
9169,66000,387130000C,(04)23274275,(04)23288582,2023,8,24,12,46,臺中市,新社區,0,1,0,7,2,6,40,13,9,1,5,4,6,6,4,4,5,5,5,1,18,84,2,9,1,4,C03,7,9,1,10,2,15,,84,84,1,13,4,C03,120.878813,24.127244,2
9170,66000,387130000C,(04)23274275,(04)23288582,2023,8,24,12,49,臺中市,南區,0,2,0,7,2,6,50,4,1,1,5,4,1,6,2,1,5,5,5,2,16,59,2,9,1,1,C03,7,9,1,10,2,11,,59,59,1,12,4,C03,120.672948,24.131256,2
9171,66000,387130000C,(04)23274275,(04)23288582,2023,8,24,12,53,臺中市,太平區,0,3,0,5,3,6,50,13,19,1,4,4,6,6,3,1,5,5,5,2,3,10,2,8,2,1,F03,7,9,7,21,2,11,,10,10,1,3,4,F03,120.720995,24.113842,2
9172,66000,387130000C,(04)23274275,(04)23288582,2023,8,24,12,54,臺中市,太平區,0,0,0,7,,,50,,,,,,,,,,,,,,,84,,,,,B03,,,1,,2,,,84,84,1,13,4,B03,120.701335,24.148035,3
9173,66000,387130000C,(04)23274275,(04)23288582,2023,8,24,12,55,臺中市,大肚區,0,1,0,7,2,6,50,13,9,1,5,4,6,6,1,1,9,4,5,1,12,8,3,10,3,1,B12,7,9,1,6,11,15,,8,8,1,12,4,B12,120.577193,24.165204,2
9174,66000,387130000C,(04)23274275,(04)23288582,2023,8,24,13,0,臺中市,南區,0,1,0,5,2,6,50,4,1,1,4,4,6,6,1,1,10,5,5,2,18,84,2,9,2,1,C03,7,9,1,10,2,14,,84,84,1,12,4,C03,120.684084,24.131976,2
9175,66000,387130000C,(04)23274275,(04)23288582,2023,8,24,13,0,臺中市,南區,0,1,0,7,2,6,50,4,1,1,5,4,6,6,4,4,10,5,5,2,11,84,2,9,1,1,C03,7,9,1,10,2,11,,84,84,1,13,4,C03,120.65699,24.12329,2
9176,66000,387130000C,(04)23274275,(04)23288582,2023,8,24,13,1,臺中市,烏日區,0,0,0,7,,,70,,,,,,,,,,,,,,16,40,,,,,B03,,,1,,2,,,40,,1,13,4,B03,120.606716,24.108508,3
9177,66000,387130000C,(04)23274275,(04)23288582,2023,8,24,13,5,臺中市,大里區,0,0,0,7,,,30,,,,,,,,,,,,,,11,8,,,,,B12,,,1,,2,,,8,,1,13,4,B12,120.678487,24.089714,3
9178,66000,387130000C,(04)23274275,(04)23288582,2023,8,24,13,8,臺中市,北屯區,0,0,0,7,,,50,,,,,,,,,,,,,,,59,,,,,B03,,,1,,7,,,59,59,1,13,4,B03,120.679696,24.172167,3
9179,66000,387130000C,(04)23274275,(04)23288582,2023,8,24,13,11,臺中市,北區,0,1,0,7,2,6,50,4,1,1,5,4,6,6,1,1,5,5,5,2,17,21,3,10,1,1,C03,7,9,1,10,2,16,,21,21,1,12,4,C03,120.68669,24.160295,2
9180,66000,387130000C,(04)23274275,(04)23288582,2023,8,24,13,21,臺中市,西屯區,0,0,0,7,,,80,,,,,,,,,,,,,,,84,,,,,B03,,,1,,1,,,84,,1,13,4,B03,120.644036,24.160963,3
9181,66000,387130000C,(04)23274275,(04)23288582,2023,8,24,13,25,臺中市,北區,0,1,0,7,3,6,50,4,1,1,5,4,6,6,2,1,10,5,5,2,18,84,2,9,1,1,C03,7,9,1,10,2,12,,84,84,1,13,4,C03,120.68616,24.146227,2
9182,66000,387130000C,(04)23274275,(04)23288582,2023,8,24,13,25,臺中市,沙鹿區,0,0,0,7,,,60,,,,,,,,,,,,,,13,59,,,,,B03,,,1,,2,,,59,,1,13,4,B03,120.561906,24.240604,3
9183,66000,387130000C,(04)23274275,(04)23288582,2023,8,24,13,32,臺中市,沙鹿區,0,1,0,7,3,6,50,4,1,1,5,4,6,6,2,1,10,5,4,2,17,45,2,9,2,1,C03,7,11,1,10,2,14,,45,45,1,13,4,C03,120.562606,24.23352,2
9184,66000,387130000C,(04)23274275,(04)23288582,2023,8,24,13,33,臺中市,東區,0,1,0,7,2,6,50,3,1,1,5,4,6,6,4,4,5,4,5,2,17,84,3,10,5,4,B12,7,5,1,4,2,2,,84,84,1,13,4,B12,120.684235,24.122342,2
9185,66000,387130000C,(04)23274275,(04)23288582,2023,8,24,13,35,臺中市,西區,0,0,0,7,,,50,,,,,,,,,,,,,,,49,,,,,B03,,,1,,1,,,49,,1,13,4,B03,120.666428,24.131011,3
9186,66000,387130000C,(04)23274275,(04)23288582,2023,8,24,13,40,臺中市,新社區,0,0,0,7,,,50,,,,,,,,,,,,,,,24,,,,,B12,,,1,,2,,,24,24,1,7,4,B12,120.812342,24.202752,3
9187,66000,387130000C,(04)23274275,(04)23288582,2023,8,24,13,41,臺中市,中區,0,0,0,7,2,6,50,13,9,1,5,4,6,6,4,4,5,5,5,2,12,87,,,,,C03,,,1,,9,,,87,,1,12,4,C03,120.676252,24.144735,3
9188,66000,387130000C,(04)23274275,(04)23288582,2023,8,24,13,41,臺中市,北區,0,0,0,7,2,6,50,4,9,1,5,4,6,6,1,1,5,4,5,2,12,1,3,10,3,1,B01,7,4,1,4,1,4,,1,1,1,12,4,B01,120.686098,24.146389,3
9189,66000,387130000C,(04)23274275,(04)23288582,2023,8,24,13,45,臺中市,西屯區,0,0,0,7,,,50,,,,,,,,,,,,,,,49,,,,,C03,,,1,,1,,,49,,1,12,4,C03,120.636759,24.155844,3
9190,66000,387130000C,(04)23274275,(04)23288582,2023,8,24,13,48,臺中市,西區,0,1,0,7,1,6,50,13,7,1,5,4,6,6,4,4,5,4,4,2,17,8,2,9,1,1,C03,7,9,1,10,2,14,,8,8,1,12,4,C03,120.663719,24.157087,2
9191,66000,387130000C,(04)23274275,(04)23288582,2023,8,24,13,52,臺中市,西區,0,1,0,7,3,6,50,4,1,1,5,4,6,6,1,1,10,5,5,2,13,7,2,8,2,1,C03,7,9,1,10,2,11,,7,7,1,13,4,C03,120.663884,24.157614,2
9192,66000,387130000C,(04)23274275,(04)23288582,2023,8,24,13,54,臺中市,北屯區,0,1,0,7,2,6,50,4,2,1,5,4,6,6,1,1,9,5,4,2,13,7,2,9,2,1,C03,7,9,1,10,2,11,,7,7,1,12,4,C03,120.658985,24.188468,2
9193,66000,387130000C,(04)23274275,(04)23288582,2023,8,24,13,57,臺中市,南屯區,0,1,0,7,2,6,40,4,2,1,5,4,6,6,3,1,10,5,5,2,17,51,3,10,3,1,B03,7,1,1,8,2,4,,51,51,1,12,4,B03,120.612776,24.138981,2
9194,66000,387130000C,(04)23274275,(04)23288582,2023,8,24,14,2,臺中市,南屯區,0,0,0,7,3,6,50,13,9,1,5,4,6,6,4,4,5,4,5,2,12,20,,,,,B03,,,1,,1,,,20,,1,12,4,B03,120.645418,24.146827,3
9195,66000,387130000C,(04)23274275,(04)23288582,2023,8,24,14,3,臺中市,中區,0,0,0,7,,,50,,,,,,,,,,,,,,17,23,,,,,B03,,,1,,2,,,23,,1,12,4,B03,120.69096,24.140038,3
9196,66000,387130000C,(04)23274275,(04)23288582,2023,8,24,14,6,臺中市,東區,0,1,0,7,2,6,50,3,1,1,5,4,6,6,2,1,3,2,5,2,17,49,3,10,5,1,G03,7,2,7,21,2,17,,49,49,1,12,4,G03,120.685897,24.135723,2
9197,66000,387130000C,(04)23274275,(04)23288582,2023,8,24,14,9,臺中市,豐原區,0,0,0,7,,,50,,,,,,,,,,,,,,13,7,,,,,B03,,,1,,2,,,7,,1,6,4,B03,120.723969,24.245023,3
9198,66000,387130000C,(04)23274275,(04)23288582,2023,8,24,14,11,臺中市,西屯區,0,1,0,7,3,6,50,5,2,1,5,4,6,6,2,1,1,3,5,1,17,84,3,10,3,1,B03,7,6,1,8,2,8,,84,84,1,13,4,B03,120.595143,24.190912,2
9199,66000,387130000C,(04)23274275,(04)23288582,2023,8,24,14,12,臺中市,南屯區,0,0,0,6,3,6,50,13,8,1,5,4,6,6,4,4,5,5,4,2,17,39,,,,,B03,,,1,,1,,,39,,2,12,5,B03,120.640635,24.154672,3
9200,66000,387130000C,(04)23274275,(04)23288582,2023,8,24,14,20,臺中市,霧峰區,0,0,0,7,,,50,,,,,,,,,,,,,,13,56,,,,,B12,,,1,,2,,,56,,1,6,4,B12,120.693638,24.058926,3
9201,66000,387130000C,(04)23274275,(04)23288582,2023,8,24,14,23,臺中市,霧峰區,0,0,0,5,,,50,,,,,,,,,,,,,,16,21,,,,,C03,,,1,,2,,,21,,1,6,4,C03,120.706063,24.073068,3
9202,66000,387130000C,(04)23274275,(04)23288582,2023,8,24,14,27,臺中市,沙鹿區,0,2,0,7,2,6,50,13,9,1,3,4,1,6,4,4,5,5,5,1,18,112,2,9,1,1,C03,7,9,1,10,2,12,,87,112,1,6,4,C03,120.589616,24.252157,2
9203,66000,387130000C,(04)23274275,(04)23288582,2023,8,24,14,37,臺中市,豐原區,0,0,0,7,,,50,,,,,,,,,,,,,,,49,,,,,A41,,,1,,2,,,49,,1,12,4,A41,120.713381,24.277663,3
9204,66000,387130000C,(04)23274275,(04)23288582,2023,8,24,14,38,臺中市,東區,0,0,0,7,2,6,50,13,7,1,5,4,6,6,4,4,1,4,5,2,17,77,3,10,4,1,G03,7,14,1,5,9,7,,77,77,2,6,4,G03,120.695548,24.128025,3
9205,66000,387130000C,(04)23274275,(04)23288582,2023,8,24,14,44,臺中市,南區,0,0,0,7,,,50,,,,,,,,,,,,,,13,7,,,,,B03,,,1,,2,,,7,,1,13,4,B03,120.652498,24.122127,3
9206,66000,387130000C,(04)23274275,(04)23288582,2023,8,24,14,45,臺中市,西區,0,0,0,7,,,50,,,,,,,,,,,,,,,65,,,,,B03,,,1,,1,,,65,,1,13,4,B03,120.674723,24.132807,3
9207,66000,387130000C,(04)23274275,(04)23288582,2023,8,24,14,45,臺中市,北區,0,0,0,7,,,50,,,,,,,,,,,,,,,51,,,,,B03,,,1,,1,,,51,,1,13,4,B03,120.688911,24.147049,3
9208,66000,387130000C,(04)23274275,(04)23288582,2023,8,24,14,51,臺中市,西區,0,2,0,7,3,6,50,3,1,1,5,4,6,6,4,4,10,5,5,2,16,20,3,10,3,1,B03,7,5,1,8,2,6,,20,20,1,12,4,B03,120.663429,24.156909,2
9209,66000,387130000C,(04)23274275,(04)23288582,2023,8,24,15,1,臺中市,西區,0,1,0,7,3,6,50,3,1,1,5,3,6,6,4,4,10,5,5,2,16,20,2,9,1,1,C03,7,6,1,10,2,11,,20,20,1,13,4,C03,120.659799,24.161223,2
9210,66000,387130000C,(04)23274275,(04)23288582,2023,8,24,15,7,臺中市,北屯區,0,2,0,7,2,6,50,3,1,1,5,4,6,6,4,4,10,5,5,2,16,7,2,9,1,1,C03,7,9,1,10,2,11,12,7,7,1,12,4,C03,120.667651,24.173906,2
9211,66000,387130000C,(04)23274275,(04)23288582,2023,8,24,15,7,臺中市,霧峰區,0,1,0,7,2,6,50,4,1,1,5,4,6,6,1,1,5,2,5,1,16,65,3,10,3,1,B03,7,5,1,8,2,5,,65,65,1,13,4,B03,120.684265,24.051054,2
9212,66000,387130000C,(04)23274275,(04)23288582,2023,8,24,15,9,臺中市,龍井區,0,0,0,7,,,70,,,,,,,,,,,,,,17,84,,,,,B03,,,1,,2,,,84,84,1,13,4,B03,120.579922,24.193444,3
9213,66000,387130000C,(04)23274275,(04)23288582,2023,8,24,15,11,臺中市,西屯區,0,1,0,7,3,6,50,13,9,1,5,4,6,6,4,4,5,4,5,1,17,84,2,9,1,1,C03,7,9,1,10,2,15,,84,84,1,13,4,C03,120.647553,24.174297,2
9214,66000,387130000C,(04)23274275,(04)23288582,2023,8,24,15,13,臺中市,西屯區,0,1,0,7,2,6,0,14,21,4,5,4,6,6,4,4,10,5,5,2,9,39,3,10,1,1,C03,7,9,1,10,9,14,,39,39,1,12,4,C03,120.65024,24.164174,2
9215,66000,387130000C,(04)23274275,(04)23288582,2023,8,24,15,15,臺中市,大里區,0,3,0,7,2,6,50,4,1,1,5,4,6,6,1,1,10,5,5,2,17,85,2,9,2,1,C03,7,9,1,10,2,11,,85,85,1,12,4,C03,120.694518,24.082354,2
9216,66000,387130000C,(04)23274275,(04)23288582,2023,8,24,15,22,臺中市,北區,0,0,0,7,,,40,,,,,,,,,,,,,,,51,,,,,B12,,,1,,1,,,51,,1,12,4,B12,120.677489,24.171421,3
9217,66000,387130000C,(04)23274275,(04)23288582,2023,8,24,15,29,臺中市,大里區,0,2,0,7,2,6,50,13,9,1,5,4,1,4,4,4,5,4,5,1,13,7,2,9,1,1,C03,7,9,1,9,2,11,,7,7,1,13,4,C03,120.687711,24.100058,2
9218,66000,387130000C,(04)23274275,(04)23288582,2023,8,24,15,32,臺中市,南屯區,0,2,0,7,2,6,50,4,1,1,5,4,6,6,2,1,1,4,5,2,16,26,3,10,5,4,B03,7,6,1,3,2,8,,26,26,1,13,4,B03,120.622977,24.145194,2
9219,66000,387130000C,(04)23274275,(04)23288582,2023,8,24,15,34,臺中市,霧峰區,0,0,0,7,,,50,,,,,,,,,,,,,,13,7,,,,,C03,,,1,,2,,,7,,1,13,4,C03,120.709099,24.079119,3
9220,66000,387130000C,(04)23274275,(04)23288582,2023,8,24,15,37,臺中市,北區,0,0,0,7,,,50,,,,,,,,,,,,,,13,84,,,,,B03,,,1,,2,,,84,,1,13,4,B03,120.679356,24.172862,4
9221,66000,387130000C,(04)23274275,(04)23288582,2023,8,24,15,40,臺中市,西屯區,0,0,0,7,,,50,,,,,,,,,,,,,,,8,,,,,B03,,,1,,1,,,8,,1,12,4,B03,120.638278,24.159295,3
9222,66000,387130000C,(04)23274275,(04)23288582,2023,8,24,15,41,臺中市,南屯區,0,0,0,6,3,6,40,13,9,1,5,4,6,6,4,4,10,5,5,2,14,49,,,,,B03,,,1,,2,,,49,,1,12,4,B03,120.613992,24.15259,3
9223,66000,387130000C,(04)23274275,(04)23288582,2023,8,24,15,43,臺中市,北屯區,0,0,0,7,,,40,,,,,,,,,,,,,,12,8,,,,,B03,,,1,,2,,,8,8,1,6,4,B03,120.708523,24.186542,3
9224,66000,387130000C,(04)23274275,(04)23288582,2023,8,24,15,46,臺中市,北區,0,0,0,7,,,50,,,,,,,,,,,,,,16,65,,,,,B02,,,1,,1,,,65,,1,13,4,B02,120.691825,24.160146,3
9225,66000,387130000C,(04)23274275,(04)23288582,2023,8,24,15,51,臺中市,神岡區,0,0,0,7,,,50,,,,,,,,,,,,,,,40,,,,,B03,,,1,,2,,,40,,1,13,4,B03,120.695889,24.24848,3
9226,66000,387130000C,(04)23274275,(04)23288582,2023,8,24,15,55,臺中市,西屯區,0,2,0,7,2,6,50,4,1,1,5,4,6,6,1,1,10,5,5,2,13,7,2,8,1,1,C03,7,9,1,10,2,11,14,7,7,1,12,4,C03,120.647988,24.157667,2
9227,66000,387130000C,(04)23274275,(04)23288582,2023,8,24,15,59,臺中市,西屯區,0,2,0,7,2,6,50,13,9,1,5,4,6,6,4,4,5,4,5,2,16,51,2,9,1,1,C03,7,1,1,10,2,14,,51,51,1,6,4,C03,120.654678,24.1649,2
9228,66000,387130000C,(04)23274275,(04)23288582,2023,8,24,16,4,臺中市,太平區,0,1,0,7,2,6,50,3,1,1,5,4,6,6,4,4,10,5,5,2,18,90,2,9,2,1,C03,7,9,1,10,2,16,,90,90,1,12,4,C03,120.712128,24.149957,2
9229,66000,387130000C,(04)23274275,(04)23288582,2023,8,24,16,5,臺中市,大肚區,0,1,0,7,3,6,30,4,1,1,5,4,6,6,4,4,10,5,5,2,15,15,2,9,1,1,C03,7,9,1,10,2,11,,15,15,1,6,4,C03,120.544368,24.159168,2
9230,66000,387130000C,(04)23274275,(04)23288582,2023,8,24,16,10,臺中市,南區,0,0,0,6,,,50,,,,,,,,,,,,,,,84,,,,,B03,,,1,,2,,,84,,1,12,4,B03,120.656252,24.119884,3
9231,66000,387130000C,(04)23274275,(04)23288582,2023,8,24,16,17,臺中市,西屯區,0,2,0,7,3,6,40,5,1,1,5,4,6,6,2,1,10,5,5,2,17,36,2,9,5,4,F01,7,6,7,21,2,14,,36,36,1,13,4,F01,120.615013,24.187389,2
9232,66000,387130000C,(04)23274275,(04)23288582,2023,8,24,16,20,臺中市,烏日區,0,0,0,7,1,6,50,13,7,1,5,4,6,6,4,4,1,4,1,1,17,40,,,,,B12,,,1,,2,,,40,,1,12,4,B12,120.62036,24.102093,3
9233,66000,387130000C,(04)23274275,(04)23288582,2023,8,24,16,27,臺中市,南區,0,2,0,7,2,6,50,4,1,1,5,4,6,6,1,1,10,5,5,2,15,21,2,9,1,1,C03,7,9,5,19,2,11,,21,21,1,6,4,C03,120.678708,24.13264,2
9234,66000,387130000C,(04)23274275,(04)23288582,2023,8,24,16,28,臺中市,南屯區,0,1,0,7,2,6,50,3,2,1,5,4,6,6,4,4,5,4,4,2,16,14,3,10,5,4,B03,7,5,1,8,2,5,,14,14,1,13,4,B03,120.647208,24.131994,2
9235,66000,387130000C,(04)23274275,(04)23288582,2023,8,24,16,30,臺中市,西區,0,1,0,7,2,6,50,3,1,1,5,4,6,6,4,4,4,4,4,2,17,20,3,10,3,1,B03,7,5,1,8,2,1,,20,20,1,12,4,B03,120.665707,24.152298,2
9236,66000,387130000C,(04)23274275,(04)23288582,2023,8,24,16,30,臺中市,太平區,0,1,0,7,2,6,50,3,2,1,5,4,6,6,4,4,5,5,5,2,18,84,2,9,1,1,C03,7,9,1,8,2,11,,84,84,1,12,4,C03,120.734961,24.126133,2
9237,66000,387130000C,(04)23274275,(04)23288582,2023,8,24,16,35,臺中市,潭子區,0,0,0,7,,,60,,,,,,,,,,,,,,16,51,,,,,B03,,,1,,2,,,51,,1,12,4,B03,120.705749,24.218166,3
9238,66000,387130000C,(04)23274275,(04)23288582,2023,8,24,16,36,臺中市,和平區,0,1,0,5,3,6,50,11,9,1,4,4,6,6,4,4,8,1,5,1,11,4,3,10,3,1,B03,7,6,1,8,2,4,7,4,4,1,7,4,B03,121.009995,24.202295,2
9239,66000,387130000C,(04)23274275,(04)23288582,2023,8,24,16,38,臺中市,北屯區,0,1,0,7,2,6,50,13,8,1,5,4,6,6,4,4,1,4,4,2,12,40,3,10,3,1,B03,7,7,1,8,2,6,2,40,40,1,12,4,B03,120.685618,24.177145,2
9240,66000,387130000C,(04)23274275,(04)23288582,2023,8,24,16,38,臺中市,神岡區,0,1,0,7,1,6,50,13,9,1,5,4,6,6,4,4,9,4,4,1,16,48,3,10,1,4,C03,7,9,1,10,2,11,,6,87,1,12,4,C03,120.663091,24.258495,2
9241,66000,387130000C,(04)23274275,(04)23288582,2023,8,24,16,44,臺中市,西屯區,0,1,0,7,2,6,50,13,9,1,5,4,6,6,4,4,10,4,5,2,16,84,3,10,1,1,C03,7,9,1,10,2,12,,84,84,1,12,4,C03,120.630386,24.171025,2
9242,66000,387130000C,(04)23274275,(04)23288582,2023,8,24,16,45,臺中市,龍井區,0,1,0,7,3,6,70,4,1,1,5,4,6,6,4,4,3,4,4,1,17,20,3,10,3,1,B03,7,5,1,8,2,6,,20,20,1,6,4,B03,120.513622,24.198523,2
9243,66000,387130000C,(04)23274275,(04)23288582,2023,8,24,16,52,臺中市,東勢區,0,0,0,7,,,50,,,,,,,,,,,,,,11,41,,,,,B03,,,1,,1,,,41,,1,13,4,B03,120.830095,24.25541,3
9244,66000,387130000C,(04)23274275,(04)23288582,2023,8,24,16,54,臺中市,南屯區,0,0,0,6,3,6,50,13,9,1,5,4,6,6,1,1,5,2,5,2,12,85,,,,,B03,,,1,,1,,,85,,1,12,4,B03,120.649917,24.140957,3
9245,66000,387130000C,(04)23274275,(04)23288582,2023,8,24,16,56,臺中市,大雅區,0,1,0,7,2,6,50,4,1,1,5,4,6,6,3,1,5,5,5,1,16,11,3,10,3,1,B03,7,6,1,8,2,1,,11,11,1,13,4,B03,120.64253,24.231019,2
9246,66000,387130000C,(04)23274275,(04)23288582,2023,8,24,16,56,臺中市,西屯區,0,1,0,7,2,6,50,3,2,1,5,4,6,6,2,1,5,4,4,2,13,58,2,9,1,1,C03,7,9,1,10,2,11,14,58,58,1,12,4,C03,120.64902,24.172987,2
9247,66000,387130000C,(04)23274275,(04)23288582,2023,8,24,16,57,臺中市,北屯區,0,1,0,7,2,6,50,4,1,1,5,4,6,6,2,1,10,5,5,2,12,47,3,10,2,1,C03,7,5,1,10,2,13,,47,47,1,6,4,C03,120.700226,24.16473,2
9248,66000,387130000C,(04)23274275,(04)23288582,2023,8,24,16,58,臺中市,龍井區,0,0,0,7,,,60,,,,,,,,,,,,,,17,7,,,,,B03,,,1,,2,,,7,,1,13,4,B03,120.573822,24.18492,3
9249,66000,387130000C,(04)23274275,(04)23288582,2023,8,24,17,5,臺中市,西屯區,0,0,0,7,,,50,,,,,,,,,,,,,,,84,,,,,B03,,,1,,1,,,84,,1,13,4,B03,120.605586,24.188589,3
9250,66000,387130000C,(04)23274275,(04)23288582,2023,8,24,17,8,臺中市,西屯區,0,1,0,6,2,6,50,4,1,1,5,4,6,6,2,1,10,5,5,2,17,48,3,10,3,1,B03,7,6,1,8,2,16,,48,48,1,6,4,B03,120.655344,24.178096,2
9251,66000,387130000C,(04)23274275,(04)23288582,2023,8,24,17,9,臺中市,霧峰區,0,0,0,5,,,60,,,,,,,,,,,,,,,42,,,,,B03,,,1,,2,,,42,,1,12,4,B03,120.696627,24.070157,3
9252,66000,387130000C,(04)23274275,(04)23288582,2023,8,24,17,10,臺中市,潭子區,0,1,0,7,2,6,50,3,19,1,5,4,6,6,1,1,10,5,5,2,3,10,3,10,2,1,C03,7,6,1,10,2,14,,10,10,1,12,4,C03,120.702513,24.194427,2
9253,66000,387130000C,(04)23274275,(04)23288582,2023,8,24,17,10,臺中市,烏日區,0,1,0,7,1,6,50,11,9,1,5,4,6,6,4,4,4,4,5,2,12,85,3,10,1,1,C03,7,9,1,10,2,11,,85,85,1,12,4,C03,120.609897,24.111906,2
9254,66000,387130000C,(04)23274275,(04)23288582,2023,8,24,17,12,臺中市,西屯區,0,1,0,7,2,6,50,4,1,1,5,4,6,6,2,1,5,4,4,1,12,47,3,10,3,1,B03,7,5,1,8,2,6,,47,47,1,13,4,B03,120.637449,24.177602,2