序號,縣市別代碼,機關代碼,市話,傳真,年,月,日,時,分,縣市,區,死亡數量,受傷數量,2-30,天候,光線,道路類別,速限,道路型態,事故位置,路面鋪裝,路面狀態,路面缺陷,障礙物,視距,號誌種類,號誌動作,分向設施,快車道或一般車道間,快慢車道間,路面邊線,事故類型及型態,主要肇因,受傷程度,主要傷處,保護裝備,行動電話,當事者區分(類別),車輛用途,當事者行動狀態,駕駛資格情形,駕駛執照種類,飲酒情形,車輛撞擊部位最初,車輛撞擊部位其他,肇事因素個別,肇事因素主要,肇事逃逸,職業,旅次目的,車種,GPS座標X,GPS座標Y,事故類別
9255,66000,387130000C,(04)23274275,(04)23288582,2023,8,24,17,12,臺中市,大里區,0,1,0,7,3,6,50,3,2,1,4,4,6,6,1,1,5,2,4,1,12,76,3,10,3,1,B03,7,14,1,8,2,2,,76,76,1,13,4,B03,120.68647,24.088532,2
9256,66000,387130000C,(04)23274275,(04)23288582,2023,8,24,17,12,臺中市,太平區,0,1,0,7,3,6,50,13,9,1,5,4,6,6,2,1,1,2,4,2,13,7,3,10,3,1,B12,7,9,1,7,2,1,,7,7,1,12,4,B12,120.712182,24.144435,2
9257,66000,387130000C,(04)23274275,(04)23288582,2023,8,24,17,13,臺中市,南屯區,0,1,0,5,3,6,40,13,8,1,4,4,6,6,4,4,5,4,4,2,13,59,2,9,5,4,C03,7,9,1,10,2,11,14,59,59,1,12,4,C03,120.634799,24.154297,2
9258,66000,387130000C,(04)23274275,(04)23288582,2023,8,24,17,14,臺中市,西屯區,0,0,0,6,,,50,,,,,,,,,,,,,,16,51,,,,,B03,,,1,,1,,,51,,1,12,4,B03,120.653293,24.156266,3
9259,66000,387130000C,(04)23274275,(04)23288582,2023,8,24,17,15,臺中市,大里區,0,1,0,5,3,6,50,13,9,1,4,4,6,6,4,4,9,5,5,1,16,20,3,10,3,1,B03,7,15,1,8,2,2,,20,20,1,6,4,B03,120.673848,24.104216,2
9260,66000,387130000C,(04)23274275,(04)23288582,2023,8,24,17,17,臺中市,西區,0,1,0,7,2,6,50,4,1,1,5,4,6,6,2,1,10,5,5,2,17,25,2,9,1,1,C03,7,9,1,10,2,11,,87,25,1,12,4,C03,120.67502,24.149051,2
9261,66000,387130000C,(04)23274275,(04)23288582,2023,8,24,17,20,臺中市,潭子區,0,1,0,7,2,6,50,4,1,1,5,4,6,6,3,1,10,5,5,2,16,20,3,10,3,1,B03,7,5,1,8,2,1,,20,20,1,12,4,B03,120.687438,24.216251,2
9262,66000,387130000C,(04)23274275,(04)23288582,2023,8,24,17,20,臺中市,潭子區,0,0,0,7,,,50,,,,,,,,,,,,,,,7,,,,,C03,,,1,,2,,,7,,1,13,4,C03,120.674385,24.203791,3
9263,66000,387130000C,(04)23274275,(04)23288582,2023,8,24,17,20,臺中市,西區,0,1,0,5,2,6,50,4,1,1,4,4,6,6,1,1,5,5,5,2,15,21,3,10,5,4,C03,7,9,1,10,2,12,,21,21,1,12,4,C03,120.666701,24.14119,2
9264,66000,387130000C,(04)23274275,(04)23288582,2023,8,24,17,22,臺中市,南屯區,0,2,0,5,2,6,30,3,1,1,4,4,6,6,4,4,5,5,5,2,16,84,2,9,5,4,F07,7,6,7,21,2,15,,84,84,1,13,4,F07,120.625454,24.116029,2
9265,66000,387130000C,(04)23274275,(04)23288582,2023,8,24,17,26,臺中市,南屯區,0,0,0,5,,,50,,,,,,,,,,,,,,,49,,,,,B03,,,1,,2,,,49,,1,12,4,B03,120.64319,24.133225,3
9266,66000,387130000C,(04)23274275,(04)23288582,2023,8,24,17,26,臺中市,大甲區,0,0,0,7,,,50,,,,,,,,,,,,,,,59,,,,,B03,,,1,,1,,,59,,1,6,4,B03,120.632456,24.345539,3
9267,66000,387130000C,(04)23274275,(04)23288582,2023,8,24,17,29,臺中市,北區,0,1,0,6,2,6,50,13,8,1,5,4,6,6,4,4,5,4,4,2,17,43,2,7,1,1,C03,7,9,1,10,2,11,,43,43,1,12,4,C03,120.669083,24.155734,2
9268,66000,387130000C,(04)23274275,(04)23288582,2023,8,24,17,30,臺中市,潭子區,0,0,0,7,,,50,,,,,,,,,,,,,,,51,,,,,B03,,,1,,2,,,51,,1,13,4,B03,120.704352,24.209898,3
9269,66000,387130000C,(04)23274275,(04)23288582,2023,8,24,17,32,臺中市,潭子區,0,1,0,7,2,6,60,13,14,1,5,4,6,6,4,4,1,4,4,1,17,58,2,9,2,1,C04,7,7,1,8,2,12,,58,58,1,12,4,C04,120.69012,24.223808,2
9270,66000,387130000C,(04)23274275,(04)23288582,2023,8,24,17,32,臺中市,西區,0,0,0,5,,,50,,,,,,,,,,,,,,17,84,,,,,B12,,,3,,1,,,84,,1,12,4,B12,120.661478,24.136045,3
9271,66000,387130000C,(04)23274275,(04)23288582,2023,8,24,17,33,臺中市,西屯區,0,1,0,7,2,6,50,4,1,1,5,4,6,6,1,1,10,5,5,2,17,84,3,10,1,1,C03,7,15,1,10,2,12,,84,84,1,12,4,C03,120.620592,24.184025,2
9272,66000,387130000C,(04)23274275,(04)23288582,2023,8,24,17,34,臺中市,豐原區,0,0,0,7,,,30,,,,,,,,,,,,,,15,15,,,,,C03,,,1,,2,,,15,,1,12,4,C03,120.711363,24.244767,3
9273,66000,387130000C,(04)23274275,(04)23288582,2023,8,24,17,36,臺中市,南區,0,1,0,5,2,6,50,13,9,1,4,4,6,6,4,4,5,5,5,2,18,87,2,9,1,1,C03,7,9,1,10,2,14,,87,87,1,13,4,C03,120.668698,24.11537,2
9274,66000,387130000C,(04)23274275,(04)23288582,2023,8,24,17,40,臺中市,北區,0,1,0,7,3,6,50,13,9,1,5,4,6,6,4,4,5,4,5,2,9,84,3,10,5,1,C03,7,9,1,10,2,11,,84,84,1,13,4,C03,120.685709,24.144314,2
9275,66000,387130000C,(04)23274275,(04)23288582,2023,8,24,17,40,臺中市,南屯區,0,2,0,5,3,6,50,13,7,1,4,4,6,6,4,4,5,5,4,2,12,42,2,9,4,1,F01,7,6,7,21,2,14,,42,42,1,13,4,F01,120.635521,24.139713,2
9276,66000,387130000C,(04)23274275,(04)23288582,2023,8,24,17,41,臺中市,南屯區,0,0,0,6,,,50,,,,,,,,,,,,,,13,42,,,,,B03,,,1,,1,,,42,,1,13,4,B03,120.608082,24.153679,3
9277,66000,387130000C,(04)23274275,(04)23288582,2023,8,24,17,41,臺中市,西屯區,0,0,0,7,,,40,,,,,,,,,,,,,,,21,,,,,C03,,,1,,1,,,21,,1,13,4,C03,120.614123,24.183851,3
9278,66000,387130000C,(04)23274275,(04)23288582,2023,8,24,17,41,臺中市,大里區,0,0,0,7,,,40,,,,,,,,,,,,,,13,7,,,,,C03,,,1,,2,,,7,,1,5,4,C03,120.697943,24.11185,3
9279,66000,387130000C,(04)23274275,(04)23288582,2023,8,24,17,42,臺中市,西區,0,1,0,5,3,6,50,4,1,1,4,4,6,6,2,1,10,5,5,2,13,84,3,10,3,1,B03,7,9,1,8,2,5,,84,84,1,13,4,B03,120.666736,24.141067,2
9280,66000,387130000C,(04)23274275,(04)23288582,2023,8,24,17,44,臺中市,大里區,0,0,0,5,2,6,50,13,9,1,4,4,6,6,4,4,9,5,5,1,13,59,,,,,C03,,,1,,2,,,59,,1,13,4,C03,120.673845,24.104006,3
9281,66000,387130000C,(04)23274275,(04)23288582,2023,8,24,17,44,臺中市,太平區,0,0,0,7,,,40,,,,,,,,,,,,,,14,50,,,,,B03,,,1,,1,,,50,,1,12,4,B03,120.72486,24.133463,3
9282,66000,387130000C,(04)23274275,(04)23288582,2023,8,24,17,45,臺中市,東區,0,0,0,6,,,50,,,,,,,,,,,,,,,84,,,,,B03,,,1,,2,,,84,,1,12,4,B03,120.705446,24.141519,3
9283,66000,387130000C,(04)23274275,(04)23288582,2023,8,24,17,45,臺中市,太平區,0,0,0,7,,,50,,,,,,,,,,,,,,,84,,,,,B03,,,1,,2,,,84,,1,12,4,B03,120.707953,24.127726,3
9284,66000,387130000C,(04)23274275,(04)23288582,2023,8,24,17,46,臺中市,西屯區,0,0,0,7,2,6,50,3,2,1,5,4,6,6,2,1,5,2,5,2,13,7,3,10,1,1,C03,7,9,1,10,1,11,,7,7,1,6,4,C03,120.61874,24.187802,4
9285,66000,387130000C,(04)23274275,(04)23288582,2023,8,24,17,46,臺中市,大里區,0,0,0,5,2,6,60,13,7,1,4,4,6,6,4,4,1,4,5,1,13,59,,,,,B03,,,1,,2,,,59,,1,13,4,B03,120.681169,24.088627,3
9286,66000,387130000C,(04)23274275,(04)23288582,2023,8,24,17,47,臺中市,北區,0,1,0,5,2,6,50,3,1,1,4,4,6,6,4,4,5,5,4,2,18,84,2,9,1,1,C03,7,12,1,10,2,12,,84,84,1,12,4,C03,120.667063,24.159211,2
9287,66000,387130000C,(04)23274275,(04)23288582,2023,8,24,17,47,臺中市,北區,0,1,0,5,2,6,50,13,9,1,4,4,6,6,4,4,1,4,5,2,13,7,2,9,2,1,C03,7,9,1,10,2,11,,7,7,1,12,4,C03,120.671548,24.164797,2
9288,66000,387130000C,(04)23274275,(04)23288582,2023,8,24,17,48,臺中市,南屯區,0,1,0,5,1,6,50,13,9,1,4,4,6,6,1,1,1,4,5,2,12,7,2,8,1,1,C03,7,9,1,10,2,14,,7,7,1,12,4,C03,120.646833,24.14493,2
9289,66000,387130000C,(04)23274275,(04)23288582,2023,8,24,17,48,臺中市,北屯區,0,0,0,7,,,50,,,,,,,,,,,,,,,7,,,,,B12,,,1,,1,,,7,,1,12,4,B12,120.692104,24.17116,3
9290,66000,387130000C,(04)23274275,(04)23288582,2023,8,24,17,48,臺中市,西屯區,0,0,0,5,,,40,,,,,,,,,,,,,,13,7,,,,,B03,,,1,,1,,,7,,1,12,4,B03,120.632828,24.161428,3
9291,66000,387130000C,(04)23274275,(04)23288582,2023,8,24,17,48,臺中市,后里區,0,2,0,7,1,6,30,4,1,1,5,4,6,6,4,4,10,5,5,2,16,14,2,9,6,1,F01,7,6,7,21,2,11,,14,14,1,13,4,F01,120.719807,24.313592,2
9292,66000,387130000C,(04)23274275,(04)23288582,2023,8,24,17,49,臺中市,南屯區,0,0,0,5,,,50,,,,,,,,,,,,,,,87,,,,,B03,,,1,,1,,,87,,1,13,4,B03,120.634907,24.152569,3
9293,66000,387130000C,(04)23274275,(04)23288582,2023,8,24,17,51,臺中市,大里區,0,0,0,7,,,50,,,,,,,,,,,,,,,7,,,,,C03,,,1,,9,,,7,,1,13,4,C03,120.676392,24.097877,3
9294,66000,387130000C,(04)23274275,(04)23288582,2023,8,24,17,52,臺中市,西屯區,0,1,0,7,1,6,40,4,2,1,5,4,6,6,1,1,1,4,4,2,17,84,2,9,5,4,C03,7,8,1,10,2,11,,84,84,1,12,4,C03,120.640803,24.16505,2
9295,66000,387130000C,(04)23274275,(04)23288582,2023,8,24,17,54,臺中市,北屯區,0,1,0,7,2,6,60,13,9,1,5,4,6,6,4,4,1,4,5,2,16,40,3,10,3,1,B03,7,7,1,8,2,2,,40,40,1,13,4,B03,120.70137,24.165049,2
9296,66000,387130000C,(04)23274275,(04)23288582,2023,8,24,17,55,臺中市,南區,0,0,0,5,,,50,,,,,,,,,,,,,,17,24,,,,,B03,,,1,,2,,,24,,1,12,4,B03,120.651816,24.121705,3
9297,66000,387130000C,(04)23274275,(04)23288582,2023,8,24,17,55,臺中市,梧棲區,0,0,0,7,,,50,,,,,,,,,,,,,,,84,,,,,B03,,,1,,1,,,84,,1,6,4,B03,120.526538,24.222355,3
9298,66000,387130000C,(04)23274275,(04)23288582,2023,8,24,17,57,臺中市,龍井區,0,1,0,7,3,6,30,4,1,1,5,4,6,6,4,4,10,5,5,2,15,20,3,10,3,1,B03,7,9,1,8,2,5,,20,20,1,6,4,B03,120.514714,24.205451,2
9299,66000,387130000C,(04)23274275,(04)23288582,2023,8,24,18,1,臺中市,潭子區,0,1,0,5,2,6,50,13,9,1,4,4,6,6,4,4,5,4,5,1,13,59,2,7,2,1,C03,7,9,1,9,2,11,,59,59,1,13,4,C03,120.72388,24.217725,2
9300,66000,387130000C,(04)23274275,(04)23288582,2023,8,24,18,1,臺中市,北區,0,2,0,7,1,6,50,3,7,1,5,4,6,6,4,4,1,4,4,2,13,7,2,8,1,1,C02,7,9,1,9,2,11,,7,7,1,13,4,C02,120.671418,24.173307,2
9301,66000,387130000C,(04)23274275,(04)23288582,2023,8,24,18,1,臺中市,西屯區,0,0,0,5,,,60,,,,,,,,,,,,,,,58,,,,,B03,,,1,,1,,,58,,1,12,4,B03,120.64254,24.167045,3
9302,66000,387130000C,(04)23274275,(04)23288582,2023,8,24,18,2,臺中市,北區,0,1,0,6,2,6,50,4,1,1,5,4,6,6,1,1,1,4,4,2,16,11,3,10,3,1,B03,7,5,1,8,2,5,,11,11,1,12,4,B03,120.694536,24.155167,2
9303,66000,387130000C,(04)23274275,(04)23288582,2023,8,24,18,4,臺中市,北區,0,1,0,5,2,6,50,3,1,1,4,4,6,6,4,4,2,5,5,2,17,20,3,10,3,1,A12,7,5,1,1,2,8,,20,20,1,12,4,A12,120.685887,24.155351,2
9304,66000,387130000C,(04)23274275,(04)23288582,2023,8,24,18,5,臺中市,西區,0,1,0,5,2,6,50,13,9,1,4,4,6,6,4,4,4,5,5,2,12,84,2,8,5,4,C03,7,5,1,10,2,12,,84,84,1,12,4,C03,120.662111,24.150847,2
9305,66000,387130000C,(04)23274275,(04)23288582,2023,8,24,18,6,臺中市,北區,0,1,0,5,1,6,50,4,1,1,4,4,6,6,4,4,5,5,5,2,15,15,2,9,1,1,C03,7,9,1,10,2,11,,15,15,1,12,4,C03,120.679961,24.161631,2
9306,66000,387130000C,(04)23274275,(04)23288582,2023,8,24,18,7,臺中市,北區,0,0,0,5,,,50,,,,,,,,,,,,,,13,7,,,,,C03,,,1,,2,,,7,,1,13,2,C03,120.675424,24.151586,3
9307,66000,387130000C,(04)23274275,(04)23288582,2023,8,24,18,10,臺中市,西區,0,0,0,5,,,50,,,,,,,,,,,,,,12,84,,,,,C03,,,1,,1,,,84,84,1,12,4,C03,120.657692,24.151038,3
9308,66000,387130000C,(04)23274275,(04)23288582,2023,8,24,18,10,臺中市,霧峰區,0,0,0,5,,,80,,,,,,,,,,,,,,,7,,,,,B03,,,1,,2,,,7,,1,12,4,B03,120.685035,24.075322,3
9309,66000,387130000C,(04)23274275,(04)23288582,2023,8,24,18,11,臺中市,南屯區,0,1,0,5,2,6,50,13,9,1,4,4,6,6,4,4,5,5,5,2,17,49,3,10,3,1,B01,7,2,1,4,11,3,,49,49,1,13,4,B01,120.648228,24.142598,2
9310,66000,387130000C,(04)23274275,(04)23288582,2023,8,24,18,16,臺中市,西屯區,0,0,0,5,,,50,,,,,,,,,,,,,,,84,,,,,B03,,,1,,2,,,84,,1,13,4,B03,120.649594,24.163031,3
9311,66000,387130000C,(04)23274275,(04)23288582,2023,8,24,18,16,臺中市,西屯區,0,0,0,7,1,6,50,13,9,1,5,4,6,6,4,4,5,4,5,2,13,84,3,10,2,1,C04,7,7,1,10,2,11,,84,84,1,5,4,C04,120.645129,24.176328,3
9312,66000,387130000C,(04)23274275,(04)23288582,2023,8,24,18,18,臺中市,大雅區,0,1,0,7,3,6,50,5,1,1,5,4,6,6,1,1,10,5,5,2,17,1,2,8,2,1,C03,7,4,1,10,2,14,,1,1,1,12,4,C03,120.653267,24.225673,2
9313,66000,387130000C,(04)23274275,(04)23288582,2023,8,24,18,18,臺中市,清水區,0,0,0,7,,,60,,,,,,,,,,,,,,,59,,,,,B03,,,1,,11,,,59,59,1,12,4,B03,120.552126,24.29323,3
9314,66000,387130000C,(04)23274275,(04)23288582,2023,8,24,18,21,臺中市,太平區,0,1,0,7,3,6,50,4,2,1,5,4,6,6,4,4,5,5,4,1,18,87,2,8,2,1,C03,7,9,1,10,2,14,,87,87,1,12,4,C03,120.733809,24.120357,2
9315,66000,387130000C,(04)23274275,(04)23288582,2023,8,24,18,25,臺中市,北屯區,0,0,0,7,,,50,,,,,,,,,,,,,,13,59,,,,,B03,,,1,,1,,,59,59,1,12,4,B03,120.68847,24.201012,4
9316,66000,387130000C,(04)23274275,(04)23288582,2023,8,24,18,27,臺中市,南屯區,0,0,0,6,,,50,,,,,,,,,,,,,,,7,,,,,B03,,,1,,1,,,7,,1,12,4,B03,120.646629,24.140096,3
9317,66000,387130000C,(04)23274275,(04)23288582,2023,8,24,18,28,臺中市,東勢區,0,2,0,7,1,6,50,4,1,1,5,4,6,6,4,4,10,5,5,2,17,20,2,9,1,1,C03,7,6,5,10,2,12,,20,20,1,13,4,C03,120.831057,24.249265,2
9318,66000,387130000C,(04)23274275,(04)23288582,2023,8,24,18,33,臺中市,西區,0,2,0,6,1,6,50,4,1,1,5,4,6,6,4,4,10,5,5,2,3,84,2,9,1,1,C03,7,9,1,10,2,11,,84,84,1,13,4,C03,120.681013,24.141138,2
9319,66000,387130000C,(04)23274275,(04)23288582,2023,8,24,18,34,臺中市,西區,0,1,0,7,1,6,50,4,1,1,4,4,6,6,4,4,10,5,5,2,17,45,3,10,3,1,B03,7,11,1,8,2,4,,45,45,1,12,4,B03,120.670352,24.152949,2
9320,66000,387130000C,(04)23274275,(04)23288582,2023,8,24,18,34,臺中市,霧峰區,0,2,0,7,1,6,50,4,19,1,5,4,6,6,4,4,10,5,5,1,3,96,2,9,6,5,H01,8,16,7,21,10,17,,96,96,1,13,5,H01,120.694202,24.062185,2
9321,66000,387130000C,(04)23274275,(04)23288582,2023,8,24,18,40,臺中市,西區,0,0,0,6,,,50,,,,,,,,,,,,,,14,49,,,,,B12,,,1,,1,,,49,,1,12,4,B12,120.665464,24.148489,3
9322,66000,387130000C,(04)23274275,(04)23288582,2023,8,24,18,40,臺中市,太平區,0,0,0,7,,,50,,,,,,,,,,,,,,,84,,,,,B03,,,1,,2,,,84,,1,12,4,B03,120.720488,24.102546,3
9323,66000,387130000C,(04)23274275,(04)23288582,2023,8,24,18,45,臺中市,東區,0,0,0,7,2,6,50,3,1,1,5,4,6,6,4,4,10,5,5,2,16,14,3,10,2,1,C03,7,6,1,10,2,12,,14,14,1,12,4,C03,120.705108,24.144624,3
9324,66000,387130000C,(04)23274275,(04)23288582,2023,8,24,18,50,臺中市,大里區,0,1,0,6,1,6,50,4,1,1,5,4,6,6,4,4,10,5,5,2,17,13,2,9,2,1,C03,7,9,1,10,2,13,,13,13,1,12,2,C03,120.688116,24.086029,2
9325,66000,387130000C,(04)23274275,(04)23288582,2023,8,24,18,57,臺中市,北區,0,0,0,6,,,50,,,,,,,,,,,,,,13,59,,,,,B03,,,1,,2,,,59,,1,12,4,B03,120.67546,24.159715,3
9326,66000,387130000C,(04)23274275,(04)23288582,2023,8,24,19,0,臺中市,北區,0,1,0,7,1,6,50,3,1,1,5,4,6,6,1,1,5,3,5,2,16,11,3,10,5,1,B03,7,6,1,8,2,6,,11,11,1,13,4,B03,120.676636,24.167014,2
9327,66000,387130000C,(04)23274275,(04)23288582,2023,8,24,19,5,臺中市,后里區,0,1,0,7,1,6,60,13,9,1,5,4,6,6,4,4,5,4,5,1,27,54,2,7,1,1,C03,7,9,1,10,2,11,,54,54,1,6,4,C03,120.731715,24.339495,2
9328,66000,387130000C,(04)23274275,(04)23288582,2023,8,24,19,7,臺中市,潭子區,0,0,0,7,,,60,,,,,,,,,,,,,,,40,,,,,B03,,,1,,2,,,40,,1,13,4,B03,120.706306,24.220646,3
9329,66000,387130000C,(04)23274275,(04)23288582,2023,8,24,19,10,臺中市,北屯區,0,2,0,7,1,6,50,3,1,1,5,4,6,6,4,4,10,5,5,2,18,84,2,9,1,1,C03,7,5,1,10,2,12,,84,84,1,12,4,C03,120.702667,24.183864,2
9330,66000,387130000C,(04)23274275,(04)23288582,2023,8,24,19,14,臺中市,北屯區,0,0,0,7,,,50,,,,,,,,,,,,,,,56,,,,,B03,,,1,,1,,,56,,1,12,4,B03,120.685514,24.200737,3
9331,66000,387130000C,(04)23274275,(04)23288582,2023,8,24,19,14,臺中市,龍井區,0,0,0,7,,,60,,,,,,,,,,,,,,16,20,,,,,B12,,,1,,3,,,20,,1,13,4,B12,120.573862,24.185657,3
9332,66000,387130000C,(04)23274275,(04)23288582,2023,8,24,19,19,臺中市,西屯區,0,0,0,7,,,50,,,,,,,,,,,,,,,84,,,,,B03,,,1,,1,,,84,,1,13,4,B03,120.609052,24.164449,3
9333,66000,387130000C,(04)23274275,(04)23288582,2023,8,24,19,20,臺中市,大雅區,0,0,0,7,,,30,,,,,,,,,,,,,,12,8,,,,,B12,,,1,,2,,,8,,1,13,4,B12,120.651854,24.226565,3
9334,66000,387130000C,(04)23274275,(04)23288582,2023,8,24,19,20,臺中市,烏日區,0,1,0,7,1,6,50,13,9,1,5,4,6,6,4,4,1,3,5,2,16,40,3,10,3,1,B03,7,7,1,8,2,5,,40,40,1,13,4,B03,120.615258,24.114065,2
9335,66000,387130000C,(04)23274275,(04)23288582,2023,8,24,19,22,臺中市,南屯區,0,0,0,6,,,50,,,,,,,,,,,,,,,49,,,,,C03,,,1,,1,,,49,,1,13,4,C03,120.647115,24.146858,3
9336,66000,387130000C,(04)23274275,(04)23288582,2023,8,24,19,23,臺中市,西區,0,0,0,7,,,50,,,,,,,,,,,,,,,84,,,,,B03,,,1,,1,,,84,,1,13,4,B03,120.671813,24.144999,3
9337,66000,387130000C,(04)23274275,(04)23288582,2023,8,24,19,24,臺中市,北區,0,2,0,6,1,6,50,4,1,1,5,4,6,6,1,1,10,5,5,2,17,25,2,9,6,1,F01,7,6,7,21,2,12,,25,25,1,12,4,F01,120.679955,24.158179,2
9338,66000,387130000C,(04)23274275,(04)23288582,2023,8,24,19,25,臺中市,神岡區,0,0,0,7,,,50,,,,,,,,,,,,,,,50,,,,,B03,,,1,,1,,,50,,1,13,4,B03,120.701464,24.252349,3
9339,66000,387130000C,(04)23274275,(04)23288582,2023,8,24,19,26,臺中市,中區,0,2,0,7,1,6,50,4,1,1,5,4,6,6,2,1,10,5,5,2,17,39,2,9,1,1,C03,7,6,1,10,2,14,,39,39,1,12,4,C03,120.678149,24.140853,2
9340,66000,387130000C,(04)23274275,(04)23288582,2023,8,24,19,36,臺中市,東區,0,0,0,6,,,50,,,,,,,,,,,,,,,84,,,,,B03,,,1,,2,,,84,,1,12,4,B03,120.708152,24.140136,3
9341,66000,387130000C,(04)23274275,(04)23288582,2023,8,24,19,37,臺中市,西屯區,0,1,0,7,1,6,40,3,2,1,5,4,6,6,1,1,3,5,5,2,17,42,2,9,1,1,C03,7,8,1,10,2,13,,42,42,1,12,4,C03,120.619111,24.181355,2
9342,66000,387130000C,(04)23274275,(04)23288582,2023,8,24,19,38,臺中市,霧峰區,0,0,0,7,,,30,,,,,,,,,,,,,,1,41,,,,,B03,,,1,,9,,,41,,1,13,4,B03,120.66421,24.044202,3
9343,66000,387130000C,(04)23274275,(04)23288582,2023,8,24,19,39,臺中市,中區,0,2,0,6,2,6,50,4,1,1,5,4,6,6,4,4,10,5,5,2,15,15,2,9,5,4,C03,7,9,1,10,2,12,,15,15,1,12,4,C03,120.679751,24.147071,2
9344,66000,387130000C,(04)23274275,(04)23288582,2023,8,24,19,40,臺中市,大里區,0,3,0,7,1,6,50,13,9,1,5,4,6,6,4,4,1,4,5,1,13,7,2,9,1,1,C03,7,9,1,10,2,11,,7,7,1,13,4,C03,120.678863,24.111504,2
9345,66000,387130000C,(04)23274275,(04)23288582,2023,8,24,19,45,臺中市,豐原區,0,0,0,7,,,50,,,,,,,,,,,,,,13,59,,,,,B03,,,1,,2,,,59,,1,12,4,B03,120.719569,24.251542,3
9346,66000,387130000C,(04)23274275,(04)23288582,2023,8,24,20,0,臺中市,東區,0,0,0,7,,,50,,,,,,,,,,,,,,17,84,,,,,B03,,,1,,1,,,84,,1,6,4,B03,120.68452,24.126372,3
9347,66000,387130000C,(04)23274275,(04)23288582,2023,8,24,20,8,臺中市,霧峰區,0,0,0,5,,,50,,,,,,,,,,,,,,,84,,,,,B12,,,1,,11,,,84,,1,12,4,B12,120.692846,24.04482,3
9348,66000,387130000C,(04)23274275,(04)23288582,2023,8,24,20,11,臺中市,沙鹿區,0,0,0,7,,,50,,,,,,,,,,,,,,,49,,,,,B03,,,1,,2,,,49,,1,13,4,B03,120.562825,24.222641,3
9349,66000,387130000C,(04)23274275,(04)23288582,2023,8,24,20,13,臺中市,大雅區,0,0,0,7,,,50,,,,,,,,,,,,,,14,49,,,,,B12,,,1,,2,,,49,,1,13,4,B12,120.64613,24.224933,3
9350,66000,387130000C,(04)23274275,(04)23288582,2023,8,24,20,22,臺中市,南屯區,0,0,0,5,1,6,50,13,7,1,5,4,6,6,1,1,3,2,4,2,14,49,,,,,B03,,,1,,1,,,49,,1,12,4,B03,120.646707,24.150896,3
9351,66000,387130000C,(04)23274275,(04)23288582,2023,8,24,20,22,臺中市,西屯區,0,0,0,7,,,50,,,,,,,,,,,,,,,51,,,,,B03,,,1,,1,,,51,,1,13,4,B03,120.643929,24.163542,3
9352,66000,387130000C,(04)23274275,(04)23288582,2023,8,24,20,22,臺中市,龍井區,0,0,0,7,,,60,,,,,,,,,,,,,,13,7,,,,,B03,,,1,,1,,,7,,1,13,4,B03,120.573923,24.185573,3
9353,66000,387130000C,(04)23274275,(04)23288582,2023,8,24,20,24,臺中市,東區,0,0,0,7,1,6,50,13,9,1,5,4,6,6,4,4,5,4,5,2,14,49,3,10,2,1,C03,7,2,1,10,9,13,,49,49,2,6,4,C03,120.695377,24.147849,3
9354,66000,387130000C,(04)23274275,(04)23288582,2023,8,24,20,28,臺中市,太平區,0,3,0,7,3,6,40,13,12,1,5,4,6,6,4,4,5,5,4,1,17,84,2,7,2,1,C03,7,9,1,10,2,11,,84,84,1,11,4,C03,120.731261,24.112948,2
9355,66000,387130000C,(04)23274275,(04)23288582,2023,8,24,20,29,臺中市,西屯區,0,0,0,7,,,30,,,,,,,,,,,,,,,51,,,,,B03,,,1,,2,,,51,,1,13,4,B03,120.652001,24.160366,3
9356,66000,387130000C,(04)23274275,(04)23288582,2023,8,24,20,30,臺中市,西區,0,2,0,7,1,6,50,3,1,1,5,4,6,6,4,4,10,5,4,2,16,48,2,9,1,1,F01,7,6,7,21,2,14,,48,48,1,3,4,F01,120.655136,24.15278,2
9357,66000,387130000C,(04)23274275,(04)23288582,2023,8,24,20,35,臺中市,沙鹿區,0,0,0,7,2,6,60,13,7,1,5,4,6,6,1,1,1,3,1,1,13,56,,,,,B03,,,1,,2,,,56,56,1,12,4,B03,120.569801,24.236808,3
9358,66000,387130000C,(04)23274275,(04)23288582,2023,8,24,20,44,臺中市,太平區,0,0,0,7,1,6,50,3,1,1,5,4,6,6,4,4,10,5,5,2,16,11,3,10,1,1,F03,7,6,7,20,2,14,,11,11,1,12,4,F03,120.713419,24.104757,3
9359,66000,387130000C,(04)23274275,(04)23288582,2023,8,24,20,45,臺中市,北區,0,1,0,6,2,6,50,11,9,1,5,4,6,6,4,4,1,4,5,2,18,84,2,9,1,1,C03,7,15,1,10,2,14,,84,84,1,12,4,C03,120.675695,24.163016,2
9360,66000,387130000C,(04)23274275,(04)23288582,2023,8,24,20,58,臺中市,西區,0,0,0,7,,,50,,,,,,,,,,,,,,,84,,,,,B03,,,1,,1,,,84,,1,13,4,B03,120.665554,24.153803,3
9361,66000,387130000C,(04)23274275,(04)23288582,2023,8,24,20,58,臺中市,豐原區,0,0,0,7,,,50,,,,,,,,,,,,,,13,59,,,,,B03,,,1,,2,,,59,,1,12,4,B03,120.721573,24.243559,3