序號,縣市別代碼,機關代碼,市話,傳真,年,月,日,時,分,縣市,區,死亡數量,受傷數量,2-30,天候,光線,道路類別,速限,道路型態,事故位置,路面鋪裝,路面狀態,路面缺陷,障礙物,視距,號誌種類,號誌動作,分向設施,快車道或一般車道間,快慢車道間,路面邊線,事故類型及型態,主要肇因,受傷程度,主要傷處,保護裝備,行動電話,當事者區分(類別),車輛用途,當事者行動狀態,駕駛資格情形,駕駛執照種類,飲酒情形,車輛撞擊部位最初,車輛撞擊部位其他,肇事因素個別,肇事因素主要,肇事逃逸,職業,旅次目的,車種,GPS座標X,GPS座標Y,事故類別
9362,66000,387130000C,(04)23274275,(04)23288582,2023,8,24,21,4,臺中市,西區,0,0,0,7,,,50,,,,,,,,,,,,,,,59,,,,,B03,,,1,,1,,,59,,1,6,4,B03,120.658977,24.155921,4
9363,66000,387130000C,(04)23274275,(04)23288582,2023,8,24,21,12,臺中市,南屯區,0,1,0,7,1,6,50,4,1,1,5,4,6,6,1,1,10,5,5,2,14,49,3,10,3,1,B03,7,2,1,8,2,6,,49,49,1,13,4,B03,120.637876,24.148751,2
9364,66000,387130000C,(04)23274275,(04)23288582,2023,8,24,21,15,臺中市,北區,0,1,0,7,1,6,50,4,1,1,5,4,6,6,1,1,5,4,5,2,16,47,3,10,5,1,B03,7,5,1,8,2,2,,47,47,1,13,4,B03,120.676845,24.155729,2
9365,66000,387130000C,(04)23274275,(04)23288582,2023,8,24,21,16,臺中市,北區,0,1,0,7,1,6,50,13,9,1,5,4,6,6,4,4,5,4,4,2,16,39,2,9,2,1,C03,7,6,1,10,2,12,,39,39,1,12,4,C03,120.678169,24.149302,2
9366,66000,387130000C,(04)23274275,(04)23288582,2023,8,24,21,38,臺中市,南屯區,0,1,0,7,1,6,50,13,9,1,5,4,6,6,4,4,5,4,5,2,17,20,3,10,3,1,B03,7,6,1,8,2,4,,20,20,1,13,4,B03,120.608622,24.138659,2
9367,66000,387130000C,(04)23274275,(04)23288582,2023,8,24,21,58,臺中市,南屯區,0,0,0,7,,,50,,,,,,,,,,,,,,13,59,,,,,B03,,,1,,1,,,59,,1,13,4,B03,120.65174,24.150687,3
9368,66000,387130000C,(04)23274275,(04)23288582,2023,8,24,22,2,臺中市,潭子區,0,0,0,7,,,50,,,,,,,,,,,,,,,51,,,,,B03,,,1,,9,,,51,,1,13,4,B03,120.701698,24.207532,3
9369,66000,387130000C,(04)23274275,(04)23288582,2023,8,24,22,5,臺中市,西屯區,0,0,0,7,,,70,,,,,,,,,,,,,,,59,,,,,B03,,,1,,1,,,59,,1,12,4,B03,120.619111,24.181355,3
9370,66000,387130000C,(04)23274275,(04)23288582,2023,8,24,22,5,臺中市,大甲區,0,1,0,7,1,6,50,13,14,1,5,4,6,6,4,4,5,5,5,1,17,59,2,1,2,1,C03,7,9,1,10,2,11,,59,59,1,13,4,C03,120.625394,24.353182,2
9371,66000,387130000C,(04)23274275,(04)23288582,2023,8,24,22,11,臺中市,北區,0,1,0,7,1,6,50,4,1,1,5,4,6,6,1,1,10,5,5,2,16,11,3,10,2,1,C03,7,6,3,19,2,14,,11,11,1,12,4,C03,120.67997,24.160365,2
9372,66000,387130000C,(04)23274275,(04)23288582,2023,8,24,22,16,臺中市,大雅區,0,2,0,7,3,6,50,4,1,1,5,4,6,6,1,1,3,4,4,1,16,20,2,7,1,1,C02,7,6,1,10,2,11,,20,20,1,13,4,C02,120.645263,24.225553,2
9373,66000,387130000C,(04)23274275,(04)23288582,2023,8,24,22,20,臺中市,北區,0,0,0,7,,,50,,,,,,,,,,,,,,14,49,,,,,B03,,,1,,2,,,49,,1,12,4,B03,120.692948,24.157624,4
9374,66000,387130000C,(04)23274275,(04)23288582,2023,8,24,22,34,臺中市,太平區,0,2,0,7,1,6,50,13,9,1,5,4,6,6,4,4,4,1,5,1,13,84,2,9,1,1,C03,7,9,1,10,2,11,12,84,84,1,12,4,C03,120.715596,24.1483,2
9375,66000,387130000C,(04)23274275,(04)23288582,2023,8,24,22,40,臺中市,北屯區,0,0,0,7,,,50,,,,,,,,,,,,,,,49,,,,,B03,,,1,,1,,,49,,1,13,4,B03,120.695219,24.170796,3
9376,66000,387130000C,(04)23274275,(04)23288582,2023,8,24,22,57,臺中市,西屯區,0,1,0,7,1,6,50,4,1,1,5,4,6,6,2,1,10,5,5,2,12,45,3,10,3,1,B03,7,11,1,8,2,8,,45,45,1,12,4,B03,120.646861,24.174894,2
9377,66000,387130000C,(04)23274275,(04)23288582,2023,8,24,23,17,臺中市,豐原區,0,0,0,6,,,50,,,,,,,,,,,,,,13,58,,,,,B03,,,1,,2,,,58,,1,13,4,B03,120.720114,24.264298,3
9378,66000,387130000C,(04)23274275,(04)23288582,2023,8,24,23,50,臺中市,北屯區,0,0,0,7,,,30,,,,,,,,,,,,,,,49,,,,,B03,,,5,,2,,,49,49,1,12,4,B03,120.713625,24.174555,3
9379,66000,387130000C,(04)23274275,(04)23288582,2023,8,24,23,50,臺中市,龍井區,0,1,0,7,1,6,30,3,1,1,5,4,6,6,4,4,10,5,5,2,18,87,2,9,1,1,C03,7,5,1,10,2,12,,87,87,1,6,4,C03,120.573047,24.191958,2
9380,66000,387130000C,(04)23274275,(04)23288582,2023,8,25,0,0,臺中市,沙鹿區,0,1,0,7,1,6,50,3,9,1,5,4,6,6,4,4,4,4,5,2,17,77,3,10,5,4,B03,7,13,1,8,11,16,,77,77,1,12,4,B03,120.581361,24.2227,2
9381,66000,387130000C,(04)23274275,(04)23288582,2023,8,25,0,14,臺中市,西區,0,1,0,7,2,6,50,4,1,1,5,4,6,6,4,4,10,5,5,2,16,39,3,10,3,1,B01,7,11,1,8,2,8,,39,39,1,12,4,B01,120.659687,24.150752,2
9382,66000,387130000C,(04)23274275,(04)23288582,2023,8,25,0,18,臺中市,北區,0,1,0,6,1,6,50,4,1,1,5,4,6,6,3,1,10,5,5,2,15,20,2,9,2,1,C03,7,9,1,10,2,14,,20,20,1,12,4,C03,120.670507,24.160431,2
9383,66000,387130000C,(04)23274275,(04)23288582,2023,8,25,0,20,臺中市,太平區,0,1,0,7,1,6,50,4,1,1,5,4,6,6,1,1,5,4,5,1,16,1,2,9,2,1,C03,7,4,1,10,2,14,,1,1,1,12,4,C03,120.715623,24.135883,2
9384,66000,387130000C,(04)23274275,(04)23288582,2023,8,25,0,25,臺中市,潭子區,0,1,0,7,1,6,60,13,7,1,5,4,6,6,4,4,1,4,4,1,16,40,3,10,3,1,G06,7,8,1,1,2,15,,40,40,1,13,4,G06,120.702384,24.196823,2
9385,66000,387130000C,(04)23274275,(04)23288582,2023,8,25,0,29,臺中市,西屯區,0,1,0,7,1,6,50,13,9,1,5,4,6,6,4,4,1,4,5,2,23,84,2,9,5,4,C03,7,9,2,19,2,11,,84,84,1,12,4,C03,120.602937,24.184469,2
9386,66000,387130000C,(04)23274275,(04)23288582,2023,8,25,0,39,臺中市,北區,0,0,0,7,,,40,,,,,,,,,,,,,,,49,,,,,C03,,,1,,1,,,49,,1,12,4,C03,120.67752,24.152978,3
9387,66000,387130000C,(04)23274275,(04)23288582,2023,8,25,0,50,臺中市,南屯區,0,1,0,7,1,6,50,13,7,1,5,4,6,6,4,4,9,5,4,2,11,55,2,9,2,1,C03,7,9,1,10,2,14,,55,55,1,13,4,C03,120.650514,24.137965,2
9388,66000,387130000C,(04)23274275,(04)23288582,2023,8,25,1,7,臺中市,北區,0,2,0,6,1,6,50,4,1,1,5,4,6,6,1,1,10,5,5,2,16,11,2,9,2,1,C03,7,6,1,10,2,14,,11,11,1,12,4,C03,120.675884,24.171452,2
9389,66000,387130000C,(04)23274275,(04)23288582,2023,8,25,3,52,臺中市,北區,0,0,0,7,,,50,,,,,,,,,,,,,,,84,,,,,B03,,,1,,1,,,84,,1,12,4,B03,120.670495,24.1564,3
9390,66000,387130000C,(04)23274275,(04)23288582,2023,8,25,5,15,臺中市,北屯區,0,2,0,7,1,6,50,4,20,1,5,4,6,6,1,1,10,5,5,2,3,10,2,9,2,1,C03,7,5,1,10,2,11,,10,10,1,12,4,C03,120.730311,24.177257,2
9391,66000,387130000C,(04)23274275,(04)23288582,2023,8,25,5,16,臺中市,北屯區,0,1,0,7,1,6,50,4,1,1,5,4,6,6,3,1,10,5,5,2,15,24,3,10,3,1,B03,7,9,1,8,2,1,,24,24,1,12,4,B03,120.687655,24.185546,2
9392,66000,387130000C,(04)23274275,(04)23288582,2023,8,25,6,30,臺中市,大甲區,0,2,0,7,2,6,70,4,1,1,5,4,6,6,1,1,10,5,5,2,16,20,2,1,3,1,B03,7,5,1,8,2,5,,20,20,1,6,4,B03,120.642327,24.40622,2
9393,66000,387130000C,(04)23274275,(04)23288582,2023,8,25,6,40,臺中市,南屯區,0,0,0,7,,,40,,,,,,,,,,,,,,,39,,,,,C03,,,1,,2,,,39,,1,12,4,C03,120.61097,24.132808,3
9394,66000,387130000C,(04)23274275,(04)23288582,2023,8,25,6,45,臺中市,西屯區,0,2,0,6,2,6,50,4,1,1,5,4,6,6,2,1,10,5,5,2,16,48,2,9,2,1,C03,7,6,1,10,2,14,,48,48,1,13,4,C03,120.642998,24.176988,2
9395,66000,387130000C,(04)23274275,(04)23288582,2023,8,25,6,47,臺中市,潭子區,0,1,0,7,3,6,10,3,2,1,5,4,6,6,4,4,4,4,5,1,17,51,2,7,1,1,C03,7,1,5,19,2,11,,51,51,1,13,4,C03,120.67364,24.205722,2
9396,66000,387130000C,(04)23274275,(04)23288582,2023,8,25,6,50,臺中市,太平區,0,0,0,7,,,,,,,,,,,,,,,,,,119,,,,,,,,,,,,,119,,1,,,,120.717728,24.138416,3
9397,66000,387130000C,(04)23274275,(04)23288582,2023,8,25,6,50,臺中市,龍井區,0,0,0,5,,,30,,,,,,,,,,,,,,,7,,,,,C03,,,1,,1,,,7,,1,6,4,C03,120.591252,24.179638,3
9398,66000,387130000C,(04)23274275,(04)23288582,2023,8,25,6,56,臺中市,大雅區,0,0,0,7,,,30,,,,,,,,,,,,,,,41,,,,,A11,,,1,,2,,,41,,1,12,4,A11,120.642617,24.23322,3
9399,66000,387130000C,(04)23274275,(04)23288582,2023,8,25,6,56,臺中市,太平區,0,1,0,7,3,6,50,13,9,1,5,4,6,6,4,4,5,5,5,2,16,1,2,8,2,1,C03,7,9,1,10,2,11,,1,1,1,12,4,C03,120.711575,24.156071,2
9400,66000,387130000C,(04)23274275,(04)23288582,2023,8,25,7,5,臺中市,太平區,0,1,0,7,2,6,50,3,1,1,5,4,6,6,2,1,10,5,5,2,10,4,2,5,6,1,F02,7,9,7,21,2,14,,4,4,1,12,4,F02,120.713708,24.144395,2
9401,66000,387130000C,(04)23274275,(04)23288582,2023,8,25,7,11,臺中市,大甲區,0,1,0,6,2,6,50,13,7,1,5,4,6,6,4,4,9,5,4,2,16,51,3,10,3,1,B03,7,1,1,8,2,8,,51,51,1,6,4,B03,120.645274,24.408397,2
9402,66000,387130000C,(04)23274275,(04)23288582,2023,8,25,7,16,臺中市,大肚區,0,1,0,7,2,6,30,4,1,1,5,4,6,6,4,4,10,5,5,2,15,15,2,9,1,1,C03,7,9,1,10,2,11,,15,15,1,6,4,C03,120.535244,24.169447,2
9403,66000,387130000C,(04)23274275,(04)23288582,2023,8,25,7,18,臺中市,神岡區,0,1,0,7,3,6,50,3,1,1,4,4,6,6,4,4,10,5,5,2,12,48,2,9,5,4,C03,7,6,1,10,2,12,,48,48,1,12,4,C03,120.699879,24.26377,2
9404,66000,387130000C,(04)23274275,(04)23288582,2023,8,25,7,23,臺中市,大里區,0,0,0,7,,,30,,,,,,,,,,,,,,17,51,,,,,C03,,,1,,2,,,51,,1,6,4,C03,120.684588,24.082462,3
9405,66000,387130000C,(04)23274275,(04)23288582,2023,8,25,7,27,臺中市,龍井區,0,2,0,5,2,6,40,13,8,1,4,4,6,6,4,4,1,4,1,1,17,82,2,9,1,1,C03,7,3,1,10,2,15,,82,82,1,12,4,C03,120.591023,24.183714,2
9406,66000,387130000C,(04)23274275,(04)23288582,2023,8,25,7,29,臺中市,大雅區,0,0,0,7,2,6,60,3,2,1,5,4,6,6,1,1,3,4,4,1,13,40,,,,,B03,,,1,,1,,,87,40,1,12,4,B03,120.647593,24.220861,3
9407,66000,387130000C,(04)23274275,(04)23288582,2023,8,25,7,34,臺中市,清水區,0,1,0,7,2,6,30,4,1,1,5,4,6,6,4,4,10,5,5,2,16,15,3,10,3,1,B03,7,9,1,8,2,5,,15,15,1,12,4,B03,120.612561,24.286079,2
9408,66000,387130000C,(04)23274275,(04)23288582,2023,8,25,7,36,臺中市,北屯區,0,0,0,7,,,50,,,,,,,,,,,,,,,12,,,,,C03,,,1,,1,,,12,,1,12,4,C03,120.666869,24.18913,3
9409,66000,387130000C,(04)23274275,(04)23288582,2023,8,25,7,37,臺中市,沙鹿區,0,0,0,7,,,50,,,,,,,,,,,,,,,49,,,,,B03,,,1,,2,,,49,,1,12,4,B03,120.571866,24.216146,3
9410,66000,387130000C,(04)23274275,(04)23288582,2023,8,25,7,39,臺中市,大里區,0,1,0,7,2,6,50,3,1,1,5,4,6,6,4,4,5,5,5,1,13,58,3,10,1,1,F02,7,9,7,21,2,11,,58,58,1,6,4,F02,120.6786,24.096934,2
9411,66000,387130000C,(04)23274275,(04)23288582,2023,8,25,7,40,臺中市,西屯區,0,2,0,7,2,6,50,4,9,1,5,4,6,6,4,4,10,4,5,2,17,51,2,9,5,4,C03,7,1,1,10,2,11,,51,51,1,13,4,C03,120.603027,24.159499,2
9412,66000,387130000C,(04)23274275,(04)23288582,2023,8,25,7,40,臺中市,大肚區,0,2,0,7,2,6,30,13,9,1,5,4,6,6,4,4,10,5,5,1,3,98,2,9,6,5,H01,8,16,7,21,10,17,,98,98,1,12,5,H01,120.556624,24.130097,2
9413,66000,387130000C,(04)23274275,(04)23288582,2023,8,25,7,41,臺中市,西屯區,0,1,0,7,2,6,50,13,8,1,5,4,6,6,4,4,5,4,4,2,17,20,3,10,3,1,B03,7,5,1,8,2,2,,20,20,1,13,4,B03,120.620474,24.171548,2
9414,66000,387130000C,(04)23274275,(04)23288582,2023,8,25,7,41,臺中市,西屯區,0,1,0,7,3,6,50,4,1,1,4,4,6,6,1,1,9,4,1,2,12,47,3,10,3,1,B03,7,5,1,8,2,2,,47,47,1,12,4,B03,120.62904,24.163157,2
9415,66000,387130000C,(04)23274275,(04)23288582,2023,8,25,7,41,臺中市,龍井區,0,0,0,7,,,30,,,,,,,,,,,,,,,59,,,,,B03,,,1,,2,,,59,,1,6,4,B03,120.532534,24.201036,3
9416,66000,387130000C,(04)23274275,(04)23288582,2023,8,25,7,42,臺中市,北屯區,0,0,0,5,,,50,,,,,,,,,,,,,,13,84,,,,,B03,,,1,,1,,,84,,1,6,4,B03,120.663995,24.200755,3
9417,66000,387130000C,(04)23274275,(04)23288582,2023,8,25,7,44,臺中市,烏日區,0,1,0,7,1,6,50,3,1,1,5,4,6,6,1,1,1,4,4,1,17,87,2,9,1,1,C03,7,9,1,10,2,16,,87,87,1,12,4,C03,120.620154,24.111136,2
9418,66000,387130000C,(04)23274275,(04)23288582,2023,8,25,7,45,臺中市,西屯區,0,1,0,7,3,6,30,4,1,1,5,4,6,6,4,4,10,5,5,2,15,12,3,10,1,1,C03,7,9,1,10,2,12,,12,12,1,12,4,C03,120.639145,24.180654,2
9419,66000,387130000C,(04)23274275,(04)23288582,2023,8,25,7,45,臺中市,東勢區,0,0,0,7,,,50,,,,,,,,,,,,,,,50,,,,,B12,,,1,,1,,,50,50,1,12,4,B12,120.833752,24.251259,3
9420,66000,387130000C,(04)23274275,(04)23288582,2023,8,25,7,46,臺中市,北屯區,0,2,0,5,3,6,50,4,1,1,4,4,6,6,1,1,10,5,5,2,17,84,2,9,3,1,B03,7,15,1,8,2,2,,84,85,1,12,4,B03,120.721607,24.181929,2
9421,66000,387130000C,(04)23274275,(04)23288582,2023,8,25,7,48,臺中市,豐原區,0,1,0,5,3,6,50,4,1,1,4,4,6,6,4,4,5,5,5,2,15,20,3,10,3,1,B03,7,9,1,8,2,2,,20,20,1,13,4,B03,120.747973,24.266257,2
9422,66000,387130000C,(04)23274275,(04)23288582,2023,8,25,7,49,臺中市,霧峰區,0,1,0,7,3,6,50,13,9,1,5,4,6,6,1,1,5,5,5,1,14,49,3,10,3,1,B03,7,2,1,8,2,7,,49,49,1,12,4,B03,120.711114,24.076905,2
9423,66000,387130000C,(04)23274275,(04)23288582,2023,8,25,7,50,臺中市,中區,0,0,0,7,,,50,,,,,,,,,,,,,,17,47,,,,,C03,,,1,,2,,,47,,1,11,4,C03,120.682192,24.1401,3
9424,66000,387130000C,(04)23274275,(04)23288582,2023,8,25,7,50,臺中市,豐原區,0,1,0,5,2,6,60,4,1,1,4,4,6,6,1,1,10,5,5,2,16,36,2,9,1,1,C03,7,6,2,19,2,11,,36,36,1,13,4,C03,120.737253,24.251061,2
9425,66000,387130000C,(04)23274275,(04)23288582,2023,8,25,7,53,臺中市,西屯區,0,2,0,6,3,6,50,4,1,1,5,4,6,6,1,1,10,5,5,2,17,47,3,10,3,1,B03,7,5,1,8,2,5,,47,47,1,13,4,B03,120.666772,24.169768,2
9426,66000,387130000C,(04)23274275,(04)23288582,2023,8,25,7,53,臺中市,太平區,0,2,0,6,3,6,30,3,2,1,5,4,6,6,4,4,10,5,5,2,16,8,2,9,2,1,F03,7,4,7,21,2,12,,8,8,1,12,4,F03,120.72752,24.147619,2
9427,66000,387130000C,(04)23274275,(04)23288582,2023,8,25,7,58,臺中市,潭子區,0,1,0,5,2,6,50,13,9,1,4,4,6,6,4,4,9,4,5,2,18,59,2,9,1,1,C03,7,12,1,10,2,12,,59,59,1,13,4,C03,120.707932,24.231219,2
9428,66000,387130000C,(04)23274275,(04)23288582,2023,8,25,7,58,臺中市,豐原區,0,0,0,7,,,40,,,,,,,,,,,,,,13,7,,,,,C03,,,1,,2,,,7,,1,13,4,C03,120.703775,24.253235,3
9429,66000,387130000C,(04)23274275,(04)23288582,2023,8,25,7,59,臺中市,北屯區,0,0,0,7,,,50,,,,,,,,,,,,,,,51,,,,,C03,,,1,,1,,,51,51,1,13,4,C03,120.696994,24.168884,4
9430,66000,387130000C,(04)23274275,(04)23288582,2023,8,25,8,0,臺中市,南屯區,0,1,0,7,2,6,30,3,1,1,5,4,6,6,4,4,10,5,5,2,17,14,2,9,1,1,C03,7,6,1,10,2,14,12,14,14,1,12,4,C03,120.604139,24.136167,2
9431,66000,387130000C,(04)23274275,(04)23288582,2023,8,25,8,0,臺中市,大里區,0,1,0,7,2,6,50,4,1,1,5,4,6,6,1,1,10,4,4,1,16,7,2,9,2,1,C03,7,15,1,10,2,14,,7,7,1,6,4,C03,120.688631,24.080636,2
9432,66000,387130000C,(04)23274275,(04)23288582,2023,8,25,8,0,臺中市,清水區,0,0,0,7,,,50,,,,,,,,,,,,,,25,59,,,,,A05,,,1,,2,,,59,,1,12,4,A05,120.562707,24.309203,3
9433,66000,387130000C,(04)23274275,(04)23288582,2023,8,25,8,4,臺中市,豐原區,0,1,0,5,3,6,50,3,9,1,4,4,6,6,4,4,1,4,5,1,17,84,3,10,3,1,B03,7,9,1,8,2,6,,84,84,1,13,4,B03,120.736178,24.260318,2
9434,66000,387130000C,(04)23274275,(04)23288582,2023,8,25,8,5,臺中市,豐原區,0,3,0,5,2,6,50,3,1,1,4,4,6,6,1,1,10,5,5,2,17,84,2,9,1,1,C03,7,9,1,10,2,14,,84,84,1,13,4,C03,120.70761,24.246933,2
9435,66000,387130000C,(04)23274275,(04)23288582,2023,8,25,8,11,臺中市,西屯區,0,2,0,7,3,6,50,3,1,1,5,4,6,6,1,1,9,4,5,2,13,7,2,9,1,1,C03,7,9,1,10,2,11,,7,7,1,12,4,C03,120.659629,24.201115,2
9436,66000,387130000C,(04)23274275,(04)23288582,2023,8,25,8,15,臺中市,北區,0,2,0,7,2,6,40,13,8,1,5,4,6,6,4,4,3,4,4,2,17,85,2,9,5,1,C03,7,9,1,8,2,11,,85,85,1,13,4,C03,120.694666,24.15495,2
9437,66000,387130000C,(04)23274275,(04)23288582,2023,8,25,8,15,臺中市,南區,0,1,0,5,3,6,40,13,8,1,4,4,6,6,4,4,1,4,4,2,18,84,2,9,1,1,C03,7,9,1,10,2,12,,84,84,1,12,4,C03,120.651712,24.112806,2
9438,66000,387130000C,(04)23274275,(04)23288582,2023,8,25,8,15,臺中市,南屯區,0,1,0,7,2,6,40,4,1,1,5,4,6,6,2,1,10,5,5,2,17,58,2,9,2,1,C03,7,9,1,10,2,14,,58,58,1,12,4,C03,120.634098,24.15825,2
9439,66000,387130000C,(04)23274275,(04)23288582,2023,8,25,8,20,臺中市,龍井區,0,0,0,7,,,50,,,,,,,,,,,,,,13,7,,,,,C03,,,1,,2,,,7,,1,12,4,C03,120.58409,24.182019,3
9440,66000,387130000C,(04)23274275,(04)23288582,2023,8,25,8,21,臺中市,沙鹿區,0,2,0,7,2,6,50,3,1,1,5,4,6,6,4,4,9,5,5,2,16,65,2,7,2,1,C03,7,6,1,10,2,13,,65,65,1,6,4,C03,120.580072,24.213642,2
9441,66000,387130000C,(04)23274275,(04)23288582,2023,8,25,8,22,臺中市,烏日區,0,1,0,5,3,6,50,12,9,1,4,4,6,6,4,4,5,5,5,2,12,8,3,10,1,1,C03,7,4,1,10,2,11,,8,8,1,12,4,C03,120.625211,24.107537,2
9442,66000,387130000C,(04)23274275,(04)23288582,2023,8,25,8,24,臺中市,北屯區,0,1,0,7,2,6,50,4,1,1,5,4,6,6,2,1,10,5,5,2,15,21,3,10,3,1,B03,7,9,1,8,2,2,,21,21,1,12,4,B03,120.676309,24.193341,2
9443,66000,387130000C,(04)23274275,(04)23288582,2023,8,25,8,24,臺中市,大里區,0,0,0,7,,,50,,,,,,,,,,,,,,16,20,,,,,B12,,,1,,2,,,20,,1,13,4,B12,120.696465,24.105759,3
9444,66000,387130000C,(04)23274275,(04)23288582,2023,8,25,8,25,臺中市,太平區,0,0,0,7,,,50,,,,,,,,,,,,,,9,86,,,,,,,,,,,,,86,,1,,,,120.71579,24.143078,3
9445,66000,387130000C,(04)23274275,(04)23288582,2023,8,25,8,30,臺中市,北區,0,2,0,7,2,6,50,4,1,1,5,4,6,6,2,1,3,4,4,2,16,38,3,10,3,1,B03,7,9,1,8,2,5,,87,38,1,12,4,B03,120.694326,24.155623,2
9446,66000,387130000C,(04)23274275,(04)23288582,2023,8,25,8,30,臺中市,南屯區,0,1,0,7,2,6,50,4,1,1,5,4,6,6,4,4,5,4,5,2,17,59,2,9,2,1,C03,7,9,1,10,2,12,11,59,59,1,12,4,C03,120.593648,24.149013,2
9447,66000,387130000C,(04)23274275,(04)23288582,2023,8,25,8,38,臺中市,西屯區,0,1,0,7,2,6,40,13,8,1,5,4,6,6,4,4,1,5,1,2,17,84,2,9,1,1,C03,7,9,1,10,2,14,,84,84,1,13,4,C03,120.617253,24.182485,2
9448,66000,387130000C,(04)23274275,(04)23288582,2023,8,25,8,39,臺中市,沙鹿區,0,0,0,7,,,50,,,,,,,,,,,,,,,84,,,,,C03,,,1,,2,,,84,,1,12,5,C03,120.560927,24.24156,3
9449,66000,387130000C,(04)23274275,(04)23288582,2023,8,25,8,41,臺中市,大雅區,0,0,0,7,2,6,30,3,2,1,5,4,6,6,4,4,10,5,5,1,19,59,,,,,B03,,,1,,1,,,59,,1,12,4,B03,120.666721,24.207064,3
9450,66000,387130000C,(04)23274275,(04)23288582,2023,8,25,8,43,臺中市,北屯區,0,3,0,7,2,6,50,4,1,1,5,4,6,6,1,1,10,5,5,2,16,21,2,7,1,1,C03,7,9,1,10,2,14,,21,21,1,6,4,C03,120.668672,24.178276,2
9451,66000,387130000C,(04)23274275,(04)23288582,2023,8,25,8,43,臺中市,北屯區,0,0,0,7,,,50,,,,,,,,,,,,,,9,85,,,,,B03,,,1,,1,,,85,,1,12,4,B03,120.680849,24.194244,4
9452,66000,387130000C,(04)23274275,(04)23288582,2023,8,25,8,45,臺中市,西屯區,0,0,0,7,,,50,,,,,,,,,,,,,,,59,,,,,B03,,,1,,1,,,59,,1,12,4,B03,120.620841,24.179955,3
9453,66000,387130000C,(04)23274275,(04)23288582,2023,8,25,8,51,臺中市,西屯區,0,1,0,7,2,6,50,13,9,1,5,4,6,6,1,1,10,4,5,2,17,20,3,10,5,4,C03,7,5,1,10,2,13,,20,20,1,13,4,C03,120.664097,24.17259,2
9454,66000,387130000C,(04)23274275,(04)23288582,2023,8,25,8,51,臺中市,太平區,0,2,0,7,3,6,30,3,1,1,5,4,6,6,4,4,10,5,5,2,16,51,2,9,2,1,C04,7,1,1,10,2,11,,51,51,1,12,4,C04,120.719764,24.129912,2
9455,66000,387130000C,(04)23274275,(04)23288582,2023,8,25,8,52,臺中市,北區,0,0,0,7,,,50,,,,,,,,,,,,,,17,39,,,,,C03,,,1,,2,,,39,,1,13,4,C03,120.692058,24.160326,3
9456,66000,387130000C,(04)23274275,(04)23288582,2023,8,25,8,55,臺中市,南區,0,0,0,7,,,50,,,,,,,,,,,,,,14,49,,,,,B12,,,1,8,2,,,49,49,1,13,4,B12,120.670077,24.114787,3
9457,66000,387130000C,(04)23274275,(04)23288582,2023,8,25,8,55,臺中市,北屯區,0,0,0,7,,,50,,,,,,,,,,,,,,,59,,,,,C03,,,1,,1,,,59,59,1,13,4,C03,120.698122,24.168507,3
9458,66000,387130000C,(04)23274275,(04)23288582,2023,8,25,8,55,臺中市,沙鹿區,0,0,0,7,,,60,,,,,,,,,,,,,,,59,,,,,B03,,,1,,2,,,59,,1,12,4,B03,120.56183,24.208285,3
9459,66000,387130000C,(04)23274275,(04)23288582,2023,8,25,9,0,臺中市,北區,0,1,0,7,2,6,50,4,2,1,5,4,6,6,1,1,5,4,5,2,3,96,2,9,6,5,H01,8,16,7,21,10,17,,96,96,1,13,5,H01,120.675845,24.159218,2
9460,66000,387130000C,(04)23274275,(04)23288582,2023,8,25,9,16,臺中市,南屯區,0,0,0,7,,,50,,,,,,,,,,,,,,30,109,,,,,,,,,,,,,109,,1,,,,120.626573,24.141972,3
9461,66000,387130000C,(04)23274275,(04)23288582,2023,8,25,9,18,臺中市,太平區,0,0,0,7,,,40,,,,,,,,,,,,,,16,48,,,,,C03,,,3,,9,,,48,,1,12,4,C03,120.723161,24.142093,3
9462,66000,387130000C,(04)23274275,(04)23288582,2023,8,25,9,20,臺中市,太平區,0,1,0,6,3,6,50,5,1,1,5,4,6,6,1,1,10,5,5,2,16,39,2,9,2,1,C03,7,6,1,10,2,14,,39,39,1,12,4,C03,120.724564,24.149605,2
9463,66000,387130000C,(04)23274275,(04)23288582,2023,8,25,9,20,臺中市,清水區,0,0,0,7,,,30,,,,,,,,,,,,,,,119,,,,,,,,,,,,,119,,1,,,,120.578328,24.276838,4
9464,66000,387130000C,(04)23274275,(04)23288582,2023,8,25,9,20,臺中市,豐原區,0,0,0,7,,,50,,,,,,,,,,,,,,16,48,,,,,C03,,,1,,2,,,48,,1,13,4,C03,120.727059,24.245577,4
9465,66000,387130000C,(04)23274275,(04)23288582,2023,8,25,9,22,臺中市,沙鹿區,0,1,0,7,3,6,50,11,9,1,5,4,6,6,4,4,5,5,2,2,18,84,2,9,2,1,C03,7,9,1,10,2,15,,84,84,1,13,4,C03,120.588779,24.251982,2
9466,66000,387130000C,(04)23274275,(04)23288582,2023,8,25,9,26,臺中市,南屯區,0,0,0,7,,,50,,,,,,,,,,,,,,2,76,,,,,B12,,,1,8,2,,,76,76,1,12,4,B12,120.637517,24.139135,3
9467,66000,387130000C,(04)23274275,(04)23288582,2023,8,25,9,29,臺中市,大甲區,0,1,0,7,2,6,50,13,14,1,5,4,6,6,4,4,5,5,5,1,25,59,2,9,3,1,B03,7,9,5,8,2,1,,59,59,1,13,4,B03,120.608163,24.339846,2