序號,縣市別代碼,機關代碼,市話,傳真,年,月,日,時,分,縣市,區,死亡數量,受傷數量,2-30,天候,光線,道路類別,速限,道路型態,事故位置,路面鋪裝,路面狀態,路面缺陷,障礙物,視距,號誌種類,號誌動作,分向設施,快車道或一般車道間,快慢車道間,路面邊線,事故類型及型態,主要肇因,受傷程度,主要傷處,保護裝備,行動電話,當事者區分(類別),車輛用途,當事者行動狀態,駕駛資格情形,駕駛執照種類,飲酒情形,車輛撞擊部位最初,車輛撞擊部位其他,肇事因素個別,肇事因素主要,肇事逃逸,職業,旅次目的,車種,GPS座標X,GPS座標Y,事故類別
9468,66000,387130000C,(04)23274275,(04)23288582,2023,8,25,9,30,臺中市,大雅區,0,1,0,7,2,6,30,11,9,1,5,4,6,6,4,4,10,5,4,2,10,59,2,9,2,1,C03,7,9,1,5,2,11,,59,59,1,12,2,C03,120.674824,24.216572,2
9469,66000,387130000C,(04)23274275,(04)23288582,2023,8,25,9,33,臺中市,大里區,0,1,0,7,2,6,50,4,1,1,5,4,6,6,2,1,1,3,4,1,12,40,3,10,3,1,B03,7,7,1,8,2,2,,40,40,1,6,4,B03,120.688088,24.094572,2
9470,66000,387130000C,(04)23274275,(04)23288582,2023,8,25,9,35,臺中市,霧峰區,0,1,0,7,3,6,30,13,9,1,5,4,6,6,4,4,10,5,5,1,13,5,2,9,1,1,C03,7,9,3,19,2,11,,5,5,1,12,4,C03,120.667028,24.075588,2
9471,66000,387130000C,(04)23274275,(04)23288582,2023,8,25,9,39,臺中市,沙鹿區,0,1,0,7,2,6,60,5,1,1,5,4,6,6,2,1,10,5,5,2,17,14,3,10,3,1,B03,7,5,1,5,2,2,,14,14,1,6,4,B03,120.56943,24.237557,2
9472,66000,387130000C,(04)23274275,(04)23288582,2023,8,25,9,41,臺中市,西屯區,0,1,0,7,3,6,50,3,1,1,5,4,6,6,1,1,9,4,5,2,12,84,3,10,3,1,B03,7,9,1,8,2,8,,84,84,1,12,4,B03,120.66571,24.175551,2
9473,66000,387130000C,(04)23274275,(04)23288582,2023,8,25,9,52,臺中市,北屯區,0,0,0,7,,,50,,,,,,,,,,,,,,,84,,,,,B03,,,1,,2,,,84,,1,12,4,B03,120.674112,24.173988,3
9474,66000,387130000C,(04)23274275,(04)23288582,2023,8,25,9,54,臺中市,沙鹿區,0,0,0,7,,,50,,,,,,,,,,,,,,,84,,,,,B03,,,1,,2,,,84,,1,5,5,B03,120.574963,24.227278,3
9475,66000,387130000C,(04)23274275,(04)23288582,2023,8,25,10,0,臺中市,新社區,0,0,0,7,,,50,,,,,,,,,,,,,,12,58,,,,,C03,,,1,,2,,,58,,1,12,4,C03,120.808895,24.24863,3
9476,66000,387130000C,(04)23274275,(04)23288582,2023,8,25,10,2,臺中市,清水區,0,0,0,7,,,50,,,,,,,,,,,,,,,76,,,,,A11,,,1,,9,,,76,,1,12,4,A11,120.574174,24.266386,3
9477,66000,387130000C,(04)23274275,(04)23288582,2023,8,25,10,3,臺中市,北區,0,1,0,7,3,6,50,4,1,1,5,4,6,6,2,1,10,5,5,2,16,20,3,10,1,1,C03,7,5,1,10,2,12,,20,20,1,13,4,C03,120.685456,24.163099,2
9478,66000,387130000C,(04)23274275,(04)23288582,2023,8,25,10,4,臺中市,北屯區,0,0,0,7,,,30,,,,,,,,,,,,,,9,84,,,,,B03,,,1,,2,,,84,,1,12,4,B03,120.706328,24.171105,3
9479,66000,387130000C,(04)23274275,(04)23288582,2023,8,25,10,10,臺中市,太平區,0,0,0,7,,,50,,,,,,,,,,,,,,11,39,,,,,B03,,,1,,1,,,39,,1,12,4,B03,120.719875,24.156834,3
9480,66000,387130000C,(04)23274275,(04)23288582,2023,8,25,10,10,臺中市,后里區,0,0,0,7,2,6,50,13,9,1,5,4,6,6,1,1,5,5,5,1,17,39,3,10,3,1,B12,7,6,1,8,2,8,,39,39,1,12,4,B12,120.723538,24.294764,3
9481,66000,387130000C,(04)23274275,(04)23288582,2023,8,25,10,17,臺中市,神岡區,0,1,0,7,1,6,50,3,1,1,5,4,6,6,4,4,5,5,5,2,16,14,3,10,1,4,C03,7,6,3,19,2,11,,14,14,1,12,4,C03,120.690379,24.247371,2
9482,66000,387130000C,(04)23274275,(04)23288582,2023,8,25,10,19,臺中市,北屯區,0,0,0,7,,,50,,,,,,,,,,,,,,,59,,,,,B03,,,1,,1,,,59,59,1,13,4,B03,120.664816,24.18475,3
9483,66000,387130000C,(04)23274275,(04)23288582,2023,8,25,10,19,臺中市,西屯區,0,1,0,7,2,6,50,3,1,1,5,4,6,6,1,1,10,5,5,2,17,20,3,10,3,1,B12,7,5,1,8,2,2,,20,20,1,13,4,B12,120.61838,24.187428,2
9484,66000,387130000C,(04)23274275,(04)23288582,2023,8,25,10,27,臺中市,北屯區,0,2,0,7,1,6,50,13,9,1,5,4,6,6,4,4,1,4,5,2,13,7,2,9,1,1,C03,7,9,1,10,2,11,,7,7,1,12,4,C03,120.677716,24.173317,2
9485,66000,387130000C,(04)23274275,(04)23288582,2023,8,25,10,36,臺中市,大雅區,0,0,0,7,,,50,,,,,,,,,,,,,,,50,,,,,A05,,,1,,2,,,50,,1,12,4,A05,120.652749,24.21792,3
9486,66000,387130000C,(04)23274275,(04)23288582,2023,8,25,10,40,臺中市,南屯區,0,0,0,7,,,50,,,,,,,,,,,,,,,58,,,,,A11,,,1,,1,,,58,,1,12,4,A11,120.611133,24.135476,3
9487,66000,387130000C,(04)23274275,(04)23288582,2023,8,25,10,41,臺中市,北區,0,0,0,7,,,50,,,,,,,,,,,,,,12,42,,,,,B03,,,1,,2,,,42,,1,13,4,B03,120.681768,24.152808,3
9488,66000,387130000C,(04)23274275,(04)23288582,2023,8,25,10,41,臺中市,東區,0,0,0,7,,,50,,,,,,,,,,,,,,,8,,,,,B12,,,1,,2,,,8,,1,12,4,B12,120.689893,24.132163,3
9489,66000,387130000C,(04)23274275,(04)23288582,2023,8,25,10,43,臺中市,北區,0,0,0,7,,,50,,,,,,,,,,,,,,9,40,,,,,B03,,,1,,1,,,40,,1,12,4,B03,120.685603,24.163243,3
9490,66000,387130000C,(04)23274275,(04)23288582,2023,8,25,10,53,臺中市,大里區,0,0,0,7,,,50,,,,,,,,,,,,,,16,20,,,,,C03,,,1,,2,,,20,,1,13,4,C03,120.694814,24.099937,4
9491,66000,387130000C,(04)23274275,(04)23288582,2023,8,25,10,54,臺中市,豐原區,0,0,0,7,,,50,,,,,,,,,,,,,,12,8,,,,,B03,,,1,,2,,,8,,1,13,4,B03,120.72901,24.256935,3
9492,66000,387130000C,(04)23274275,(04)23288582,2023,8,25,10,58,臺中市,北屯區,0,0,0,7,,,50,,,,,,,,,,,,,,,59,,,,,B03,,,1,,1,,,59,59,1,13,4,B03,120.722922,24.167128,3
9493,66000,387130000C,(04)23274275,(04)23288582,2023,8,25,11,0,臺中市,北區,0,1,0,7,3,6,50,13,9,1,5,4,6,6,3,1,10,5,5,2,17,51,3,10,3,1,B03,7,1,1,8,2,5,,51,51,1,13,4,B03,120.672354,24.15767,2
9494,66000,387130000C,(04)23274275,(04)23288582,2023,8,25,11,0,臺中市,西屯區,0,1,0,7,2,6,50,13,9,1,5,4,6,6,4,4,10,4,5,2,13,7,3,10,5,4,B03,7,9,1,8,2,1,,7,7,1,13,4,B03,120.654333,24.168348,2
9495,66000,387130000C,(04)23274275,(04)23288582,2023,8,25,11,0,臺中市,大里區,0,1,0,7,2,6,50,3,1,1,5,4,6,6,4,4,5,5,5,1,16,14,3,10,1,1,C03,7,6,1,10,2,12,,14,14,1,6,4,C03,120.682901,24.092571,2
9496,66000,387130000C,(04)23274275,(04)23288582,2023,8,25,11,9,臺中市,西屯區,0,1,0,7,3,6,30,3,1,1,5,4,6,6,4,4,10,5,5,2,15,51,3,10,3,1,B11,7,1,1,1,2,5,,51,51,1,12,4,B11,120.605551,24.186871,2
9497,66000,387130000C,(04)23274275,(04)23288582,2023,8,25,11,10,臺中市,大雅區,0,0,0,7,,,50,,,,,,,,,,,,,,16,51,,,,,B03,,,1,,2,,,87,51,1,13,4,B03,120.647085,24.221921,3
9498,66000,387130000C,(04)23274275,(04)23288582,2023,8,25,11,15,臺中市,清水區,0,2,0,7,2,6,50,13,9,1,5,4,6,6,4,4,5,5,5,2,11,34,2,9,1,1,C03,7,11,3,19,2,11,,34,34,1,12,4,C03,120.576732,24.270752,2
9499,66000,387130000C,(04)23274275,(04)23288582,2023,8,25,11,18,臺中市,大里區,0,0,0,7,,,30,,,,,,,,,,,,,,12,59,,,,,B12,,,1,,2,,,59,59,1,13,4,B12,120.702439,24.108025,3
9500,66000,387130000C,(04)23274275,(04)23288582,2023,8,25,11,19,臺中市,西區,0,1,0,7,3,6,50,4,1,1,5,4,6,6,4,4,10,5,5,2,16,14,2,9,1,1,C03,7,6,1,10,1,13,,14,14,1,13,4,C03,120.658897,24.152539,2
9501,66000,387130000C,(04)23274275,(04)23288582,2023,8,25,11,20,臺中市,西屯區,0,4,0,7,3,6,50,4,2,1,5,4,6,6,1,1,10,5,5,2,17,23,2,9,1,1,C03,7,6,1,10,2,15,,23,23,1,13,4,C03,120.636029,24.181792,2
9502,66000,387130000C,(04)23274275,(04)23288582,2023,8,25,11,20,臺中市,太平區,0,1,0,7,2,6,50,13,9,1,5,4,6,6,4,4,9,5,5,1,11,84,2,9,2,1,C03,7,9,1,10,2,14,,84,84,1,12,4,C03,120.728932,24.157288,2
9503,66000,387130000C,(04)23274275,(04)23288582,2023,8,25,11,20,臺中市,梧棲區,0,0,0,7,,,50,,,,,,,,,,,,,,14,49,,,,,B03,,,1,,2,,,49,,1,6,4,B03,120.532848,24.2599,3
9504,66000,387130000C,(04)23274275,(04)23288582,2023,8,25,11,22,臺中市,北屯區,0,1,0,7,2,6,50,4,1,1,5,4,6,6,2,1,10,5,5,2,16,11,3,10,3,1,B03,7,5,1,8,2,2,,11,11,1,12,4,B03,120.724531,24.169424,2
9505,66000,387130000C,(04)23274275,(04)23288582,2023,8,25,11,24,臺中市,霧峰區,0,1,0,7,2,6,40,3,2,1,5,4,6,6,4,4,1,4,4,1,17,5,2,9,2,1,C03,7,9,1,10,2,12,,5,5,1,6,4,C03,120.696324,24.066592,2
9506,66000,387130000C,(04)23274275,(04)23288582,2023,8,25,11,27,臺中市,北屯區,0,1,0,7,3,6,50,13,9,1,5,4,6,6,4,4,1,4,5,2,18,85,2,9,2,1,C03,7,9,1,10,2,16,,85,85,1,12,4,C03,120.693678,24.164605,2
9507,66000,387130000C,(04)23274275,(04)23288582,2023,8,25,11,32,臺中市,大肚區,0,0,0,7,,,70,,,,,,,,,,,,,,13,84,,,,,A11,,,1,,2,,,84,,1,6,4,A11,120.554286,24.131922,3
9508,66000,387130000C,(04)23274275,(04)23288582,2023,8,25,11,35,臺中市,西屯區,0,2,0,7,3,6,50,3,1,1,5,4,6,6,1,1,9,4,5,2,17,84,2,9,1,1,C03,7,15,1,10,2,11,,84,84,1,12,4,C03,120.648448,24.168186,2
9509,66000,387130000C,(04)23274275,(04)23288582,2023,8,25,11,35,臺中市,烏日區,0,1,0,7,1,6,50,4,1,1,5,4,6,6,1,1,1,4,1,1,17,47,3,10,3,1,B12,7,5,1,8,2,5,,47,47,1,12,4,B12,120.613221,24.10297,2
9510,66000,387130000C,(04)23274275,(04)23288582,2023,8,25,11,38,臺中市,大里區,0,0,0,7,,,30,,,,,,,,,,,,,,,49,,,,,B12,,,1,,2,,,49,,1,12,4,B12,120.700369,24.081313,3
9511,66000,387130000C,(04)23274275,(04)23288582,2023,8,25,11,40,臺中市,東區,0,1,0,7,2,6,30,4,1,1,5,4,6,1,4,4,5,5,5,2,15,15,2,9,1,1,C03,7,9,1,10,2,11,,15,15,1,12,4,C03,120.693126,24.143188,2
9512,66000,387130000C,(04)23274275,(04)23288582,2023,8,25,11,41,臺中市,北屯區,0,0,0,7,,,30,,,,,,,,,,,,,,14,49,,,,,A11,,,1,,1,,,49,,1,6,4,A11,120.708191,24.17129,3
9513,66000,387130000C,(04)23274275,(04)23288582,2023,8,25,11,44,臺中市,西屯區,0,2,0,7,2,6,40,4,1,1,5,4,6,6,4,4,10,5,5,2,17,84,2,9,1,1,C03,7,6,1,10,2,14,,84,84,1,13,2,C03,120.617064,24.187523,2
9514,66000,387130000C,(04)23274275,(04)23288582,2023,8,25,11,47,臺中市,南屯區,0,0,0,7,,,50,,,,,,,,,,,,,,1,8,,,,,A12,,,1,,1,,,8,,1,12,4,A12,120.644737,24.139595,3
9515,66000,387130000C,(04)23274275,(04)23288582,2023,8,25,11,51,臺中市,潭子區,0,0,0,7,,,50,,,,,,,,,,,,,,13,7,,,,,B03,,,1,,2,,,7,,1,13,4,B03,120.691184,24.215594,3
9516,66000,387130000C,(04)23274275,(04)23288582,2023,8,25,11,56,臺中市,后里區,0,1,0,7,1,6,50,13,9,1,5,4,6,6,4,4,9,5,5,1,16,45,3,10,3,1,B03,7,11,1,8,2,2,,45,45,1,12,4,B03,120.710392,24.300354,2
9517,66000,387130000C,(04)23274275,(04)23288582,2023,8,25,11,59,臺中市,西區,0,0,0,7,,,50,,,,,,,,,,,,,,,84,,,,,C03,,,1,,2,,,84,,1,13,4,C03,120.660586,24.156658,3
9518,66000,387130000C,(04)23274275,(04)23288582,2023,8,25,11,59,臺中市,梧棲區,0,1,0,7,2,6,50,13,8,1,5,4,6,6,4,4,1,4,4,1,13,7,2,9,2,1,C03,7,9,1,10,2,11,,7,7,1,6,4,C03,120.536853,24.245559,2
9519,66000,387130000C,(04)23274275,(04)23288582,2023,8,25,12,1,臺中市,大甲區,0,1,0,7,2,6,30,13,9,1,5,4,6,6,4,4,10,5,5,2,18,59,2,9,2,1,C03,7,15,1,10,8,12,,59,59,1,6,4,C03,120.634001,24.39362,2
9520,66000,387130000C,(04)23274275,(04)23288582,2023,8,25,12,2,臺中市,大里區,0,0,0,7,,,50,,,,,,,,,,,,,,17,51,,,,,C03,,,1,,2,,,51,,1,6,4,C03,120.695542,24.089975,3
9521,66000,387130000C,(04)23274275,(04)23288582,2023,8,25,12,6,臺中市,北區,0,0,0,7,2,6,50,13,9,1,5,4,6,6,4,4,5,4,5,2,12,50,3,10,3,1,B03,7,3,1,8,2,6,,50,50,1,11,4,B03,120.68845,24.151776,3
9522,66000,387130000C,(04)23274275,(04)23288582,2023,8,25,12,7,臺中市,東區,0,0,0,7,,,30,,,,,,,,,,,,,,,84,,,,,B03,,,1,,2,,,84,,1,12,4,B03,120.703003,24.129941,3
9523,66000,387130000C,(04)23274275,(04)23288582,2023,8,25,12,10,臺中市,烏日區,0,1,0,7,3,6,50,4,1,1,5,4,6,6,1,1,5,5,4,1,15,21,3,10,3,1,B03,7,9,1,8,2,5,,21,21,1,12,4,B03,120.622074,24.106426,2
9524,66000,387130000C,(04)23274275,(04)23288582,2023,8,25,12,10,臺中市,豐原區,0,1,0,7,2,6,50,13,9,1,5,4,6,6,4,4,4,3,5,1,14,49,3,10,3,1,B12,7,2,1,8,2,3,,49,49,1,13,4,B12,120.730334,24.242666,2
9525,66000,387130000C,(04)23274275,(04)23288582,2023,8,25,12,11,臺中市,霧峰區,0,1,0,7,3,6,30,3,1,1,5,4,6,6,4,4,10,5,5,1,11,41,2,7,1,1,F03,7,5,7,21,2,14,,41,41,1,5,4,F03,120.682948,24.052356,2
9526,66000,387130000C,(04)23274275,(04)23288582,2023,8,25,12,13,臺中市,西區,0,0,0,7,,,50,,,,,,,,,,,,,,,14,,,,,B03,,,1,,1,,,14,,1,12,4,B03,120.655141,24.143227,3
9527,66000,387130000C,(04)23274275,(04)23288582,2023,8,25,12,15,臺中市,西屯區,0,1,0,7,2,6,30,11,9,1,5,4,6,6,4,4,10,5,5,2,18,59,2,9,5,4,C03,7,9,1,10,2,12,,59,59,1,13,4,C03,120.594794,24.190813,2
9528,66000,387130000C,(04)23274275,(04)23288582,2023,8,25,12,15,臺中市,太平區,0,0,0,7,,,30,,,,,,,,,,,,,,,84,,,,,B03,,,1,,2,,,84,,1,12,4,B03,120.722669,24.140475,3
9529,66000,387130000C,(04)23274275,(04)23288582,2023,8,25,12,20,臺中市,南區,0,1,0,7,2,6,50,3,1,1,5,4,6,6,4,4,3,4,5,2,18,84,2,9,5,4,C03,7,9,1,10,2,14,,84,84,1,13,4,C03,120.657849,24.11258,2
9530,66000,387130000C,(04)23274275,(04)23288582,2023,8,25,12,24,臺中市,南屯區,0,0,0,7,3,6,50,13,9,1,5,4,6,6,3,1,5,5,4,2,13,7,,,,,B03,,,1,,1,,,7,,1,12,4,B03,120.595193,24.138377,3
9531,66000,387130000C,(04)23274275,(04)23288582,2023,8,25,12,25,臺中市,西區,0,1,0,7,3,6,50,3,1,1,5,4,6,6,4,4,10,5,5,2,16,14,3,10,5,4,B03,7,5,1,8,2,2,,14,14,1,12,4,B03,120.658179,24.154958,2
9532,66000,387130000C,(04)23274275,(04)23288582,2023,8,25,12,25,臺中市,西屯區,0,0,0,7,,,50,,,,,,,,,,,,,,,49,,,,,B03,,,1,,1,,,49,,1,12,4,B03,120.630352,24.162941,3
9533,66000,387130000C,(04)23274275,(04)23288582,2023,8,25,12,25,臺中市,烏日區,0,0,0,7,,,40,,,,,,,,,,,,,,13,7,,,,,B03,,,1,,2,,,7,,1,13,4,B03,120.616588,24.113033,3
9534,66000,387130000C,(04)23274275,(04)23288582,2023,8,25,12,26,臺中市,北區,0,0,0,7,,,50,,,,,,,,,,,,,,30,84,,,,,B03,,,1,,2,,,84,,1,13,4,B03,120.675761,24.151081,3
9535,66000,387130000C,(04)23274275,(04)23288582,2023,8,25,12,30,臺中市,大雅區,0,0,0,7,2,6,50,5,1,1,5,4,6,6,4,4,5,5,5,1,15,14,,,,,B03,,,1,,2,,,14,,1,12,4,B03,120.66554,24.213928,3
9536,66000,387130000C,(04)23274275,(04)23288582,2023,8,25,12,31,臺中市,北區,0,0,0,7,,,40,,,,,,,,,,,,,,9,59,,,,,B03,,,1,,2,,,59,,1,12,4,B03,120.687009,24.146184,3
9537,66000,387130000C,(04)23274275,(04)23288582,2023,8,25,12,33,臺中市,大雅區,0,0,0,7,,,50,,,,,,,,,,,,,,,50,,,,,B03,,,1,,2,,,50,,1,12,4,B03,120.64447,24.220971,3
9538,66000,387130000C,(04)23274275,(04)23288582,2023,8,25,12,39,臺中市,東區,0,0,0,7,2,6,50,13,9,1,5,4,6,6,1,1,5,4,5,2,17,76,3,10,4,1,B03,7,15,1,8,2,4,,76,76,1,12,4,B03,120.701239,24.144301,3
9539,66000,387130000C,(04)23274275,(04)23288582,2023,8,25,12,41,臺中市,豐原區,0,0,0,7,,,50,,,,,,,,,,,,,,13,7,,,,,B03,,,1,,2,,,7,,1,13,4,B03,120.706151,24.249897,3
9540,66000,387130000C,(04)23274275,(04)23288582,2023,8,25,12,44,臺中市,南區,0,1,0,7,1,6,50,13,9,1,5,4,6,6,4,4,9,4,5,2,12,47,3,10,3,1,B03,7,5,1,8,2,2,,47,47,1,12,4,B03,120.652222,24.118766,2
9541,66000,387130000C,(04)23274275,(04)23288582,2023,8,25,12,45,臺中市,西屯區,0,0,0,7,,,40,,,,,,,,,,,,,,,84,,,,,F01,,,7,,2,,,84,,1,12,4,F01,120.668656,24.177771,3
9542,66000,387130000C,(04)23274275,(04)23288582,2023,8,25,12,46,臺中市,新社區,0,0,0,7,,,50,,,,,,,,,,,,,,13,59,,,,,B03,,,1,,2,,,59,,1,12,4,B03,120.816342,24.178709,3
9543,66000,387130000C,(04)23274275,(04)23288582,2023,8,25,12,47,臺中市,南屯區,0,0,0,7,,,50,,,,,,,,,,,,,,14,50,,,,,B03,,,1,,1,,,50,50,1,12,4,B03,120.654165,24.135706,3
9544,66000,387130000C,(04)23274275,(04)23288582,2023,8,25,12,49,臺中市,南屯區,0,2,0,7,2,6,50,3,2,1,5,4,6,6,4,4,10,5,5,2,13,7,2,3,2,1,C03,7,9,1,9,2,11,,7,7,1,12,4,C03,120.646665,24.152344,2
9545,66000,387130000C,(04)23274275,(04)23288582,2023,8,25,12,55,臺中市,北區,0,0,0,7,,,50,,,,,,,,,,,,,,17,51,,,,,B03,,,1,,1,,,51,,1,13,4,B03,120.688116,24.153791,3
9546,66000,387130000C,(04)23274275,(04)23288582,2023,8,25,12,56,臺中市,西區,0,2,0,7,2,6,30,4,1,1,5,4,6,6,4,4,10,5,5,2,15,15,2,9,2,1,C03,7,9,1,10,2,12,,15,15,1,13,4,C03,120.65803,24.145283,2
9547,66000,387130000C,(04)23274275,(04)23288582,2023,8,25,12,58,臺中市,霧峰區,0,1,0,7,1,6,70,13,9,1,5,4,6,6,4,4,1,4,5,1,12,8,3,10,3,1,B03,7,9,1,8,2,5,,8,8,1,6,4,B03,120.674018,24.042039,2
9548,66000,387130000C,(04)23274275,(04)23288582,2023,8,25,13,1,臺中市,西屯區,0,0,0,7,,,50,,,,,,,,,,,,,,,85,,,,,C03,,,1,,11,,,85,,1,13,4,C03,120.653783,24.161811,3
9549,66000,387130000C,(04)23274275,(04)23288582,2023,8,25,13,11,臺中市,大里區,0,0,0,7,,,50,,,,,,,,,,,,,,11,8,,,,,A02,,,1,,2,,,8,,1,6,4,A02,120.689171,24.117632,3
9550,66000,387130000C,(04)23274275,(04)23288582,2023,8,25,13,11,臺中市,大里區,0,1,0,7,3,6,50,4,1,1,5,4,6,6,4,4,10,5,5,2,15,15,2,8,1,1,C03,7,9,1,10,2,11,,15,15,1,12,2,C03,120.688116,24.086029,2
9551,66000,387130000C,(04)23274275,(04)23288582,2023,8,25,13,16,臺中市,西屯區,0,0,0,7,,,50,,,,,,,,,,,,,,2,39,,,,,C03,,,1,,1,,,39,,1,12,4,C03,120.645191,24.162759,3
9552,66000,387130000C,(04)23274275,(04)23288582,2023,8,25,13,18,臺中市,西屯區,0,0,0,7,,,50,,,,,,,,,,,,,,,84,,,,,C03,,,1,,2,,,84,,1,13,4,C03,120.622826,24.185833,3
9553,66000,387130000C,(04)23274275,(04)23288582,2023,8,25,13,19,臺中市,南區,0,0,0,7,,,50,,,,,,,,,,,,,,,7,,,,,B03,,,1,,2,,,7,,1,12,4,B03,120.684423,24.129386,3
9554,66000,387130000C,(04)23274275,(04)23288582,2023,8,25,13,19,臺中市,太平區,0,0,0,7,,,50,,,,,,,,,,,,,,17,59,,,,,B03,,,1,,1,,,59,,1,12,4,B03,120.710557,24.139459,3
9555,66000,387130000C,(04)23274275,(04)23288582,2023,8,25,13,22,臺中市,南屯區,0,0,0,7,,,1,,,,,,,,,,,,,,14,84,,,,,B03,,,1,,1,,,84,,1,6,4,B03,120.595062,24.153059,3
9556,66000,387130000C,(04)23274275,(04)23288582,2023,8,25,13,23,臺中市,西屯區,0,0,0,7,,,40,,,,,,,,,,,,,,,49,,,,,B12,,,1,,1,,,49,,1,13,4,B12,120.660581,24.164765,3
9557,66000,387130000C,(04)23274275,(04)23288582,2023,8,25,13,23,臺中市,大里區,0,1,0,7,3,6,50,4,2,1,5,4,6,6,1,1,5,4,4,1,16,65,3,10,5,4,C03,7,5,1,10,2,13,,65,65,1,13,4,C03,120.681096,24.115092,2
9558,66000,387130000C,(04)23274275,(04)23288582,2023,8,25,13,26,臺中市,北區,0,0,0,7,2,6,30,3,2,1,5,4,6,6,4,4,10,5,5,2,12,45,3,10,3,1,B03,7,11,1,8,2,5,,45,45,1,12,4,B03,120.670486,24.172714,3
9559,66000,387130000C,(04)23274275,(04)23288582,2023,8,25,13,29,臺中市,北區,0,0,0,7,,,50,,,,,,,,,,,,,,13,84,,,,,B02,,,1,,1,,,84,,1,13,4,B02,120.679818,24.15215,3
9560,66000,387130000C,(04)23274275,(04)23288582,2023,8,25,13,30,臺中市,西區,0,0,0,7,,,50,,,,,,,,,,,,,,,84,,,,,B03,,,1,,1,,,84,,1,12,4,B03,120.671247,24.145505,3
9561,66000,387130000C,(04)23274275,(04)23288582,2023,8,25,13,33,臺中市,北屯區,0,0,0,7,,,50,,,,,,,,,,,,,,,84,,,,,B03,,,1,,2,,,84,,1,12,4,B03,120.670778,24.17515,3
9562,66000,387130000C,(04)23274275,(04)23288582,2023,8,25,13,34,臺中市,北區,0,1,0,7,2,6,50,3,1,1,5,4,6,6,2,1,5,5,5,2,16,21,3,10,3,1,B01,7,9,1,4,2,8,,87,21,1,12,4,B01,120.690916,24.157941,2
9563,66000,387130000C,(04)23274275,(04)23288582,2023,8,25,13,36,臺中市,南屯區,0,1,0,7,3,6,40,13,8,1,5,4,6,6,1,1,5,5,4,2,12,20,3,10,3,1,B03,7,5,1,8,2,2,,20,20,1,12,4,B03,120.643821,24.153671,2
9564,66000,387130000C,(04)23274275,(04)23288582,2023,8,25,13,39,臺中市,南屯區,0,1,0,7,3,6,50,4,1,1,5,4,6,6,2,1,10,5,5,2,13,7,3,10,5,4,C03,7,9,1,10,2,14,,7,7,1,12,4,C03,120.646808,24.148836,2
9565,66000,387130000C,(04)23274275,(04)23288582,2023,8,25,13,44,臺中市,烏日區,0,1,0,7,3,6,50,3,1,1,5,4,5,6,4,4,5,5,4,1,16,48,2,8,1,1,C03,7,6,1,10,2,14,,48,48,1,12,4,C03,120.62153,24.106449,2
9566,66000,387130000C,(04)23274275,(04)23288582,2023,8,25,13,45,臺中市,烏日區,0,1,0,7,1,6,50,5,1,1,5,4,3,3,4,4,10,5,5,2,16,11,2,9,4,1,F01,7,6,7,21,9,12,,11,11,1,2,4,F01,120.618193,24.105097,2
9567,66000,387130000C,(04)23274275,(04)23288582,2023,8,25,13,51,臺中市,沙鹿區,0,0,0,7,,,60,,,,,,,,,,,,,,,40,,,,,A12,,,1,,2,,,40,,1,13,4,A12,120.566321,24.204309,3
9568,66000,387130000C,(04)23274275,(04)23288582,2023,8,25,13,55,臺中市,大肚區,0,0,0,7,,,50,,,,,,,,,,,,,,17,59,,,,,A12,,,1,,2,,,59,59,1,6,4,A12,120.539128,24.157622,3
9569,66000,387130000C,(04)23274275,(04)23288582,2023,8,25,13,58,臺中市,北區,0,2,0,7,3,6,50,5,1,1,5,4,6,6,2,1,10,5,5,2,13,7,2,9,1,1,C03,7,9,1,10,2,12,,7,7,1,13,4,C03,120.676165,24.158286,2
9570,66000,387130000C,(04)23274275,(04)23288582,2023,8,25,14,0,臺中市,東勢區,0,1,0,7,2,6,50,13,9,1,5,4,6,6,4,4,5,5,5,1,17,51,3,10,1,1,F01,7,1,7,21,2,11,,51,51,1,6,4,F01,120.82967,24.253736,2
9571,66000,387130000C,(04)23274275,(04)23288582,2023,8,25,14,2,臺中市,南屯區,0,0,0,7,,,50,,,,,,,,,,,,,,12,8,,,,,C04,,,1,,1,,,8,,1,6,4,C04,120.65036,24.140276,3
9572,66000,387130000C,(04)23274275,(04)23288582,2023,8,25,14,5,臺中市,南屯區,0,0,0,7,3,6,50,13,9,1,5,4,6,6,4,4,5,5,5,2,13,7,,,,,C03,,,1,,1,,,7,,1,12,4,C03,120.654638,24.140539,3
9573,66000,387130000C,(04)23274275,(04)23288582,2023,8,25,14,6,臺中市,西屯區,0,0,0,7,,,50,,,,,,,,,,,,,,,7,,,,,B03,,,1,,1,,,7,,1,12,4,B03,120.61978,24.180941,3
9574,66000,387130000C,(04)23274275,(04)23288582,2023,8,25,14,8,臺中市,大雅區,0,0,0,7,,,50,,,,,,,,,,,,,,13,7,,,,,B03,,,1,,2,,,7,,1,13,4,B03,120.65083,24.210148,3
9575,66000,387130000C,(04)23274275,(04)23288582,2023,8,25,14,10,臺中市,北屯區,0,0,0,7,,,50,,,,,,,,,,,,,,13,59,,,,,B03,,,1,,1,,,59,59,1,12,4,B03,120.719049,24.161979,3