序號,縣市別代碼,機關代碼,市話,傳真,年,月,日,時,分,縣市,區,死亡數量,受傷數量,2-30,天候,光線,道路類別,速限,道路型態,事故位置,路面鋪裝,路面狀態,路面缺陷,障礙物,視距,號誌種類,號誌動作,分向設施,快車道或一般車道間,快慢車道間,路面邊線,事故類型及型態,主要肇因,受傷程度,主要傷處,保護裝備,行動電話,當事者區分(類別),車輛用途,當事者行動狀態,駕駛資格情形,駕駛執照種類,飲酒情形,車輛撞擊部位最初,車輛撞擊部位其他,肇事因素個別,肇事因素主要,肇事逃逸,職業,旅次目的,車種,GPS座標X,GPS座標Y,事故類別
9576,66000,387130000C,(04)23274275,(04)23288582,2023,8,25,14,20,臺中市,新社區,0,0,0,7,,,50,,,,,,,,,,,,,,17,1,,,,,B03,,,1,,2,,,1,,1,13,4,B03,120.803395,24.227083,3
9577,66000,387130000C,(04)23274275,(04)23288582,2023,8,25,14,25,臺中市,沙鹿區,0,1,0,7,2,6,50,3,9,1,5,4,6,6,4,4,4,3,4,2,13,7,3,10,3,1,B03,7,9,1,8,2,8,,7,7,1,12,4,B03,120.566161,24.234788,2
9578,66000,387130000C,(04)23274275,(04)23288582,2023,8,25,14,27,臺中市,大里區,0,2,0,7,2,6,50,13,9,1,5,4,6,6,4,4,5,5,4,2,17,85,2,9,1,1,C03,7,9,1,10,2,14,,85,85,1,6,4,C03,120.694489,24.110017,2
9579,66000,387130000C,(04)23274275,(04)23288582,2023,8,25,14,28,臺中市,北屯區,0,0,0,7,,,50,,,,,,,,,,,,,,13,84,,,,,B03,,,1,,1,,,84,,1,12,4,B03,120.721884,24.181366,3
9580,66000,387130000C,(04)23274275,(04)23288582,2023,8,25,14,34,臺中市,西區,0,0,0,7,,,50,,,,,,,,,,,,,,,40,,,,,B03,,,1,,1,,,40,,1,13,4,B03,120.665554,24.153803,3
9581,66000,387130000C,(04)23274275,(04)23288582,2023,8,25,14,35,臺中市,北區,0,2,0,7,2,6,50,13,9,1,5,4,6,6,4,4,9,4,5,2,12,51,3,10,3,1,B01,7,1,1,4,2,2,,51,51,1,12,4,B01,120.692476,24.155475,2
9582,66000,387130000C,(04)23274275,(04)23288582,2023,8,25,14,37,臺中市,豐原區,0,0,0,7,,,50,,,,,,,,,,,,,,14,49,,,,,B03,,,1,,2,,,49,,1,13,4,B03,120.720217,24.264003,3
9583,66000,387130000C,(04)23274275,(04)23288582,2023,8,25,14,40,臺中市,北屯區,0,0,0,7,,,50,,,,,,,,,,,,,,12,8,,,,,C03,,,1,,1,,,8,,1,12,4,C03,120.698119,24.17037,3
9584,66000,387130000C,(04)23274275,(04)23288582,2023,8,25,14,40,臺中市,太平區,0,1,0,7,2,6,50,5,1,1,5,4,6,6,1,1,5,5,5,2,17,47,3,10,3,1,B03,7,5,1,8,2,5,,47,47,1,12,4,B03,120.714649,24.110284,2
9585,66000,387130000C,(04)23274275,(04)23288582,2023,8,25,14,43,臺中市,西屯區,0,1,0,7,2,6,50,13,9,1,5,4,6,6,4,4,1,5,5,2,17,84,2,9,1,1,C03,7,9,1,10,2,14,,84,84,1,13,4,C03,120.64848,24.160552,2
9586,66000,387130000C,(04)23274275,(04)23288582,2023,8,25,14,44,臺中市,烏日區,0,0,0,7,,,30,,,,,,,,,,,,,,14,49,,,,,B13,,,1,,1,,,49,,1,13,4,B13,120.614507,24.108332,3
9587,66000,387130000C,(04)23274275,(04)23288582,2023,8,25,14,45,臺中市,北區,0,1,0,7,2,6,50,4,1,1,5,4,6,6,1,1,10,5,5,2,17,48,2,8,1,1,C03,7,6,1,10,2,13,,48,48,1,13,4,C03,120.688894,24.152943,2
9588,66000,387130000C,(04)23274275,(04)23288582,2023,8,25,14,47,臺中市,西屯區,0,2,0,7,3,6,50,4,1,1,5,4,6,6,4,4,10,5,5,2,17,85,3,10,5,4,B03,7,21,6,20,11,15,,85,85,2,13,4,B03,120.645142,24.180365,2
9589,66000,387130000C,(04)23274275,(04)23288582,2023,8,25,14,50,臺中市,西屯區,0,1,0,7,3,6,30,4,1,1,5,4,6,6,4,4,9,4,5,2,15,12,2,9,1,1,F03,7,9,7,21,2,11,,12,12,1,12,4,F03,120.58956,24.176189,2
9590,66000,387130000C,(04)23274275,(04)23288582,2023,8,25,14,53,臺中市,西屯區,0,1,0,7,2,6,50,13,7,1,5,4,6,6,4,4,5,4,4,2,16,20,3,10,5,4,B03,7,6,1,8,2,2,,20,20,1,12,4,B03,120.622108,24.17259,2
9591,66000,387130000C,(04)23274275,(04)23288582,2023,8,25,14,53,臺中市,太平區,0,1,0,7,3,6,30,13,9,1,5,4,6,6,4,4,10,5,5,2,17,76,3,10,4,1,B03,7,14,1,8,2,4,,76,76,1,12,4,B03,120.726156,24.143308,2
9592,66000,387130000C,(04)23274275,(04)23288582,2023,8,25,14,55,臺中市,中區,0,1,0,7,2,6,50,13,9,1,5,4,6,6,4,4,5,4,5,2,17,51,2,9,2,1,C03,7,1,1,10,2,13,,51,51,1,13,4,C03,120.683254,24.143126,2
9593,66000,387130000C,(04)23274275,(04)23288582,2023,8,25,14,55,臺中市,梧棲區,0,2,0,7,1,6,60,4,1,1,5,4,6,6,1,1,10,5,5,1,17,84,3,10,5,4,B03,7,14,1,8,2,15,,84,84,1,12,4,B03,120.533244,24.243413,2
9594,66000,387130000C,(04)23274275,(04)23288582,2023,8,25,14,57,臺中市,南屯區,0,1,0,7,3,6,50,4,19,1,5,4,6,6,2,1,10,5,5,2,3,59,3,10,5,4,B03,7,6,1,8,1,4,,59,59,1,12,4,B03,120.625997,24.112952,2
9595,66000,387130000C,(04)23274275,(04)23288582,2023,8,25,15,1,臺中市,豐原區,0,1,0,7,3,6,50,13,7,1,5,4,6,6,4,4,5,5,4,2,14,49,3,10,3,1,B03,7,2,1,8,2,3,,49,49,1,13,4,B03,120.7228,24.249585,2
9596,66000,387130000C,(04)23274275,(04)23288582,2023,8,25,15,3,臺中市,西區,0,1,0,7,3,6,50,3,1,1,5,4,6,6,4,4,10,5,5,2,16,20,3,10,3,1,B03,7,11,5,19,3,8,,20,20,1,12,4,B03,120.655132,24.149292,2
9597,66000,387130000C,(04)23274275,(04)23288582,2023,8,25,15,8,臺中市,西區,0,0,0,7,,,50,,,,,,,,,,,,,,12,84,,,,,B03,,,1,,1,,,84,,1,12,4,B03,120.658949,24.148827,3
9598,66000,387130000C,(04)23274275,(04)23288582,2023,8,25,15,8,臺中市,豐原區,0,0,0,7,,,50,,,,,,,,,,,,,,14,49,,,,,B03,,,1,,2,,,49,,1,13,4,B03,120.725501,24.25222,3
9599,66000,387130000C,(04)23274275,(04)23288582,2023,8,25,15,10,臺中市,西屯區,0,1,0,7,2,6,30,4,1,1,5,4,6,6,4,4,10,5,5,2,17,20,2,9,5,4,C03,7,6,1,10,2,11,,20,20,1,12,4,C03,120.648309,24.17487,2
9600,66000,387130000C,(04)23274275,(04)23288582,2023,8,25,15,15,臺中市,南區,0,1,0,7,2,6,50,3,1,1,5,4,6,6,4,4,10,5,5,2,18,84,2,5,1,1,C03,7,5,1,10,2,14,,84,84,1,13,4,C03,120.668644,24.11594,2
9601,66000,387130000C,(04)23274275,(04)23288582,2023,8,25,15,15,臺中市,北屯區,0,1,0,7,1,6,50,13,9,1,5,4,6,6,4,4,1,4,5,2,13,7,2,9,5,4,C03,7,9,1,10,2,11,,7,7,1,6,4,C03,120.697652,24.169808,2
9602,66000,387130000C,(04)23274275,(04)23288582,2023,8,25,15,15,臺中市,西屯區,0,0,0,7,,,50,,,,,,,,,,,,,,,84,,,,,C03,,,1,,2,,,84,,1,13,4,C03,120.636737,24.155447,3
9603,66000,387130000C,(04)23274275,(04)23288582,2023,8,25,15,18,臺中市,東區,0,1,0,7,2,6,50,13,5,1,5,4,6,6,4,4,5,5,5,2,17,51,2,9,2,1,C03,7,1,1,10,2,14,12,51,51,1,12,4,C03,120.685179,24.122256,2
9604,66000,387130000C,(04)23274275,(04)23288582,2023,8,25,15,19,臺中市,西屯區,0,1,0,7,2,6,50,3,1,1,5,4,6,6,3,1,5,5,4,2,16,24,3,10,3,1,B03,7,1,1,8,2,8,,24,24,1,12,4,B03,120.646462,24.178825,2
9605,66000,387130000C,(04)23274275,(04)23288582,2023,8,25,15,23,臺中市,北區,0,0,0,7,,,50,,,,,,,,,,,,,,13,7,,,,,C03,,,1,,1,,,7,,1,12,4,C03,120.684054,24.149984,3
9606,66000,387130000C,(04)23274275,(04)23288582,2023,8,25,15,25,臺中市,南區,0,1,0,7,2,6,50,13,9,1,5,4,6,6,4,4,9,5,5,2,14,49,3,10,3,1,B03,7,2,1,8,2,3,,49,49,1,6,4,B03,120.660384,24.114926,2
9607,66000,387130000C,(04)23274275,(04)23288582,2023,8,25,15,25,臺中市,北屯區,0,0,0,7,,,50,,,,,,,,,,,,,,,43,,,,,B02,,,1,,1,,,43,,1,12,4,B02,120.676397,24.173739,4
9608,66000,387130000C,(04)23274275,(04)23288582,2023,8,25,15,27,臺中市,太平區,0,0,0,7,,,50,,,,,,,,,,,,,,16,48,,,,,B03,,,1,,2,,,48,,1,12,4,B03,120.712899,24.149567,3
9609,66000,387130000C,(04)23274275,(04)23288582,2023,8,25,15,27,臺中市,太平區,0,0,0,7,,,50,,,,,,,,,,,,,,,49,,,,,B03,,,1,,1,,,49,,1,12,4,B03,120.715933,24.151711,3
9610,66000,387130000C,(04)23274275,(04)23288582,2023,8,25,15,28,臺中市,西區,0,0,0,7,,,50,,,,,,,,,,,,,,,84,,,,,C03,,,1,,2,,,84,,1,13,4,C03,120.66031,24.137068,3
9611,66000,387130000C,(04)23274275,(04)23288582,2023,8,25,15,30,臺中市,北區,0,0,0,7,,,50,,,,,,,,,,,,,,14,50,,,,,B03,,,1,,2,,,50,,1,12,4,B03,120.685076,24.151367,3
9612,66000,387130000C,(04)23274275,(04)23288582,2023,8,25,15,30,臺中市,后里區,0,1,0,7,2,6,40,13,9,1,5,4,6,6,4,4,5,5,5,2,17,59,2,9,2,1,C03,7,9,1,10,2,11,,59,59,1,6,4,C03,120.735709,24.299992,2
9613,66000,387130000C,(04)23274275,(04)23288582,2023,8,25,15,33,臺中市,霧峰區,0,1,0,7,1,6,50,13,9,1,5,4,6,6,4,4,9,5,5,1,17,45,3,10,3,1,B12,7,11,1,8,2,5,,45,45,1,13,4,B12,120.663757,24.059619,2
9614,66000,387130000C,(04)23274275,(04)23288582,2023,8,25,15,35,臺中市,潭子區,0,0,0,7,,,50,,,,,,,,,,,,,,,59,,,,,B03,,,1,,2,,,59,,1,13,4,B03,120.700381,24.216445,3
9615,66000,387130000C,(04)23274275,(04)23288582,2023,8,25,15,36,臺中市,中區,0,0,0,7,,,50,,,,,,,,,,,,,,,7,,,,,A02,,,1,,1,,,7,,1,12,4,A02,120.682192,24.1401,3
9616,66000,387130000C,(04)23274275,(04)23288582,2023,8,25,15,38,臺中市,西屯區,0,0,0,7,,,30,,,,,,,,,,,,,,,76,,,,,B03,,,1,,1,,,76,,1,13,4,B03,120.638157,24.1769,3
9617,66000,387130000C,(04)23274275,(04)23288582,2023,8,25,15,40,臺中市,北區,0,0,0,7,,,50,,,,,,,,,,,,,,15,20,,,,,B03,,,1,,2,,,20,,1,13,4,B03,120.697326,24.159886,3
9618,66000,387130000C,(04)23274275,(04)23288582,2023,8,25,15,40,臺中市,北區,0,1,0,7,2,6,40,13,8,1,5,4,6,6,4,4,1,5,4,2,13,1,2,9,5,1,C03,7,9,1,10,2,11,,1,1,1,13,4,C03,120.673193,24.167689,2
9619,66000,387130000C,(04)23274275,(04)23288582,2023,8,25,15,41,臺中市,西屯區,0,0,0,7,,,30,,,,,,,,,,,,,,,84,,,,,C03,,,1,,1,,,84,,1,13,4,C03,120.647439,24.182065,3
9620,66000,387130000C,(04)23274275,(04)23288582,2023,8,25,15,41,臺中市,大里區,0,1,0,7,2,6,50,3,1,1,5,4,6,6,4,4,10,5,5,1,16,12,3,10,3,1,B03,7,6,1,8,2,8,,12,12,1,12,4,B03,120.68822,24.104833,2
9621,66000,387130000C,(04)23274275,(04)23288582,2023,8,25,15,43,臺中市,北屯區,0,1,0,7,2,6,50,4,1,1,5,4,6,6,4,4,10,5,5,2,17,15,2,9,2,1,C03,7,9,1,10,2,12,,15,15,1,6,4,C03,120.689074,24.17349,2
9622,66000,387130000C,(04)23274275,(04)23288582,2023,8,25,15,45,臺中市,西區,0,0,0,7,,,50,,,,,,,,,,,,,,13,7,,,,,C03,,,1,,1,,,7,,1,12,4,C03,120.67016,24.139509,3
9623,66000,387130000C,(04)23274275,(04)23288582,2023,8,25,15,45,臺中市,北區,0,2,0,7,2,6,50,13,9,1,5,4,6,6,1,1,1,4,4,2,13,84,2,9,1,1,C03,7,9,3,19,2,11,,84,84,1,13,4,C03,120.684786,24.157946,2
9624,66000,387130000C,(04)23274275,(04)23288582,2023,8,25,15,46,臺中市,西區,0,0,0,7,,,30,,,,,,,,,,,,,,16,4,,,,,C04,,,1,,1,,,4,,1,12,4,C04,120.657947,24.155142,3
9625,66000,387130000C,(04)23274275,(04)23288582,2023,8,25,15,46,臺中市,南屯區,0,0,0,7,,,1,,,,,,,,,,,,,,14,49,,,,,B03,,,1,,1,,,49,,1,6,4,B03,120.647907,24.150061,3
9626,66000,387130000C,(04)23274275,(04)23288582,2023,8,25,15,53,臺中市,西區,0,1,0,7,3,6,1,4,1,1,5,4,6,6,1,1,10,5,5,2,3,96,2,9,6,5,H01,8,16,7,21,10,17,,96,96,1,12,5,H01,120.661675,24.152515,2
9627,66000,387130000C,(04)23274275,(04)23288582,2023,8,25,15,55,臺中市,大甲區,0,2,0,7,3,6,50,4,1,1,5,4,6,6,1,1,10,5,5,2,16,20,2,8,1,1,C03,7,6,1,10,2,14,,20,20,1,12,2,C03,120.627761,24.346614,2
9628,66000,387130000C,(04)23274275,(04)23288582,2023,8,25,15,56,臺中市,北區,0,0,0,7,,,60,,,,,,,,,,,,,,13,84,,,,,B03,,,1,,1,,,84,,1,13,4,B03,120.664208,24.154416,3
9629,66000,387130000C,(04)23274275,(04)23288582,2023,8,25,15,58,臺中市,潭子區,0,0,0,7,,,40,,,,,,,,,,,,,,13,59,,,,,B03,,,1,,2,,,59,,1,13,4,B03,120.696555,24.201,3
9630,66000,387130000C,(04)23274275,(04)23288582,2023,8,25,15,59,臺中市,霧峰區,0,0,0,7,,,60,,,,,,,,,,,,,,9,7,,,,,B03,,,1,,2,,,7,,1,13,4,B03,120.694897,24.05165,3
9631,66000,387130000C,(04)23274275,(04)23288582,2023,8,25,16,0,臺中市,烏日區,0,2,0,7,1,6,50,13,8,1,5,4,6,6,4,4,9,4,4,1,17,4,2,9,1,1,C03,7,11,1,10,2,11,,4,4,1,12,4,C03,120.621349,24.106343,2
9632,66000,387130000C,(04)23274275,(04)23288582,2023,8,25,16,4,臺中市,西區,0,0,0,7,,,50,,,,,,,,,,,,,,,50,,,,,A12,,,1,,1,,,50,50,1,12,4,A12,120.658684,24.155103,3
9633,66000,387130000C,(04)23274275,(04)23288582,2023,8,25,16,4,臺中市,烏日區,0,2,0,7,3,6,50,3,1,1,5,4,6,6,2,1,1,2,4,2,11,11,2,9,3,1,B03,7,6,1,8,2,8,1,11,11,1,12,4,B03,120.616855,24.116078,2
9634,66000,387130000C,(04)23274275,(04)23288582,2023,8,25,16,5,臺中市,和平區,0,0,0,7,3,6,50,11,9,1,5,4,6,6,4,4,4,3,5,1,19,43,3,10,2,1,C01,7,6,1,9,2,17,,43,43,1,12,4,C01,120.913879,24.185976,4
9635,66000,387130000C,(04)23274275,(04)23288582,2023,8,25,16,6,臺中市,北屯區,0,1,0,7,2,6,50,13,9,1,5,4,6,6,4,4,5,4,5,2,17,51,3,10,1,1,C03,7,1,1,10,2,14,,51,51,1,12,4,C03,120.715738,24.165139,2
9636,66000,387130000C,(04)23274275,(04)23288582,2023,8,25,16,12,臺中市,北屯區,0,0,0,7,,,50,,,,,,,,,,,,,,7,51,,,,,B12,,,1,,2,,,51,,1,12,4,B12,120.66919,24.186217,3
9637,66000,387130000C,(04)23274275,(04)23288582,2023,8,25,16,16,臺中市,龍井區,0,1,0,7,2,6,50,13,8,1,5,4,6,6,3,1,1,4,4,2,18,59,2,9,1,1,C03,7,9,1,10,2,14,,59,59,1,6,4,C03,120.545856,24.190804,2
9638,66000,387130000C,(04)23274275,(04)23288582,2023,8,25,16,20,臺中市,霧峰區,0,1,0,7,1,6,50,4,9,1,5,4,6,6,4,4,9,5,4,1,15,13,3,10,1,1,C04,7,9,1,8,2,12,,13,13,1,13,4,C04,120.699038,24.066236,2
9639,66000,387130000C,(04)23274275,(04)23288582,2023,8,25,16,22,臺中市,西區,0,0,0,7,2,6,50,,9,1,5,4,6,6,4,4,5,4,5,2,13,7,,,,,C03,,,1,,1,,,7,,1,13,4,C03,120.676039,24.141184,3
9640,66000,387130000C,(04)23274275,(04)23288582,2023,8,25,16,23,臺中市,西屯區,0,1,0,7,3,6,50,13,9,1,5,4,6,6,4,4,5,4,5,2,17,84,2,9,5,4,C03,7,9,1,10,2,11,,84,84,1,13,4,C03,120.642135,24.169366,2
9641,66000,387130000C,(04)23274275,(04)23288582,2023,8,25,16,28,臺中市,后里區,0,0,0,6,2,6,50,,14,1,5,4,6,6,4,4,9,5,5,2,17,8,,,,,B03,,,1,,1,,,8,,1,5,4,B03,120.712178,24.303757,3
9642,66000,387130000C,(04)23274275,(04)23288582,2023,8,25,16,29,臺中市,南屯區,0,0,0,7,3,6,50,13,9,1,5,4,6,6,4,4,5,5,4,2,15,12,,,,,B03,,,1,,1,,,12,,1,12,4,B03,120.640652,24.132081,3
9643,66000,387130000C,(04)23274275,(04)23288582,2023,8,25,16,31,臺中市,東勢區,0,0,0,7,,,50,,,,,,,,,,,,,,9,50,,,,,B03,,,1,,2,,,50,,1,13,4,B03,120.829789,24.257157,3
9644,66000,387130000C,(04)23274275,(04)23288582,2023,8,25,16,35,臺中市,大里區,0,0,0,7,,,30,,,,,,,,,,,,,,14,49,,,,,B03,,,1,,2,,,49,,1,12,4,B03,120.694098,24.120934,3
9645,66000,387130000C,(04)23274275,(04)23288582,2023,8,25,16,36,臺中市,西區,0,2,0,7,3,6,50,4,1,1,5,4,6,6,4,4,10,5,5,2,15,20,2,9,1,1,C03,7,9,1,10,2,12,,20,20,1,13,4,C03,120.669844,24.141177,2
9646,66000,387130000C,(04)23274275,(04)23288582,2023,8,25,16,37,臺中市,西屯區,0,1,0,7,2,6,30,13,9,1,5,4,6,6,4,4,10,5,5,2,17,85,2,9,5,4,C03,7,9,1,10,2,14,,85,85,1,12,4,C03,120.651069,24.171655,2
9647,66000,387130000C,(04)23274275,(04)23288582,2023,8,25,16,37,臺中市,太平區,0,2,0,7,2,6,50,5,1,1,5,4,5,6,1,1,5,5,5,2,13,84,2,9,1,1,C03,7,9,1,10,2,11,,84,84,1,12,4,C03,120.723275,24.11837,2
9648,66000,387130000C,(04)23274275,(04)23288582,2023,8,25,16,38,臺中市,沙鹿區,0,0,0,7,,,50,,,,,,,,,,,,,,,49,,,,,B12,,,1,,1,,,49,,1,6,4,B12,120.573568,24.224213,3
9649,66000,387130000C,(04)23274275,(04)23288582,2023,8,25,16,41,臺中市,龍井區,0,0,0,7,,,50,,,,,,,,,,,,,,,50,,,,,B03,,,1,,2,,,50,,1,6,4,B03,120.523275,24.203001,3
9650,66000,387130000C,(04)23274275,(04)23288582,2023,8,25,16,42,臺中市,和平區,0,1,0,6,3,6,40,11,9,1,5,4,6,6,4,4,9,5,5,1,11,4,2,9,4,1,C03,7,9,3,19,2,11,,4,4,1,13,4,C03,121.248611,24.254293,2
9651,66000,387130000C,(04)23274275,(04)23288582,2023,8,25,16,44,臺中市,南區,0,0,0,7,,,50,,,,,,,,,,,,,,,48,,,,,C04,,,5,,2,,,48,,1,12,4,C04,120.676868,24.132926,3
9652,66000,387130000C,(04)23274275,(04)23288582,2023,8,25,16,44,臺中市,南屯區,0,0,0,7,,,50,,,,,,,,,,,,,,,8,,,,,B01,,,1,,2,,,8,,1,6,4,B01,120.648675,24.154585,3
9653,66000,387130000C,(04)23274275,(04)23288582,2023,8,25,16,45,臺中市,大雅區,0,1,0,7,3,6,50,3,1,1,5,4,6,6,3,1,5,4,4,1,12,7,2,9,1,1,C03,7,9,1,10,2,11,,7,7,1,13,4,C03,120.629595,24.208695,2
9654,66000,387130000C,(04)23274275,(04)23288582,2023,8,25,16,45,臺中市,西區,0,0,0,7,,,50,,,,,,,,,,,,,,,47,,,,,B03,,,1,,2,,,47,,1,12,4,B03,120.655113,24.146705,3
9655,66000,387130000C,(04)23274275,(04)23288582,2023,8,25,16,45,臺中市,外埔區,0,0,0,7,,,50,,,,,,,,,,,,,,12,8,,,,,B12,,,1,,2,,,8,8,1,6,4,B12,120.652619,24.329916,3
9656,66000,387130000C,(04)23274275,(04)23288582,2023,8,25,16,47,臺中市,中區,0,0,0,7,,,50,,,,,,,,,,,,,,16,21,,,,,F03,,,1,,1,,,21,,1,12,4,F03,120.675449,24.143945,3
9657,66000,387130000C,(04)23274275,(04)23288582,2023,8,25,16,50,臺中市,東區,0,0,0,7,2,6,50,3,1,1,5,4,6,6,1,1,10,5,5,2,17,84,3,10,3,1,B03,7,4,1,8,2,5,,84,84,1,6,4,B03,120.709229,24.140669,3
9658,66000,387130000C,(04)23274275,(04)23288582,2023,8,25,16,50,臺中市,北屯區,0,1,0,7,2,6,50,13,9,1,5,4,6,6,1,1,7,4,5,2,13,84,2,9,2,1,C03,7,9,1,10,2,11,,84,84,1,12,4,C03,120.770384,24.197481,2
9659,66000,387130000C,(04)23274275,(04)23288582,2023,8,25,16,50,臺中市,太平區,0,0,0,7,,,50,,,,,,,,,,,,,,,84,,,,,B03,,,1,,1,,,84,,1,12,4,B03,120.716422,24.132499,3
9660,66000,387130000C,(04)23274275,(04)23288582,2023,8,25,16,55,臺中市,清水區,0,0,0,7,,,50,,,,,,,,,,,,,,,59,,,,,B03,,,1,,2,,,59,,1,12,4,B03,120.575753,24.269244,3
9661,66000,387130000C,(04)23274275,(04)23288582,2023,8,25,16,56,臺中市,大雅區,0,0,0,7,,,50,,,,,,,,,,,,,,12,8,,,,,C03,,,1,,9,,,8,,1,13,4,C03,120.650318,24.219453,3
9662,66000,387130000C,(04)23274275,(04)23288582,2023,8,25,16,56,臺中市,西區,0,0,0,7,,,1,,,,,,,,,,,,,,17,51,,,,,B03,,,1,,2,,,51,,1,12,4,B03,120.669698,24.146691,3
9663,66000,387130000C,(04)23274275,(04)23288582,2023,8,25,16,56,臺中市,太平區,0,0,0,7,,,50,,,,,,,,,,,,,,,84,,,,,B03,,,1,,2,,,84,,1,12,4,B03,120.71888,24.158201,3
9664,66000,387130000C,(04)23274275,(04)23288582,2023,8,25,16,58,臺中市,西區,0,0,0,7,2,6,50,4,2,1,5,4,6,6,1,1,5,4,5,2,13,84,,,,,B12,,,1,,2,,,84,,1,13,4,B12,120.661699,24.140662,3
9665,66000,387130000C,(04)23274275,(04)23288582,2023,8,25,17,0,臺中市,龍井區,0,1,0,7,2,6,50,13,9,1,5,4,5,6,4,4,5,5,5,1,17,75,3,10,1,1,C03,7,9,1,10,2,16,,75,75,1,13,4,C03,120.588848,24.188176,2
9666,66000,387130000C,(04)23274275,(04)23288582,2023,8,25,17,1,臺中市,外埔區,0,1,0,6,2,6,50,4,1,1,5,4,6,6,1,1,10,5,5,1,13,8,3,10,3,1,B03,7,6,1,8,2,8,,8,8,1,6,4,B03,120.634303,24.331144,2
9667,66000,387130000C,(04)23274275,(04)23288582,2023,8,25,17,2,臺中市,后里區,0,0,0,7,3,4,40,4,2,1,5,4,6,6,1,1,5,5,4,2,11,84,3,10,1,1,C03,7,6,3,,2,15,,84,84,1,13,4,C03,120.717638,24.306872,3
9668,66000,387130000C,(04)23274275,(04)23288582,2023,8,25,17,7,臺中市,北區,0,1,0,7,2,6,50,4,1,1,5,4,6,6,4,4,10,5,5,2,16,14,3,10,3,1,B03,7,6,1,8,2,1,,14,14,1,13,4,B03,120.673262,24.152262,2
9669,66000,387130000C,(04)23274275,(04)23288582,2023,8,25,17,8,臺中市,東區,0,0,0,7,2,6,50,13,9,1,5,4,6,6,4,4,9,5,5,2,17,50,3,10,2,1,C03,7,15,1,9,9,12,,50,50,2,6,4,C03,120.697022,24.145921,3
9670,66000,387130000C,(04)23274275,(04)23288582,2023,8,25,17,9,臺中市,北屯區,0,0,0,7,,,40,,,,,,,,,,,,,,,49,,,,,C03,,,1,,1,,,49,,1,12,4,C03,120.694234,24.174555,3
9671,66000,387130000C,(04)23274275,(04)23288582,2023,8,25,17,13,臺中市,西屯區,0,0,0,7,,,40,,,,,,,,,,,,,,13,50,,,,,B03,,,1,,2,,,50,50,1,12,4,B03,120.613234,24.19093,3
9672,66000,387130000C,(04)23274275,(04)23288582,2023,8,25,17,15,臺中市,神岡區,0,2,0,7,2,6,50,3,1,1,5,4,6,6,4,4,9,4,4,2,16,14,2,9,1,1,C03,7,6,1,10,2,12,,14,14,1,12,4,C03,120.656687,24.262962,2
9673,66000,387130000C,(04)23274275,(04)23288582,2023,8,25,17,17,臺中市,神岡區,0,0,0,7,,,30,,,,,,,,,,,,,,,84,,,,,A12,,,1,,2,,,84,,1,13,4,A12,120.653668,24.279551,3
9674,66000,387130000C,(04)23274275,(04)23288582,2023,8,25,17,20,臺中市,西區,0,1,0,7,3,6,50,3,1,1,5,4,6,6,4,4,10,5,5,2,17,84,3,10,3,1,B03,7,11,1,8,2,8,,84,84,1,12,4,B03,120.653028,24.151473,2
9675,66000,387130000C,(04)23274275,(04)23288582,2023,8,25,17,20,臺中市,清水區,0,0,0,7,,,50,,,,,,,,,,,,,,,50,,,,,B03,,,1,,2,,,50,50,1,12,4,B03,120.573862,24.267319,3
9676,66000,387130000C,(04)23274275,(04)23288582,2023,8,25,17,21,臺中市,大肚區,0,0,0,7,,,50,,,,,,,,,,,,,,13,7,,,,,B03,,,1,,2,,,7,,1,13,4,B03,120.581206,24.168426,3
9677,66000,387130000C,(04)23274275,(04)23288582,2023,8,25,17,24,臺中市,潭子區,0,0,0,7,,,30,,,,,,,,,,,,,,9,50,,,,,B03,,,1,,2,,,50,,1,13,4,B03,120.700755,24.197302,3
9678,66000,387130000C,(04)23274275,(04)23288582,2023,8,25,17,24,臺中市,沙鹿區,0,0,0,7,,,50,,,,,,,,,,,,,,,26,,,,,B03,,,1,,2,,,87,26,1,10,4,B03,120.614839,24.241916,3
9679,66000,387130000C,(04)23274275,(04)23288582,2023,8,25,17,25,臺中市,大甲區,0,2,0,7,3,6,50,12,9,1,5,4,6,6,1,1,5,5,5,1,17,84,3,10,3,1,B03,7,15,1,8,2,3,,84,84,1,12,4,B03,120.629899,24.340213,2
9680,66000,387130000C,(04)23274275,(04)23288582,2023,8,25,17,26,臺中市,北屯區,0,1,0,7,2,6,50,13,7,1,5,4,6,6,4,4,5,5,4,2,13,7,2,9,1,1,C03,7,9,1,10,2,11,,7,7,1,12,4,C03,120.676233,24.193655,2
9681,66000,387130000C,(04)23274275,(04)23288582,2023,8,25,17,30,臺中市,西區,0,0,0,7,,,50,,,,,,,,,,,,,,14,50,,,,,B03,,,7,,10,,,87,50,1,12,4,B03,120.670958,24.153783,3
9682,66000,387130000C,(04)23274275,(04)23288582,2023,8,25,17,30,臺中市,太平區,0,1,0,7,2,6,50,3,1,1,5,4,6,6,4,4,5,5,5,2,14,49,3,10,3,1,B03,7,2,1,8,2,3,,49,49,1,12,4,B03,120.713423,24.159814,2