序號,縣市別代碼,機關代碼,市話,傳真,年,月,日,時,分,縣市,區,死亡數量,受傷數量,2-30,天候,光線,道路類別,速限,道路型態,事故位置,路面鋪裝,路面狀態,路面缺陷,障礙物,視距,號誌種類,號誌動作,分向設施,快車道或一般車道間,快慢車道間,路面邊線,事故類型及型態,主要肇因,受傷程度,主要傷處,保護裝備,行動電話,當事者區分(類別),車輛用途,當事者行動狀態,駕駛資格情形,駕駛執照種類,飲酒情形,車輛撞擊部位最初,車輛撞擊部位其他,肇事因素個別,肇事因素主要,肇事逃逸,職業,旅次目的,車種,GPS座標X,GPS座標Y,事故類別
9897,66000,387130000C,(04)23274275,(04)23288582,2023,8,26,10,10,臺中市,豐原區,0,1,0,7,2,6,50,3,1,1,5,4,6,6,1,1,4,3,4,2,16,11,3,10,3,1,B03,7,6,1,8,2,8,,11,11,1,13,4,B03,120.72427,24.24068,2
9898,66000,387130000C,(04)23274275,(04)23288582,2023,8,26,10,15,臺中市,西屯區,0,0,0,7,,,50,,,,,,,,,,,,,,,59,,,,,B03,,,1,,2,,,59,,1,13,4,B03,120.638905,24.158797,3
9899,66000,387130000C,(04)23274275,(04)23288582,2023,8,26,10,18,臺中市,西屯區,0,0,0,7,,,80,,,,,,,,,,,,,,,81,,,,,A32,,,1,,1,,,81,,1,13,4,A32,120.647509,24.196233,3
9900,66000,387130000C,(04)23274275,(04)23288582,2023,8,26,10,19,臺中市,北屯區,0,1,0,7,2,6,50,3,1,1,5,4,6,6,2,1,10,5,5,2,16,39,2,9,2,1,C03,7,6,1,10,2,13,,39,39,1,12,4,C03,120.678248,24.200795,2
9901,66000,387130000C,(04)23274275,(04)23288582,2023,8,26,10,20,臺中市,西屯區,0,2,0,7,3,6,50,4,1,1,5,4,6,6,1,1,10,5,5,2,16,11,2,9,1,1,C03,7,6,1,10,2,12,,11,11,1,12,4,C03,120.620195,24.187171,2
9902,66000,387130000C,(04)23274275,(04)23288582,2023,8,26,10,20,臺中市,西屯區,0,1,0,7,3,6,50,13,9,1,5,4,6,6,1,1,5,4,5,2,9,39,3,10,3,1,B03,7,11,1,8,2,1,,39,39,1,12,4,B03,120.627509,24.200978,2
9903,66000,387130000C,(04)23274275,(04)23288582,2023,8,26,10,26,臺中市,沙鹿區,0,0,0,7,,,70,,,,,,,,,,,,,,,8,,,,,B12,,,1,,2,,,8,,1,13,4,B12,120.581421,24.209662,3
9904,66000,387130000C,(04)23274275,(04)23288582,2023,8,26,10,27,臺中市,南區,0,0,0,7,,,50,,,,,,,,,,,,,,,2,,,,,B03,,,1,,2,,,2,,1,12,4,B03,120.657413,24.129681,3
9905,66000,387130000C,(04)23274275,(04)23288582,2023,8,26,10,28,臺中市,太平區,0,1,0,7,3,6,50,13,9,1,5,4,6,6,4,4,5,4,5,1,12,20,3,10,3,1,B03,7,7,1,8,2,6,,20,20,1,13,4,B03,120.71156,24.133995,2
9906,66000,387130000C,(04)23274275,(04)23288582,2023,8,26,10,29,臺中市,北屯區,0,0,0,7,,,80,,,,,,,,,,,,,,13,84,,,,,B03,,,1,,1,,,84,,1,12,4,B03,120.668228,24.201077,3
9907,66000,387130000C,(04)23274275,(04)23288582,2023,8,26,10,29,臺中市,大里區,0,2,0,7,2,6,50,4,4,1,5,4,6,6,2,1,5,4,4,1,11,54,2,9,1,1,C03,7,9,3,19,2,11,,54,54,1,6,4,C03,120.683817,24.110261,2
9908,66000,387130000C,(04)23274275,(04)23288582,2023,8,26,10,30,臺中市,南屯區,0,0,0,7,,,50,,,,,,,,,,,,,,,21,,,,,B03,,,1,,2,,,21,,1,13,4,B03,120.648719,24.146767,3
9909,66000,387130000C,(04)23274275,(04)23288582,2023,8,26,10,31,臺中市,北屯區,0,0,0,7,,,50,,,,,,,,,,,,,,15,12,,,,,B03,,,1,,1,,,12,,1,12,4,B03,120.67341,24.181463,3
9910,66000,387130000C,(04)23274275,(04)23288582,2023,8,26,10,32,臺中市,南屯區,0,0,0,7,,,30,,,,,,,,,,,,,,17,8,,,,,B03,,,1,,2,,,8,,1,12,4,B03,120.638987,24.136361,3
9911,66000,387130000C,(04)23274275,(04)23288582,2023,8,26,10,33,臺中市,南屯區,0,0,0,7,,,40,,,,,,,,,,,,,,,84,,,,,B02,,,1,,2,,,84,,1,12,4,B02,120.654547,24.144858,3
9912,66000,387130000C,(04)23274275,(04)23288582,2023,8,26,10,33,臺中市,大甲區,0,1,0,7,2,6,50,13,9,1,5,4,6,6,4,4,5,5,5,1,16,51,3,10,6,1,F01,7,1,7,21,2,11,,51,51,1,13,4,F01,120.62498,24.338171,2
9913,66000,387130000C,(04)23274275,(04)23288582,2023,8,26,10,39,臺中市,南屯區,0,0,0,7,,,50,,,,,,,,,,,,,,,20,,,,,B03,,,1,,1,,,20,,1,12,4,B03,120.637228,24.14858,3
9914,66000,387130000C,(04)23274275,(04)23288582,2023,8,26,10,39,臺中市,大肚區,0,2,0,7,2,6,50,13,9,1,5,4,6,6,4,4,5,4,5,2,12,40,2,8,1,1,C03,7,8,1,10,2,14,,40,40,1,12,4,C03,120.544607,24.152905,2
9915,66000,387130000C,(04)23274275,(04)23288582,2023,8,26,10,41,臺中市,東區,0,1,0,7,2,6,50,13,9,1,5,4,6,6,4,4,9,5,5,2,17,51,3,10,5,4,B03,7,1,1,8,2,8,,51,51,1,13,4,B03,120.696887,24.145863,2
9916,66000,387130000C,(04)23274275,(04)23288582,2023,8,26,10,41,臺中市,北屯區,0,0,0,7,,,50,,,,,,,,,,,,,,,85,,,,,B03,,,3,,2,,,85,,1,12,4,B03,120.674502,24.201422,3
9917,66000,387130000C,(04)23274275,(04)23288582,2023,8,26,10,43,臺中市,大甲區,0,1,0,7,2,6,50,4,1,1,5,4,6,6,4,4,10,5,5,2,15,15,3,10,3,1,B03,7,9,1,8,2,2,,15,15,1,6,4,B03,120.61816,24.351399,2
9918,66000,387130000C,(04)23274275,(04)23288582,2023,8,26,10,44,臺中市,南區,0,1,0,7,1,6,30,13,9,1,5,4,6,6,4,4,10,5,5,2,12,8,3,10,5,4,B03,7,9,1,8,9,2,,8,8,1,12,4,B03,120.656293,24.115443,2
9919,66000,387130000C,(04)23274275,(04)23288582,2023,8,26,10,44,臺中市,大甲區,0,1,0,7,2,6,30,4,1,1,5,4,6,6,4,4,10,5,5,2,15,15,3,10,3,1,B03,7,9,1,8,2,5,,15,15,1,12,4,B03,120.626847,24.352127,2
9920,66000,387130000C,(04)23274275,(04)23288582,2023,8,26,10,47,臺中市,沙鹿區,0,0,0,7,,,50,,,,,,,,,,,,,,16,85,,,,,C03,,,1,,2,,,85,,1,12,4,C03,120.565168,24.232481,3
9921,66000,387130000C,(04)23274275,(04)23288582,2023,8,26,10,49,臺中市,北區,0,1,0,7,3,6,50,4,2,1,5,4,6,6,1,1,5,5,5,2,13,84,3,10,3,1,B03,7,9,1,8,2,5,,84,84,1,12,4,B03,120.680758,24.154075,2
9922,66000,387130000C,(04)23274275,(04)23288582,2023,8,26,10,50,臺中市,西屯區,0,2,0,7,3,6,50,3,1,1,5,4,6,6,4,4,9,4,5,2,12,39,3,10,3,1,B03,7,8,1,8,2,4,,39,39,1,12,4,B03,120.641076,24.167898,2
9923,66000,387130000C,(04)23274275,(04)23288582,2023,8,26,10,50,臺中市,豐原區,0,1,0,7,2,6,60,3,2,1,5,4,6,6,4,4,3,4,4,1,16,14,3,10,3,1,B03,7,5,1,8,2,2,,14,14,1,13,4,B03,120.722968,24.23657,2
9924,66000,387130000C,(04)23274275,(04)23288582,2023,8,26,10,52,臺中市,太平區,0,1,0,7,2,6,50,4,1,1,5,4,6,6,1,1,10,5,5,2,15,21,3,10,1,1,C03,7,9,1,10,2,12,,21,21,1,6,4,C03,120.716187,24.133508,2
9925,66000,387130000C,(04)23274275,(04)23288582,2023,8,26,10,52,臺中市,梧棲區,0,0,0,7,,,50,,,,,,,,,,,,,,13,7,,,,,B03,,,1,,1,,,7,,1,12,4,B03,120.53309,24.263884,3
9926,66000,387130000C,(04)23274275,(04)23288582,2023,8,26,10,54,臺中市,沙鹿區,0,2,0,7,3,6,50,4,2,1,5,4,6,6,4,4,4,5,5,2,16,48,2,9,1,1,C03,7,6,1,10,2,14,,48,48,1,13,4,C03,120.579933,24.214957,2
9927,66000,387130000C,(04)23274275,(04)23288582,2023,8,26,10,57,臺中市,霧峰區,0,1,0,7,3,6,50,3,1,1,5,4,6,6,4,4,10,5,5,2,11,41,2,9,1,1,C03,7,5,3,19,2,12,,41,41,1,6,4,C03,120.699505,24.071093,2
9928,66000,387130000C,(04)23274275,(04)23288582,2023,8,26,11,0,臺中市,潭子區,0,0,0,7,,,30,,,,,,,,,,,,,,25,59,,,,,B03,,,1,,2,,,59,,1,13,4,B03,120.70932,24.199148,3
9929,66000,387130000C,(04)23274275,(04)23288582,2023,8,26,11,2,臺中市,北屯區,0,1,0,7,2,6,50,4,1,1,5,4,6,6,1,1,10,5,5,2,16,48,2,9,1,1,C03,7,6,1,10,2,14,,48,48,1,12,4,C03,120.690812,24.164952,2
9930,66000,387130000C,(04)23274275,(04)23288582,2023,8,26,11,2,臺中市,大里區,0,0,0,7,,,50,,,,,,,,,,,,,,12,76,,,,,B03,,,1,,2,,,76,,1,13,4,B03,120.682929,24.098757,3
9931,66000,387130000C,(04)23274275,(04)23288582,2023,8,26,11,5,臺中市,東勢區,0,0,0,7,2,6,30,13,2,1,5,4,6,6,4,4,10,5,5,2,12,59,,,,,B03,,,1,,2,,,59,,1,12,4,B03,120.825578,24.258797,3
9932,66000,387130000C,(04)23274275,(04)23288582,2023,8,26,11,7,臺中市,北區,0,0,0,7,,,50,,,,,,,,,,,,,,17,84,,,,,A11,,,1,,2,,,84,,1,13,4,A11,120.671934,24.163333,3
9933,66000,387130000C,(04)23274275,(04)23288582,2023,8,26,11,8,臺中市,中區,0,0,0,7,,,50,,,,,,,,,,,,,,13,7,,,,,C03,,,1,,2,,,7,,1,12,4,C03,120.682353,24.135669,3
9934,66000,387130000C,(04)23274275,(04)23288582,2023,8,26,11,8,臺中市,南屯區,0,1,0,7,2,6,50,13,9,1,5,4,6,6,4,4,1,2,5,2,16,20,3,10,3,1,B02,7,5,1,8,2,2,,20,20,1,12,4,B02,120.650446,24.140121,2
9935,66000,387130000C,(04)23274275,(04)23288582,2023,8,26,11,9,臺中市,潭子區,0,0,0,7,,,40,,,,,,,,,,,,,,14,49,,,,,B03,,,1,,2,,,49,,1,12,4,B03,120.701369,24.196636,3
9936,66000,387130000C,(04)23274275,(04)23288582,2023,8,26,11,12,臺中市,龍井區,0,1,0,7,2,6,50,13,9,1,5,4,6,6,4,4,9,4,5,1,16,26,2,5,1,1,C03,7,11,1,10,2,14,,26,26,1,12,4,C03,120.582342,24.178071,2
9937,66000,387130000C,(04)23274275,(04)23288582,2023,8,26,11,13,臺中市,西屯區,0,1,0,7,3,9,30,13,9,1,5,4,6,6,4,4,10,5,5,2,18,84,2,9,1,4,C03,7,9,1,10,2,12,,84,84,1,13,4,C03,120.615783,24.170485,2
9938,66000,387130000C,(04)23274275,(04)23288582,2023,8,26,11,14,臺中市,北屯區,0,0,0,7,,,50,,,,,,,,,,,,,,14,49,,,,,B12,,,1,,2,,,49,,1,12,4,B12,120.681075,24.190431,3
9939,66000,387130000C,(04)23274275,(04)23288582,2023,8,26,11,15,臺中市,西屯區,0,0,0,7,,,50,,,,,,,,,,,,,,,47,,,,,B12,,,1,,1,,,47,,1,13,4,B12,120.647847,24.196114,3
9940,66000,387130000C,(04)23274275,(04)23288582,2023,8,26,11,17,臺中市,大里區,0,0,0,7,,,50,,,,,,,,,,,,,,13,7,,,,,C03,,,1,,2,,,7,,1,6,4,C03,120.688253,24.101838,3
9941,66000,387130000C,(04)23274275,(04)23288582,2023,8,26,11,19,臺中市,東區,0,1,0,7,3,6,30,3,1,1,5,4,3,3,4,4,10,5,5,2,16,14,3,10,3,1,B03,7,5,1,8,2,4,,14,14,1,12,4,B03,120.697597,24.150206,2
9942,66000,387130000C,(04)23274275,(04)23288582,2023,8,26,11,19,臺中市,大里區,0,1,0,7,3,6,50,4,1,1,5,4,6,6,2,1,3,4,4,1,15,21,2,9,5,4,C03,7,9,1,10,2,11,,87,21,1,13,4,C03,120.679339,24.115,2
9943,66000,387130000C,(04)23274275,(04)23288582,2023,8,26,11,20,臺中市,西屯區,0,2,0,7,3,6,50,13,7,1,5,4,6,6,4,4,5,2,4,2,12,87,3,10,3,1,B03,7,9,1,8,2,2,,87,87,1,12,4,B03,120.655967,24.170031,2
9944,66000,387130000C,(04)23274275,(04)23288582,2023,8,26,11,20,臺中市,西屯區,0,0,0,7,,,40,,,,,,,,,,,,,,,51,,,,,B03,,,1,,1,,,51,,1,12,4,B03,120.637962,24.17272,3
9945,66000,387130000C,(04)23274275,(04)23288582,2023,8,26,11,20,臺中市,沙鹿區,0,1,0,7,2,6,40,4,1,1,5,4,6,6,2,1,10,5,5,2,16,47,3,10,3,1,B03,7,5,1,8,2,2,,47,47,1,12,4,B03,120.564722,24.239693,2
9946,66000,387130000C,(04)23274275,(04)23288582,2023,8,26,11,21,臺中市,西屯區,0,1,0,7,3,6,50,4,1,1,5,4,6,6,1,1,9,4,4,2,11,20,3,10,3,1,B03,7,6,1,15,2,1,,20,20,1,12,4,B03,120.639651,24.18223,2
9947,66000,387130000C,(04)23274275,(04)23288582,2023,8,26,11,24,臺中市,北屯區,0,1,0,7,2,6,50,4,1,1,5,4,6,6,4,4,10,5,5,2,15,13,3,10,3,1,B03,7,9,1,8,2,5,,13,13,1,12,4,B03,120.693601,24.164934,2
9948,66000,387130000C,(04)23274275,(04)23288582,2023,8,26,11,25,臺中市,后里區,0,1,0,7,2,6,30,4,2,1,5,4,6,6,2,1,4,4,5,1,17,20,3,10,3,1,B03,7,6,1,8,2,8,,20,20,1,12,4,B03,120.709839,24.305232,2
9949,66000,387130000C,(04)23274275,(04)23288582,2023,8,26,11,27,臺中市,沙鹿區,0,2,0,7,3,6,60,3,1,1,5,4,6,6,4,4,10,5,5,2,16,51,2,9,1,1,C03,7,1,1,10,2,14,,51,51,1,13,4,C03,120.569545,24.239776,2
9950,66000,387130000C,(04)23274275,(04)23288582,2023,8,26,11,29,臺中市,西屯區,0,0,0,7,,,30,,,,,,,,,,,,,,14,49,,,,,B03,,,1,,9,,,49,,1,12,4,B03,120.658759,24.169484,3
9951,66000,387130000C,(04)23274275,(04)23288582,2023,8,26,11,30,臺中市,西屯區,0,1,0,7,3,6,40,4,2,1,5,4,6,6,2,1,1,3,1,1,17,11,3,10,3,1,B03,7,6,1,8,2,5,,11,11,1,13,4,B03,120.638465,24.155204,2
9952,66000,387130000C,(04)23274275,(04)23288582,2023,8,26,11,35,臺中市,烏日區,0,1,0,7,1,6,50,13,8,1,5,4,6,6,4,4,9,4,4,2,17,47,3,10,3,1,B03,7,5,1,8,2,5,,47,47,1,12,4,B03,120.608808,24.116088,2
9953,66000,387130000C,(04)23274275,(04)23288582,2023,8,26,11,39,臺中市,豐原區,0,0,0,7,,,50,,,,,,,,,,,,,,13,7,,,,,B03,,,1,,2,,,7,,1,8,4,B03,120.751082,24.269969,3
9954,66000,387130000C,(04)23274275,(04)23288582,2023,8,26,11,40,臺中市,大雅區,0,0,0,7,,,30,,,,,,,,,,,,,,14,49,,,,,B03,,,1,,1,,,49,,1,13,4,B03,120.654554,24.222367,3
9955,66000,387130000C,(04)23274275,(04)23288582,2023,8,26,11,40,臺中市,南屯區,0,1,0,7,2,6,50,13,7,1,5,4,6,6,4,4,9,4,5,2,13,62,2,8,2,2,C03,7,9,5,10,2,12,,62,62,1,13,4,C03,120.645493,24.137987,2
9956,66000,387130000C,(04)23274275,(04)23288582,2023,8,26,11,40,臺中市,豐原區,0,2,0,7,2,6,30,4,1,1,5,4,6,6,4,4,10,5,5,2,15,15,2,9,1,1,C03,7,9,1,10,2,12,,15,15,1,13,4,C03,120.712188,24.244282,2
9957,66000,387130000C,(04)23274275,(04)23288582,2023,8,26,11,41,臺中市,烏日區,0,1,0,7,3,6,50,13,9,1,5,4,6,6,4,4,9,5,5,2,16,45,3,10,3,1,B03,7,11,1,8,2,8,,45,45,1,12,4,B03,120.624932,24.10838,2
9958,66000,387130000C,(04)23274275,(04)23288582,2023,8,26,11,43,臺中市,中區,0,0,0,7,,,50,,,,,,,,,,,,,,,84,,,,,C03,,,1,,1,,,84,,1,12,4,C03,120.681672,24.143178,3
9959,66000,387130000C,(04)23274275,(04)23288582,2023,8,26,11,43,臺中市,龍井區,0,0,0,7,,,50,,,,,,,,,,,,,,8,51,,,,,B12,,,1,,2,,,51,,1,12,4,B12,120.592287,24.181521,3
9960,66000,387130000C,(04)23274275,(04)23288582,2023,8,26,11,45,臺中市,大雅區,0,2,0,7,2,6,50,13,9,1,5,4,6,6,4,4,5,5,5,1,16,34,2,8,1,1,C03,7,5,1,10,2,11,,34,34,1,13,4,C03,120.651947,24.227735,2
9961,66000,387130000C,(04)23274275,(04)23288582,2023,8,26,11,45,臺中市,西區,0,0,0,7,2,6,50,4,1,1,5,4,6,6,1,1,10,5,5,2,17,51,,,,,C03,,,5,,1,,,51,,1,13,4,C03,120.666736,24.141067,3
9962,66000,387130000C,(04)23274275,(04)23288582,2023,8,26,11,45,臺中市,神岡區,0,0,0,7,,,50,,,,,,,,,,,,,,,59,,,,,B03,,,1,,2,,,59,,1,12,4,B03,120.694756,24.248232,3
9963,66000,387130000C,(04)23274275,(04)23288582,2023,8,26,11,47,臺中市,烏日區,0,0,0,7,1,6,30,13,9,1,5,4,6,6,1,1,10,5,5,2,14,49,,,,,B03,,,1,,2,,,49,,1,12,4,B03,120.641442,24.094274,3
9964,66000,387130000C,(04)23274275,(04)23288582,2023,8,26,11,48,臺中市,龍井區,0,2,0,7,3,6,40,11,9,1,5,4,6,6,4,4,5,5,5,1,18,84,2,9,5,4,C03,7,6,1,10,2,14,,84,84,1,12,4,C03,120.555969,24.187909,2
9965,66000,387130000C,(04)23274275,(04)23288582,2023,8,26,11,49,臺中市,西屯區,0,1,0,7,3,6,50,13,9,1,5,4,6,6,4,4,1,4,5,2,18,90,2,9,1,1,C03,7,9,1,10,9,14,,90,90,1,12,4,C03,120.659034,24.175866,2
9966,66000,387130000C,(04)23274275,(04)23288582,2023,8,26,11,49,臺中市,豐原區,0,0,0,7,,,50,,,,,,,,,,,,,,17,51,,,,,B03,,,1,,2,,,51,,1,13,4,B03,120.718872,24.249641,3
9967,66000,387130000C,(04)23274275,(04)23288582,2023,8,26,11,51,臺中市,大里區,0,1,0,7,2,6,50,4,2,1,5,4,6,6,1,1,3,4,4,2,13,7,2,9,5,4,C03,7,9,1,10,2,11,,7,7,1,13,4,C03,120.688111,24.083142,2
9968,66000,387130000C,(04)23274275,(04)23288582,2023,8,26,11,52,臺中市,潭子區,0,0,0,7,3,9,50,13,9,1,5,4,6,6,4,4,5,4,5,1,13,59,3,10,3,1,B03,7,9,1,8,5,1,,59,59,1,13,4,B03,120.717849,24.191248,3
9969,66000,387130000C,(04)23274275,(04)23288582,2023,8,26,11,55,臺中市,東區,0,0,0,7,,,50,,,,,,,,,,,,,,12,87,,,,,B03,,,1,,2,,,87,,1,12,4,B03,120.694378,24.133003,3
9970,66000,387130000C,(04)23274275,(04)23288582,2023,8,26,11,55,臺中市,南屯區,0,0,0,7,,,80,,,,,,,,,,,,,,,7,,,,,B03,,,1,,2,,,7,,1,13,4,B03,120.623403,24.149319,3
9971,66000,387130000C,(04)23274275,(04)23288582,2023,8,26,11,56,臺中市,太平區,0,2,0,7,3,6,50,4,1,1,5,4,6,6,1,1,10,5,5,2,13,7,3,10,3,1,B03,7,6,1,8,2,1,,7,7,1,13,4,B03,120.713683,24.125154,2
9972,66000,387130000C,(04)23274275,(04)23288582,2023,8,26,11,58,臺中市,大里區,0,0,0,7,,,50,,,,,,,,,,,,,,17,42,,,,,B03,,,1,,2,,,42,,1,6,4,B03,120.682412,24.100469,3
9973,66000,387130000C,(04)23274275,(04)23288582,2023,8,26,12,2,臺中市,南屯區,0,0,0,7,,,50,,,,,,,,,,,,,,12,84,,,,,B03,,,1,,1,,,84,,1,12,4,B03,120.634091,24.145075,3
9974,66000,387130000C,(04)23274275,(04)23288582,2023,8,26,12,9,臺中市,太平區,0,1,0,7,3,6,30,4,1,1,5,4,6,6,4,4,5,5,5,1,16,12,2,9,2,1,C03,7,6,1,10,2,14,,12,12,1,12,4,C03,120.72996,24.109781,2
9975,66000,387130000C,(04)23274275,(04)23288582,2023,8,26,12,10,臺中市,南區,0,1,0,7,2,6,30,13,9,1,5,4,6,6,4,4,10,5,5,2,13,62,2,9,1,2,C03,7,9,1,10,2,11,,62,62,1,12,4,C03,120.678965,24.125119,2
9976,66000,387130000C,(04)23274275,(04)23288582,2023,8,26,12,10,臺中市,北屯區,0,2,0,7,2,6,50,3,1,1,5,4,6,6,4,4,10,5,5,2,16,48,2,9,2,1,F02,7,6,7,21,2,13,,48,48,1,12,4,F02,120.723545,24.173074,2
9977,66000,387130000C,(04)23274275,(04)23288582,2023,8,26,12,12,臺中市,南屯區,0,0,0,7,,,50,,,,,,,,,,,,,,2,51,,,,,C03,,,1,10,1,,,51,51,1,12,4,C03,120.645323,24.140307,3
9978,66000,387130000C,(04)23274275,(04)23288582,2023,8,26,12,12,臺中市,北屯區,0,0,0,7,,,50,,,,,,,,,,,,,,13,7,,,,,B12,,,1,,1,,,7,7,1,6,4,B12,120.686429,24.181645,3
9979,66000,387130000C,(04)23274275,(04)23288582,2023,8,26,12,18,臺中市,東區,0,0,0,7,,,50,,,,,,,,,,,,,,14,49,,,,,B12,,,1,8,2,,,49,49,1,13,4,B12,120.694137,24.134771,3
9980,66000,387130000C,(04)23274275,(04)23288582,2023,8,26,12,20,臺中市,北屯區,0,1,0,7,2,6,50,4,1,1,5,4,6,6,4,4,10,5,5,2,15,12,3,10,3,1,B03,7,9,1,8,2,4,,12,12,1,12,4,B03,120.673344,24.181537,2
9981,66000,387130000C,(04)23274275,(04)23288582,2023,8,26,12,21,臺中市,西屯區,0,1,0,7,3,6,50,13,7,1,5,4,6,6,4,4,5,5,4,2,13,82,3,10,3,1,B03,7,9,1,8,2,1,,82,82,1,13,4,B03,120.635832,24.169677,2
9982,66000,387130000C,(04)23274275,(04)23288582,2023,8,26,12,22,臺中市,大里區,0,0,0,7,,,50,,,,,,,,,,,,,,16,21,,,,,C03,,,1,,2,,,21,,1,6,4,C03,120.689736,24.114217,3
9983,66000,387130000C,(04)23274275,(04)23288582,2023,8,26,12,26,臺中市,沙鹿區,0,0,0,7,,,50,,,,,,,,,,,,,,,7,,,,,B03,,,1,,2,,,7,,1,13,4,B03,120.570283,24.212015,3
9984,66000,387130000C,(04)23274275,(04)23288582,2023,8,26,12,29,臺中市,潭子區,0,0,0,7,,,50,,,,,,,,,,,,,,9,51,,,,,B03,,,1,,2,,,51,,1,13,4,B03,120.711075,24.229894,3
9985,66000,387130000C,(04)23274275,(04)23288582,2023,8,26,12,30,臺中市,西區,0,0,0,7,,,,,,,,,,,,,,,,,,119,,,,,,,,,,,,,119,,1,,,,120.656196,24.143225,3
9986,66000,387130000C,(04)23274275,(04)23288582,2023,8,26,12,30,臺中市,西屯區,0,1,0,7,3,6,50,13,7,1,5,4,6,6,4,4,9,4,4,2,12,40,3,10,3,1,B03,7,7,1,8,2,3,,40,40,1,12,4,B03,120.656045,24.173188,2
9987,66000,387130000C,(04)23274275,(04)23288582,2023,8,26,12,31,臺中市,南屯區,0,0,0,7,,,80,,,,,,,,,,,,,,,58,,,,,B03,,,6,,11,,,58,,1,12,4,B03,120.619627,24.120194,3
9988,66000,387130000C,(04)23274275,(04)23288582,2023,8,26,12,35,臺中市,北區,0,0,0,7,,,1,,,,,,,,,,,,,,9,39,,,,,C03,,,1,,2,,,39,,1,12,4,C03,120.681869,24.148927,3
9989,66000,387130000C,(04)23274275,(04)23288582,2023,8,26,12,40,臺中市,西區,0,0,0,7,,,50,,,,,,,,,,,,,,12,84,,,,,B03,,,1,,2,,,84,,1,12,4,B03,120.667091,24.142312,3
9990,66000,387130000C,(04)23274275,(04)23288582,2023,8,26,12,40,臺中市,西屯區,0,0,0,7,,,50,,,,,,,,,,,,,,,48,,,,,B03,,,1,,1,,,48,,1,13,4,B03,120.620304,24.183273,3
9991,66000,387130000C,(04)23274275,(04)23288582,2023,8,26,12,43,臺中市,沙鹿區,0,0,0,7,,,70,,,,,,,,,,,,,,,40,,,,,B03,,,1,,2,,,40,,1,13,4,B03,120.581421,24.209662,3
9992,66000,387130000C,(04)23274275,(04)23288582,2023,8,26,12,50,臺中市,北屯區,0,1,0,6,3,6,50,13,9,1,5,4,6,6,1,1,5,2,5,2,17,76,3,10,3,1,B03,7,13,1,8,2,4,,76,76,1,12,4,B03,120.685896,24.188253,2
9993,66000,387130000C,(04)23274275,(04)23288582,2023,8,26,12,50,臺中市,西屯區,0,0,0,7,,,50,,,,,,,,,,,,,,,40,,,,,B03,,,1,,1,,,40,,1,13,4,B03,120.621809,24.186649,3
9994,66000,387130000C,(04)23274275,(04)23288582,2023,8,26,12,53,臺中市,北區,0,0,0,7,,,50,,,,,,,,,,,,,,17,7,,,,,C03,,,1,,2,,,7,,1,13,4,C03,120.686508,24.164311,3
9995,66000,387130000C,(04)23274275,(04)23288582,2023,8,26,13,1,臺中市,西屯區,0,0,0,7,,,50,,,,,,,,,,,,,,,7,,,,,B03,,,1,,2,,,7,,1,13,4,B03,120.641448,24.168767,3
9996,66000,387130000C,(04)23274275,(04)23288582,2023,8,26,13,3,臺中市,西區,0,0,0,7,,,50,,,,,,,,,,,,,,,84,,,,,B03,,,1,,1,,,84,,1,13,4,B03,120.667072,24.132811,3
9997,66000,387130000C,(04)23274275,(04)23288582,2023,8,26,13,4,臺中市,北屯區,0,0,0,7,,,50,,,,,,,,,,,,,,,84,,,,,C03,,,1,,1,,,84,,1,12,4,C03,120.667027,24.185064,3
9998,66000,387130000C,(04)23274275,(04)23288582,2023,8,26,13,6,臺中市,太平區,0,2,0,7,2,6,50,13,9,1,5,4,6,6,4,4,5,4,5,2,13,84,2,7,1,1,C03,7,9,1,10,2,11,,84,84,1,12,2,C03,120.713284,24.149468,2
9999,66000,387130000C,(04)23274275,(04)23288582,2023,8,26,13,6,臺中市,太平區,0,1,0,7,2,6,80,10,9,1,5,4,6,6,4,4,1,4,5,1,13,7,3,10,3,1,B03,7,9,1,10,2,5,,7,7,1,6,4,B03,120.717456,24.158075,2
10000,66000,387130000C,(04)23274275,(04)23288582,2023,8,26,13,9,臺中市,北區,0,0,0,7,,,50,,,,,,,,,,,,,,12,39,,,,,B03,,,1,,1,,,39,,1,12,4,B03,120.673415,24.165846,3
10001,66000,387130000C,(04)23274275,(04)23288582,2023,8,26,13,16,臺中市,南屯區,0,0,0,7,,,50,,,,,,,,,,,,,,,8,,,,,B03,,,1,,2,,,8,,1,13,4,B03,120.62701,24.152432,3
10002,66000,387130000C,(04)23274275,(04)23288582,2023,8,26,13,18,臺中市,西屯區,0,0,0,7,,,50,,,,,,,,,,,,,,12,8,,,,,B03,,,1,,1,,,8,8,1,12,4,B03,120.593729,24.178504,3
10003,66000,387130000C,(04)23274275,(04)23288582,2023,8,26,13,19,臺中市,西屯區,0,2,0,7,3,9,50,13,9,1,5,4,6,6,4,4,1,4,5,2,17,84,2,9,2,1,C03,7,9,1,10,2,11,,84,87,1,12,4,C03,120.648805,24.167125,2
10004,66000,387130000C,(04)23274275,(04)23288582,2023,8,26,13,21,臺中市,東區,0,2,0,7,3,6,50,4,1,1,5,4,6,6,1,1,10,5,5,2,12,84,3,10,2,1,C03,7,15,1,10,2,13,,84,84,1,12,4,C03,120.702423,24.140294,2