序號,縣市別代碼,機關代碼,市話,傳真,年,月,日,時,分,縣市,區,死亡數量,受傷數量,2-30,天候,光線,道路類別,速限,道路型態,事故位置,路面鋪裝,路面狀態,路面缺陷,障礙物,視距,號誌種類,號誌動作,分向設施,快車道或一般車道間,快慢車道間,路面邊線,事故類型及型態,主要肇因,受傷程度,主要傷處,保護裝備,行動電話,當事者區分(類別),車輛用途,當事者行動狀態,駕駛資格情形,駕駛執照種類,飲酒情形,車輛撞擊部位最初,車輛撞擊部位其他,肇事因素個別,肇事因素主要,肇事逃逸,職業,旅次目的,車種,GPS座標X,GPS座標Y,事故類別
10005,66000,387130000C,(04)23274275,(04)23288582,2023,8,26,13,29,臺中市,南屯區,0,1,0,7,2,6,50,4,1,1,5,4,6,6,1,1,10,5,5,2,16,48,2,9,2,1,C03,7,6,1,10,2,13,,48,48,1,5,4,C03,120.646802,24.146809,2
10006,66000,387130000C,(04)23274275,(04)23288582,2023,8,26,13,30,臺中市,西屯區,0,0,0,7,,,60,,,,,,,,,,,,,,13,7,,,,,B03,,,1,,1,,,7,,1,12,4,B03,120.643895,24.165841,3
10007,66000,387130000C,(04)23274275,(04)23288582,2023,8,26,13,32,臺中市,南屯區,0,0,0,7,,,40,,,,,,,,,,,,,,14,49,,,,,A12,,,1,,1,,,49,49,1,13,4,A12,120.621538,24.135248,3
10008,66000,387130000C,(04)23274275,(04)23288582,2023,8,26,13,35,臺中市,沙鹿區,0,0,0,7,2,6,50,13,9,1,5,4,6,6,4,4,4,3,4,2,14,49,,,,,B03,,,1,,1,,,49,,1,12,4,B03,120.555704,24.237664,3
10009,66000,387130000C,(04)23274275,(04)23288582,2023,8,26,13,40,臺中市,西屯區,0,0,0,7,,,30,,,,,,,,,,,,,,,8,,,,,B03,,,1,,1,,,8,,1,13,4,B03,120.646799,24.182968,3
10010,66000,387130000C,(04)23274275,(04)23288582,2023,8,26,13,44,臺中市,西屯區,0,2,0,7,2,6,50,13,9,1,5,4,6,6,4,4,10,4,5,2,17,20,3,10,5,4,B03,7,5,1,8,2,2,,20,20,1,13,4,B03,120.65459,24.168661,2
10011,66000,387130000C,(04)23274275,(04)23288582,2023,8,26,13,50,臺中市,烏日區,0,1,0,7,3,6,50,13,9,1,5,4,3,3,4,4,9,5,5,2,11,51,3,10,3,1,B02,7,1,1,8,2,8,,51,51,1,12,4,B02,120.604056,24.105778,2
10012,66000,387130000C,(04)23274275,(04)23288582,2023,8,26,13,57,臺中市,西區,0,1,0,7,2,6,50,3,1,1,5,4,6,6,1,1,10,5,5,2,16,20,3,10,5,4,B03,7,6,1,8,1,5,,20,20,1,13,4,B03,120.658502,24.155427,2
10013,66000,387130000C,(04)23274275,(04)23288582,2023,8,26,14,0,臺中市,中區,0,0,0,7,,,50,,,,,,,,,,,,,,,86,,,,,,,,,,,,,86,,1,,,,120.678757,24.141681,3
10014,66000,387130000C,(04)23274275,(04)23288582,2023,8,26,14,2,臺中市,北屯區,0,0,0,7,,,50,,,,,,,,,,,,,,13,84,,,,,B03,,,1,,2,,,84,,1,12,4,B03,120.721795,24.181109,3
10015,66000,387130000C,(04)23274275,(04)23288582,2023,8,26,14,2,臺中市,北屯區,0,1,0,7,2,6,50,13,9,1,5,4,6,6,4,4,4,3,5,2,11,39,3,10,3,1,B03,7,5,1,8,2,1,,39,39,1,12,4,B03,120.70186,24.178226,2
10016,66000,387130000C,(04)23274275,(04)23288582,2023,8,26,14,3,臺中市,霧峰區,0,0,0,7,,,50,,,,,,,,,,,,,,13,56,,,,,B03,,,1,,2,,,56,56,1,13,4,B03,120.698033,24.059043,3
10017,66000,387130000C,(04)23274275,(04)23288582,2023,8,26,14,3,臺中市,沙鹿區,0,0,0,7,,,60,,,,,,,,,,,,,,,7,,,,,B03,,,1,,2,,,7,,1,6,4,B03,120.586423,24.249791,3
10018,66000,387130000C,(04)23274275,(04)23288582,2023,8,26,14,5,臺中市,西屯區,0,0,0,7,,,50,,,,,,,,,,,,,,13,56,,,,,B03,,,1,,1,,,56,,1,12,4,B03,120.656543,24.200652,3
10019,66000,387130000C,(04)23274275,(04)23288582,2023,8,26,14,11,臺中市,神岡區,0,0,0,5,,,30,,,,,,,,,,,,,,16,14,,,,,B03,,,1,,1,,,14,,1,13,4,B03,120.706709,24.261413,3
10020,66000,387130000C,(04)23274275,(04)23288582,2023,8,26,14,24,臺中市,北區,0,0,0,7,,,50,,,,,,,,,,,,,,9,57,,,,,B03,,,1,,1,,,87,57,1,12,4,B03,120.687039,24.16537,3
10021,66000,387130000C,(04)23274275,(04)23288582,2023,8,26,14,25,臺中市,南區,0,1,0,7,2,6,50,4,2,1,5,4,6,6,2,1,3,2,4,2,17,84,2,8,5,4,C03,7,15,1,10,2,13,,84,84,1,13,4,C03,120.65963,24.130002,2
10022,66000,387130000C,(04)23274275,(04)23288582,2023,8,26,14,30,臺中市,梧棲區,0,0,0,7,,,50,,,,,,,,,,,,,,,20,,,,,B12,,,1,,2,,,20,,1,12,4,B12,120.539785,24.262727,3
10023,66000,387130000C,(04)23274275,(04)23288582,2023,8,26,14,32,臺中市,西屯區,0,0,0,7,,,50,,,,,,,,,,,,,,,11,,,,,B03,,,1,,2,,,11,,1,12,4,B03,120.616508,24.182689,3
10024,66000,387130000C,(04)23274275,(04)23288582,2023,8,26,14,33,臺中市,北屯區,0,0,0,7,,,50,,,,,,,,,,,,,,13,84,,,,,B12,,,1,,1,,,84,,1,12,4,B12,120.720774,24.161543,3
10025,66000,387130000C,(04)23274275,(04)23288582,2023,8,26,14,36,臺中市,潭子區,0,1,0,5,2,6,60,13,14,1,4,4,6,6,4,4,1,4,4,1,17,59,2,5,1,1,C03,7,9,1,10,11,11,,59,59,1,13,4,C03,120.704838,24.207008,2
10026,66000,387130000C,(04)23274275,(04)23288582,2023,8,26,14,39,臺中市,烏日區,0,0,0,7,,,30,,,,,,,,,,,,,,11,8,,,,,A12,,,1,,2,,,8,,1,6,4,A12,120.643381,24.085856,3
10027,66000,387130000C,(04)23274275,(04)23288582,2023,8,26,14,41,臺中市,豐原區,0,1,0,5,3,6,50,4,1,1,4,4,6,6,1,1,10,5,5,2,17,48,3,10,3,1,B03,7,6,1,8,2,8,,48,48,1,12,4,B03,120.727822,24.251422,2
10028,66000,387130000C,(04)23274275,(04)23288582,2023,8,26,14,42,臺中市,北屯區,0,1,0,5,2,6,50,4,1,1,4,4,6,6,2,1,10,5,5,2,16,11,3,10,3,1,B03,7,6,1,8,2,1,,11,11,1,12,4,B03,120.707744,24.185067,2
10029,66000,387130000C,(04)23274275,(04)23288582,2023,8,26,14,44,臺中市,潭子區,0,0,0,5,,,60,,,,,,,,,,,,,,13,7,,,,,B03,,,1,,2,,,7,,1,13,4,B03,120.705109,24.21293,3
10030,66000,387130000C,(04)23274275,(04)23288582,2023,8,26,14,45,臺中市,東區,0,2,0,5,3,6,50,4,9,1,4,4,6,6,2,1,5,5,5,2,17,45,3,10,5,4,B03,7,11,1,8,2,6,,45,45,1,13,4,B03,120.691203,24.134727,2
10031,66000,387130000C,(04)23274275,(04)23288582,2023,8,26,14,45,臺中市,南屯區,0,1,0,7,1,6,50,4,2,1,5,4,6,6,4,4,5,4,5,2,12,40,3,10,5,4,B03,7,7,1,8,2,5,,40,40,1,13,4,B03,120.641936,24.14686,2
10032,66000,387130000C,(04)23274275,(04)23288582,2023,8,26,14,46,臺中市,北區,0,0,0,7,,,40,,,,,,,,,,,,,,17,84,,,,,C03,,,1,,1,,,84,,1,13,4,C03,120.66629,24.155848,3
10033,66000,387130000C,(04)23274275,(04)23288582,2023,8,26,14,49,臺中市,北屯區,0,0,0,7,,,50,,,,,,,,,,,,,,12,48,,,,,G03,,,6,,1,,,48,48,1,6,4,G03,120.687683,24.191255,3
10034,66000,387130000C,(04)23274275,(04)23288582,2023,8,26,14,51,臺中市,南區,0,0,0,7,,,50,,,,,,,,,,,,,,,86,,,,,,,,,,,,,86,86,1,,,,120.678,24.133379,3
10035,66000,387130000C,(04)23274275,(04)23288582,2023,8,26,14,51,臺中市,清水區,0,0,0,7,,,30,,,,,,,,,,,,,,,49,,,,,B12,,,1,,2,,,49,,1,12,4,B12,120.574761,24.271306,3
10036,66000,387130000C,(04)23274275,(04)23288582,2023,8,26,14,53,臺中市,北屯區,0,0,0,5,,,80,,,,,,,,,,,,,,13,84,,,,,B12,,,1,,1,,,84,,1,13,4,B12,120.720913,24.174515,3
10037,66000,387130000C,(04)23274275,(04)23288582,2023,8,26,14,54,臺中市,南屯區,0,1,0,7,2,6,40,13,8,1,5,4,6,6,4,4,5,5,4,2,13,7,2,8,2,1,C03,7,9,1,10,2,11,,7,7,1,6,4,C03,120.636076,24.147649,2
10038,66000,387130000C,(04)23274275,(04)23288582,2023,8,26,14,54,臺中市,北屯區,0,0,0,7,,,50,,,,,,,,,,,,,,9,84,,,,,C03,,,1,,1,,,84,,1,12,4,C03,120.676904,24.173608,3
10039,66000,387130000C,(04)23274275,(04)23288582,2023,8,26,14,55,臺中市,北區,0,0,0,7,,,50,,,,,,,,,,,,,,,32,,,,,B12,,,1,,9,,,32,,1,12,4,B12,120.672359,24.166825,3
10040,66000,387130000C,(04)23274275,(04)23288582,2023,8,26,14,55,臺中市,東區,0,0,0,5,,,50,,,,,,,,,,,,,,13,7,,,,,B03,,,1,,2,,,7,,1,12,4,B03,120.701589,24.140943,3
10041,66000,387130000C,(04)23274275,(04)23288582,2023,8,26,14,55,臺中市,神岡區,0,0,0,5,,,50,,,,,,,,,,,,,,,61,,,,,B03,,,1,,2,,,61,,1,13,4,B03,120.695519,24.238936,3
10042,66000,387130000C,(04)23274275,(04)23288582,2023,8,26,14,56,臺中市,北區,0,0,0,7,,,50,,,,,,,,,,,,,,,84,,,,,B03,,,1,,9,,,84,,1,12,4,B03,120.685968,24.148976,3
10043,66000,387130000C,(04)23274275,(04)23288582,2023,8,26,14,58,臺中市,西屯區,0,0,0,7,,,30,,,,,,,,,,,,,,35,84,,,,,B03,,,1,,2,,,84,,1,12,4,B03,120.669909,24.176797,3
10044,66000,387130000C,(04)23274275,(04)23288582,2023,8,26,14,59,臺中市,北屯區,0,0,0,5,,,50,,,,,,,,,,,,,,12,42,,,,,C03,,,1,,2,,,42,42,1,6,4,C03,120.685052,24.172042,3
10045,66000,387130000C,(04)23274275,(04)23288582,2023,8,26,15,0,臺中市,清水區,0,0,0,7,,,50,,,,,,,,,,,,,,,59,,,,,B03,,,1,,2,,,59,,1,12,4,B03,120.571063,24.25932,3
10046,66000,387130000C,(04)23274275,(04)23288582,2023,8,26,15,0,臺中市,豐原區,0,0,0,5,,,50,,,,,,,,,,,,,,17,50,,,,,B12,,,1,,2,,,50,,1,13,4,B12,120.718714,24.248918,3
10047,66000,387130000C,(04)23274275,(04)23288582,2023,8,26,15,1,臺中市,北屯區,0,1,0,5,1,6,50,4,1,1,4,4,6,6,2,1,10,5,5,2,15,21,3,10,5,4,B01,7,9,1,3,2,4,,21,21,1,6,4,B01,120.721144,24.176718,2
10048,66000,387130000C,(04)23274275,(04)23288582,2023,8,26,15,2,臺中市,南區,0,1,0,7,3,6,50,4,1,1,5,4,6,6,4,4,10,5,5,2,16,14,3,10,3,1,B03,7,5,1,8,2,5,,14,14,1,12,4,B03,120.663097,24.119486,2
10049,66000,387130000C,(04)23274275,(04)23288582,2023,8,26,15,2,臺中市,北屯區,0,0,0,5,,,50,,,,,,,,,,,,,,,40,,,,,B03,,,1,,1,,,40,,1,12,4,B03,120.747867,24.195718,3
10050,66000,387130000C,(04)23274275,(04)23288582,2023,8,26,15,6,臺中市,南屯區,0,1,0,7,3,6,50,13,9,1,5,4,6,6,4,4,1,4,5,2,12,51,2,9,1,1,C03,7,1,2,19,2,13,,51,51,1,12,4,C03,120.646375,24.132897,2
10051,66000,387130000C,(04)23274275,(04)23288582,2023,8,26,15,9,臺中市,北屯區,0,4,0,5,2,6,50,13,9,1,4,4,6,6,4,4,1,4,5,2,17,51,2,9,1,1,C03,7,1,1,10,2,14,,51,51,1,12,4,C03,120.700196,24.177183,2
10052,66000,387130000C,(04)23274275,(04)23288582,2023,8,26,15,10,臺中市,南屯區,0,0,0,6,,,40,,,,,,,,,,,,,,12,51,,,,,B03,,,1,,1,,,51,,1,13,4,B03,120.64283,24.152094,3
10053,66000,387130000C,(04)23274275,(04)23288582,2023,8,26,15,10,臺中市,西屯區,0,0,0,7,,,50,,,,,,,,,,,,,,,21,,,,,C03,,,1,,1,,,21,,1,13,4,C03,120.655331,24.174999,4
10054,66000,387130000C,(04)23274275,(04)23288582,2023,8,26,15,10,臺中市,龍井區,0,2,0,7,3,6,30,4,1,1,5,4,6,6,4,4,10,5,5,2,15,15,2,9,5,4,C03,7,9,1,10,2,12,,15,15,1,6,4,C03,120.524717,24.203487,2
10055,66000,387130000C,(04)23274275,(04)23288582,2023,8,26,15,12,臺中市,北屯區,0,0,0,5,,,50,,,,,,,,,,,,,,17,84,,,,,B03,,,1,,1,,,84,,1,12,4,B03,120.719478,24.18209,3
10056,66000,387130000C,(04)23274275,(04)23288582,2023,8,26,15,12,臺中市,烏日區,0,2,0,7,1,6,50,3,1,1,5,4,6,6,4,4,9,4,4,2,17,34,2,9,1,1,C03,7,6,1,10,2,12,,34,34,1,12,4,C03,120.607297,24.110292,2
10057,66000,387130000C,(04)23274275,(04)23288582,2023,8,26,15,13,臺中市,后里區,0,1,0,7,1,6,30,4,1,1,5,4,6,6,3,1,10,5,5,2,16,20,2,9,1,1,C03,7,6,1,10,2,11,,20,20,1,12,4,C03,120.718405,24.313205,2
10058,66000,387130000C,(04)23274275,(04)23288582,2023,8,26,15,15,臺中市,豐原區,0,1,0,5,2,6,30,4,2,1,4,1,6,3,4,4,10,5,5,2,18,84,2,9,1,1,C03,7,9,1,10,9,15,,84,84,1,13,4,C03,120.726215,24.244696,2
10059,66000,387130000C,(04)23274275,(04)23288582,2023,8,26,15,16,臺中市,霧峰區,0,1,0,7,3,6,30,13,9,1,5,4,6,6,4,4,9,5,5,1,11,8,2,9,1,1,C03,7,9,1,10,2,14,,8,8,1,6,4,C03,120.694984,24.067185,2
10060,66000,387130000C,(04)23274275,(04)23288582,2023,8,26,15,17,臺中市,北區,0,2,0,7,2,6,50,4,1,1,5,4,6,6,4,4,10,5,5,2,16,14,2,7,2,1,C03,7,6,1,10,2,11,,14,14,1,12,4,C03,120.66568,24.159971,2
10061,66000,387130000C,(04)23274275,(04)23288582,2023,8,26,15,19,臺中市,北屯區,0,0,0,5,,,50,,,,,,,,,,,,,,,84,,,,,B03,,,1,,1,,,84,,1,12,4,B03,120.739462,24.17869,3
10062,66000,387130000C,(04)23274275,(04)23288582,2023,8,26,15,20,臺中市,北屯區,0,0,0,7,,,50,,,,,,,,,,,,,,9,51,,,,,B03,,,1,,2,,,51,51,1,6,4,B03,120.722995,24.166912,3
10063,66000,387130000C,(04)23274275,(04)23288582,2023,8,26,15,22,臺中市,北屯區,0,1,0,6,1,6,50,13,9,1,5,4,6,6,4,4,1,4,5,2,17,51,3,10,5,4,B03,7,1,1,8,2,5,,51,51,1,6,4,B03,120.697742,24.170274,2
10064,66000,387130000C,(04)23274275,(04)23288582,2023,8,26,15,23,臺中市,潭子區,0,2,0,6,2,6,50,13,9,1,4,4,6,6,4,4,5,5,5,1,17,84,2,9,1,1,C03,7,12,1,10,2,16,,84,84,1,13,4,C03,120.723428,24.204128,2
10065,66000,387130000C,(04)23274275,(04)23288582,2023,8,26,15,26,臺中市,太平區,0,2,0,5,1,6,30,4,1,1,4,4,6,6,4,4,5,5,5,2,18,20,2,9,2,1,C03,7,9,1,10,2,14,,20,20,1,12,4,C03,120.71122,24.151779,2
10066,66000,387130000C,(04)23274275,(04)23288582,2023,8,26,15,29,臺中市,大里區,0,1,0,6,3,6,30,13,9,1,5,4,6,6,4,4,10,5,5,2,12,51,2,8,1,1,C03,7,1,3,19,2,14,,51,51,1,13,4,C03,120.68151,24.10631,2
10067,66000,387130000C,(04)23274275,(04)23288582,2023,8,26,15,37,臺中市,北區,0,0,0,7,,,50,,,,,,,,,,,,,,,8,,,,,B03,,,1,,2,,,8,,1,13,4,B03,120.673473,24.16519,3
10068,66000,387130000C,(04)23274275,(04)23288582,2023,8,26,15,40,臺中市,后里區,0,0,0,7,2,6,60,13,21,2,5,4,6,6,4,4,1,4,4,1,14,49,,,,,B03,,,1,,2,,,49,,1,12,4,B03,120.723071,24.289507,3
10069,66000,387130000C,(04)23274275,(04)23288582,2023,8,26,15,42,臺中市,西屯區,0,0,0,7,,,40,,,,,,,,,,,,,,,84,,,,,B03,,,1,,2,,,84,,1,13,4,B03,120.632618,24.162101,3
10070,66000,387130000C,(04)23274275,(04)23288582,2023,8,26,15,43,臺中市,清水區,0,0,0,7,,,50,,,,,,,,,,,,,,9,86,,,,,,,,,,,,,86,,1,,,,120.54046,24.28766,3
10071,66000,387130000C,(04)23274275,(04)23288582,2023,8,26,15,46,臺中市,龍井區,0,2,0,7,3,6,30,11,9,1,5,4,6,6,4,4,10,5,5,2,11,41,2,9,5,4,C03,7,9,1,10,2,11,,41,41,1,6,4,C03,120.517592,24.192802,2
10072,66000,387130000C,(04)23274275,(04)23288582,2023,8,26,15,47,臺中市,清水區,0,1,0,7,3,6,50,4,1,1,5,4,6,6,1,1,1,4,4,1,16,11,3,10,3,1,B03,7,6,1,8,2,2,,11,11,1,12,4,B03,120.562149,24.26279,2
10073,66000,387130000C,(04)23274275,(04)23288582,2023,8,26,15,48,臺中市,東區,0,2,0,6,2,6,40,4,1,1,4,4,6,6,1,1,10,5,5,2,17,20,2,8,1,1,C03,7,5,1,10,2,11,12,20,20,1,13,4,C03,120.707536,24.14447,2
10074,66000,387130000C,(04)23274275,(04)23288582,2023,8,26,15,49,臺中市,西區,0,0,0,6,,,50,,,,,,,,,,,,,,,8,,,,,B12,,,1,,1,,,8,,1,13,4,B12,120.65883,24.148464,3
10075,66000,387130000C,(04)23274275,(04)23288582,2023,8,26,15,50,臺中市,沙鹿區,0,0,0,7,,,50,,,,,,,,,,,,,,,49,,,,,B03,,,1,,2,,,49,,1,13,4,B03,120.567873,24.257256,3
10076,66000,387130000C,(04)23274275,(04)23288582,2023,8,26,15,52,臺中市,南屯區,0,1,0,7,1,6,50,4,1,1,5,4,6,6,2,1,1,2,5,2,12,42,3,10,5,4,C03,7,15,2,19,2,11,,42,42,1,13,4,C03,120.646422,24.137469,2
10077,66000,387130000C,(04)23274275,(04)23288582,2023,8,26,15,55,臺中市,大里區,0,1,0,7,2,6,50,3,1,1,5,4,6,6,4,4,10,5,5,1,16,43,3,10,1,1,C03,7,9,1,10,2,11,,43,43,1,12,4,C03,120.703832,24.111112,2
10078,66000,387130000C,(04)23274275,(04)23288582,2023,8,26,16,0,臺中市,西區,0,1,0,6,2,6,50,13,9,1,5,4,6,6,4,4,5,5,5,2,3,95,2,9,6,5,H01,8,16,7,21,10,17,,95,95,1,12,5,H01,120.666348,24.139658,2
10079,66000,387130000C,(04)23274275,(04)23288582,2023,8,26,16,0,臺中市,神岡區,0,1,0,7,2,6,30,13,9,1,5,4,6,6,4,4,10,5,5,1,13,59,2,9,1,1,C03,7,9,1,10,2,11,,59,59,1,12,2,C03,120.690603,24.267692,2
10080,66000,387130000C,(04)23274275,(04)23288582,2023,8,26,16,3,臺中市,西區,0,0,0,7,,,50,,,,,,,,,,,,,,,84,,,,,B03,,,1,,1,,,84,,1,12,4,B03,120.666736,24.141067,3
10081,66000,387130000C,(04)23274275,(04)23288582,2023,8,26,16,4,臺中市,北屯區,0,0,0,7,,,50,,,,,,,,,,,,,,17,84,,,,,B03,,,1,,2,,,84,,1,12,4,B03,120.706652,24.181312,3
10082,66000,387130000C,(04)23274275,(04)23288582,2023,8,26,16,5,臺中市,東區,0,0,0,6,,,50,,,,,,,,,,,,,,,49,,,,,B03,,,1,,2,,,49,,1,12,4,B03,120.707466,24.148484,3
10083,66000,387130000C,(04)23274275,(04)23288582,2023,8,26,16,8,臺中市,北區,0,0,0,7,,,50,,,,,,,,,,,,,,13,84,,,,,C03,,,1,,1,,,84,,1,13,4,C03,120.678313,24.163112,3
10084,66000,387130000C,(04)23274275,(04)23288582,2023,8,26,16,10,臺中市,沙鹿區,0,0,0,7,2,6,50,3,9,1,5,4,6,6,1,1,1,3,,2,14,49,,,,,B03,,,,,2,,,49,,1,11,4,B03,120.573293,24.226221,3
10085,66000,387130000C,(04)23274275,(04)23288582,2023,8,26,16,14,臺中市,北屯區,0,1,0,7,2,6,50,3,1,1,5,4,6,6,1,1,10,5,5,2,17,21,2,9,2,1,C03,7,9,1,10,2,11,,21,21,1,6,4,C03,120.718372,24.187894,2
10086,66000,387130000C,(04)23274275,(04)23288582,2023,8,26,16,14,臺中市,清水區,0,1,0,7,2,6,30,4,1,1,5,4,6,6,4,4,10,5,5,2,15,12,3,10,3,1,B03,7,9,1,8,2,8,,12,12,1,12,4,B03,120.561529,24.274171,2
10087,66000,387130000C,(04)23274275,(04)23288582,2023,8,26,16,16,臺中市,北屯區,0,0,0,5,,,50,,,,,,,,,,,,,,,40,,,,,B03,,,1,,1,,,40,,1,6,4,B03,120.66422,24.185581,3
10088,66000,387130000C,(04)23274275,(04)23288582,2023,8,26,16,20,臺中市,梧棲區,0,1,0,7,1,6,50,3,1,1,5,4,6,6,1,1,10,5,5,1,17,20,3,10,5,4,B12,7,5,1,8,2,15,,20,20,1,12,4,B12,120.530311,24.243444,2
10089,66000,387130000C,(04)23274275,(04)23288582,2023,8,26,16,24,臺中市,東區,0,1,0,6,2,6,50,3,1,1,5,4,6,6,1,1,10,5,5,2,16,11,3,10,3,1,B03,7,6,1,8,2,5,,11,11,1,6,4,B03,120.685897,24.135723,2
10090,66000,387130000C,(04)23274275,(04)23288582,2023,8,26,16,25,臺中市,南屯區,0,1,0,7,2,6,50,3,1,1,5,4,6,6,4,4,10,5,5,2,11,48,3,10,3,1,B03,7,6,1,8,2,8,,48,48,1,6,4,B03,120.628752,24.122827,2
10091,66000,387130000C,(04)23274275,(04)23288582,2023,8,26,16,28,臺中市,南屯區,0,0,0,6,3,6,50,13,9,1,5,4,6,6,4,4,10,5,5,2,14,50,,,,,B03,,,1,,1,,,50,50,2,12,4,B03,120.611957,24.140084,3
10092,66000,387130000C,(04)23274275,(04)23288582,2023,8,26,16,32,臺中市,西區,0,0,0,7,,,50,,,,,,,,,,,,,,13,7,,,,,B03,,,1,,2,,,7,,1,12,4,B03,120.67551,24.133502,3
10093,66000,387130000C,(04)23274275,(04)23288582,2023,8,26,16,32,臺中市,神岡區,0,3,0,7,2,6,30,3,1,1,5,4,6,1,4,4,10,5,5,2,16,14,2,9,1,1,C03,7,6,1,10,2,14,,14,14,1,13,4,C03,120.690128,24.264834,2
10094,66000,387130000C,(04)23274275,(04)23288582,2023,8,26,16,33,臺中市,西屯區,0,0,0,7,,,50,,,,,,,,,,,,,,,84,,,,,B03,,,1,,2,,,84,,1,12,4,B03,120.61903,24.17859,3
10095,66000,387130000C,(04)23274275,(04)23288582,2023,8,26,16,36,臺中市,清水區,0,0,0,7,,,50,,,,,,,,,,,,,,14,49,,,,,B03,,,1,,2,,,49,,1,12,4,B03,120.568321,24.276844,3
10096,66000,387130000C,(04)23274275,(04)23288582,2023,8,26,16,37,臺中市,北區,0,1,0,6,2,6,50,13,9,1,4,4,6,6,4,4,5,4,5,2,17,85,2,7,1,1,C03,7,6,1,10,2,11,,85,85,1,12,4,C03,120.684646,24.167146,2
10097,66000,387130000C,(04)23274275,(04)23288582,2023,8,26,16,38,臺中市,北區,0,1,0,6,3,6,50,13,8,1,5,4,6,6,4,4,1,4,4,2,17,40,3,10,3,1,B03,7,7,1,8,2,2,,40,40,1,12,4,B03,120.67408,24.165413,2
10098,66000,387130000C,(04)23274275,(04)23288582,2023,8,26,16,38,臺中市,西屯區,0,0,0,7,,,50,,,,,,,,,,,,,,,84,,,,,B03,,,1,,1,,,84,,1,13,4,B03,120.616899,24.174329,3
10099,66000,387130000C,(04)23274275,(04)23288582,2023,8,26,16,40,臺中市,北屯區,0,1,0,6,2,6,50,4,1,1,4,4,6,6,1,1,10,5,5,2,13,7,2,8,2,1,C03,7,9,1,10,2,16,,7,7,1,12,4,C03,120.685498,24.172177,2
10100,66000,387130000C,(04)23274275,(04)23288582,2023,8,26,16,43,臺中市,南屯區,0,0,0,6,,,40,,,,,,,,,,,,,,13,7,,,,,B03,,,1,,2,,,7,,1,13,4,B03,120.621634,24.134413,3
10101,66000,387130000C,(04)23274275,(04)23288582,2023,8,26,16,45,臺中市,北區,0,0,0,7,,,50,,,,,,,,,,,,,,16,8,,,,,A02,,,1,,1,,,8,,1,12,4,A02,120.666325,24.15921,3
10102,66000,387130000C,(04)23274275,(04)23288582,2023,8,26,16,45,臺中市,北屯區,0,1,0,7,2,6,50,13,7,1,5,4,6,6,4,4,5,4,4,2,17,1,3,10,2,1,C03,7,4,1,10,9,13,,1,1,1,6,4,C03,120.687664,24.183565,2
10103,66000,387130000C,(04)23274275,(04)23288582,2023,8,26,16,45,臺中市,西屯區,0,1,0,7,2,6,50,4,1,1,5,4,6,6,1,1,10,5,5,2,13,7,3,10,5,1,B03,7,9,1,8,2,1,,7,7,1,13,4,B03,120.644164,24.201417,2
10104,66000,387130000C,(04)23274275,(04)23288582,2023,8,26,16,46,臺中市,豐原區,0,1,0,5,2,6,30,4,1,1,4,4,3,6,4,4,10,5,5,1,15,12,2,9,1,1,C03,7,9,1,10,2,12,14,12,12,1,13,4,C03,120.708578,24.239481,2
10105,66000,387130000C,(04)23274275,(04)23288582,2023,8,26,16,49,臺中市,龍井區,0,0,0,7,,,30,,,,,,,,,,,,,,14,49,,,,,B12,,,1,,1,,,49,,1,13,4,B12,120.587426,24.181622,4
10106,66000,387130000C,(04)23274275,(04)23288582,2023,8,26,16,52,臺中市,南屯區,0,1,0,7,3,6,50,4,1,1,5,4,6,6,2,1,5,4,4,2,12,65,3,10,5,4,B03,7,5,1,8,2,3,,65,65,1,13,4,B03,120.633625,24.148263,2
10107,66000,387130000C,(04)23274275,(04)23288582,2023,8,26,16,53,臺中市,梧棲區,0,0,0,7,,,60,,,,,,,,,,,,,,,59,,,,,B03,,,1,,2,,,59,59,1,12,4,B03,120.556609,24.242468,3
10108,66000,387130000C,(04)23274275,(04)23288582,2023,8,26,16,53,臺中市,神岡區,0,1,0,6,2,6,30,13,9,1,5,4,6,6,4,4,10,5,5,1,19,58,2,9,1,1,C03,7,9,1,10,2,12,,58,58,1,12,4,C03,120.67782,24.264505,2
10109,66000,387130000C,(04)23274275,(04)23288582,2023,8,26,17,0,臺中市,北屯區,0,0,0,5,,,50,,,,,,,,,,,,,,17,84,,,,,B02,,,1,,1,,,84,,1,12,4,B02,120.695285,24.179947,3
10110,66000,387130000C,(04)23274275,(04)23288582,2023,8,26,17,2,臺中市,西區,0,0,0,7,,,50,,,,,,,,,,,,,,,7,,,,,B03,,,1,8,1,,,7,7,1,13,4,B03,120.659783,24.140288,3
10111,66000,387130000C,(04)23274275,(04)23288582,2023,8,26,17,3,臺中市,西區,0,1,0,5,2,6,50,4,1,1,4,4,6,6,2,1,10,5,5,2,17,11,3,10,3,1,B03,7,6,1,8,2,8,,11,11,1,12,4,B03,120.660201,24.15084,2