序號,縣市別代碼,機關代碼,市話,傳真,年,月,日,時,分,縣市,區,死亡數量,受傷數量,2-30,天候,光線,道路類別,速限,道路型態,事故位置,路面鋪裝,路面狀態,路面缺陷,障礙物,視距,號誌種類,號誌動作,分向設施,快車道或一般車道間,快慢車道間,路面邊線,事故類型及型態,主要肇因,受傷程度,主要傷處,保護裝備,行動電話,當事者區分(類別),車輛用途,當事者行動狀態,駕駛資格情形,駕駛執照種類,飲酒情形,車輛撞擊部位最初,車輛撞擊部位其他,肇事因素個別,肇事因素主要,肇事逃逸,職業,旅次目的,車種,GPS座標X,GPS座標Y,事故類別
10112,66000,387130000C,(04)23274275,(04)23288582,2023,8,26,17,4,臺中市,西屯區,0,2,0,6,2,6,60,4,1,1,5,4,6,6,2,1,1,4,1,1,13,84,2,9,3,1,B03,7,9,1,8,2,1,,84,84,1,13,4,B03,120.641018,24.167806,2
10113,66000,387130000C,(04)23274275,(04)23288582,2023,8,26,17,8,臺中市,西屯區,0,0,0,6,,,50,,,,,,,,,,,,,,16,39,,,,,B03,,,1,,1,,,39,,1,12,4,B03,120.617498,24.185346,3
10114,66000,387130000C,(04)23274275,(04)23288582,2023,8,26,17,10,臺中市,北屯區,0,0,0,5,,,30,,,,,,,,,,,,,,13,78,,,,,B03,,,1,,2,,,78,,1,13,4,B03,120.689999,24.179988,3
10115,66000,387130000C,(04)23274275,(04)23288582,2023,8,26,17,10,臺中市,太平區,0,3,0,7,2,6,50,13,9,1,5,4,6,6,4,4,5,4,5,1,13,84,2,9,2,1,C03,7,9,1,10,2,11,,84,84,1,12,4,C03,120.719645,24.133485,2
10116,66000,387130000C,(04)23274275,(04)23288582,2023,8,26,17,12,臺中市,東區,0,0,0,6,,,50,,,,,,,,,,,,,,14,49,,,,,A04,,,1,,9,,,49,,1,12,4,A04,120.688558,24.141438,3
10117,66000,387130000C,(04)23274275,(04)23288582,2023,8,26,17,14,臺中市,西屯區,0,1,0,7,3,6,50,13,9,1,5,4,6,6,4,4,1,5,5,2,12,20,3,10,3,1,B03,7,5,1,8,2,6,,20,20,1,12,4,B03,120.660049,24.171543,2
10118,66000,387130000C,(04)23274275,(04)23288582,2023,8,26,17,16,臺中市,北區,0,0,0,5,3,6,50,13,9,1,4,4,6,6,4,4,8,3,5,2,12,50,,,,,B03,,,1,,1,,,50,,1,13,4,B03,120.687169,24.148841,3
10119,66000,387130000C,(04)23274275,(04)23288582,2023,8,26,17,19,臺中市,北區,0,0,0,5,,,50,,,,,,,,,,,,,,14,85,,,,,B03,,,1,,1,,,85,,1,13,4,B03,120.672923,24.167443,3
10120,66000,387130000C,(04)23274275,(04)23288582,2023,8,26,17,23,臺中市,潭子區,0,0,0,5,,,50,,,,,,,,,,,,,,9,50,,,,,B12,,,1,,2,,,50,,1,13,4,B12,120.709853,24.205437,3
10121,66000,387130000C,(04)23274275,(04)23288582,2023,8,26,17,24,臺中市,北區,0,0,0,5,,,50,,,,,,,,,,,,,,16,11,,,,,B03,,,1,,2,,,11,,1,13,4,B03,120.666325,24.15921,3
10122,66000,387130000C,(04)23274275,(04)23288582,2023,8,26,17,25,臺中市,大里區,0,1,0,5,1,6,50,4,1,1,4,4,6,6,1,1,9,5,5,1,13,7,2,9,1,1,C03,7,9,1,10,2,11,,7,7,1,13,4,C03,120.702385,24.087105,2
10123,66000,387130000C,(04)23274275,(04)23288582,2023,8,26,17,25,臺中市,大里區,0,1,0,5,3,6,50,4,1,1,4,4,6,6,4,4,5,5,5,1,12,59,2,9,1,1,C03,7,9,1,10,2,12,,59,59,1,13,4,C03,120.680513,24.102348,2
10124,66000,387130000C,(04)23274275,(04)23288582,2023,8,26,17,27,臺中市,西屯區,0,0,0,7,,,30,,,,,,,,,,,,,,,84,,,,,B03,,,1,,2,,,84,,1,13,4,B03,120.652842,24.163943,3
10125,66000,387130000C,(04)23274275,(04)23288582,2023,8,26,17,28,臺中市,南屯區,0,1,0,7,2,6,50,4,1,1,5,4,6,6,1,1,10,5,5,2,12,84,3,10,2,1,C03,7,9,1,10,2,13,,84,84,1,6,4,C03,120.623141,24.145201,2
10126,66000,387130000C,(04)23274275,(04)23288582,2023,8,26,17,28,臺中市,北屯區,0,0,0,5,,,50,,,,,,,,,,,,,,,40,,,,,B03,,,1,,2,,,40,,1,12,4,B03,120.718887,24.162443,3
10127,66000,387130000C,(04)23274275,(04)23288582,2023,8,26,17,29,臺中市,西區,0,0,0,5,,,50,,,,,,,,,,,,,,,84,,,,,C03,,,1,,1,,,84,,1,13,4,C03,120.664712,24.15074,3
10128,66000,387130000C,(04)23274275,(04)23288582,2023,8,26,17,29,臺中市,北屯區,0,3,0,5,2,6,30,4,2,1,4,4,6,6,4,4,5,4,5,2,11,4,2,9,2,1,C03,7,9,3,19,2,14,,4,4,1,6,4,C03,120.699044,24.17132,2
10129,66000,387130000C,(04)23274275,(04)23288582,2023,8,26,17,30,臺中市,大里區,0,1,0,7,2,6,50,3,1,1,5,4,6,6,4,4,10,5,5,1,16,39,3,10,3,1,B03,7,6,1,8,2,6,,39,39,1,12,4,B03,120.690775,24.102335,2
10130,66000,387130000C,(04)23274275,(04)23288582,2023,8,26,17,35,臺中市,西區,0,0,0,5,,,50,,,,,,,,,,,,,,,49,,,,,B03,,,1,8,1,,,49,49,1,13,4,B03,120.659557,24.153647,3
10131,66000,387130000C,(04)23274275,(04)23288582,2023,8,26,17,35,臺中市,西區,0,0,0,5,,,50,,,,,,,,,,,,,,,84,,,,,B03,,,1,,1,,,84,,1,12,4,B03,120.66097,24.154839,3
10132,66000,387130000C,(04)23274275,(04)23288582,2023,8,26,17,36,臺中市,太平區,0,0,0,5,,,50,,,,,,,,,,,,,,13,84,,,,,B03,,,1,,2,,,84,,1,12,4,B03,120.724981,24.150362,3
10133,66000,387130000C,(04)23274275,(04)23288582,2023,8,26,17,36,臺中市,太平區,0,2,0,5,2,6,50,4,1,1,4,4,6,6,1,1,5,5,5,2,17,84,2,9,1,1,C03,7,9,1,10,2,11,,84,84,1,12,4,C03,120.703194,24.155759,2
10134,66000,387130000C,(04)23274275,(04)23288582,2023,8,26,17,37,臺中市,南屯區,0,1,0,5,3,6,50,13,7,1,4,4,6,6,1,1,5,5,4,2,12,20,3,10,1,1,C03,7,6,1,10,2,13,,20,20,1,12,4,C03,120.61181,24.14869,2
10135,66000,387130000C,(04)23274275,(04)23288582,2023,8,26,17,40,臺中市,西屯區,0,0,0,7,,,50,,,,,,,,,,,,,,,7,,,,,C03,,,1,,1,,,7,,1,13,4,C03,120.661866,24.171684,4
10136,66000,387130000C,(04)23274275,(04)23288582,2023,8,26,17,40,臺中市,沙鹿區,0,0,0,7,,,50,,,,,,,,,,,,,,,45,,,,,B03,,,1,,2,,,45,,1,6,4,B03,120.564925,24.240172,3
10137,66000,387130000C,(04)23274275,(04)23288582,2023,8,26,17,41,臺中市,大里區,0,0,0,5,,,30,,,,,,,,,,,,,,11,59,,,,,B03,,,3,,2,,,59,,1,6,4,B03,120.675906,24.087648,3
10138,66000,387130000C,(04)23274275,(04)23288582,2023,8,26,17,42,臺中市,石岡區,0,2,0,5,1,6,70,13,9,1,4,4,6,6,4,4,1,4,5,1,17,84,3,10,5,4,B03,7,7,1,8,2,5,,84,84,1,12,4,B03,120.790682,24.273021,2
10139,66000,387130000C,(04)23274275,(04)23288582,2023,8,26,17,45,臺中市,西屯區,0,1,0,7,2,6,40,3,1,1,5,4,6,6,1,1,1,4,1,2,13,7,2,8,1,1,C03,7,9,1,10,2,11,,7,7,1,12,4,C03,120.602545,24.182482,2
10140,66000,387130000C,(04)23274275,(04)23288582,2023,8,26,17,48,臺中市,霧峰區,0,1,0,5,2,6,60,13,9,1,4,4,6,6,3,1,3,5,5,2,16,20,3,10,5,4,B03,7,5,1,8,2,5,,20,20,1,13,4,B03,120.695935,24.020007,2
10141,66000,387130000C,(04)23274275,(04)23288582,2023,8,26,17,52,臺中市,西屯區,0,0,0,6,,,40,,,,,,,,,,,,,,13,84,,,,,B01,,,1,,1,,,84,,1,12,4,B01,120.632453,24.170948,3
10142,66000,387130000C,(04)23274275,(04)23288582,2023,8,26,17,53,臺中市,南屯區,0,0,0,6,,,40,,,,,,,,,,,,,,13,59,,,,,B03,,,1,,1,,,59,,1,13,4,B03,120.646094,24.154609,3
10143,66000,387130000C,(04)23274275,(04)23288582,2023,8,26,17,54,臺中市,西屯區,0,0,0,7,,,40,,,,,,,,,,,,,,,84,,,,,C03,,,1,,1,,,84,,1,13,4,C03,120.640272,24.157829,3
10144,66000,387130000C,(04)23274275,(04)23288582,2023,8,26,17,55,臺中市,北屯區,0,0,0,5,,,50,,,,,,,,,,,,,,13,7,,,,,B03,,,1,,1,,,7,7,1,13,4,B03,120.685334,24.169416,3
10145,66000,387130000C,(04)23274275,(04)23288582,2023,8,26,17,56,臺中市,南屯區,0,0,0,7,,,50,,,,,,,,,,,,,,,48,,,,,C03,,,1,,1,,,48,,1,13,4,C03,120.635147,24.131557,3
10146,66000,387130000C,(04)23274275,(04)23288582,2023,8,26,17,58,臺中市,大里區,0,0,0,5,,,50,,,,,,,,,,,,,,,40,,,,,B03,,,1,,2,,,40,,1,12,4,B03,120.689833,24.113103,3
10147,66000,387130000C,(04)23274275,(04)23288582,2023,8,26,18,0,臺中市,北屯區,0,0,0,5,,,50,,,,,,,,,,,,,,17,84,,,,,B03,,,1,,1,,,84,,1,12,4,B03,120.689623,24.176733,4
10148,66000,387130000C,(04)23274275,(04)23288582,2023,8,26,18,3,臺中市,北屯區,0,0,0,5,,,40,,,,,,,,,,,,,,,84,,,,,B03,,,1,,1,,,84,,1,12,4,B03,120.718938,24.161841,3
10149,66000,387130000C,(04)23274275,(04)23288582,2023,8,26,18,4,臺中市,北屯區,0,2,0,5,1,6,50,4,1,1,4,4,6,6,1,1,10,5,5,2,15,21,2,9,5,4,C03,7,9,1,10,2,11,14,21,21,1,6,4,C03,120.683639,24.193859,2
10150,66000,387130000C,(04)23274275,(04)23288582,2023,8,26,18,7,臺中市,西區,0,1,0,5,3,6,50,4,1,1,4,4,6,6,4,4,10,5,5,2,18,84,2,9,1,1,C03,7,5,1,10,1,12,,84,84,1,13,4,C03,120.670488,24.151252,2
10151,66000,387130000C,(04)23274275,(04)23288582,2023,8,26,18,7,臺中市,大里區,0,2,0,5,3,6,50,3,1,1,4,4,6,6,4,4,10,5,5,2,12,59,2,9,1,1,C03,7,9,1,9,2,12,,59,59,1,6,2,C03,120.700356,24.110285,2
10152,66000,387130000C,(04)23274275,(04)23288582,2023,8,26,18,9,臺中市,西屯區,0,1,0,7,3,6,50,13,9,1,5,4,6,6,4,4,4,5,5,2,3,84,2,9,1,1,C03,7,9,1,10,2,12,,84,84,1,12,4,C03,120.643474,24.164767,2
10153,66000,387130000C,(04)23274275,(04)23288582,2023,8,26,18,13,臺中市,南屯區,0,0,0,7,,,40,,,,,,,,,,,,,,30,87,,,,,B03,,,1,,1,,,87,,1,6,4,B03,120.647839,24.131169,3
10154,66000,387130000C,(04)23274275,(04)23288582,2023,8,26,18,15,臺中市,大雅區,0,3,0,7,1,6,40,13,9,1,5,4,6,6,4,4,7,4,5,1,17,58,2,9,1,1,C03,7,9,1,8,2,11,,58,58,1,12,4,C03,120.623872,24.231341,2
10155,66000,387130000C,(04)23274275,(04)23288582,2023,8,26,18,17,臺中市,烏日區,0,2,0,5,1,6,30,4,1,1,4,4,6,1,4,4,10,5,5,2,16,15,2,9,2,1,C03,7,9,1,10,2,12,,15,15,1,12,4,C03,120.639797,24.111357,2
10156,66000,387130000C,(04)23274275,(04)23288582,2023,8,26,18,18,臺中市,南區,0,1,0,5,1,6,50,13,9,1,4,4,6,6,4,4,9,5,5,2,17,51,3,10,3,1,B03,7,1,1,8,2,8,,51,51,1,13,4,B03,120.662337,24.118234,2
10157,66000,387130000C,(04)23274275,(04)23288582,2023,8,26,18,25,臺中市,南屯區,0,0,0,5,1,6,50,13,7,1,4,4,6,6,4,4,5,5,4,2,13,59,,,,,C03,,,1,,1,,,59,59,1,12,4,C03,120.634612,24.154606,3
10158,66000,387130000C,(04)23274275,(04)23288582,2023,8,26,18,25,臺中市,西屯區,0,0,0,5,,,50,,,,,,,,,,,,,,,84,,,,,B03,,,1,,1,,,84,,1,13,4,B03,120.668418,24.178086,3
10159,66000,387130000C,(04)23274275,(04)23288582,2023,8,26,18,26,臺中市,大里區,0,1,0,5,1,9,80,13,9,1,4,4,6,6,4,4,1,4,5,1,11,40,2,9,2,1,C01,7,7,1,9,2,12,,40,40,1,6,4,C01,120.697646,24.111926,2
10160,66000,387130000C,(04)23274275,(04)23288582,2023,8,26,18,26,臺中市,后里區,0,1,0,5,1,6,30,4,1,1,4,4,6,6,4,4,10,5,5,2,16,20,3,10,3,1,B03,7,9,1,8,2,8,,20,20,1,6,4,B03,120.707431,24.314209,2
10161,66000,387130000C,(04)23274275,(04)23288582,2023,8,26,18,30,臺中市,大雅區,0,0,0,7,,,50,,,,,,,,,,,,,,,87,,,,,B03,,,1,,2,,,58,87,1,12,4,B03,120.627632,24.242204,4
10162,66000,387130000C,(04)23274275,(04)23288582,2023,8,26,18,31,臺中市,南區,0,1,0,5,1,6,50,13,9,1,4,4,6,6,4,4,9,5,5,2,18,84,2,9,2,1,C03,7,9,1,10,2,12,,84,84,1,12,4,C03,120.664146,24.115741,2
10163,66000,387130000C,(04)23274275,(04)23288582,2023,8,26,18,32,臺中市,烏日區,0,0,0,5,,,50,,,,,,,,,,,,,,14,49,,,,,B03,,,1,,2,,,49,,1,6,4,B03,120.639049,24.10472,3
10164,66000,387130000C,(04)23274275,(04)23288582,2023,8,26,18,32,臺中市,清水區,0,2,0,7,1,6,50,3,2,1,5,4,6,6,4,4,5,5,5,1,16,11,2,3,1,1,C03,7,9,1,10,2,14,,8,11,1,12,4,C03,120.567449,24.276693,2
10165,66000,387130000C,(04)23274275,(04)23288582,2023,8,26,18,33,臺中市,北屯區,0,0,0,5,,,50,,,,,,,,,,,,,,13,59,,,,,B03,,,1,,1,,,59,,1,13,4,B03,120.678583,24.184024,3
10166,66000,387130000C,(04)23274275,(04)23288582,2023,8,26,18,35,臺中市,北屯區,0,0,0,5,,,30,,,,,,,,,,,,,,,84,,,,,B03,,,1,,1,,,84,,1,6,4,B03,120.674572,24.176319,3
10167,66000,387130000C,(04)23274275,(04)23288582,2023,8,26,18,36,臺中市,北區,0,1,0,5,1,6,50,3,1,1,4,4,6,6,4,4,10,5,5,2,16,20,3,10,3,1,B03,7,5,1,8,2,2,,20,20,1,12,4,B03,120.683667,24.163103,2
10168,66000,387130000C,(04)23274275,(04)23288582,2023,8,26,18,36,臺中市,新社區,0,1,0,5,1,6,50,14,9,1,4,4,6,6,4,4,10,5,5,2,17,84,3,10,5,4,B03,7,9,1,8,2,8,,84,84,1,12,4,B03,120.794346,24.205749,2
10169,66000,387130000C,(04)23274275,(04)23288582,2023,8,26,18,40,臺中市,西區,0,1,0,5,2,6,50,4,1,1,4,4,6,6,4,4,10,5,5,2,16,59,3,10,3,1,B03,7,6,1,8,2,1,,59,59,1,6,4,B03,120.660184,24.155275,2
10170,66000,387130000C,(04)23274275,(04)23288582,2023,8,26,18,40,臺中市,太平區,0,1,0,5,1,6,50,4,2,1,4,4,6,6,1,1,5,5,5,1,2,84,3,10,2,1,C03,7,9,3,19,2,11,,84,84,1,12,4,C03,120.721502,24.119897,2
10171,66000,387130000C,(04)23274275,(04)23288582,2023,8,26,18,43,臺中市,太平區,0,0,0,5,,,50,,,,,,,,,,,,,,17,84,,,,,B03,,,1,,2,,,84,,1,12,4,B03,120.708649,24.159067,3
10172,66000,387130000C,(04)23274275,(04)23288582,2023,8,26,18,44,臺中市,霧峰區,0,0,0,5,,,50,,,,,,,,,,,,,,17,7,,,,,C03,,,1,,10,,,87,7,1,13,4,C03,120.680683,24.06525,3
10173,66000,387130000C,(04)23274275,(04)23288582,2023,8,26,18,45,臺中市,東區,0,1,0,5,1,6,50,4,1,1,4,4,6,6,2,1,1,4,5,2,9,85,3,10,3,1,B03,7,6,1,8,2,15,,85,85,1,6,4,B03,120.690163,24.131725,2
10174,66000,387130000C,(04)23274275,(04)23288582,2023,8,26,18,47,臺中市,潭子區,0,1,0,5,1,6,60,5,2,1,4,4,6,6,2,1,1,4,4,1,18,84,2,8,1,1,C03,7,12,1,10,2,16,,84,84,1,13,4,C03,120.705693,24.21831,2
10175,66000,387130000C,(04)23274275,(04)23288582,2023,8,26,18,48,臺中市,西屯區,0,0,0,5,,,50,,,,,,,,,,,,,,,59,,,,,B03,,,1,,1,,,59,,1,13,4,B03,120.641386,24.157677,3
10176,66000,387130000C,(04)23274275,(04)23288582,2023,8,26,18,51,臺中市,西區,0,1,0,5,1,6,50,3,1,1,4,4,6,6,1,1,10,5,5,2,16,11,3,10,5,4,B03,7,5,1,8,2,6,,11,11,1,13,4,B03,120.658502,24.155427,2
10177,66000,387130000C,(04)23274275,(04)23288582,2023,8,26,18,53,臺中市,大雅區,0,1,0,7,1,6,60,4,1,1,5,4,6,6,1,1,1,4,5,1,17,11,3,10,3,1,B03,7,6,1,8,2,2,,11,11,1,13,4,B03,120.665946,24.234806,2
10178,66000,387130000C,(04)23274275,(04)23288582,2023,8,26,18,54,臺中市,潭子區,0,0,0,5,,,40,,,,,,,,,,,,,,,2,,,,,B03,,,1,,11,,,2,,1,13,4,B03,120.686261,24.210175,3
10179,66000,387130000C,(04)23274275,(04)23288582,2023,8,26,18,54,臺中市,霧峰區,0,1,0,6,1,6,50,13,7,1,4,4,6,6,4,4,5,5,4,2,16,34,3,10,5,4,C03,7,6,1,10,2,11,,34,34,1,13,4,C03,120.696816,24.0632,2
10180,66000,387130000C,(04)23274275,(04)23288582,2023,8,26,18,54,臺中市,烏日區,0,2,0,5,1,6,60,4,1,1,3,4,6,6,2,1,10,5,5,2,17,42,2,9,2,1,C03,7,9,1,10,2,14,,87,42,1,6,4,C03,120.641759,24.108973,2
10181,66000,387130000C,(04)23274275,(04)23288582,2023,8,26,18,56,臺中市,北屯區,0,0,0,5,,,30,,,,,,,,,,,,,,17,49,,,,,B03,,,1,,1,,,49,,1,12,4,B03,120.690316,24.162322,4
10182,66000,387130000C,(04)23274275,(04)23288582,2023,8,26,18,57,臺中市,清水區,0,0,0,7,,,30,,,,,,,,,,,,,,,49,,,,,B03,,,1,,8,,,49,,1,12,4,B03,120.574345,24.266405,3
10183,66000,387130000C,(04)23274275,(04)23288582,2023,8,26,19,0,臺中市,西屯區,0,0,0,7,,,50,,,,,,,,,,,,,,,51,,,,,B12,,,1,,1,,,87,51,1,12,4,B12,120.616891,24.188607,3
10184,66000,387130000C,(04)23274275,(04)23288582,2023,8,26,19,0,臺中市,太平區,0,0,0,5,,,50,,,,,,,,,,,,,,,49,,,,,B03,,,1,,2,,,49,,1,12,4,B03,120.715725,24.138182,3
10185,66000,387130000C,(04)23274275,(04)23288582,2023,8,26,19,3,臺中市,沙鹿區,0,1,0,7,2,6,60,4,1,1,5,4,6,6,1,1,10,5,5,2,17,38,3,10,3,1,B03,7,5,1,8,2,2,,38,38,1,12,4,B03,120.564691,24.23969,2
10186,66000,387130000C,(04)23274275,(04)23288582,2023,8,26,19,3,臺中市,豐原區,0,0,0,7,,,50,,,,,,,,,,,,,,17,34,,,,,B03,,,1,,2,,,34,,1,12,4,B03,120.721523,24.25823,3
10187,66000,387130000C,(04)23274275,(04)23288582,2023,8,26,19,5,臺中市,西屯區,0,0,0,7,,,60,,,,,,,,,,,,,,,84,,,,,B03,,,1,,1,,,84,,1,13,4,B03,120.640272,24.157829,3
10188,66000,387130000C,(04)23274275,(04)23288582,2023,8,26,19,10,臺中市,東區,0,3,0,5,1,6,50,13,7,1,4,4,6,6,4,4,5,5,4,2,17,84,2,9,1,1,C03,7,9,1,10,2,14,,84,84,1,12,4,C03,120.703139,24.138638,2
10189,66000,387130000C,(04)23274275,(04)23288582,2023,8,26,19,12,臺中市,太平區,0,1,0,5,1,6,50,4,1,1,4,4,6,6,1,1,10,5,5,2,16,48,3,10,3,1,B03,7,6,1,5,2,4,,48,48,1,12,4,B03,120.714326,24.11753,2
10190,66000,387130000C,(04)23274275,(04)23288582,2023,8,26,19,14,臺中市,西屯區,0,0,0,7,,,50,,,,,,,,,,,,,,16,84,,,,,B03,,,1,,2,,,84,,1,12,4,B03,120.644657,24.17379,3
10191,66000,387130000C,(04)23274275,(04)23288582,2023,8,26,19,19,臺中市,大雅區,0,2,0,7,1,6,50,4,1,1,5,4,6,6,1,2,1,4,4,1,17,7,2,9,1,1,C03,7,9,1,10,2,14,,7,7,1,13,4,C03,120.652323,24.221213,2
10192,66000,387130000C,(04)23274275,(04)23288582,2023,8,26,19,20,臺中市,北屯區,0,1,0,5,1,6,50,13,9,1,4,4,6,6,4,4,5,4,5,2,27,59,2,9,2,1,C03,7,9,1,10,2,11,,59,59,1,6,4,C03,120.690924,24.18261,2
10193,66000,387130000C,(04)23274275,(04)23288582,2023,8,26,19,23,臺中市,西屯區,0,1,0,7,1,6,50,4,1,1,5,4,6,6,2,1,10,5,5,2,12,84,3,10,3,1,B03,7,9,1,8,2,7,,87,84,1,12,4,B03,120.647873,24.169797,2
10194,66000,387130000C,(04)23274275,(04)23288582,2023,8,26,19,27,臺中市,潭子區,0,1,0,5,1,6,50,4,1,1,4,4,6,6,1,1,5,5,5,1,16,1,2,9,2,1,C03,7,4,1,10,2,11,,1,1,1,13,4,C03,120.70748,24.216613,2
10195,66000,387130000C,(04)23274275,(04)23288582,2023,8,26,19,27,臺中市,北屯區,0,1,0,5,1,6,50,13,7,1,4,4,6,6,4,4,1,4,5,2,13,59,2,8,5,4,C03,7,8,1,10,2,11,,59,59,1,13,4,C03,120.68531,24.168997,2
10196,66000,387130000C,(04)23274275,(04)23288582,2023,8,26,19,31,臺中市,大里區,0,1,0,5,1,6,30,13,9,1,4,4,6,6,4,4,10,5,5,2,18,54,2,9,1,1,C03,7,15,1,10,9,14,,54,54,1,6,4,C03,120.711073,24.086788,2
10197,66000,387130000C,(04)23274275,(04)23288582,2023,8,26,19,33,臺中市,神岡區,0,0,0,7,,,50,,,,,,,,,,,,,,13,59,,,,,B03,,,1,,2,,,59,,1,12,4,B03,120.655917,24.259343,3
10198,66000,387130000C,(04)23274275,(04)23288582,2023,8,26,19,35,臺中市,西區,0,0,0,5,,,50,,,,,,,,,,,,,,,84,,,,,B03,,,1,,1,,,84,,1,13,4,B03,120.658836,24.146698,4
10199,66000,387130000C,(04)23274275,(04)23288582,2023,8,26,19,35,臺中市,沙鹿區,0,1,0,7,1,6,40,13,8,1,5,4,6,6,4,4,1,3,1,1,13,47,3,10,3,1,B03,7,5,1,8,2,3,,47,47,1,12,4,B03,120.580713,24.2012,2
10200,66000,387130000C,(04)23274275,(04)23288582,2023,8,26,19,35,臺中市,沙鹿區,0,0,0,7,,,50,,,,,,,,,,,,,,,45,,,,,B03,,,1,,2,,,45,,1,6,4,B03,120.565097,24.242946,3
10201,66000,387130000C,(04)23274275,(04)23288582,2023,8,26,19,39,臺中市,潭子區,0,0,0,7,,,50,,,,,,,,,,,,,,,59,,,,,B02,,,1,,2,,,59,,1,13,4,B02,120.700547,24.212836,3
10202,66000,387130000C,(04)23274275,(04)23288582,2023,8,26,19,41,臺中市,北屯區,0,3,0,5,1,6,50,4,1,1,4,4,6,6,4,4,10,5,5,2,15,12,2,9,5,4,C03,7,9,1,10,2,11,14,12,12,1,6,4,C03,120.707836,24.181309,2
10203,66000,387130000C,(04)23274275,(04)23288582,2023,8,26,19,50,臺中市,大安區,0,0,0,7,,,30,,,,,,,,,,,,,,13,50,,,,,B03,,,1,,2,,,50,,1,13,4,B03,120.584952,24.384334,3
10204,66000,387130000C,(04)23274275,(04)23288582,2023,8,26,19,52,臺中市,清水區,0,1,0,7,3,6,40,13,8,1,5,4,6,6,4,4,1,5,4,2,13,59,2,9,1,1,C03,7,9,1,10,2,11,,59,59,1,12,4,C03,120.574977,24.267181,2
10205,66000,387130000C,(04)23274275,(04)23288582,2023,8,26,19,52,臺中市,后里區,0,2,0,5,1,6,60,13,9,1,4,4,6,5,4,4,5,5,5,1,13,58,2,9,2,1,C03,7,9,1,10,2,11,,58,58,1,6,4,C03,120.732475,24.342557,2
10206,66000,387130000C,(04)23274275,(04)23288582,2023,8,26,19,54,臺中市,太平區,0,1,0,5,1,6,50,13,9,1,4,4,6,6,4,4,5,5,5,2,17,7,3,10,3,1,B03,7,9,1,8,2,1,,7,7,1,12,4,B03,120.710725,24.141557,2
10207,66000,387130000C,(04)23274275,(04)23288582,2023,8,26,20,0,臺中市,西區,0,0,0,7,,,50,,,,,,,,,,,,,,,61,,,,,B03,,,1,,1,,,61,,1,13,4,B03,120.659687,24.157317,3
10208,66000,387130000C,(04)23274275,(04)23288582,2023,8,26,20,0,臺中市,神岡區,0,1,0,5,1,6,40,13,9,1,4,4,6,6,4,4,9,5,5,1,20,83,2,1,3,1,B03,7,9,1,8,2,5,,83,83,1,12,4,B03,120.666613,24.273664,2
10209,66000,387130000C,(04)23274275,(04)23288582,2023,8,26,20,0,臺中市,豐原區,0,0,0,5,,,50,,,,,,,,,,,,,,14,49,,,,,B03,,,1,,2,,,49,,1,13,4,B03,120.708072,24.24959,3
10210,66000,387130000C,(04)23274275,(04)23288582,2023,8,26,20,8,臺中市,北區,0,0,0,7,,,40,,,,,,,,,,,,,,9,84,,,,,C03,,,1,,1,,,84,,1,13,4,C03,120.688647,24.146768,3
10211,66000,387130000C,(04)23274275,(04)23288582,2023,8,26,20,12,臺中市,西屯區,0,1,0,7,1,6,50,13,9,1,5,4,6,6,4,4,9,5,5,2,18,84,2,9,2,4,C03,7,9,1,10,2,12,,84,84,1,12,4,C03,120.609903,24.156575,2
10212,66000,387130000C,(04)23274275,(04)23288582,2023,8,26,20,20,臺中市,南區,0,1,0,6,1,6,50,4,2,1,4,4,6,6,1,1,5,5,5,2,18,84,2,9,1,1,C03,7,9,1,10,2,16,,84,84,1,13,4,C03,120.65963,24.130002,2
10213,66000,387130000C,(04)23274275,(04)23288582,2023,8,26,20,24,臺中市,和平區,0,0,0,5,,,50,,,,,,,,,,,,,,,87,,,,,B12,,,1,,2,,,87,,1,12,4,B12,120.926091,24.181751,3
10214,66000,387130000C,(04)23274275,(04)23288582,2023,8,26,20,29,臺中市,潭子區,0,1,0,5,1,6,50,5,1,1,4,4,6,6,1,1,1,4,5,1,13,7,2,8,2,1,C03,7,9,1,10,2,11,,7,7,1,13,4,C03,120.711253,24.206904,2
10215,66000,387130000C,(04)23274275,(04)23288582,2023,8,26,20,29,臺中市,神岡區,0,0,0,7,,,40,,,,,,,,,,,,,,12,51,,,,,B03,,,1,,2,,,51,,1,12,4,B03,120.682719,24.246871,3
10216,66000,387130000C,(04)23274275,(04)23288582,2023,8,26,20,32,臺中市,南屯區,0,0,0,7,,,50,,,,,,,,,,,,,,12,50,,,,,B12,,,1,,2,,,50,50,1,6,4,B12,120.640986,24.13195,3
10217,66000,387130000C,(04)23274275,(04)23288582,2023,8,26,20,33,臺中市,潭子區,0,0,0,6,1,6,50,4,1,1,4,4,6,6,2,1,1,4,5,2,16,26,3,10,3,1,B03,7,6,1,8,2,4,,26,26,1,13,4,B03,120.709422,24.200329,3