序號,縣市別代碼,機關代碼,市話,傳真,年,月,日,時,分,縣市,區,死亡數量,受傷數量,2-30,天候,光線,道路類別,速限,道路型態,事故位置,路面鋪裝,路面狀態,路面缺陷,障礙物,視距,號誌種類,號誌動作,分向設施,快車道或一般車道間,快慢車道間,路面邊線,事故類型及型態,主要肇因,受傷程度,主要傷處,保護裝備,行動電話,當事者區分(類別),車輛用途,當事者行動狀態,駕駛資格情形,駕駛執照種類,飲酒情形,車輛撞擊部位最初,車輛撞擊部位其他,肇事因素個別,肇事因素主要,肇事逃逸,職業,旅次目的,車種,GPS座標X,GPS座標Y,事故類別
10218,66000,387130000C,(04)23274275,(04)23288582,2023,8,26,20,34,臺中市,南屯區,0,0,0,7,,,50,,,,,,,,,,,,,,,40,,,,,B03,,,1,,1,,,40,,1,13,4,B03,120.585255,24.166742,3
10219,66000,387130000C,(04)23274275,(04)23288582,2023,8,26,20,39,臺中市,中區,0,0,0,7,,,50,,,,,,,,,,,,,,,21,,,,,C03,,,5,,9,,,21,,1,12,4,C03,120.679326,24.143963,3
10220,66000,387130000C,(04)23274275,(04)23288582,2023,8,26,20,40,臺中市,西屯區,0,0,0,7,,,50,,,,,,,,,,,,,,,84,,,,,B03,,,1,,1,,,84,,1,13,4,B03,120.661414,24.165008,3
10221,66000,387130000C,(04)23274275,(04)23288582,2023,8,26,20,46,臺中市,南區,0,2,0,6,1,6,50,13,9,1,5,4,6,6,4,4,5,4,5,2,3,95,2,8,6,5,H01,8,18,7,21,10,17,,95,95,1,12,5,H01,120.666908,24.11481,2
10222,66000,387130000C,(04)23274275,(04)23288582,2023,8,26,20,48,臺中市,南區,0,0,0,7,,,50,,,,,,,,,,,,,,17,84,,,,,B03,,,1,,2,,,84,,1,6,4,B03,120.679062,24.124671,3
10223,66000,387130000C,(04)23274275,(04)23288582,2023,8,26,20,48,臺中市,太平區,0,1,0,7,1,6,50,4,1,1,4,4,6,6,1,1,10,5,5,2,16,59,2,9,1,1,C03,7,9,1,10,2,14,,59,59,1,12,4,C03,120.734425,24.144524,2
10224,66000,387130000C,(04)23274275,(04)23288582,2023,8,26,20,51,臺中市,東區,0,1,0,6,1,6,50,13,9,1,5,4,6,6,4,4,5,5,5,2,12,84,2,8,1,1,C03,7,9,1,10,2,12,,84,84,1,12,4,C03,120.698952,24.133864,2
10225,66000,387130000C,(04)23274275,(04)23288582,2023,8,26,20,51,臺中市,北屯區,0,0,0,7,,,50,,,,,,,,,,,,,,13,7,,,,,C03,,,1,,2,,,7,7,1,6,4,C03,120.698443,24.176033,3
10226,66000,387130000C,(04)23274275,(04)23288582,2023,8,26,20,54,臺中市,西屯區,0,1,0,7,1,6,50,5,1,1,5,4,6,6,1,1,3,4,5,2,16,84,2,9,1,1,C01,7,9,1,9,2,16,,84,84,1,12,4,C01,120.659561,24.193029,2
10227,66000,387130000C,(04)23274275,(04)23288582,2023,8,26,20,55,臺中市,太平區,0,1,0,7,1,6,50,4,1,1,4,4,6,6,4,4,9,5,5,2,15,15,2,9,1,1,C03,7,9,1,10,2,12,,15,15,1,12,4,C03,120.721436,24.116213,2
10228,66000,387130000C,(04)23274275,(04)23288582,2023,8,26,20,56,臺中市,西區,0,0,0,6,,,50,,,,,,,,,,,,,,,84,,,,,C03,,,1,,9,,,84,,1,13,4,C03,120.662904,24.152173,3
10229,66000,387130000C,(04)23274275,(04)23288582,2023,8,26,20,58,臺中市,南屯區,0,0,0,6,1,6,50,13,8,1,5,4,6,6,4,4,3,4,4,2,14,49,,,,,B03,,,1,,2,,,49,,1,12,4,B03,120.650487,24.150657,3
10230,66000,387130000C,(04)23274275,(04)23288582,2023,8,26,21,0,臺中市,東區,0,1,0,6,1,6,25,13,9,1,5,4,6,6,4,4,1,4,5,2,18,84,2,9,1,1,F03,7,9,7,21,2,12,,84,84,1,13,4,F03,120.710322,24.139319,2
10231,66000,387130000C,(04)23274275,(04)23288582,2023,8,26,21,0,臺中市,西屯區,0,0,0,7,,,50,,,,,,,,,,,,,,,84,,,,,B02,,,1,,2,,,84,,1,13,4,B02,120.593534,24.180452,3
10232,66000,387130000C,(04)23274275,(04)23288582,2023,8,26,21,0,臺中市,太平區,0,1,0,6,1,6,50,4,2,1,4,4,6,6,2,1,5,2,5,2,13,56,3,10,3,1,B03,7,1,1,8,2,5,,56,56,1,12,4,B03,120.715729,24.151683,2
10233,66000,387130000C,(04)23274275,(04)23288582,2023,8,26,21,4,臺中市,北區,0,0,0,6,,,30,,,,,,,,,,,,,,14,49,,,,,B03,,,1,,2,,,49,,1,12,4,B03,120.684328,24.163444,3
10234,66000,387130000C,(04)23274275,(04)23288582,2023,8,26,21,7,臺中市,南屯區,0,1,0,7,2,6,50,4,1,1,5,4,6,6,2,1,5,4,5,2,17,11,3,10,3,1,B03,7,6,1,8,2,16,,11,11,1,12,4,B03,120.63363,24.148275,2
10235,66000,387130000C,(04)23274275,(04)23288582,2023,8,26,21,17,臺中市,北屯區,0,1,0,7,1,6,50,4,1,1,5,4,6,6,2,1,10,5,5,2,15,21,3,10,3,1,B03,7,9,1,8,2,5,,21,21,1,12,4,B03,120.682864,24.193852,2
10236,66000,387130000C,(04)23274275,(04)23288582,2023,8,26,21,19,臺中市,北區,0,0,0,7,,,50,,,,,,,,,,,,,,13,84,,,,,B03,,,1,,1,,,84,,1,12,4,B03,120.680847,24.149536,3
10237,66000,387130000C,(04)23274275,(04)23288582,2023,8,26,21,20,臺中市,梧棲區,0,1,0,7,1,6,60,4,1,1,5,4,6,6,2,1,1,4,4,1,3,10,3,10,3,1,B03,7,6,5,19,2,1,,10,10,1,6,4,B03,120.541165,24.261136,2
10238,66000,387130000C,(04)23274275,(04)23288582,2023,8,26,21,25,臺中市,北屯區,0,1,0,6,1,6,50,13,9,1,5,4,6,6,4,4,7,5,5,2,10,29,2,9,5,4,C04,7,9,3,19,2,11,14,29,29,1,6,1,C04,120.681337,24.17613,2
10239,66000,387130000C,(04)23274275,(04)23288582,2023,8,26,21,27,臺中市,太平區,0,1,0,7,1,6,50,3,1,1,5,4,6,6,4,4,10,5,5,2,18,59,2,9,1,1,C03,7,9,1,10,2,12,,59,59,1,12,4,C03,120.734425,24.144524,2
10240,66000,387130000C,(04)23274275,(04)23288582,2023,8,26,21,30,臺中市,西區,0,1,0,7,1,6,40,5,1,1,5,4,6,6,1,1,10,5,5,2,17,84,2,9,1,1,C03,7,5,1,10,2,14,,84,84,1,6,4,C03,120.669678,24.150839,2
10241,66000,387130000C,(04)23274275,(04)23288582,2023,8,26,21,30,臺中市,北屯區,0,3,0,6,1,6,40,4,1,1,5,4,6,6,1,1,10,5,5,2,16,20,3,10,3,1,B03,7,5,1,8,2,5,,20,20,1,12,4,B03,120.669954,24.176559,2
10242,66000,387130000C,(04)23274275,(04)23288582,2023,8,26,21,30,臺中市,沙鹿區,0,0,0,7,,,40,,,,,,,,,,,,,,,84,,,,,C03,,,,,1,,,84,,1,13,4,C03,120.577879,24.224349,3
10243,66000,387130000C,(04)23274275,(04)23288582,2023,8,26,21,36,臺中市,西屯區,0,1,0,7,1,6,50,4,1,1,5,4,6,6,4,4,5,4,5,2,12,40,3,10,5,4,B03,7,7,1,8,1,2,,40,40,1,12,4,B03,120.623068,24.186078,2
10244,66000,387130000C,(04)23274275,(04)23288582,2023,8,26,21,39,臺中市,北區,0,0,0,7,1,6,50,3,4,1,5,4,6,6,2,1,10,5,5,2,12,8,,,,,C03,,,1,,2,,,8,,1,12,2,C03,120.680976,24.163174,4
10245,66000,387130000C,(04)23274275,(04)23288582,2023,8,26,21,45,臺中市,北屯區,0,0,0,7,,,50,,,,,,,,,,,,,,13,59,,,,,B03,,,1,,2,,,59,59,1,12,4,B03,120.681033,24.172424,3
10246,66000,387130000C,(04)23274275,(04)23288582,2023,8,26,21,46,臺中市,北屯區,0,0,0,7,,,50,,,,,,,,,,,,,,13,84,,,,,B03,,,1,,1,,,84,,1,12,4,B03,120.683925,24.180295,3
10247,66000,387130000C,(04)23274275,(04)23288582,2023,8,26,21,48,臺中市,太平區,0,2,0,7,1,6,50,3,9,1,5,4,6,6,4,4,5,5,5,2,13,58,2,9,1,1,C03,7,9,1,8,2,11,,58,58,1,12,4,C03,120.700736,24.146541,2
10248,66000,387130000C,(04)23274275,(04)23288582,2023,8,26,21,55,臺中市,烏日區,0,1,0,7,1,6,50,13,9,1,5,4,6,6,4,4,1,4,5,2,12,51,3,10,3,1,B12,7,1,1,7,2,8,,51,51,1,12,4,B12,120.618306,24.116093,2
10249,66000,387130000C,(04)23274275,(04)23288582,2023,8,26,22,3,臺中市,北屯區,0,0,0,5,,,50,,,,,,,,,,,,,,,84,,,,,B03,,,1,,1,,,84,,1,6,4,B03,120.675679,24.200782,3
10250,66000,387130000C,(04)23274275,(04)23288582,2023,8,26,22,30,臺中市,西屯區,0,1,0,7,1,6,50,13,9,1,5,4,6,6,4,4,5,4,5,2,18,84,2,7,1,1,C03,7,9,1,10,2,16,,84,84,1,12,4,C03,120.62364,24.185411,2
10251,66000,387130000C,(04)23274275,(04)23288582,2023,8,26,23,6,臺中市,太平區,0,1,0,7,1,6,50,5,1,1,5,4,6,6,2,1,10,5,5,2,17,86,4,11,,,,,,,,,,,86,86,2,,,,120.710063,24.134787,2
10252,66000,387130000C,(04)23274275,(04)23288582,2023,8,26,23,10,臺中市,大雅區,0,0,0,7,,,50,,,,,,,,,,,,,,,20,,,,,B03,,,1,,2,,,20,,1,13,4,B03,120.670128,24.224239,3
10253,66000,387130000C,(04)23274275,(04)23288582,2023,8,26,23,58,臺中市,北區,0,1,0,7,1,6,50,4,1,1,5,4,6,6,1,1,10,5,5,2,18,84,2,9,2,1,C03,7,12,1,10,2,12,,84,84,1,13,4,C03,120.685173,24.164954,2
10254,66000,387130000C,(04)23274275,(04)23288582,2023,8,27,0,10,臺中市,太平區,0,0,0,7,,,50,,,,,,,,,,,,,,,12,,,,,B01,,,1,,2,,,12,,1,12,4,B01,120.719611,24.121455,3
10255,66000,387130000C,(04)23274275,(04)23288582,2023,8,27,1,0,臺中市,大里區,0,0,0,7,1,6,50,13,8,1,5,4,6,6,4,4,9,5,4,2,17,59,,,,,B03,,,3,,1,,,59,,1,13,4,B03,120.675502,24.113479,3
10256,66000,387130000C,(04)23274275,(04)23288582,2023,8,27,1,29,臺中市,北屯區,0,0,0,7,,,50,,,,,,,,,,,,,,17,77,,,,,B03,,,1,,9,,,77,,1,12,4,B03,120.683457,24.172974,3
10257,66000,387130000C,(04)23274275,(04)23288582,2023,8,27,1,43,臺中市,太平區,0,1,0,7,2,6,40,13,9,1,5,4,6,6,4,4,5,5,5,1,13,58,3,10,3,1,B12,7,9,1,8,2,1,,58,58,1,12,4,B12,120.722765,24.142309,2
10258,66000,387130000C,(04)23274275,(04)23288582,2023,8,27,1,43,臺中市,沙鹿區,0,1,0,7,1,6,50,5,1,1,5,4,6,6,3,1,10,5,5,2,16,11,3,10,3,1,B03,7,5,1,8,2,2,,11,11,1,6,4,B03,120.572696,24.210864,2
10259,66000,387130000C,(04)23274275,(04)23288582,2023,8,27,1,45,臺中市,大里區,0,0,0,7,,,50,,,,,,,,,,,,,,20,58,,,,,B03,,,1,,2,,,58,,1,6,4,B03,120.676191,24.114929,3
10260,66000,387130000C,(04)23274275,(04)23288582,2023,8,27,2,9,臺中市,后里區,0,1,0,7,1,6,50,3,9,1,5,4,6,6,3,1,1,4,5,1,18,84,2,9,2,1,C03,7,9,1,10,2,12,14,84,84,1,12,4,C03,120.693196,24.3178,2
10261,66000,387130000C,(04)23274275,(04)23288582,2023,8,27,2,46,臺中市,南屯區,0,1,0,7,1,6,50,3,2,1,5,4,6,6,4,4,5,5,4,2,17,84,2,9,5,4,C03,7,5,1,10,2,11,,84,84,1,13,4,C03,120.646733,24.138842,2
10262,66000,387130000C,(04)23274275,(04)23288582,2023,8,27,3,15,臺中市,西屯區,0,1,0,7,1,6,40,4,1,1,5,4,6,6,1,1,10,5,5,2,21,55,2,1,5,4,B03,7,5,1,8,2,1,,55,55,1,12,4,B03,120.635884,24.181841,2
10263,66000,387130000C,(04)23274275,(04)23288582,2023,8,27,3,59,臺中市,中區,0,0,0,7,,,50,,,,,,,,,,,,,,,84,,,,,B03,,,1,,9,,,84,,1,6,4,B03,120.679881,24.146232,3
10264,66000,387130000C,(04)23274275,(04)23288582,2023,8,27,3,59,臺中市,西區,0,1,0,7,1,6,50,4,1,1,5,4,6,6,4,4,10,5,5,2,15,15,3,10,5,4,B12,7,9,1,7,1,2,,15,15,1,13,4,B12,120.660184,24.155275,2
10265,66000,387130000C,(04)23274275,(04)23288582,2023,8,27,4,41,臺中市,沙鹿區,0,0,0,7,,,70,,,,,,,,,,,,,,13,84,,,,,B03,,,1,,2,,,84,,1,6,4,B03,120.581464,24.205443,3
10266,66000,387130000C,(04)23274275,(04)23288582,2023,8,27,5,21,臺中市,東區,0,2,0,7,1,6,50,13,9,1,5,4,6,6,4,4,9,4,5,2,12,7,2,9,1,1,C03,7,9,1,10,2,11,,7,7,1,12,4,C03,120.694403,24.132766,2
10267,66000,387130000C,(04)23274275,(04)23288582,2023,8,27,5,30,臺中市,清水區,0,0,0,7,,,50,,,,,,,,,,,,,,17,50,,,,,B03,,,1,,1,,,50,,1,12,4,B03,120.57499,24.268806,3
10268,66000,387130000C,(04)23274275,(04)23288582,2023,8,27,5,50,臺中市,大里區,0,0,0,7,,,30,,,,,,,,,,,,,,17,59,,,,,F03,,,7,,9,,,59,59,1,6,4,F03,120.666458,24.107814,3
10269,66000,387130000C,(04)23274275,(04)23288582,2023,8,27,6,24,臺中市,南區,0,0,0,7,,,50,,,,,,,,,,,,,,,84,,,,,C03,,,1,,11,,,84,,1,13,4,C03,120.662411,24.120844,3
10270,66000,387130000C,(04)23274275,(04)23288582,2023,8,27,6,32,臺中市,北屯區,0,1,0,7,2,6,50,13,9,1,5,4,6,6,4,4,5,5,5,2,10,26,2,9,1,1,F01,7,15,7,21,2,11,,26,26,1,13,4,F01,120.711747,24.181742,2
10271,66000,387130000C,(04)23274275,(04)23288582,2023,8,27,6,46,臺中市,豐原區,0,1,0,7,3,6,30,4,1,1,5,4,6,6,4,4,10,5,4,2,15,20,2,9,1,1,C03,7,9,1,9,2,12,,20,20,1,13,4,C03,120.714931,24.27168,2
10272,66000,387130000C,(04)23274275,(04)23288582,2023,8,27,6,55,臺中市,和平區,0,1,0,7,3,6,50,13,9,1,5,4,6,6,4,4,4,5,5,1,13,83,3,10,3,1,B03,7,9,1,8,2,5,,83,83,1,12,4,B03,120.908509,24.172538,2
10273,66000,387130000C,(04)23274275,(04)23288582,2023,8,27,6,58,臺中市,烏日區,0,2,0,7,1,6,50,7,9,1,5,4,6,6,4,4,5,5,5,2,13,7,2,9,2,1,C03,7,9,1,10,2,12,,7,7,1,12,4,C03,120.625268,24.107769,2
10274,66000,387130000C,(04)23274275,(04)23288582,2023,8,27,7,1,臺中市,中區,0,1,0,7,2,6,50,13,7,1,5,4,6,6,4,4,5,2,5,2,12,39,2,9,1,1,C03,7,7,3,19,2,12,,39,35,1,12,4,C03,120.682282,24.135776,2
10275,66000,387130000C,(04)23274275,(04)23288582,2023,8,27,7,3,臺中市,北屯區,0,0,0,7,,,50,,,,,,,,,,,,,,14,49,,,,,B03,,,1,,1,,,49,49,1,13,4,B03,120.683941,24.196755,3
10276,66000,387130000C,(04)23274275,(04)23288582,2023,8,27,7,9,臺中市,東區,0,2,0,7,3,6,50,3,1,1,5,4,6,6,1,1,10,5,5,2,17,84,2,9,5,4,C03,7,6,1,10,2,11,,84,84,1,12,4,C03,120.691794,24.133639,2
10277,66000,387130000C,(04)23274275,(04)23288582,2023,8,27,7,10,臺中市,南區,0,1,0,7,3,9,50,4,2,1,5,4,6,6,2,1,10,5,5,2,26,84,2,9,2,1,C03,7,9,3,19,2,11,,84,84,1,12,4,C03,120.653934,24.122028,2
10278,66000,387130000C,(04)23274275,(04)23288582,2023,8,27,7,29,臺中市,龍井區,0,0,0,7,,,50,,,,,,,,,,,,,,8,82,,,,,F01,,,7,,2,,,82,,1,12,4,F01,120.5913,24.181367,3
10279,66000,387130000C,(04)23274275,(04)23288582,2023,8,27,7,49,臺中市,北區,0,0,0,7,,,50,,,,,,,,,,,,,,,4,,,,,C03,,,1,,2,,,4,,1,12,4,C03,120.670519,24.164446,3
10280,66000,387130000C,(04)23274275,(04)23288582,2023,8,27,7,49,臺中市,北屯區,0,1,0,7,2,6,50,3,1,1,5,4,6,6,1,1,10,5,5,2,12,48,3,10,3,1,B03,7,6,1,8,2,8,,48,48,1,12,4,B03,120.770718,24.16918,2
10281,66000,387130000C,(04)23274275,(04)23288582,2023,8,27,7,52,臺中市,西區,0,1,0,7,2,6,50,13,9,1,5,4,6,6,4,4,5,5,4,2,18,84,2,9,1,1,C03,7,9,1,10,2,14,,84,84,1,12,4,C03,120.669806,24.146727,2
10282,66000,387130000C,(04)23274275,(04)23288582,2023,8,27,7,53,臺中市,大肚區,0,0,0,7,,,30,,,,,,,,,,,,,,17,8,,,,,B12,,,1,,2,,,8,,1,12,4,B12,120.577925,24.173477,3
10283,66000,387130000C,(04)23274275,(04)23288582,2023,8,27,7,55,臺中市,潭子區,0,1,0,7,2,6,50,13,7,1,5,4,6,6,4,4,10,5,4,2,17,59,3,10,1,1,C03,7,3,1,10,2,12,,59,59,1,12,4,C03,120.706978,24.210236,2
10284,66000,387130000C,(04)23274275,(04)23288582,2023,8,27,7,57,臺中市,東勢區,0,0,0,7,,,50,,,,,,,,,,,,,,13,7,,,,,A41,,,1,,1,,,7,,1,12,4,A41,120.823992,24.261973,3
10285,66000,387130000C,(04)23274275,(04)23288582,2023,8,27,8,3,臺中市,后里區,0,0,0,7,,,50,,,,,,,,,,,,,,16,14,3,10,3,1,B03,7,6,1,8,1,2,2,14,14,1,13,5,B03,120.692215,24.316774,3
10286,66000,387130000C,(04)23274275,(04)23288582,2023,8,27,8,4,臺中市,西屯區,0,0,0,7,,,50,,,,,,,,,,,,,,,40,,,,,B12,,,1,,1,,,40,,1,12,4,B12,120.666905,24.178025,3
10287,66000,387130000C,(04)23274275,(04)23288582,2023,8,27,8,10,臺中市,大甲區,0,1,0,7,3,6,50,12,9,1,5,4,6,6,4,4,5,5,5,2,18,84,2,9,1,1,F03,7,9,7,21,2,11,,84,84,1,6,4,F03,120.635965,24.353666,2
10288,66000,387130000C,(04)23274275,(04)23288582,2023,8,27,8,25,臺中市,神岡區,0,1,0,7,1,6,50,5,2,1,5,4,6,6,1,1,1,4,4,1,17,7,3,10,1,1,C03,7,9,1,10,2,11,,7,7,1,6,4,C03,120.694618,24.232781,2
10289,66000,387130000C,(04)23274275,(04)23288582,2023,8,27,8,27,臺中市,豐原區,0,0,0,7,,,50,,,,,,,,,,,,,,13,7,,,,,B03,,,1,,2,,,7,,1,13,4,B03,120.703169,24.251778,3
10290,66000,387130000C,(04)23274275,(04)23288582,2023,8,27,8,31,臺中市,西區,0,1,0,7,3,6,50,4,1,1,5,4,6,6,3,1,10,5,5,2,16,45,3,10,5,4,B03,7,11,1,8,2,4,,45,45,1,12,4,B03,120.665044,24.132116,2
10291,66000,387130000C,(04)23274275,(04)23288582,2023,8,27,8,46,臺中市,太平區,0,1,0,7,2,6,50,13,9,1,5,4,6,6,4,4,5,5,5,1,17,8,2,9,6,1,F01,7,9,7,21,2,12,,8,8,1,12,4,F01,120.732426,24.137315,2
10292,66000,387130000C,(04)23274275,(04)23288582,2023,8,27,8,47,臺中市,豐原區,0,1,0,7,2,6,50,13,7,1,5,4,6,6,4,4,4,5,4,2,13,7,3,10,3,1,B03,7,9,1,8,2,1,,7,7,1,6,4,B03,120.709689,24.248855,2
10293,66000,387130000C,(04)23274275,(04)23288582,2023,8,27,8,50,臺中市,烏日區,0,0,0,7,,,30,,,,,,,,,,,,,,11,41,,,,,B03,,,1,,2,,,41,,1,13,4,B03,120.598858,24.115204,3
10294,66000,387130000C,(04)23274275,(04)23288582,2023,8,27,8,52,臺中市,北區,0,0,0,7,,,50,,,,,,,,,,,,,,13,84,,,,,C03,,,1,,2,,,84,,1,12,4,C03,120.686081,24.154924,3
10295,66000,387130000C,(04)23274275,(04)23288582,2023,8,27,8,56,臺中市,北屯區,0,2,0,7,2,6,50,4,1,1,5,4,6,6,2,1,5,5,4,2,15,21,2,6,2,1,C02,7,9,1,9,2,12,,21,21,1,12,4,C02,120.694113,24.170259,2
10296,66000,387130000C,(04)23274275,(04)23288582,2023,8,27,8,59,臺中市,大雅區,0,1,0,7,3,6,50,4,1,1,5,4,6,6,1,1,5,4,4,1,16,22,2,9,1,1,C03,7,5,1,10,2,11,,22,22,1,13,4,C03,120.645845,24.225776,2
10297,66000,387130000C,(04)23274275,(04)23288582,2023,8,27,9,26,臺中市,新社區,0,1,0,7,2,6,50,3,2,1,5,4,6,6,4,4,5,5,5,2,16,11,3,10,3,1,B12,7,6,1,8,2,4,,11,11,1,12,4,B12,120.815477,24.185169,2
10298,66000,387130000C,(04)23274275,(04)23288582,2023,8,27,9,33,臺中市,豐原區,0,0,0,7,,,50,,,,,,,,,,,,,,13,7,,,,,B03,,,1,,9,,,7,,1,13,4,B03,120.705598,24.250036,3
10299,66000,387130000C,(04)23274275,(04)23288582,2023,8,27,9,44,臺中市,南屯區,0,1,0,7,2,6,40,13,8,1,5,4,6,6,4,4,1,4,3,2,12,8,3,10,3,1,B12,7,4,5,19,2,2,,8,8,1,13,4,B12,120.586094,24.164358,2
10300,66000,387130000C,(04)23274275,(04)23288582,2023,8,27,9,58,臺中市,梧棲區,0,0,0,7,,,50,,,,,,,,,,,,,,14,49,,,,,A12,,,1,,1,,,49,,1,6,4,A12,120.52802,24.234794,3
10301,66000,387130000C,(04)23274275,(04)23288582,2023,8,27,10,0,臺中市,清水區,0,0,0,7,,,40,,,,,,,,,,,,,,17,59,,,,,B03,,,1,,2,,,59,,1,12,4,B03,120.567712,24.27037,3
10302,66000,387130000C,(04)23274275,(04)23288582,2023,8,27,10,5,臺中市,北區,0,0,0,7,,,40,,,,,,,,,,,,,,12,51,,,,,B03,,,1,,2,,,51,,1,13,4,B03,120.68791,24.159006,3
10303,66000,387130000C,(04)23274275,(04)23288582,2023,8,27,10,5,臺中市,東區,0,1,0,7,2,6,30,4,1,1,5,4,6,6,4,4,10,5,5,2,17,12,2,9,1,1,C03,7,9,1,10,2,11,,12,12,1,12,4,C03,120.697248,24.141036,2
10304,66000,387130000C,(04)23274275,(04)23288582,2023,8,27,10,6,臺中市,沙鹿區,0,1,0,7,2,6,30,13,9,1,5,4,6,6,4,4,10,5,5,2,11,5,3,10,4,1,B03,7,9,1,8,2,8,,5,5,1,13,4,B03,120.596998,24.220974,2
10305,66000,387130000C,(04)23274275,(04)23288582,2023,8,27,10,7,臺中市,豐原區,0,1,0,7,3,6,30,11,9,1,5,4,6,6,4,4,10,5,5,2,18,84,2,9,5,1,C03,7,9,1,10,2,12,,84,84,1,12,4,C03,120.755958,24.259594,2
10306,66000,387130000C,(04)23274275,(04)23288582,2023,8,27,10,8,臺中市,大里區,0,1,0,7,3,6,50,4,2,1,5,4,6,6,1,1,5,5,5,1,13,51,3,10,3,1,B02,7,1,1,8,2,5,,51,51,1,6,4,B02,120.681284,24.11293,2
10307,66000,387130000C,(04)23274275,(04)23288582,2023,8,27,10,10,臺中市,西區,0,2,0,7,3,6,30,3,1,1,5,4,6,6,4,4,10,5,5,2,17,12,2,9,1,1,C03,7,6,1,10,2,14,,12,12,1,12,4,C03,120.655131,24.14582,2
10308,66000,387130000C,(04)23274275,(04)23288582,2023,8,27,10,13,臺中市,北區,0,1,0,7,2,6,50,3,1,1,5,4,6,6,2,1,2,5,5,2,16,11,2,9,2,1,C03,7,6,1,10,2,12,,11,11,1,12,4,C03,120.684085,24.149878,2
10309,66000,387130000C,(04)23274275,(04)23288582,2023,8,27,10,14,臺中市,潭子區,0,1,0,7,2,6,30,13,9,1,5,4,6,6,4,4,10,5,5,2,9,59,2,6,6,5,H01,8,20,7,21,10,17,,109,59,1,12,5,H01,120.698963,24.193067,2
10310,66000,387130000C,(04)23274275,(04)23288582,2023,8,27,10,15,臺中市,潭子區,0,0,0,7,,,40,,,,,,,,,,,,,,2,8,,,,,B03,,,1,,2,,,8,,1,13,4,B03,120.696555,24.201,3
10311,66000,387130000C,(04)23274275,(04)23288582,2023,8,27,10,17,臺中市,沙鹿區,0,0,0,7,,,50,,,,,,,,,,,,,,,47,,,,,C03,,,1,,2,,,47,,1,13,4,C03,120.562433,24.233402,3
10312,66000,387130000C,(04)23274275,(04)23288582,2023,8,27,10,26,臺中市,南屯區,0,0,0,7,,,40,,,,,,,,,,,,,,12,84,,,,,B03,,,3,,2,,,84,,1,5,4,B03,120.608376,24.144852,3
10313,66000,387130000C,(04)23274275,(04)23288582,2023,8,27,10,26,臺中市,西屯區,0,2,0,7,3,6,50,5,1,1,5,4,6,6,1,1,10,5,5,2,17,25,2,9,3,1,B03,7,6,1,8,2,1,,25,25,1,12,4,B03,120.593516,24.191252,2
10314,66000,387130000C,(04)23274275,(04)23288582,2023,8,27,10,30,臺中市,南區,0,1,0,7,1,6,50,4,1,1,5,4,6,6,2,1,10,5,5,2,17,84,2,9,5,4,C03,7,5,1,10,2,12,,84,84,1,13,2,C03,120.655457,24.115199,2
10315,66000,387130000C,(04)23274275,(04)23288582,2023,8,27,10,35,臺中市,南屯區,0,0,0,7,,,40,,,,,,,,,,,,,,35,4,,,,,B03,,,1,8,1,,,4,4,1,12,4,B03,120.610714,24.132934,3
10316,66000,387130000C,(04)23274275,(04)23288582,2023,8,27,10,35,臺中市,北屯區,0,0,0,7,,,30,,,,,,,,,,,,,,14,49,,,,,B03,,,1,,1,,,49,,1,12,4,B03,120.718165,24.174599,3
10317,66000,387130000C,(04)23274275,(04)23288582,2023,8,27,10,38,臺中市,大肚區,0,2,0,7,2,6,50,4,1,1,5,4,6,6,2,1,10,5,5,2,16,48,3,10,2,1,C03,7,6,1,10,2,13,,48,48,1,12,4,C03,120.547752,24.155702,2
10318,66000,387130000C,(04)23274275,(04)23288582,2023,8,27,10,40,臺中市,西屯區,0,0,0,7,,,40,,,,,,,,,,,,,,14,49,,,,,B03,,,1,,2,,,49,,1,6,4,B03,120.64372,24.178536,3
10319,66000,387130000C,(04)23274275,(04)23288582,2023,8,27,10,44,臺中市,北屯區,0,0,0,7,,,50,,,,,,,,,,,,,,,59,,,,,F03,,,7,,2,,,59,,1,12,4,F03,120.699733,24.162536,3
10320,66000,387130000C,(04)23274275,(04)23288582,2023,8,27,10,45,臺中市,北區,0,0,0,7,,,40,,,,,,,,,,,,,,17,84,,,,,B03,,,1,,2,,,84,,1,12,4,B03,120.682406,24.153324,3
10321,66000,387130000C,(04)23274275,(04)23288582,2023,8,27,10,45,臺中市,大里區,0,0,0,7,2,6,40,13,9,1,5,4,6,6,4,4,9,5,5,1,13,59,,,,,B02,,,1,,2,,,59,,1,13,4,B02,120.706219,24.105078,3
10322,66000,387130000C,(04)23274275,(04)23288582,2023,8,27,10,48,臺中市,西屯區,0,0,0,7,,,30,,,,,,,,,,,,,,,84,,,,,B03,,,1,,2,,,84,,1,13,4,B03,120.644891,24.177298,3
10323,66000,387130000C,(04)23274275,(04)23288582,2023,8,27,10,53,臺中市,北區,0,0,0,7,,,50,,,,,,,,,,,,,,13,7,,,,,C03,,,1,,2,,,7,,1,13,4,C03,120.667549,24.15758,3
10324,66000,387130000C,(04)23274275,(04)23288582,2023,8,27,10,55,臺中市,西區,0,0,0,7,,,50,,,,,,,,,,,,,,,76,,,,,B01,,,1,4,1,,,76,76,1,13,4,B01,120.664285,24.148568,3