序號,縣市別代碼,機關代碼,市話,傳真,年,月,日,時,分,縣市,區,死亡數量,受傷數量,2-30,天候,光線,道路類別,速限,道路型態,事故位置,路面鋪裝,路面狀態,路面缺陷,障礙物,視距,號誌種類,號誌動作,分向設施,快車道或一般車道間,快慢車道間,路面邊線,事故類型及型態,主要肇因,受傷程度,主要傷處,保護裝備,行動電話,當事者區分(類別),車輛用途,當事者行動狀態,駕駛資格情形,駕駛執照種類,飲酒情形,車輛撞擊部位最初,車輛撞擊部位其他,肇事因素個別,肇事因素主要,肇事逃逸,職業,旅次目的,車種,GPS座標X,GPS座標Y,事故類別
10325,66000,387130000C,(04)23274275,(04)23288582,2023,8,27,11,1,臺中市,烏日區,0,0,0,7,,,50,,,,,,,,,,,,,,,51,,,,,B03,,,1,,2,,,51,,1,12,4,B03,120.616267,24.104562,3
10326,66000,387130000C,(04)23274275,(04)23288582,2023,8,27,11,4,臺中市,太平區,0,0,0,7,,,50,,,,,,,,,,,,,,,59,,,,,B01,,,1,,1,,,59,,1,12,4,B01,120.723712,24.133911,3
10327,66000,387130000C,(04)23274275,(04)23288582,2023,8,27,11,6,臺中市,西區,0,0,0,7,,,50,,,,,,,,,,,,,,,8,,,,,C03,,,1,,1,,,8,,1,12,4,C03,120.660186,24.146726,3
10328,66000,387130000C,(04)23274275,(04)23288582,2023,8,27,11,9,臺中市,南區,0,0,0,7,,,50,,,,,,,,,,,,,,,8,,,,,B12,,,1,,2,,,8,,1,6,4,B12,120.655544,24.123952,3
10329,66000,387130000C,(04)23274275,(04)23288582,2023,8,27,11,15,臺中市,豐原區,0,0,0,7,,,50,,,,,,,,,,,,,,,82,,,,,A12,,,1,,2,,,82,,1,6,4,A12,120.73526,24.251159,3
10330,66000,387130000C,(04)23274275,(04)23288582,2023,8,27,11,27,臺中市,西區,0,2,0,5,2,6,50,3,2,1,4,4,6,6,4,4,4,4,4,2,12,56,3,10,4,1,C03,7,12,1,10,2,12,,56,56,1,12,4,C03,120.665458,24.152093,2
10331,66000,387130000C,(04)23274275,(04)23288582,2023,8,27,11,32,臺中市,沙鹿區,0,1,0,7,3,6,40,11,9,1,5,4,6,6,4,4,5,5,5,2,16,8,2,9,1,1,C03,7,9,1,10,2,14,,8,8,1,13,4,C03,120.576263,24.242761,2
10332,66000,387130000C,(04)23274275,(04)23288582,2023,8,27,11,34,臺中市,北區,0,0,0,7,,,50,,,,,,,,,,,,,,9,59,,,,,B03,,,1,,1,,,59,,1,12,4,B03,120.678833,24.147536,3
10333,66000,387130000C,(04)23274275,(04)23288582,2023,8,27,11,34,臺中市,北屯區,0,0,0,7,,,50,,,,,,,,,,,,,,12,85,,,,,B03,,,1,,2,,,85,85,1,13,4,B03,120.718993,24.175228,3
10334,66000,387130000C,(04)23274275,(04)23288582,2023,8,27,11,35,臺中市,北屯區,0,0,0,7,,,50,,,,,,,,,,,,,,12,40,,,,,B03,,,1,,1,,,40,,1,12,4,B03,120.718993,24.175228,3
10335,66000,387130000C,(04)23274275,(04)23288582,2023,8,27,11,37,臺中市,南區,0,0,0,7,,,40,,,,,,,,,,,,,,14,49,,,,,B03,,,1,8,9,,,49,49,1,12,4,B03,120.655275,24.129355,3
10336,66000,387130000C,(04)23274275,(04)23288582,2023,8,27,11,40,臺中市,梧棲區,0,0,0,7,,,50,,,,,,,,,,,,,,,49,,,,,B03,,,1,,1,,,49,,1,6,4,B03,120.532908,24.26398,4
10337,66000,387130000C,(04)23274275,(04)23288582,2023,8,27,11,41,臺中市,西屯區,0,1,0,7,1,6,50,3,1,1,5,4,6,6,4,4,4,3,5,2,17,84,3,10,3,1,B03,7,9,1,8,2,1,,84,84,1,12,4,B03,120.635554,24.163963,2
10338,66000,387130000C,(04)23274275,(04)23288582,2023,8,27,11,42,臺中市,西屯區,0,2,0,7,3,6,40,13,8,1,5,4,6,6,4,4,5,5,4,2,13,84,2,9,1,1,C03,7,9,1,10,2,11,,84,84,1,12,4,C03,120.627891,24.184107,2
10339,66000,387130000C,(04)23274275,(04)23288582,2023,8,27,11,43,臺中市,大里區,0,0,0,7,,,50,,,,,,,,,,,,,,14,50,,,,,B03,,,1,,1,,,50,,1,13,4,B03,120.693977,24.091525,3
10340,66000,387130000C,(04)23274275,(04)23288582,2023,8,27,11,45,臺中市,烏日區,0,0,0,7,,,50,,,,,,,,,,,,,,27,8,,,,,B02,,,1,,2,,,8,,1,12,4,B02,120.611269,24.117472,3
10341,66000,387130000C,(04)23274275,(04)23288582,2023,8,27,11,46,臺中市,西屯區,0,2,0,7,2,6,50,3,1,1,5,4,6,6,4,4,10,5,5,2,17,12,2,9,5,4,C03,7,5,1,10,2,14,,12,12,1,13,4,C03,120.636269,24.170119,2
10342,66000,387130000C,(04)23274275,(04)23288582,2023,8,27,11,49,臺中市,南屯區,0,0,0,7,,,50,,,,,,,,,,,,,,,7,,,,,B03,,,1,,9,,,7,,1,13,4,B03,120.61653,24.153576,3
10343,66000,387130000C,(04)23274275,(04)23288582,2023,8,27,11,50,臺中市,清水區,0,0,0,7,,,30,,,,,,,,,,,,,,16,14,,,,,C03,,,1,,2,,,14,,1,12,4,C03,120.577486,24.272038,3
10344,66000,387130000C,(04)23274275,(04)23288582,2023,8,27,11,51,臺中市,南屯區,0,0,0,7,,,50,,,,,,,,,,,,,,,7,,,,,B12,,,1,,1,,,7,,1,13,4,B12,120.635679,24.146313,3
10345,66000,387130000C,(04)23274275,(04)23288582,2023,8,27,11,55,臺中市,太平區,0,2,0,7,2,6,40,13,9,1,5,4,6,6,4,4,5,5,5,2,18,84,2,9,1,1,C03,7,9,1,10,2,12,14,84,84,1,5,4,C03,120.808065,24.095749,2
10346,66000,387130000C,(04)23274275,(04)23288582,2023,8,27,11,56,臺中市,沙鹿區,0,3,0,7,2,6,50,4,1,1,5,4,6,6,4,4,10,5,5,2,15,12,2,9,2,1,C03,7,9,1,10,2,11,,12,12,1,6,4,C03,120.582176,24.223871,2
10347,66000,387130000C,(04)23274275,(04)23288582,2023,8,27,11,59,臺中市,豐原區,0,0,0,7,,,60,,,,,,,,,,,,,,13,7,,,,,B03,,,1,,2,,,7,,1,12,4,B03,120.722075,24.236323,3
10348,66000,387130000C,(04)23274275,(04)23288582,2023,8,27,12,0,臺中市,太平區,0,1,0,7,2,6,50,3,1,1,5,4,6,6,4,4,10,5,5,2,13,7,2,8,1,1,C03,7,9,1,10,2,11,,7,7,1,12,4,C03,120.719761,24.129889,2
10349,66000,387130000C,(04)23274275,(04)23288582,2023,8,27,12,0,臺中市,豐原區,0,0,0,7,,,30,,,,,,,,,,,,,,17,51,,,,,C03,,,1,,2,,,51,,1,13,4,C03,120.729865,24.249259,3
10350,66000,387130000C,(04)23274275,(04)23288582,2023,8,27,12,4,臺中市,霧峰區,0,2,0,7,2,6,50,4,1,1,5,4,6,6,4,4,9,4,5,1,15,15,2,9,1,1,C03,7,9,1,10,2,11,,15,15,1,6,4,C03,120.69757,24.062665,2
10351,66000,387130000C,(04)23274275,(04)23288582,2023,8,27,12,5,臺中市,大雅區,0,1,0,7,2,6,50,13,9,1,5,4,6,6,4,4,1,4,4,2,17,59,2,9,1,1,C03,7,9,1,11,2,11,,59,59,1,13,4,C03,120.669126,24.215875,2
10352,66000,387130000C,(04)23274275,(04)23288582,2023,8,27,12,7,臺中市,北屯區,0,0,0,7,,,50,,,,,,,,,,,,,,13,7,,,,,B03,,,1,,1,,,7,7,1,6,4,B03,120.707396,24.187714,3
10353,66000,387130000C,(04)23274275,(04)23288582,2023,8,27,12,8,臺中市,北區,0,1,0,7,2,6,50,4,1,1,5,4,6,6,2,1,5,5,5,2,15,21,2,9,1,1,F03,7,9,7,21,2,11,,21,21,1,12,4,F03,120.698304,24.155297,2
10354,66000,387130000C,(04)23274275,(04)23288582,2023,8,27,12,9,臺中市,南區,0,0,0,7,,,50,,,,,,,,,,,,,,,7,,,,,B03,,,1,,2,,,7,,1,12,4,B03,120.67901,24.133011,3
10355,66000,387130000C,(04)23274275,(04)23288582,2023,8,27,12,9,臺中市,南屯區,0,0,0,7,,,50,,,,,,,,,,,,,,25,84,,,,,B03,,,1,,2,,,84,84,1,12,4,B03,120.65279,24.149922,3
10356,66000,387130000C,(04)23274275,(04)23288582,2023,8,27,12,10,臺中市,大里區,0,0,0,7,,,50,,,,,,,,,,,,,,17,87,,,,,B03,,,1,,9,,,87,,1,6,4,B03,120.68815,24.095596,3
10357,66000,387130000C,(04)23274275,(04)23288582,2023,8,27,12,16,臺中市,豐原區,0,1,0,7,3,6,50,3,1,1,5,4,6,6,3,1,10,5,5,2,17,24,3,10,3,1,B03,7,6,1,8,2,8,,24,24,1,13,4,B03,120.715778,24.239333,2
10358,66000,387130000C,(04)23274275,(04)23288582,2023,8,27,12,17,臺中市,太平區,0,1,0,7,3,6,50,13,9,1,5,4,6,6,4,4,10,5,5,2,16,20,3,10,3,1,B03,7,6,1,8,2,6,,20,20,1,13,4,B03,120.71867,24.131549,2
10359,66000,387130000C,(04)23274275,(04)23288582,2023,8,27,12,22,臺中市,豐原區,0,3,0,7,2,6,50,3,1,1,5,4,6,6,4,4,5,5,5,2,11,51,2,9,2,1,C04,7,1,1,10,2,14,11,51,51,1,6,4,C04,120.728821,24.255002,2
10360,66000,387130000C,(04)23274275,(04)23288582,2023,8,27,12,23,臺中市,北屯區,0,1,0,7,2,6,50,13,7,1,5,4,6,6,4,4,5,4,5,2,13,7,2,8,2,1,C03,7,9,1,10,2,11,,7,7,1,12,4,C03,120.676732,24.176614,2
10361,66000,387130000C,(04)23274275,(04)23288582,2023,8,27,12,30,臺中市,大雅區,0,0,0,7,,,30,,,,,,,,,,,,,,14,49,,,,,B12,,,1,,1,,,49,,1,13,4,B12,120.649092,24.222994,3
10362,66000,387130000C,(04)23274275,(04)23288582,2023,8,27,12,30,臺中市,大甲區,0,0,0,7,,,50,,,,,,,,,,,,,,,8,,,,,B03,,,1,,1,,,8,,1,6,4,B03,120.617362,24.350168,3
10363,66000,387130000C,(04)23274275,(04)23288582,2023,8,27,12,33,臺中市,沙鹿區,0,0,0,7,,,60,,,,,,,,,,,,,,16,47,,,,,B03,,,1,,2,,,47,,1,13,4,B03,120.568184,24.23842,3
10364,66000,387130000C,(04)23274275,(04)23288582,2023,8,27,12,39,臺中市,沙鹿區,0,0,0,7,,,50,,,,,,,,,,,,,,,51,,,,,B03,,,1,,2,,,51,,1,13,4,B03,120.569765,24.225776,3
10365,66000,387130000C,(04)23274275,(04)23288582,2023,8,27,12,40,臺中市,北屯區,0,0,0,7,,,50,,,,,,,,,,,,,,12,8,,,,,B03,,,1,,2,,,8,,1,13,4,B03,120.685574,24.170241,3
10366,66000,387130000C,(04)23274275,(04)23288582,2023,8,27,12,40,臺中市,北屯區,0,0,0,7,,,50,,,,,,,,,,,,,,,84,,,,,B12,,,5,,9,,,84,,2,6,4,B12,120.694039,24.162471,3
10367,66000,387130000C,(04)23274275,(04)23288582,2023,8,27,12,40,臺中市,北屯區,0,1,0,7,2,6,50,13,9,1,5,4,6,6,4,4,1,4,5,2,12,1,3,10,3,1,B03,7,4,1,8,9,2,,1,1,1,6,4,B03,120.707745,24.183697,2
10368,66000,387130000C,(04)23274275,(04)23288582,2023,8,27,12,42,臺中市,東區,0,1,0,7,2,6,50,13,9,1,5,4,6,6,4,4,9,5,5,2,3,98,2,9,6,5,H01,8,16,7,21,10,17,,98,98,1,13,5,H01,120.69045,24.13936,2
10369,66000,387130000C,(04)23274275,(04)23288582,2023,8,27,12,43,臺中市,北區,0,1,0,7,3,6,50,4,1,1,5,4,6,6,1,1,1,2,5,2,16,20,3,10,3,1,B02,7,5,1,8,2,2,,20,20,1,12,4,B02,120.684924,24.159143,2
10370,66000,387130000C,(04)23274275,(04)23288582,2023,8,27,12,47,臺中市,北區,0,0,0,7,,,50,,,,,,,,,,,,,,14,49,,,,,B12,,,1,,1,,,49,,1,13,4,B12,120.693546,24.155611,3
10371,66000,387130000C,(04)23274275,(04)23288582,2023,8,27,12,48,臺中市,西區,0,1,0,7,2,6,50,13,9,1,5,4,6,6,4,4,5,4,5,2,12,40,3,10,5,1,B03,7,7,1,8,2,2,,40,40,1,12,4,B03,120.669396,24.146874,2
10372,66000,387130000C,(04)23274275,(04)23288582,2023,8,27,12,49,臺中市,大肚區,0,1,0,7,2,6,40,13,8,1,5,4,6,6,4,4,1,4,4,1,17,77,3,10,4,1,B12,7,14,1,8,2,3,,77,77,1,12,4,B12,120.545148,24.16108,2
10373,66000,387130000C,(04)23274275,(04)23288582,2023,8,27,12,49,臺中市,豐原區,0,1,0,7,2,6,50,13,8,1,5,4,6,6,4,4,4,5,4,2,12,8,3,10,3,1,B03,7,9,1,7,2,5,,8,8,1,12,4,B03,120.715417,24.249308,2
10374,66000,387130000C,(04)23274275,(04)23288582,2023,8,27,12,53,臺中市,石岡區,0,0,0,7,,,50,,,,,,,,,,,,,,16,11,,,,,B03,,,1,,2,,,11,,1,12,4,B03,120.791137,24.271873,3
10375,66000,387130000C,(04)23274275,(04)23288582,2023,8,27,12,54,臺中市,清水區,0,0,0,7,,,70,,,,,,,,,,,,,,,58,,,,,B03,,,1,,2,,,58,,1,12,4,B03,120.553882,24.274968,3
10376,66000,387130000C,(04)23274275,(04)23288582,2023,8,27,12,55,臺中市,清水區,0,0,0,7,,,50,,,,,,,,,,,,,,,49,,,,,B03,,,1,,2,,,49,,1,12,5,B03,120.551123,24.269512,4
10377,66000,387130000C,(04)23274275,(04)23288582,2023,8,27,12,57,臺中市,大里區,0,0,0,7,,,50,,,,,,,,,,,,,,14,49,,,,,B03,,,1,,2,,,49,,1,6,4,B03,120.677812,24.104142,3
10378,66000,387130000C,(04)23274275,(04)23288582,2023,8,27,13,1,臺中市,北屯區,0,1,0,7,2,6,50,3,2,1,5,4,6,6,2,1,10,5,5,2,15,51,2,8,1,1,C03,7,1,1,10,2,14,,51,51,1,12,4,C03,120.747213,24.19323,2
10379,66000,387130000C,(04)23274275,(04)23288582,2023,8,27,13,9,臺中市,豐原區,0,0,0,6,,,50,,,,,,,,,,,,,,13,59,,,,,C03,,,1,,2,,,59,,1,13,4,C03,120.707297,24.251728,3
10380,66000,387130000C,(04)23274275,(04)23288582,2023,8,27,13,10,臺中市,東區,0,2,0,7,3,9,50,4,1,1,5,4,6,6,4,4,5,5,5,2,15,12,2,9,3,1,B01,7,9,1,4,2,8,,12,12,1,6,4,B01,120.706003,24.141046,2
10381,66000,387130000C,(04)23274275,(04)23288582,2023,8,27,13,11,臺中市,北區,0,2,0,7,2,6,50,13,9,1,5,4,6,6,4,4,5,4,4,2,17,51,2,9,2,1,C03,7,1,1,10,2,13,,51,51,1,12,4,C03,120.664463,24.161397,2
10382,66000,387130000C,(04)23274275,(04)23288582,2023,8,27,13,15,臺中市,北屯區,0,0,0,7,,,50,,,,,,,,,,,,,,16,51,,,,,B03,,,1,,1,,,51,,1,13,4,B03,120.688209,24.175974,3
10383,66000,387130000C,(04)23274275,(04)23288582,2023,8,27,13,18,臺中市,西屯區,0,1,0,7,2,6,50,4,1,1,5,4,6,6,2,1,10,5,5,2,16,21,2,9,2,1,C03,7,9,1,10,2,12,,21,21,1,12,4,C03,120.642648,24.190733,2
10384,66000,387130000C,(04)23274275,(04)23288582,2023,8,27,13,28,臺中市,西屯區,0,0,0,7,,,30,,,,,,,,,,,,,,,87,,,,,B03,,,1,,11,,,87,,1,13,4,B03,120.617673,24.179604,3
10385,66000,387130000C,(04)23274275,(04)23288582,2023,8,27,13,30,臺中市,西屯區,0,0,0,7,,,50,,,,,,,,,,,,,,,7,,,,,B03,,,1,,2,,,7,,1,13,4,B03,120.663899,24.178952,3
10386,66000,387130000C,(04)23274275,(04)23288582,2023,8,27,13,31,臺中市,西屯區,0,2,0,7,1,6,30,13,9,1,5,4,6,6,4,4,4,3,5,2,17,51,3,10,3,1,B03,7,1,1,8,2,1,,51,51,1,12,4,B03,120.640868,24.164311,2
10387,66000,387130000C,(04)23274275,(04)23288582,2023,8,27,13,33,臺中市,大里區,0,0,0,7,2,6,30,11,9,1,5,4,6,6,4,4,5,5,4,2,20,59,,,,,B03,,,1,,2,,,59,,1,13,4,B03,120.692633,24.122238,3
10388,66000,387130000C,(04)23274275,(04)23288582,2023,8,27,13,34,臺中市,西區,0,0,0,7,,,50,,,,,,,,,,,,,,,39,,,,,B03,,,1,8,2,,,39,39,1,13,4,B03,120.66013,24.153704,3
10389,66000,387130000C,(04)23274275,(04)23288582,2023,8,27,13,34,臺中市,北屯區,0,0,0,5,,,50,,,,,,,,,,,,,,17,59,,,,,B03,,,1,,2,,,59,59,1,12,4,B03,120.715486,24.182309,4
10390,66000,387130000C,(04)23274275,(04)23288582,2023,8,27,13,36,臺中市,西屯區,0,0,0,7,,,50,,,,,,,,,,,,,,13,7,,,,,B03,,,1,,1,,,7,,1,12,4,B03,120.647774,24.166957,3
10391,66000,387130000C,(04)23274275,(04)23288582,2023,8,27,13,37,臺中市,西區,0,1,0,7,2,6,50,4,1,1,5,4,6,6,1,1,10,5,5,2,16,25,3,10,1,1,C03,7,6,1,8,1,12,,25,25,1,12,4,C03,120.67502,24.149051,2
10392,66000,387130000C,(04)23274275,(04)23288582,2023,8,27,13,40,臺中市,清水區,0,0,0,7,,,30,,,,,,,,,,,,,,17,8,,,,,B03,,,1,,2,,,8,,1,12,4,B03,120.576041,24.267782,3
10393,66000,387130000C,(04)23274275,(04)23288582,2023,8,27,13,45,臺中市,西屯區,0,1,0,6,3,6,50,13,9,1,5,4,6,6,4,4,1,4,5,2,17,45,3,10,3,1,B03,7,11,1,8,2,4,,45,45,1,12,4,B03,120.620613,24.187611,2
10394,66000,387130000C,(04)23274275,(04)23288582,2023,8,27,13,45,臺中市,大里區,0,0,0,7,,,50,,,,,,,,,,,,,,13,7,,,,,B03,,,1,,2,,,7,,1,6,4,B03,120.687545,24.094649,3
10395,66000,387130000C,(04)23274275,(04)23288582,2023,8,27,13,45,臺中市,太平區,0,1,0,7,2,6,30,13,9,1,5,4,6,6,4,4,10,5,5,2,16,51,2,8,1,1,C03,7,1,1,10,2,11,,51,51,1,5,4,C03,120.734648,24.143375,2
10396,66000,387130000C,(04)23274275,(04)23288582,2023,8,27,13,47,臺中市,烏日區,0,0,0,7,,,30,,,,,,,,,,,,,,9,85,,,,,B03,,,1,,9,,,85,,1,12,4,B03,120.649591,24.052937,3
10397,66000,387130000C,(04)23274275,(04)23288582,2023,8,27,13,49,臺中市,西屯區,0,0,0,5,,,40,,,,,,,,,,,,,,,50,,,,,C03,,,1,,1,,,50,,1,13,3,C03,120.633813,24.163521,3
10398,66000,387130000C,(04)23274275,(04)23288582,2023,8,27,13,49,臺中市,神岡區,0,1,0,5,1,6,50,4,1,1,4,4,6,6,3,1,5,5,5,1,14,49,3,10,5,4,B12,7,2,1,8,2,7,,49,49,1,12,4,B12,120.683382,24.276162,2
10399,66000,387130000C,(04)23274275,(04)23288582,2023,8,27,13,51,臺中市,太平區,0,1,0,7,3,6,50,5,1,1,5,4,6,6,2,1,10,5,5,2,16,7,2,9,2,1,C03,7,4,1,10,2,14,,7,7,1,13,4,C03,120.703152,24.14814,2
10400,66000,387130000C,(04)23274275,(04)23288582,2023,8,27,13,59,臺中市,大里區,0,0,0,7,2,6,50,3,2,1,5,4,6,6,4,4,1,4,4,2,16,8,,,,,B03,,,1,,2,,,8,,1,13,4,B03,120.690412,24.123676,3
10401,66000,387130000C,(04)23274275,(04)23288582,2023,8,27,14,0,臺中市,沙鹿區,0,0,0,7,,,60,,,,,,,,,,,,,,,59,,,,,B03,,,1,,2,,,59,59,1,6,4,B03,120.575556,24.251983,3
10402,66000,387130000C,(04)23274275,(04)23288582,2023,8,27,14,1,臺中市,北屯區,0,1,0,7,2,6,50,3,1,1,5,4,6,6,2,1,1,4,4,2,16,11,3,10,3,1,B12,7,5,1,8,2,7,,11,11,1,12,4,B12,120.668466,24.178304,2
10403,66000,387130000C,(04)23274275,(04)23288582,2023,8,27,14,5,臺中市,神岡區,0,1,0,5,2,6,50,4,2,1,4,4,6,6,1,1,5,5,5,1,18,84,2,9,2,1,C03,7,9,1,10,2,12,,84,84,1,13,4,C03,120.68698,24.241448,2
10404,66000,387130000C,(04)23274275,(04)23288582,2023,8,27,14,14,臺中市,東區,0,1,0,7,3,6,50,4,2,1,5,4,6,6,1,1,10,5,5,2,12,40,3,10,3,1,B03,7,8,1,8,2,7,,40,40,1,12,4,B03,120.69669,24.140141,2
10405,66000,387130000C,(04)23274275,(04)23288582,2023,8,27,14,20,臺中市,太平區,0,0,0,7,,,50,,,,,,,,,,,,,,,45,,,,,B03,,,1,,2,,,45,,1,13,4,B03,120.703106,24.148164,3
10406,66000,387130000C,(04)23274275,(04)23288582,2023,8,27,14,23,臺中市,西屯區,0,0,0,7,,,50,,,,,,,,,,,,,,,8,,,,,B03,,,1,,1,,,8,,1,12,4,B03,120.642588,24.164272,3
10407,66000,387130000C,(04)23274275,(04)23288582,2023,8,27,14,23,臺中市,大里區,0,2,0,7,3,6,50,13,7,1,5,4,6,6,4,4,5,5,4,1,18,84,2,9,1,1,C03,7,9,1,10,2,12,,84,84,1,6,4,C03,120.685578,24.106647,2
10408,66000,387130000C,(04)23274275,(04)23288582,2023,8,27,14,25,臺中市,太平區,0,0,0,7,,,50,,,,,,,,,,,,,,,59,,,,,B03,,,1,,2,,,59,,1,13,4,B03,120.704074,24.151819,3
10409,66000,387130000C,(04)23274275,(04)23288582,2023,8,27,14,26,臺中市,西屯區,0,0,0,5,,,50,,,,,,,,,,,,,,,84,,,,,B03,,,1,,1,,,84,,1,13,4,B03,120.651816,24.165933,3
10410,66000,387130000C,(04)23274275,(04)23288582,2023,8,27,14,26,臺中市,龍井區,0,0,0,5,,,30,,,,,,,,,,,,,,17,58,,,,,B03,,,1,,1,,,58,,1,13,4,B03,120.593108,24.187326,3
10411,66000,387130000C,(04)23274275,(04)23288582,2023,8,27,14,28,臺中市,龍井區,0,1,0,7,3,6,30,13,9,1,5,4,6,6,4,4,10,5,5,1,18,84,2,9,5,4,C03,7,11,3,19,2,14,,84,84,1,12,4,C03,120.549074,24.179007,2
10412,66000,387130000C,(04)23274275,(04)23288582,2023,8,27,14,34,臺中市,北屯區,0,1,0,5,3,6,40,3,1,1,4,4,6,6,3,1,10,5,5,2,18,59,2,9,5,4,C03,7,9,1,10,2,14,,59,59,1,13,4,C03,120.710578,24.178236,2
10413,66000,387130000C,(04)23274275,(04)23288582,2023,8,27,14,40,臺中市,北屯區,0,1,0,5,2,6,50,4,1,1,4,4,6,6,4,4,10,5,5,2,30,84,2,9,1,1,C03,7,9,1,10,2,14,,84,84,1,12,4,C03,120.715891,24.172929,2
10414,66000,387130000C,(04)23274275,(04)23288582,2023,8,27,14,43,臺中市,豐原區,0,0,0,5,,,30,,,,,,,,,,,,,,17,49,,,,,B03,,,1,,2,,,49,,1,13,4,B03,120.700094,24.245977,3
10415,66000,387130000C,(04)23274275,(04)23288582,2023,8,27,14,46,臺中市,南屯區,0,1,0,7,2,6,50,11,9,1,5,4,6,6,4,4,1,5,5,2,18,59,2,9,2,1,C03,7,9,1,10,2,12,,59,59,1,6,4,C03,120.620384,24.11535,2
10416,66000,387130000C,(04)23274275,(04)23288582,2023,8,27,14,47,臺中市,北屯區,0,0,0,7,,,50,,,,,,,,,,,,,,13,39,,,,,B03,,,1,,1,,,39,39,1,6,4,B03,120.690694,24.165223,3
10417,66000,387130000C,(04)23274275,(04)23288582,2023,8,27,14,52,臺中市,豐原區,0,2,0,5,3,6,50,13,7,1,4,4,6,6,4,4,5,4,4,2,17,51,3,10,5,1,C03,7,1,1,10,2,11,,51,51,1,13,4,C03,120.721409,24.257737,2
10418,66000,387130000C,(04)23274275,(04)23288582,2023,8,27,14,55,臺中市,南屯區,0,0,0,5,3,6,50,13,9,1,4,4,6,6,4,4,5,5,5,2,12,50,,,,,B03,,,1,,1,,,50,50,1,12,4,B03,120.651157,24.151534,3
10419,66000,387130000C,(04)23274275,(04)23288582,2023,8,27,14,56,臺中市,大里區,0,0,0,7,,,40,,,,,,,,,,,,,,,2,,,,,B03,,,1,,2,,,2,,1,12,4,B03,120.65376,24.089881,3
10420,66000,387130000C,(04)23274275,(04)23288582,2023,8,27,15,3,臺中市,大里區,0,0,0,7,,,50,,,,,,,,,,,,,,,50,,,,,C03,,,1,,1,,,50,,1,6,4,C03,120.703379,24.090988,3
10421,66000,387130000C,(04)23274275,(04)23288582,2023,8,27,15,5,臺中市,南區,0,1,0,7,2,6,50,4,1,1,5,4,6,6,1,1,10,5,5,2,17,20,3,10,3,1,B03,7,5,1,8,2,5,,20,20,1,13,4,B03,120.652575,24.114547,2
10422,66000,387130000C,(04)23274275,(04)23288582,2023,8,27,15,5,臺中市,東區,0,0,0,7,3,6,50,13,1,1,5,4,6,6,,4,1,5,5,2,13,84,3,10,3,1,B03,7,9,1,8,1,1,,84,84,1,12,4,B03,120.684686,24.134965,3
10423,66000,387130000C,(04)23274275,(04)23288582,2023,8,27,15,7,臺中市,北區,0,0,0,5,,,50,,,,,,,,,,,,,,13,59,,,,,B03,,,3,,2,,,59,,1,12,4,B03,120.684023,24.153128,3
10424,66000,387130000C,(04)23274275,(04)23288582,2023,8,27,15,8,臺中市,南屯區,0,0,0,5,,,50,,,,,,,,,,,,,,,8,,,,,B03,,,1,,2,,,8,,1,13,4,B03,120.651183,24.152452,3
10425,66000,387130000C,(04)23274275,(04)23288582,2023,8,27,15,11,臺中市,北屯區,0,0,0,5,,,50,,,,,,,,,,,,,,17,50,,,,,B03,,,1,,2,,,50,,1,13,4,B03,120.694618,24.184269,3
10426,66000,387130000C,(04)23274275,(04)23288582,2023,8,27,15,11,臺中市,西屯區,0,1,0,5,2,6,30,3,1,1,4,4,6,6,4,4,10,4,5,2,16,14,3,10,3,1,B03,7,6,1,8,2,8,,14,14,1,13,4,B03,120.638406,24.171904,2
10427,66000,387130000C,(04)23274275,(04)23288582,2023,8,27,15,11,臺中市,大里區,0,0,0,7,,,50,,,,,,,,,,,,,,,59,,,,,C03,,,1,,9,,,59,,1,6,4,C03,120.691191,24.09186,3
10428,66000,387130000C,(04)23274275,(04)23288582,2023,8,27,15,12,臺中市,北區,0,2,0,5,2,6,50,4,1,1,4,4,6,6,1,1,10,5,5,2,15,21,2,9,2,1,C03,7,9,1,10,2,11,,21,21,1,12,4,C03,120.690975,24.158827,2
10429,66000,387130000C,(04)23274275,(04)23288582,2023,8,27,15,12,臺中市,東區,0,1,0,6,3,6,40,3,2,1,5,4,6,6,4,4,10,5,5,2,11,41,3,10,3,1,A12,7,9,1,7,9,4,,41,41,2,12,4,A12,120.703887,24.130544,2
10430,66000,387130000C,(04)23274275,(04)23288582,2023,8,27,15,14,臺中市,東區,0,0,0,7,,,50,,,,,,,,,,,,,,,48,,,,,B03,,,1,,1,,,48,,1,12,4,B03,120.687713,24.137065,3
10431,66000,387130000C,(04)23274275,(04)23288582,2023,8,27,15,15,臺中市,新社區,0,0,0,7,,,15,,,,,,,,,,,,,,17,84,,,,,B03,,,1,,2,,,84,84,1,12,4,B03,120.824507,24.210708,3
10432,66000,387130000C,(04)23274275,(04)23288582,2023,8,27,15,18,臺中市,西區,0,0,0,7,,,30,,,,,,,,,,,,,,,84,,,,,C03,,,1,,1,,,84,,1,12,4,C03,120.661466,24.151122,3