序號,縣市別代碼,機關代碼,市話,傳真,年,月,日,時,分,縣市,區,死亡數量,受傷數量,2-30,天候,光線,道路類別,速限,道路型態,事故位置,路面鋪裝,路面狀態,路面缺陷,障礙物,視距,號誌種類,號誌動作,分向設施,快車道或一般車道間,快慢車道間,路面邊線,事故類型及型態,主要肇因,受傷程度,主要傷處,保護裝備,行動電話,當事者區分(類別),車輛用途,當事者行動狀態,駕駛資格情形,駕駛執照種類,飲酒情形,車輛撞擊部位最初,車輛撞擊部位其他,肇事因素個別,肇事因素主要,肇事逃逸,職業,旅次目的,車種,GPS座標X,GPS座標Y,事故類別
10433,66000,387130000C,(04)23274275,(04)23288582,2023,8,27,15,19,臺中市,西屯區,0,0,0,7,,,60,,,,,,,,,,,,,,,119,,,,,,,,,,,,,119,,1,,,,120.639414,24.188611,3
10434,66000,387130000C,(04)23274275,(04)23288582,2023,8,27,15,20,臺中市,西屯區,0,0,0,5,,,50,,,,,,,,,,,,,,,56,,,,,B03,,,1,,1,,,56,,1,13,4,B03,120.639745,24.168289,3
10435,66000,387130000C,(04)23274275,(04)23288582,2023,8,27,15,20,臺中市,外埔區,0,0,0,7,2,6,50,3,14,1,5,4,6,6,4,4,4,5,5,1,19,59,3,10,3,1,B03,7,9,1,8,2,1,,59,59,1,12,4,B03,120.694773,24.334135,3
10436,66000,387130000C,(04)23274275,(04)23288582,2023,8,27,15,24,臺中市,南屯區,0,2,0,7,2,6,50,13,7,1,5,4,6,6,4,4,1,4,4,2,13,55,3,10,3,1,B02,7,9,1,8,2,1,,55,55,1,6,4,B02,120.646016,24.150666,2
10437,66000,387130000C,(04)23274275,(04)23288582,2023,8,27,15,28,臺中市,東區,0,0,0,7,,,50,,,,,,,,,,,,,,,8,,,,,B03,,,1,,2,,,8,,1,12,4,B03,120.709418,24.144433,3
10438,66000,387130000C,(04)23274275,(04)23288582,2023,8,27,15,33,臺中市,沙鹿區,0,0,0,7,,,30,,,,,,,,,,,,,,17,51,,,,,B12,,,1,,2,,,51,,1,13,4,B12,120.610311,24.242243,4
10439,66000,387130000C,(04)23274275,(04)23288582,2023,8,27,15,37,臺中市,梧棲區,0,2,0,7,1,6,30,3,1,1,5,4,6,6,4,4,10,5,5,2,17,14,2,9,5,4,C03,7,5,1,10,2,13,,14,14,1,12,4,C03,120.545703,24.22109,2
10440,66000,387130000C,(04)23274275,(04)23288582,2023,8,27,15,39,臺中市,南屯區,0,0,0,6,3,6,50,13,9,1,5,4,6,6,1,1,5,4,5,2,12,8,,,,,B03,,,1,,1,,,8,,1,12,4,B03,120.643826,24.146854,3
10441,66000,387130000C,(04)23274275,(04)23288582,2023,8,27,15,43,臺中市,北區,0,0,0,7,,,30,,,,,,,,,,,,,,,8,,,,,B03,,,1,,2,,,8,,1,13,4,B03,120.696969,24.153548,3
10442,66000,387130000C,(04)23274275,(04)23288582,2023,8,27,15,45,臺中市,南區,0,1,0,7,3,6,50,13,7,1,5,4,6,6,4,4,1,4,4,2,17,84,3,10,3,1,B03,7,9,1,8,2,2,,84,84,1,12,4,B03,120.661915,24.121909,2
10443,66000,387130000C,(04)23274275,(04)23288582,2023,8,27,15,45,臺中市,南屯區,0,0,0,7,,,50,,,,,,,,,,,,,,,7,,,,,B03,,,1,,2,,,7,,1,13,4,B03,120.638832,24.142162,3
10444,66000,387130000C,(04)23274275,(04)23288582,2023,8,27,15,47,臺中市,西屯區,0,1,0,6,2,6,50,4,1,1,4,4,6,6,1,1,3,4,5,2,17,7,2,9,1,1,C03,7,9,1,10,2,16,,7,7,1,12,4,C03,120.655601,24.199887,2
10445,66000,387130000C,(04)23274275,(04)23288582,2023,8,27,15,47,臺中市,龍井區,0,1,0,7,2,6,30,4,1,1,5,4,6,6,4,4,10,5,5,2,16,20,,,,,,,,,,,,,,,,,,,120.582882,24.178791,2
10446,66000,387130000C,(04)23274275,(04)23288582,2023,8,27,15,49,臺中市,北屯區,0,0,0,7,,,50,,,,,,,,,,,,,,13,84,,,,,B03,,,1,4,1,,,84,84,1,12,4,B03,120.70735,24.187941,3
10447,66000,387130000C,(04)23274275,(04)23288582,2023,8,27,15,49,臺中市,西屯區,0,0,0,7,,,50,,,,,,,,,,,,,,,7,,,,,B12,,,1,,1,,,7,,1,12,4,B12,120.614123,24.183851,3
10448,66000,387130000C,(04)23274275,(04)23288582,2023,8,27,15,50,臺中市,北區,0,5,0,6,2,9,50,4,2,1,4,4,6,6,1,1,1,4,5,2,17,8,2,9,1,1,C03,7,15,1,10,2,14,,8,8,1,13,4,C03,120.670529,24.162837,2
10449,66000,387130000C,(04)23274275,(04)23288582,2023,8,27,15,52,臺中市,西區,0,0,0,7,,,50,,,,,,,,,,,,,,,84,,,,,B03,,,1,,1,,,84,84,1,13,4,B03,120.661587,24.155869,3
10450,66000,387130000C,(04)23274275,(04)23288582,2023,8,27,15,54,臺中市,北屯區,0,1,0,7,1,6,50,4,1,1,5,4,6,6,2,1,10,5,5,2,13,21,3,10,5,4,B03,7,9,1,8,2,1,,21,21,1,6,4,B03,120.691287,24.170528,2
10451,66000,387130000C,(04)23274275,(04)23288582,2023,8,27,15,55,臺中市,東勢區,0,0,0,7,,,50,,,,,,,,,,,,,,,55,,,,,B03,,,1,,2,,,55,,1,12,4,B03,120.848113,24.240897,3
10452,66000,387130000C,(04)23274275,(04)23288582,2023,8,27,15,56,臺中市,北區,0,1,0,7,1,6,50,13,7,1,5,4,6,6,4,4,1,4,4,2,13,59,2,9,2,1,C03,7,9,1,10,2,11,,59,59,1,12,4,C03,120.672341,24.170415,2
10453,66000,387130000C,(04)23274275,(04)23288582,2023,8,27,15,56,臺中市,大里區,0,1,0,6,3,6,50,3,1,1,5,4,6,6,3,1,10,5,5,2,13,59,2,7,3,1,B03,7,9,1,8,2,5,,59,59,1,13,4,B03,120.676945,24.097603,2
10454,66000,387130000C,(04)23274275,(04)23288582,2023,8,27,16,4,臺中市,東區,0,1,0,7,3,6,40,4,2,1,5,4,6,6,1,1,1,5,4,2,12,84,2,8,1,1,C03,7,8,1,10,2,14,,84,84,1,12,4,C03,120.697168,24.14028,2
10455,66000,387130000C,(04)23274275,(04)23288582,2023,8,27,16,6,臺中市,北屯區,0,0,0,7,,,40,,,,,,,,,,,,,,,49,,,,,B03,,,1,,1,,,49,,1,12,4,B03,120.683714,24.197855,3
10456,66000,387130000C,(04)23274275,(04)23288582,2023,8,27,16,6,臺中市,東勢區,0,0,0,7,,,50,,,,,,,,,,,,,,11,84,,,,,B03,,,1,,2,,,84,84,1,12,4,B03,120.839027,24.194913,3
10457,66000,387130000C,(04)23274275,(04)23288582,2023,8,27,16,14,臺中市,西屯區,0,1,0,7,2,6,30,3,1,1,4,4,6,6,4,4,10,4,5,2,16,20,3,10,3,1,B03,7,9,1,8,2,8,,20,20,1,13,4,B03,120.651967,24.16539,2
10458,66000,387130000C,(04)23274275,(04)23288582,2023,8,27,16,14,臺中市,太平區,0,1,0,7,2,6,50,3,1,1,5,4,6,6,1,1,5,5,5,2,17,84,2,9,1,1,C03,7,9,1,10,2,11,,84,84,1,12,4,C03,120.722438,24.149329,2
10459,66000,387130000C,(04)23274275,(04)23288582,2023,8,27,16,18,臺中市,北區,0,0,0,7,,,50,,,,,,,,,,,,,,,49,,,,,B12,,,1,,2,,,49,,1,12,4,B12,120.696278,24.155655,3
10460,66000,387130000C,(04)23274275,(04)23288582,2023,8,27,16,30,臺中市,西區,0,2,0,7,2,6,50,5,1,1,5,4,6,6,1,1,10,5,5,2,16,25,2,9,6,1,F01,7,9,7,21,2,14,,25,25,1,12,4,F01,120.668519,24.132093,2
10461,66000,387130000C,(04)23274275,(04)23288582,2023,8,27,16,30,臺中市,大肚區,0,1,0,7,2,6,50,13,9,1,5,4,4,6,4,4,5,5,5,2,17,58,2,8,1,1,C03,7,15,1,9,2,13,,58,58,1,13,4,C03,120.579191,24.174062,2
10462,66000,387130000C,(04)23274275,(04)23288582,2023,8,27,16,32,臺中市,西區,0,1,0,7,2,6,50,3,2,1,5,4,6,6,4,4,5,5,4,2,17,39,3,10,1,1,C03,7,11,1,10,2,12,,39,39,1,13,4,C03,120.661684,24.135837,2
10463,66000,387130000C,(04)23274275,(04)23288582,2023,8,27,16,40,臺中市,南屯區,0,1,0,7,2,6,50,4,1,1,5,4,6,6,1,1,10,5,5,2,16,84,3,10,3,1,B03,7,6,1,8,2,7,,84,84,1,6,4,B03,120.64396,24.133386,2
10464,66000,387130000C,(04)23274275,(04)23288582,2023,8,27,16,43,臺中市,豐原區,0,0,0,7,,,50,,,,,,,,,,,,,,,49,,,,,B03,,,1,,2,,,49,,1,6,4,B03,120.719906,24.261628,4
10465,66000,387130000C,(04)23274275,(04)23288582,2023,8,27,16,48,臺中市,神岡區,0,1,0,7,1,6,1,3,2,1,5,4,6,6,4,4,5,4,5,1,17,51,2,9,5,4,B03,7,1,1,8,2,4,,51,51,1,12,4,B03,120.701334,24.252564,2
10466,66000,387130000C,(04)23274275,(04)23288582,2023,8,27,16,49,臺中市,北屯區,0,0,0,7,,,50,,,,,,,,,,,,,,16,24,,,,,B01,,,1,,1,,,24,24,1,13,4,B01,120.682156,24.192411,3
10467,66000,387130000C,(04)23274275,(04)23288582,2023,8,27,16,53,臺中市,大里區,0,1,0,6,3,6,50,4,1,1,5,4,6,6,1,1,10,5,5,2,13,51,3,10,3,1,B03,7,1,1,8,2,1,,51,51,1,6,4,B03,120.682265,24.104785,2
10468,66000,387130000C,(04)23274275,(04)23288582,2023,8,27,16,54,臺中市,東區,0,0,0,7,,,50,,,,,,,,,,,,,,,7,,,,,B03,,,1,,9,,,7,,1,12,4,B03,120.706588,24.136644,3
10469,66000,387130000C,(04)23274275,(04)23288582,2023,8,27,16,59,臺中市,豐原區,0,2,0,7,2,6,50,3,1,1,5,4,6,6,4,4,10,5,5,2,16,12,3,10,5,4,B02,7,6,1,8,2,1,,12,12,1,12,4,B02,120.734081,24.23918,2
10470,66000,387130000C,(04)23274275,(04)23288582,2023,8,27,17,8,臺中市,北區,0,0,0,7,3,6,50,13,8,1,5,4,6,6,4,4,8,3,4,2,14,49,,,,,C03,,,1,,1,,,49,,1,13,4,C03,120.689105,24.147094,4
10471,66000,387130000C,(04)23274275,(04)23288582,2023,8,27,17,10,臺中市,南屯區,0,1,0,7,2,6,50,4,2,1,5,4,6,6,1,1,9,5,4,2,17,48,2,8,1,1,C03,7,6,1,10,2,15,,48,48,1,13,4,C03,120.636798,24.153605,2
10472,66000,387130000C,(04)23274275,(04)23288582,2023,8,27,17,10,臺中市,南屯區,0,1,0,7,1,6,50,3,2,1,5,4,6,6,1,1,1,2,1,2,13,59,3,10,5,4,B03,7,9,1,8,2,5,,59,59,1,13,4,B03,120.585375,24.166733,2
10473,66000,387130000C,(04)23274275,(04)23288582,2023,8,27,17,10,臺中市,北屯區,0,4,0,7,1,6,50,4,1,1,5,4,6,6,4,4,10,5,5,2,15,15,2,9,5,4,C03,7,9,1,10,2,11,12,15,15,1,6,4,C03,120.727191,24.174654,2
10474,66000,387130000C,(04)23274275,(04)23288582,2023,8,27,17,17,臺中市,潭子區,0,2,0,6,2,6,80,13,7,1,5,4,6,6,4,4,1,3,5,1,12,43,3,10,3,1,B03,7,8,1,8,2,4,,43,43,1,13,4,B03,120.718961,24.196754,2
10475,66000,387130000C,(04)23274275,(04)23288582,2023,8,27,17,27,臺中市,西區,0,1,0,7,3,6,50,4,1,1,5,4,6,6,2,1,10,5,5,2,12,84,2,9,1,1,C03,7,15,1,10,2,14,,84,84,1,13,4,C03,120.661682,24.149038,2
10476,66000,387130000C,(04)23274275,(04)23288582,2023,8,27,17,29,臺中市,西屯區,0,0,0,7,,,30,,,,,,,,,,,,,,,56,,,,,C03,,,1,,1,,,56,56,1,13,4,C03,120.661264,24.200096,3
10477,66000,387130000C,(04)23274275,(04)23288582,2023,8,27,17,30,臺中市,西區,0,1,0,7,2,6,50,4,2,1,5,4,6,6,1,1,5,4,5,2,16,46,2,9,1,1,C03,7,11,1,10,2,14,,46,46,1,12,4,C03,120.655125,24.152342,2
10478,66000,387130000C,(04)23274275,(04)23288582,2023,8,27,17,30,臺中市,大里區,0,0,0,7,,,30,,,,,,,,,,,,,,,49,,,,,B03,,,1,,9,,,49,,1,12,4,B03,120.692752,24.111049,3
10479,66000,387130000C,(04)23274275,(04)23288582,2023,8,27,17,31,臺中市,烏日區,0,0,0,7,,,30,,,,,,,,,,,,,,,14,,,,,B03,,,1,,2,,,14,,1,12,4,B03,120.63556,24.04937,3
10480,66000,387130000C,(04)23274275,(04)23288582,2023,8,27,17,38,臺中市,南區,0,0,0,7,,,30,,,,,,,,,,,,,,,49,,,,,B01,,,1,,2,,,49,,1,13,4,B01,120.681342,24.126989,3
10481,66000,387130000C,(04)23274275,(04)23288582,2023,8,27,17,44,臺中市,西屯區,0,0,0,7,,,50,,,,,,,,,,,,,,,49,,,,,B03,,,1,,1,,,49,,1,12,4,B03,120.641538,24.168789,3
10482,66000,387130000C,(04)23274275,(04)23288582,2023,8,27,17,45,臺中市,大肚區,0,1,0,7,2,6,30,3,1,1,5,4,6,6,4,4,10,5,5,2,11,12,3,10,1,1,C03,7,5,3,19,2,11,,12,12,1,13,4,C03,120.576361,24.171817,2
10483,66000,387130000C,(04)23274275,(04)23288582,2023,8,27,17,45,臺中市,沙鹿區,0,3,0,7,3,6,30,4,1,1,5,4,6,3,4,4,10,5,5,2,15,13,2,9,2,1,C03,7,9,1,10,2,12,,13,13,1,6,4,C03,120.561021,24.241811,2
10484,66000,387130000C,(04)23274275,(04)23288582,2023,8,27,17,48,臺中市,北區,0,0,0,7,,,50,,,,,,,,,,,,,,,51,,,,,B03,,,1,,2,,,51,51,1,13,4,B03,120.694326,24.155623,3
10485,66000,387130000C,(04)23274275,(04)23288582,2023,8,27,18,0,臺中市,神岡區,0,0,0,7,,,30,,,,,,,,,,,,,,,59,,,,,B12,,,1,,2,,,59,,1,12,4,B12,120.686081,24.252055,3
10486,66000,387130000C,(04)23274275,(04)23288582,2023,8,27,18,3,臺中市,西屯區,0,0,0,7,,,50,,,,,,,,,,,,,,,84,,,,,B03,,,1,,1,,,84,,1,13,4,B03,120.635314,24.172902,3
10487,66000,387130000C,(04)23274275,(04)23288582,2023,8,27,18,4,臺中市,北區,0,0,0,7,,,50,,,,,,,,,,,,,,14,49,,,,,B03,,,1,,1,,,49,,1,12,4,B03,120.680495,24.157178,3
10488,66000,387130000C,(04)23274275,(04)23288582,2023,8,27,18,8,臺中市,北屯區,0,1,0,7,1,6,50,4,1,1,5,4,6,6,1,1,10,5,5,2,15,21,2,9,2,1,C03,7,9,1,10,2,11,14,21,21,1,12,4,C03,120.688335,24.177115,2
10489,66000,387130000C,(04)23274275,(04)23288582,2023,8,27,18,9,臺中市,清水區,0,2,0,5,3,6,30,3,1,1,4,4,6,6,4,4,10,5,5,1,16,14,2,7,1,1,C03,7,6,1,8,2,13,,14,14,1,12,4,C03,120.590461,24.31627,2
10490,66000,387130000C,(04)23274275,(04)23288582,2023,8,27,18,11,臺中市,太平區,0,1,0,7,1,6,50,3,1,1,5,4,5,6,1,1,5,5,5,2,17,32,3,10,3,1,B03,7,11,3,19,2,8,,32,32,1,12,4,B03,120.733034,24.142173,2
10491,66000,387130000C,(04)23274275,(04)23288582,2023,8,27,18,14,臺中市,西區,0,0,0,7,,,50,,,,,,,,,,,,,,,85,,,,,,,,,,,,,85,85,1,,,,120.67807,24.136783,3
10492,66000,387130000C,(04)23274275,(04)23288582,2023,8,27,18,15,臺中市,大甲區,0,0,0,5,,,50,,,,,,,,,,,,,,,50,,,,,B03,,,1,,2,,,50,,1,12,4,B03,120.619493,24.34847,3
10493,66000,387130000C,(04)23274275,(04)23288582,2023,8,27,18,16,臺中市,北區,0,0,0,7,,,50,,,,,,,,,,,,,,,20,,,,,B03,,,1,,1,,,20,,1,12,4,B03,120.679937,24.159905,3
10494,66000,387130000C,(04)23274275,(04)23288582,2023,8,27,18,18,臺中市,烏日區,0,0,0,7,,,30,,,,,,,,,,,,,,12,7,,,,,C03,,,1,,2,,,7,,1,6,4,C03,120.584023,24.112337,3
10495,66000,387130000C,(04)23274275,(04)23288582,2023,8,27,18,20,臺中市,西屯區,0,0,0,7,,,30,,,,,,,,,,,,,,,85,,,,,C03,,,1,,10,,,85,,1,12,4,C03,120.649999,24.176115,3
10496,66000,387130000C,(04)23274275,(04)23288582,2023,8,27,18,20,臺中市,西屯區,0,1,0,7,1,6,50,5,1,1,5,4,6,6,1,1,5,5,5,2,16,11,3,10,3,1,B03,7,5,1,8,2,1,,11,11,1,12,4,B03,120.643227,24.176807,2
10497,66000,387130000C,(04)23274275,(04)23288582,2023,8,27,18,21,臺中市,北屯區,0,1,0,7,1,6,30,4,1,1,5,4,6,6,4,4,10,5,5,2,15,15,3,10,5,4,B12,7,9,1,8,2,5,,15,15,1,13,4,B12,120.706646,24.171195,2
10498,66000,387130000C,(04)23274275,(04)23288582,2023,8,27,18,28,臺中市,東區,0,0,0,7,,,50,,,,,,,,,,,,,,,49,,,,,C03,,,1,,1,,,49,,1,12,4,C03,120.694821,24.134779,3
10499,66000,387130000C,(04)23274275,(04)23288582,2023,8,27,18,32,臺中市,西區,0,1,0,7,1,6,50,5,1,1,5,4,6,6,2,1,10,5,5,2,17,11,3,10,3,1,B03,7,6,1,8,2,8,,11,11,1,5,4,B03,120.665649,24.135153,2
10500,66000,387130000C,(04)23274275,(04)23288582,2023,8,27,18,38,臺中市,西區,0,2,0,7,1,6,50,13,9,1,5,4,4,5,4,4,5,4,5,2,9,87,2,9,1,1,C03,7,9,1,10,2,14,,87,87,1,13,4,C03,120.66405,24.146874,2
10501,66000,387130000C,(04)23274275,(04)23288582,2023,8,27,18,38,臺中市,太平區,0,0,0,7,,,50,,,,,,,,,,,,,,,84,,,,,B03,,,1,,2,,,84,,1,12,4,B03,120.721112,24.126504,3
10502,66000,387130000C,(04)23274275,(04)23288582,2023,8,27,18,56,臺中市,南屯區,0,0,0,7,,,80,,,,,,,,,,,,,,13,7,,,,,B03,,,1,,1,,,7,,1,6,4,B03,120.623155,24.144134,3
10503,66000,387130000C,(04)23274275,(04)23288582,2023,8,27,18,56,臺中市,西屯區,0,0,0,7,,,50,,,,,,,,,,,,,,,58,,,,,B03,,,3,,2,,,58,,1,13,4,B03,120.651231,24.198079,3
10504,66000,387130000C,(04)23274275,(04)23288582,2023,8,27,18,57,臺中市,南屯區,0,1,0,7,1,6,40,13,9,1,5,4,6,6,1,1,8,5,5,2,13,58,2,9,2,1,C03,7,9,1,10,2,11,,58,58,1,13,2,C03,120.633792,24.124302,2
10505,66000,387130000C,(04)23274275,(04)23288582,2023,8,27,18,58,臺中市,南屯區,0,1,0,7,1,6,50,3,1,1,5,4,6,6,2,1,10,5,5,2,17,51,3,10,3,1,B03,7,1,1,8,2,4,,51,51,1,12,4,B03,120.615494,24.149329,2
10506,66000,387130000C,(04)23274275,(04)23288582,2023,8,27,18,59,臺中市,西屯區,0,2,0,7,1,6,50,4,1,1,5,4,6,6,1,1,1,4,5,2,16,48,2,9,2,1,C03,7,6,1,10,2,12,,48,11,1,13,4,C03,120.639512,24.174659,2
10507,66000,387130000C,(04)23274275,(04)23288582,2023,8,27,19,7,臺中市,新社區,0,1,0,7,1,6,30,13,9,1,5,4,6,6,4,4,10,5,5,2,11,41,3,10,3,1,B03,7,9,1,8,2,8,,41,41,1,12,4,B03,120.815925,24.234705,2
10508,66000,387130000C,(04)23274275,(04)23288582,2023,8,27,19,12,臺中市,西屯區,0,0,0,7,,,50,,,,,,,,,,,,,,,51,,,,,B03,,,1,,1,,,51,51,1,12,4,B03,120.650246,24.176429,3
10509,66000,387130000C,(04)23274275,(04)23288582,2023,8,27,19,19,臺中市,北屯區,0,1,0,7,1,6,50,13,7,1,5,4,6,6,4,4,3,4,4,2,13,56,2,1,3,1,B03,7,9,1,8,2,1,,56,56,1,13,4,B03,120.676204,24.186625,2
10510,66000,387130000C,(04)23274275,(04)23288582,2023,8,27,19,20,臺中市,東區,0,0,0,7,1,6,50,4,1,1,5,4,6,6,1,1,10,5,5,2,12,84,3,10,3,1,B03,7,15,1,8,2,8,,84,84,1,12,4,B03,120.689144,24.136986,3
10511,66000,387130000C,(04)23274275,(04)23288582,2023,8,27,19,25,臺中市,大甲區,0,1,0,6,1,6,50,4,1,1,4,4,6,6,4,4,10,5,5,2,17,14,2,9,1,1,C03,7,6,1,10,2,12,,14,14,1,13,4,C03,120.621711,24.346399,2
10512,66000,387130000C,(04)23274275,(04)23288582,2023,8,27,19,27,臺中市,神岡區,0,1,0,7,1,6,30,3,1,1,5,4,6,6,4,4,10,5,5,2,17,41,3,10,5,4,B03,7,6,1,8,2,8,,41,41,1,12,4,B03,120.687286,24.246052,2
10513,66000,387130000C,(04)23274275,(04)23288582,2023,8,27,19,30,臺中市,北屯區,0,0,0,7,,,50,,,,,,,,,,,,,,12,40,,,,,B03,,,1,8,2,,,40,40,1,12,4,B03,120.703097,24.182284,3
10514,66000,387130000C,(04)23274275,(04)23288582,2023,8,27,19,31,臺中市,潭子區,0,1,0,7,1,6,50,3,2,1,5,4,6,6,4,4,5,4,5,1,17,45,3,10,1,1,C03,7,11,1,10,2,11,,45,45,1,13,4,C03,120.700513,24.212291,2
10515,66000,387130000C,(04)23274275,(04)23288582,2023,8,27,19,40,臺中市,東區,0,1,0,7,1,6,50,5,1,1,5,4,6,6,2,1,10,5,5,2,16,39,3,10,3,1,B03,7,5,1,8,2,2,,39,39,1,12,4,B03,120.693452,24.133073,2
10516,66000,387130000C,(04)23274275,(04)23288582,2023,8,27,19,46,臺中市,太平區,0,1,0,7,1,6,50,3,1,1,5,4,6,6,4,4,10,5,5,2,16,45,3,10,3,1,B03,7,11,1,8,2,1,,45,45,1,12,4,B03,120.732688,24.116336,2
10517,66000,387130000C,(04)23274275,(04)23288582,2023,8,27,19,47,臺中市,太平區,0,0,0,7,,,50,,,,,,,,,,,,,,16,11,,,,,C03,,,1,,1,,,11,,1,6,4,C03,120.712548,24.157362,3
10518,66000,387130000C,(04)23274275,(04)23288582,2023,8,27,19,49,臺中市,北區,0,2,0,7,1,6,50,4,1,1,5,4,6,6,1,1,10,5,5,2,16,11,2,9,1,1,C03,7,6,1,10,2,11,,11,11,1,13,4,C03,120.680967,24.160363,2
10519,66000,387130000C,(04)23274275,(04)23288582,2023,8,27,19,51,臺中市,西區,0,0,0,7,,,50,,,,,,,,,,,,,,13,59,,,,,B03,,,1,,2,,,59,,1,12,4,B03,120.659687,24.157317,3
10520,66000,387130000C,(04)23274275,(04)23288582,2023,8,27,19,51,臺中市,南屯區,0,1,0,7,1,6,50,4,1,1,5,4,6,6,4,4,5,4,4,2,16,12,3,10,5,4,B03,7,6,1,8,2,8,,12,12,1,13,4,B03,120.642096,24.13606,2
10521,66000,387130000C,(04)23274275,(04)23288582,2023,8,27,19,51,臺中市,西屯區,0,0,0,7,,,50,,,,,,,,,,,,,,,84,,,,,B03,,,1,,2,,,84,,1,13,4,B03,120.65867,24.174437,3
10522,66000,387130000C,(04)23274275,(04)23288582,2023,8,27,19,56,臺中市,北區,0,0,0,7,,,50,,,,,,,,,,,,,,,59,,,,,C03,,,1,,1,,,59,,1,13,4,C03,120.685076,24.151367,3
10523,66000,387130000C,(04)23274275,(04)23288582,2023,8,27,20,3,臺中市,西區,0,2,0,7,1,6,50,4,1,1,5,4,6,6,1,1,10,5,5,2,16,20,3,10,3,1,B03,7,6,5,19,2,8,,20,20,1,12,4,B03,120.661673,24.150865,2
10524,66000,387130000C,(04)23274275,(04)23288582,2023,8,27,20,4,臺中市,北區,0,1,0,7,2,6,50,4,1,1,5,4,6,6,1,1,10,5,5,2,13,84,3,10,3,1,B03,7,9,1,8,2,5,,84,84,1,12,4,B03,120.670491,24.157514,2
10525,66000,387130000C,(04)23274275,(04)23288582,2023,8,27,20,7,臺中市,西區,0,0,0,7,,,50,,,,,,,,,,,,,,,84,,,,,C03,,,1,10,2,,,84,84,1,13,4,C03,120.661533,24.154379,3
10526,66000,387130000C,(04)23274275,(04)23288582,2023,8,27,20,9,臺中市,南區,0,0,0,7,,,50,,,,,,,,,,,,,,,1,,,,,C03,,,1,,2,,,1,,1,13,4,C03,120.652725,24.122286,3
10527,66000,387130000C,(04)23274275,(04)23288582,2023,8,27,20,20,臺中市,東區,0,0,0,7,,,50,,,,,,,,,,,,,,,51,,,,,B03,,,1,,1,,,51,,1,12,4,B03,120.683274,24.134709,3
10528,66000,387130000C,(04)23274275,(04)23288582,2023,8,27,20,25,臺中市,南屯區,0,0,0,7,,,50,,,,,,,,,,,,,,14,84,,,,,B03,,,1,,1,,,84,,1,6,4,B03,120.624052,24.149413,3
10529,66000,387130000C,(04)23274275,(04)23288582,2023,8,27,20,30,臺中市,東區,0,2,0,7,1,6,50,4,1,1,5,4,6,6,4,4,10,5,5,2,15,15,2,9,1,1,C03,7,9,3,19,2,11,,15,15,1,12,4,C03,120.688707,24.136482,2
10530,66000,387130000C,(04)23274275,(04)23288582,2023,8,27,20,30,臺中市,西屯區,0,0,0,7,,,40,,,,,,,,,,,,,,,84,,,,,B03,,,1,,1,,,84,84,1,12,4,B03,120.614123,24.183851,3
10531,66000,387130000C,(04)23274275,(04)23288582,2023,8,27,20,33,臺中市,烏日區,0,1,0,7,1,6,50,4,1,1,5,4,6,6,2,1,10,5,5,2,16,38,2,9,2,1,C03,7,9,1,10,2,11,,87,38,1,6,4,C03,120.650258,24.106926,2
10532,66000,387130000C,(04)23274275,(04)23288582,2023,8,27,20,35,臺中市,梧棲區,0,2,0,7,1,6,30,4,1,1,5,4,6,6,4,4,10,5,5,2,15,15,2,9,5,4,C03,7,9,1,10,2,11,,15,15,1,12,4,C03,120.526852,24.226563,2
10533,66000,387130000C,(04)23274275,(04)23288582,2023,8,27,20,37,臺中市,清水區,0,0,0,7,,,50,,,,,,,,,,,,,,,58,,,,,B03,,,1,,2,,,58,,1,12,4,B03,120.5545,24.259581,3
10534,66000,387130000C,(04)23274275,(04)23288582,2023,8,27,20,38,臺中市,北區,0,1,0,7,1,6,50,5,1,1,5,4,6,6,1,1,10,5,5,2,17,21,2,9,2,1,C03,7,9,1,10,2,11,,21,21,1,13,4,C03,120.68186,24.144574,2
10535,66000,387130000C,(04)23274275,(04)23288582,2023,8,27,20,42,臺中市,太平區,0,0,0,7,,,40,,,,,,,,,,,,,,,49,,,,,B03,,,1,,1,,,49,,1,12,4,B03,120.700644,24.148169,3
10536,66000,387130000C,(04)23274275,(04)23288582,2023,8,27,20,54,臺中市,南屯區,0,2,0,7,1,6,50,3,1,1,5,4,6,6,1,1,1,4,1,2,17,39,2,9,1,1,C03,7,5,1,10,2,12,,39,39,1,12,4,C03,120.624086,24.152203,2
10537,66000,387130000C,(04)23274275,(04)23288582,2023,8,27,20,58,臺中市,北區,0,2,0,7,2,6,50,4,1,1,5,4,6,6,1,1,10,5,5,2,13,21,2,8,1,1,C03,7,9,1,10,2,11,,21,21,1,12,4,C03,120.677301,24.165436,2
10538,66000,387130000C,(04)23274275,(04)23288582,2023,8,27,21,1,臺中市,西屯區,0,1,0,7,1,6,1,13,9,1,5,4,6,6,4,4,5,4,5,2,16,51,3,10,3,1,B03,7,1,1,8,2,8,,51,51,1,13,4,B03,120.652365,24.165592,2