序號,縣市別代碼,機關代碼,市話,傳真,年,月,日,時,分,縣市,區,死亡數量,受傷數量,2-30,天候,光線,道路類別,速限,道路型態,事故位置,路面鋪裝,路面狀態,路面缺陷,障礙物,視距,號誌種類,號誌動作,分向設施,快車道或一般車道間,快慢車道間,路面邊線,事故類型及型態,主要肇因,受傷程度,主要傷處,保護裝備,行動電話,當事者區分(類別),車輛用途,當事者行動狀態,駕駛資格情形,駕駛執照種類,飲酒情形,車輛撞擊部位最初,車輛撞擊部位其他,肇事因素個別,肇事因素主要,肇事逃逸,職業,旅次目的,車種,GPS座標X,GPS座標Y,事故類別
10539,66000,387130000C,(04)23274275,(04)23288582,2023,8,27,21,5,臺中市,烏日區,0,0,0,7,,,30,,,,,,,,,,,,,,,50,,,,,B03,,,1,,2,,,50,,1,12,4,B03,120.635916,24.109857,3
10540,66000,387130000C,(04)23274275,(04)23288582,2023,8,27,21,19,臺中市,北區,0,1,0,6,1,6,50,4,2,1,5,4,6,6,2,1,3,2,3,1,16,11,3,10,5,4,B02,7,5,1,8,2,2,,11,11,1,13,4,B02,120.694326,24.155623,2
10541,66000,387130000C,(04)23274275,(04)23288582,2023,8,27,21,33,臺中市,太平區,0,3,0,7,2,6,50,4,1,1,5,4,6,6,4,4,10,5,5,2,16,14,2,9,2,1,C03,7,9,1,10,2,11,,84,14,1,5,4,C03,120.716345,24.141799,2
10542,66000,387130000C,(04)23274275,(04)23288582,2023,8,27,21,35,臺中市,大里區,0,0,0,7,,,40,,,,,,,,,,,,,,12,20,,,,,B12,,,1,,2,,,20,,1,13,4,B12,120.691615,24.10045,3
10543,66000,387130000C,(04)23274275,(04)23288582,2023,8,27,21,40,臺中市,中區,0,2,0,7,1,6,50,4,2,1,5,4,6,6,4,4,5,4,4,2,3,95,2,8,6,5,H01,8,16,7,21,10,17,,95,95,1,13,5,H01,120.6775,24.146048,2
10544,66000,387130000C,(04)23274275,(04)23288582,2023,8,27,21,52,臺中市,大里區,0,1,0,7,3,6,50,13,9,1,5,4,6,6,4,4,9,5,5,1,16,59,2,9,4,1,F03,7,9,7,21,2,11,,59,59,1,6,4,F03,120.70156,24.084132,2
10545,66000,387130000C,(04)23274275,(04)23288582,2023,8,27,21,57,臺中市,北屯區,0,1,0,7,1,6,50,13,9,1,5,4,6,6,4,4,1,4,5,2,12,1,3,10,5,4,B03,7,4,1,8,2,2,,1,1,1,6,4,B03,120.686299,24.172276,2
10546,66000,387130000C,(04)23274275,(04)23288582,2023,8,27,22,0,臺中市,龍井區,0,0,0,7,,,60,,,,,,,,,,,,,,13,84,,,,,B03,,,1,,2,,,84,,1,13,4,B03,120.575604,24.184926,3
10547,66000,387130000C,(04)23274275,(04)23288582,2023,8,27,22,0,臺中市,龍井區,0,0,0,7,,,30,,,,,,,,,,,,,,15,26,,,,,C04,,,1,,2,,,26,,1,13,4,C04,120.596843,24.189274,3
10548,66000,387130000C,(04)23274275,(04)23288582,2023,8,27,22,37,臺中市,大雅區,0,1,0,7,1,6,50,13,7,1,5,4,6,6,4,4,1,4,4,1,3,59,3,10,3,1,B03,7,9,1,8,2,5,,59,59,1,13,4,B03,120.654102,24.220926,2
10549,66000,387130000C,(04)23274275,(04)23288582,2023,8,27,22,40,臺中市,中區,0,0,0,7,,,50,,,,,,,,,,,,,,,49,,,,,B03,,,1,,2,,,49,,1,12,4,B03,120.675048,24.143548,3
10550,66000,387130000C,(04)23274275,(04)23288582,2023,8,27,22,44,臺中市,北屯區,0,1,0,7,1,6,50,13,9,1,5,4,6,6,4,4,1,4,5,2,17,51,3,10,2,1,C03,7,1,1,10,2,16,,51,51,1,12,4,C03,120.691329,24.182711,2
10551,66000,387130000C,(04)23274275,(04)23288582,2023,8,27,22,57,臺中市,西屯區,0,0,0,7,,,50,,,,,,,,,,,,,,,8,,,,,A11,,,1,,1,,,8,,1,13,4,A11,120.637316,24.172735,3
10552,66000,387130000C,(04)23274275,(04)23288582,2023,8,27,23,0,臺中市,后里區,0,0,0,7,1,,50,13,9,1,,4,6,6,4,4,4,3,5,1,30,84,3,10,3,1,B03,7,9,1,8,2,1,,84,84,1,12,4,B03,120.72477,24.317753,3
10553,66000,387130000C,(04)23274275,(04)23288582,2023,8,27,23,3,臺中市,北區,0,2,0,7,1,6,50,4,1,1,5,4,6,6,1,1,10,5,5,2,16,47,2,9,2,1,C03,7,5,1,10,2,12,,47,47,1,13,4,C03,120.688942,24.152857,2
10554,66000,387130000C,(04)23274275,(04)23288582,2023,8,27,23,6,臺中市,北屯區,0,0,0,7,,,50,,,,,,,,,,,,,,13,84,,,,,B03,,,1,,1,,,84,84,1,12,4,B03,120.70224,24.182186,3
10555,66000,387130000C,(04)23274275,(04)23288582,2023,8,27,23,9,臺中市,潭子區,0,1,0,7,1,6,30,4,2,1,4,1,6,6,4,4,9,5,5,1,18,59,2,9,2,1,C01,7,6,1,9,2,14,,59,59,1,12,4,C01,120.714316,24.202697,2
10556,66000,387130000C,(04)23274275,(04)23288582,2023,8,27,23,11,臺中市,大里區,0,0,0,7,,,80,,,,,,,,,,,,,,30,75,,,,,B03,,,3,,2,,,75,,1,6,4,B03,120.683207,24.0854,3
10557,66000,387130000C,(04)23274275,(04)23288582,2023,8,27,23,30,臺中市,南區,0,0,0,7,,,,,,,,,,,,,,,,,9,87,,,,,,,,,,,,,87,,1,,,,120.677177,24.133064,3
10558,66000,387130000C,(04)23274275,(04)23288582,2023,8,27,23,36,臺中市,梧棲區,0,0,0,7,,,50,,,,,,,,,,,,,,14,49,,,,,B03,,,1,,2,,,49,,1,6,4,B03,120.531527,24.268693,3
10559,66000,387130000C,(04)23274275,(04)23288582,2023,8,27,23,51,臺中市,東區,0,2,0,7,1,6,50,4,1,1,5,4,6,6,3,1,9,4,5,2,15,20,2,9,1,1,C03,7,9,1,10,2,11,14,20,20,1,12,4,C03,120.704514,24.134056,2
10560,66000,387130000C,(04)23274275,(04)23288582,2023,8,28,0,10,臺中市,大里區,0,0,0,7,,,60,,,,,,,,,,,,,,12,35,,,,,B03,,,1,,2,,,35,,1,6,4,B03,120.671813,24.102127,3
10561,66000,387130000C,(04)23274275,(04)23288582,2023,8,28,0,14,臺中市,西屯區,0,0,0,7,,,50,,,,,,,,,,,,,,,84,,,,,B03,,,1,,1,,,84,,1,13,4,B03,120.629136,24.163189,3
10562,66000,387130000C,(04)23274275,(04)23288582,2023,8,28,1,11,臺中市,南屯區,0,0,0,7,,,50,,,,,,,,,,,,,,12,8,,,,,C03,,,1,,9,,,8,,1,6,4,C03,120.647778,24.143215,3
10563,66000,387130000C,(04)23274275,(04)23288582,2023,8,28,2,20,臺中市,西屯區,0,2,0,7,1,6,50,5,1,1,5,4,6,6,1,1,1,3,5,2,17,85,3,10,1,1,C03,7,9,1,10,2,11,,85,85,1,13,4,C03,120.593516,24.191252,2
10564,66000,387130000C,(04)23274275,(04)23288582,2023,8,28,3,10,臺中市,東勢區,0,1,0,7,1,6,50,3,1,1,5,4,6,6,1,1,5,4,5,1,21,84,2,9,3,1,B12,7,5,1,15,2,2,,84,84,1,12,4,B12,120.800263,24.303198,2
10565,66000,387130000C,(04)23274275,(04)23288582,2023,8,28,3,41,臺中市,西屯區,0,1,0,7,1,6,50,13,9,1,5,4,6,6,4,4,8,4,5,1,17,84,2,9,5,4,C03,7,7,1,10,2,12,,84,84,1,13,4,C03,120.636231,24.181786,2
10566,66000,387130000C,(04)23274275,(04)23288582,2023,8,28,4,9,臺中市,沙鹿區,0,0,0,7,,,50,,,,,,,,,,,,,,,59,,,,,C03,,,1,,2,,,59,,1,12,4,C03,120.579046,24.250166,3
10567,66000,387130000C,(04)23274275,(04)23288582,2023,8,28,5,15,臺中市,北屯區,0,2,0,7,1,6,50,4,1,1,5,4,6,6,1,1,10,5,5,2,17,39,2,9,6,1,F01,7,15,7,21,2,12,,39,39,1,12,4,F01,120.687491,24.188243,2
10568,66000,387130000C,(04)23274275,(04)23288582,2023,8,28,5,55,臺中市,沙鹿區,0,0,0,7,,,30,,,,,,,,,,,,,,,84,,,,,B03,,,3,,2,,,84,,2,13,4,B03,120.572858,24.234083,3
10569,66000,387130000C,(04)23274275,(04)23288582,2023,8,28,6,10,臺中市,大里區,0,0,0,7,,,50,,,,,,,,,,,,,,17,58,,,,,B03,,,1,,2,,,58,,1,6,4,B03,120.690421,24.123435,3
10570,66000,387130000C,(04)23274275,(04)23288582,2023,8,28,6,19,臺中市,沙鹿區,0,1,0,7,2,6,50,4,2,1,5,4,6,6,1,1,3,3,3,1,17,21,2,9,5,4,C03,7,9,1,10,2,12,,21,21,1,13,4,C03,120.559596,24.23723,2
10571,66000,387130000C,(04)23274275,(04)23288582,2023,8,28,6,53,臺中市,霧峰區,0,1,0,7,3,6,50,4,1,1,5,4,6,6,4,4,10,5,5,2,17,15,3,10,4,1,C03,7,9,1,10,2,11,,15,15,1,12,4,C03,120.735335,24.066594,2
10572,66000,387130000C,(04)23274275,(04)23288582,2023,8,28,6,54,臺中市,烏日區,0,0,0,7,,,40,,,,,,,,,,,,,,,59,,,,,B03,,,1,,2,,,59,,1,12,4,B03,120.612898,24.102471,3
10573,66000,387130000C,(04)23274275,(04)23288582,2023,8,28,7,0,臺中市,豐原區,0,0,0,7,,,60,,,,,,,,,,,,,,,7,,,,,B03,,,1,,2,,,7,,1,13,4,B03,120.730147,24.265341,3
10574,66000,387130000C,(04)23274275,(04)23288582,2023,8,28,7,2,臺中市,豐原區,0,1,0,7,2,6,50,4,1,1,5,4,6,6,2,1,1,3,4,1,16,21,2,9,1,1,C03,7,9,2,19,2,11,14,21,21,1,13,4,C03,120.728705,24.251019,2
10575,66000,387130000C,(04)23274275,(04)23288582,2023,8,28,7,5,臺中市,大里區,0,2,0,7,2,6,50,4,9,1,5,4,6,6,1,1,5,5,5,1,13,7,3,10,3,1,B12,7,9,1,8,2,5,,7,59,1,13,4,B12,120.70905,24.08244,2
10576,66000,387130000C,(04)23274275,(04)23288582,2023,8,28,7,6,臺中市,龍井區,0,0,0,7,,,50,,,,,,,,,,,,,,,7,,,,,B03,,,1,,11,,,7,7,1,13,4,B03,120.579472,24.182824,3
10577,66000,387130000C,(04)23274275,(04)23288582,2023,8,28,7,6,臺中市,豐原區,0,0,0,7,3,6,50,11,9,1,5,4,6,6,4,4,10,4,5,1,13,7,3,10,3,1,B03,7,9,1,8,2,1,,7,7,1,12,4,B03,120.728784,24.276512,3
10578,66000,387130000C,(04)23274275,(04)23288582,2023,8,28,7,9,臺中市,大里區,0,4,0,7,2,6,30,3,2,1,5,4,6,3,4,4,10,5,5,2,11,8,2,9,5,4,C03,7,5,1,10,2,11,,8,8,1,13,4,C03,120.707139,24.098909,2
10579,66000,387130000C,(04)23274275,(04)23288582,2023,8,28,7,13,臺中市,北屯區,0,0,0,7,,,80,,,,,,,,,,,,,,,7,,,,,B03,,,1,,1,,,7,,1,12,4,B03,120.721377,24.17878,3
10580,66000,387130000C,(04)23274275,(04)23288582,2023,8,28,7,14,臺中市,大雅區,0,0,0,7,,,30,,,,,,,,,,,,,,,47,,,,,B03,,,1,,2,,,47,,1,12,4,B03,120.657352,24.224319,3
10581,66000,387130000C,(04)23274275,(04)23288582,2023,8,28,7,15,臺中市,北屯區,0,0,0,7,,,50,,,,,,,,,,,,,,12,1,,,,,B03,,,1,,2,,,1,1,1,12,4,B03,120.698241,24.172787,3
10582,66000,387130000C,(04)23274275,(04)23288582,2023,8,28,7,16,臺中市,大里區,0,3,0,7,3,6,30,3,2,1,5,4,6,6,4,4,10,5,5,2,11,53,2,9,1,1,C03,7,9,3,19,8,14,,53,53,1,6,4,C03,120.680576,24.11638,2
10583,66000,387130000C,(04)23274275,(04)23288582,2023,8,28,7,21,臺中市,北區,0,1,0,7,2,6,50,11,7,1,5,4,6,6,4,4,5,4,4,2,18,84,2,9,2,1,C03,7,9,1,10,2,15,,84,84,1,13,4,C03,120.674572,24.168846,2
10584,66000,387130000C,(04)23274275,(04)23288582,2023,8,28,7,21,臺中市,后里區,0,0,0,7,1,6,50,13,9,1,5,4,3,6,4,4,9,5,5,1,12,43,,,,,A12,,,1,,2,,,43,43,1,12,4,A12,120.714457,24.332997,3
10585,66000,387130000C,(04)23274275,(04)23288582,2023,8,28,7,22,臺中市,北區,0,2,0,7,2,6,50,13,9,1,5,4,6,6,4,4,5,4,5,2,3,98,2,9,6,5,H01,8,16,7,21,10,17,,98,98,1,12,5,H01,120.676597,24.151907,2
10586,66000,387130000C,(04)23274275,(04)23288582,2023,8,28,7,23,臺中市,大里區,0,0,0,7,2,6,50,13,9,1,5,4,6,6,1,1,5,4,5,1,13,58,,,,,B03,,,1,,2,,,58,,1,13,4,B03,120.701575,24.124609,3
10587,66000,387130000C,(04)23274275,(04)23288582,2023,8,28,7,25,臺中市,南屯區,0,0,0,7,,,50,,,,,,,,,,,,,,,51,,,,,B03,,,1,,2,,,51,,1,13,4,B03,120.626993,24.149867,3
10588,66000,387130000C,(04)23274275,(04)23288582,2023,8,28,7,32,臺中市,潭子區,0,1,0,7,2,6,60,13,12,1,5,4,6,6,4,4,1,4,5,1,13,58,3,10,2,1,C03,7,9,3,19,2,11,,58,58,1,10,4,C03,120.689923,24.225138,2
10589,66000,387130000C,(04)23274275,(04)23288582,2023,8,28,7,33,臺中市,大雅區,0,2,0,7,2,6,30,13,9,1,5,4,6,6,4,4,10,5,5,2,17,49,2,9,1,1,C03,7,2,1,10,2,13,,49,49,1,12,4,C03,120.676364,24.214956,2
10590,66000,387130000C,(04)23274275,(04)23288582,2023,8,28,7,33,臺中市,北屯區,0,0,0,7,,,60,,,,,,,,,,,,,,12,8,,,,,B03,,,1,,1,,,8,,1,6,4,B03,120.72147,24.162428,3
10591,66000,387130000C,(04)23274275,(04)23288582,2023,8,28,7,33,臺中市,梧棲區,0,1,0,7,3,6,60,3,1,1,5,4,6,6,1,1,10,5,5,2,17,7,2,9,1,1,C03,7,9,1,10,2,16,,7,7,1,6,4,C03,120.529649,24.23428,2
10592,66000,387130000C,(04)23274275,(04)23288582,2023,8,28,7,35,臺中市,龍井區,0,0,0,7,,,30,,,,,,,,,,,,,,,49,,,,,B03,,,1,,2,,,49,,1,6,4,B03,120.530625,24.183442,3
10593,66000,387130000C,(04)23274275,(04)23288582,2023,8,28,7,36,臺中市,東區,0,1,0,7,2,6,50,4,1,1,5,4,6,6,1,1,10,5,5,2,15,21,3,10,3,1,B03,7,9,1,8,2,8,,21,21,1,12,4,B03,120.689248,24.142886,2
10594,66000,387130000C,(04)23274275,(04)23288582,2023,8,28,7,36,臺中市,南屯區,0,1,0,7,2,6,50,3,2,1,5,4,6,6,4,4,5,5,5,2,16,45,2,9,2,1,C03,7,11,1,10,2,14,,45,45,1,13,4,C03,120.61024,24.138631,2
10595,66000,387130000C,(04)23274275,(04)23288582,2023,8,28,7,38,臺中市,梧棲區,0,0,0,7,,,50,,,,,,,,,,,,,,13,7,,,,,C03,,,1,,1,,,7,,1,6,4,C03,120.545059,24.226991,3
10596,66000,387130000C,(04)23274275,(04)23288582,2023,8,28,7,39,臺中市,西屯區,0,0,0,7,,,30,,,,,,,,,,,,,,17,8,,,,,A12,,,1,,9,,,8,8,1,12,4,A12,120.617428,24.174915,3
10597,66000,387130000C,(04)23274275,(04)23288582,2023,8,28,7,40,臺中市,南屯區,0,4,0,7,2,6,50,13,9,1,5,4,6,6,4,4,1,4,5,2,17,84,2,9,1,1,C03,7,9,1,10,2,14,,84,84,1,6,4,C03,120.637144,24.142766,2
10598,66000,387130000C,(04)23274275,(04)23288582,2023,8,28,7,41,臺中市,大甲區,0,0,0,7,,,30,,,,,,,,,,,,,,1,41,,,,,B03,,,1,,1,,,41,,1,6,4,B03,120.62231,24.359666,3
10599,66000,387130000C,(04)23274275,(04)23288582,2023,8,28,7,41,臺中市,神岡區,0,1,0,7,3,6,50,4,1,1,5,4,6,6,1,1,5,5,5,2,17,1,3,10,3,1,B12,7,5,1,7,2,2,,22,6,1,13,4,B12,120.67083,24.261835,2
10600,66000,387130000C,(04)23274275,(04)23288582,2023,8,28,7,45,臺中市,后里區,0,2,0,7,2,6,30,3,1,1,5,4,6,6,4,4,10,5,5,2,11,41,2,9,2,1,C03,7,9,1,10,2,14,12,41,41,1,12,4,C03,120.718405,24.313205,2
10601,66000,387130000C,(04)23274275,(04)23288582,2023,8,28,7,47,臺中市,大里區,0,0,0,7,,,80,,,,,,,,,,,,,,13,7,,,,,A11,,,1,,2,,,7,,1,6,4,A11,120.689548,24.096384,3
10602,66000,387130000C,(04)23274275,(04)23288582,2023,8,28,7,50,臺中市,西屯區,0,0,0,7,,,50,,,,,,,,,,,,,,17,51,,,,,C03,,,1,,2,,,51,,1,13,4,C03,120.637136,24.170976,3
10603,66000,387130000C,(04)23274275,(04)23288582,2023,8,28,7,50,臺中市,沙鹿區,0,0,0,7,,,50,,,,,,,,,,,,,,,7,,,,,C03,,,1,,2,,,7,,1,12,4,C03,120.568395,24.254814,3
10604,66000,387130000C,(04)23274275,(04)23288582,2023,8,28,7,53,臺中市,西屯區,0,1,0,7,1,6,30,13,9,1,5,4,6,6,4,4,10,3,5,2,18,84,2,9,1,1,C03,7,15,1,10,2,14,,84,84,1,12,4,C03,120.608112,24.161105,2
10605,66000,387130000C,(04)23274275,(04)23288582,2023,8,28,7,53,臺中市,梧棲區,0,0,0,7,,,50,,,,,,,,,,,,,,13,7,,,,,C03,,,1,,1,,,7,,1,6,4,C03,120.536468,24.238782,3
10606,66000,387130000C,(04)23274275,(04)23288582,2023,8,28,7,55,臺中市,北屯區,0,1,0,7,2,6,50,3,1,1,5,4,6,6,4,4,1,4,5,2,16,14,3,10,3,1,B12,7,5,1,8,2,5,,14,14,1,12,4,B12,120.72522,24.18088,2
10607,66000,387130000C,(04)23274275,(04)23288582,2023,8,28,7,58,臺中市,大里區,0,0,0,7,2,6,80,13,9,1,5,4,6,6,4,4,1,3,5,1,13,59,,,,,B03,,,1,,1,,,59,,1,13,4,B03,120.68234,24.081099,3
10608,66000,387130000C,(04)23274275,(04)23288582,2023,8,28,7,59,臺中市,豐原區,0,2,0,7,3,6,50,4,1,1,5,4,6,6,1,1,10,5,5,2,16,11,2,7,5,1,C03,7,6,1,10,2,11,,11,11,1,13,4,C03,120.718763,24.253419,2
10609,66000,387130000C,(04)23274275,(04)23288582,2023,8,28,8,0,臺中市,南屯區,0,0,0,7,,,50,,,,,,,,,,,,,,13,8,,,,,C03,,,1,10,1,,,8,8,1,12,4,C03,120.63282,24.141059,3
10610,66000,387130000C,(04)23274275,(04)23288582,2023,8,28,8,3,臺中市,西屯區,0,2,0,7,3,6,50,4,9,1,5,4,6,6,1,1,5,4,5,2,16,39,2,7,1,1,C03,7,9,1,10,2,11,,39,39,1,12,4,C03,120.655099,24.176111,2
10611,66000,387130000C,(04)23274275,(04)23288582,2023,8,28,8,5,臺中市,北屯區,0,2,0,7,2,6,40,13,8,1,5,4,6,6,4,4,1,4,4,2,12,51,2,9,2,1,C03,7,1,1,10,2,13,,51,51,1,12,4,C03,120.692042,24.162479,2
10612,66000,387130000C,(04)23274275,(04)23288582,2023,8,28,8,6,臺中市,西屯區,0,0,0,7,,,40,,,,,,,,,,,,,,,84,,,,,C03,,,1,,1,,,84,,1,12,4,C03,120.616891,24.188607,3
10613,66000,387130000C,(04)23274275,(04)23288582,2023,8,28,8,6,臺中市,神岡區,0,1,0,7,2,6,30,3,2,1,5,4,6,6,4,4,10,5,5,2,17,4,3,10,2,1,C03,7,5,1,10,2,11,,4,4,1,13,4,C03,120.69645,24.251956,2
10614,66000,387130000C,(04)23274275,(04)23288582,2023,8,28,8,9,臺中市,大里區,0,1,0,7,3,6,40,4,1,1,5,4,6,6,4,4,9,4,5,1,11,48,3,10,1,1,C03,7,6,1,10,2,11,,48,48,1,6,4,C03,120.69335,24.09226,2
10615,66000,387130000C,(04)23274275,(04)23288582,2023,8,28,8,10,臺中市,南屯區,0,0,0,7,,,50,,,,,,,,,,,,,,14,49,,,,,B12,,,1,8,2,,,49,49,1,12,4,B12,120.653282,24.135127,3
10616,66000,387130000C,(04)23274275,(04)23288582,2023,8,28,8,10,臺中市,大里區,0,0,0,7,,,40,,,,,,,,,,,,,,12,84,,,,,B03,,,1,,2,,,84,,1,6,4,B03,120.692122,24.101611,3
10617,66000,387130000C,(04)23274275,(04)23288582,2023,8,28,8,11,臺中市,北屯區,0,0,0,7,,,50,,,,,,,,,,,,,,17,21,,,,,C03,,,1,,1,,,21,,1,12,4,C03,120.696032,24.161048,3
10618,66000,387130000C,(04)23274275,(04)23288582,2023,8,28,8,12,臺中市,西屯區,0,0,0,7,,,50,,,,,,,,,,,,,,16,40,,,,,B03,,,1,,1,,,40,,1,13,4,B03,120.657127,24.200899,3
10619,66000,387130000C,(04)23274275,(04)23288582,2023,8,28,8,14,臺中市,南屯區,0,1,0,7,2,6,50,13,9,1,5,4,6,6,4,4,5,5,5,2,16,51,3,10,5,4,B01,7,1,1,4,2,5,,51,51,1,12,4,B01,120.646857,24.130767,2
10620,66000,387130000C,(04)23274275,(04)23288582,2023,8,28,8,16,臺中市,霧峰區,0,2,0,7,2,6,50,3,1,1,5,4,6,6,3,1,5,5,5,1,16,48,2,9,1,1,F01,7,6,7,21,2,14,,48,48,1,13,4,F01,120.6774,24.06432,2
10621,66000,387130000C,(04)23274275,(04)23288582,2023,8,28,8,16,臺中市,龍井區,0,2,0,7,3,6,30,4,1,1,5,4,6,6,4,4,10,5,5,2,15,15,2,9,5,4,C03,7,9,1,10,2,11,,15,15,1,6,4,C03,120.529454,24.205464,2
10622,66000,387130000C,(04)23274275,(04)23288582,2023,8,28,8,17,臺中市,北屯區,0,1,0,7,2,6,50,4,1,1,5,4,6,6,1,1,10,5,5,2,13,56,3,10,3,1,B03,7,9,1,8,2,1,,56,56,1,12,4,B03,120.692183,24.169019,2
10623,66000,387130000C,(04)23274275,(04)23288582,2023,8,28,8,19,臺中市,潭子區,0,0,0,7,,,50,,,,,,,,,,,,,,12,48,,,,,C03,,,1,,2,,,48,,1,13,4,C03,120.675846,24.204102,3
10624,66000,387130000C,(04)23274275,(04)23288582,2023,8,28,8,23,臺中市,西區,0,0,0,7,2,6,50,3,2,1,5,4,6,6,4,4,10,5,5,2,17,59,,,,,B03,,,1,,1,,,59,,1,12,4,B03,120.656661,24.148757,3
10625,66000,387130000C,(04)23274275,(04)23288582,2023,8,28,8,23,臺中市,北區,0,0,0,7,,,50,,,,,,,,,,,,,,16,84,,,,,C02,,,1,,1,,,84,,1,12,4,C02,120.673828,24.1648,3
10626,66000,387130000C,(04)23274275,(04)23288582,2023,8,28,8,23,臺中市,南屯區,0,0,0,7,,,50,,,,,,,,,,,,,,,84,,,,,B03,,,1,,1,,,84,,1,13,4,B03,120.624748,24.152125,3
10627,66000,387130000C,(04)23274275,(04)23288582,2023,8,28,8,25,臺中市,霧峰區,0,0,0,7,,,50,,,,,,,,,,,,,,16,14,,,,,B03,,,1,,2,,,14,,1,13,4,B03,120.697711,24.064735,3
10628,66000,387130000C,(04)23274275,(04)23288582,2023,8,28,8,25,臺中市,龍井區,0,1,0,7,2,6,50,13,9,1,5,4,6,6,4,4,9,5,5,2,18,84,2,9,5,4,C03,7,9,1,10,2,14,,84,84,1,13,4,C03,120.574178,24.196639,2
10629,66000,387130000C,(04)23274275,(04)23288582,2023,8,28,8,26,臺中市,西屯區,0,2,0,7,3,6,50,13,9,1,5,4,6,6,4,4,9,4,5,2,13,7,2,9,1,4,C03,7,9,1,10,2,11,,7,7,1,13,4,C03,120.609671,24.166908,2
10630,66000,387130000C,(04)23274275,(04)23288582,2023,8,28,8,28,臺中市,東區,0,0,0,7,,,50,,,,,,,,,,,,,,,51,,,,,C03,,,1,,2,,,51,51,1,13,4,C03,120.697807,24.146444,3
10631,66000,387130000C,(04)23274275,(04)23288582,2023,8,28,8,28,臺中市,南屯區,0,2,0,7,2,6,50,4,1,1,5,4,6,6,1,1,10,5,5,2,12,84,2,9,2,1,C03,7,9,1,10,2,14,,84,84,1,6,2,C03,120.633248,24.124221,2
10632,66000,387130000C,(04)23274275,(04)23288582,2023,8,28,8,40,臺中市,烏日區,0,0,0,7,,,50,,,,,,,,,,,,,,13,50,,,,,B03,,,1,,2,,,50,,1,12,4,B03,120.624613,24.104174,3
10633,66000,387130000C,(04)23274275,(04)23288582,2023,8,28,8,41,臺中市,太平區,0,2,0,7,2,6,50,13,9,1,5,4,6,6,4,4,5,5,5,1,3,95,2,9,1,1,C03,7,9,1,10,2,14,,59,95,1,13,4,C03,120.719282,24.121816,2
10634,66000,387130000C,(04)23274275,(04)23288582,2023,8,28,8,42,臺中市,西屯區,0,1,0,7,3,6,35,13,9,1,5,4,6,6,4,4,10,5,5,2,18,84,2,9,5,4,C03,7,9,1,10,2,14,,84,84,1,13,4,C03,120.628469,24.17278,2
10635,66000,387130000C,(04)23274275,(04)23288582,2023,8,28,8,47,臺中市,南區,0,1,0,7,3,6,50,13,9,1,5,4,6,6,4,4,1,2,5,2,13,7,3,10,1,1,C03,7,9,5,19,9,11,,7,7,1,12,4,C03,120.677045,24.131448,2
10636,66000,387130000C,(04)23274275,(04)23288582,2023,8,28,8,49,臺中市,豐原區,0,0,0,7,,,50,,,,,,,,,,,,,,13,59,,,,,B03,,,1,,2,,,59,,1,13,4,B03,120.733623,24.255427,3
10637,66000,387130000C,(04)23274275,(04)23288582,2023,8,28,8,50,臺中市,北屯區,0,1,0,7,2,6,50,13,7,1,5,4,6,6,4,4,5,5,4,2,12,51,2,9,2,1,C03,7,1,1,10,2,14,,51,51,1,12,4,C03,120.708362,24.169598,2
10638,66000,387130000C,(04)23274275,(04)23288582,2023,8,28,8,55,臺中市,北屯區,0,2,0,7,2,6,50,4,1,1,5,4,6,6,1,1,10,5,5,2,16,84,2,9,2,1,C03,7,9,1,10,2,11,,84,84,1,12,4,C03,120.676126,24.200741,2
10639,66000,387130000C,(04)23274275,(04)23288582,2023,8,28,8,58,臺中市,西區,0,0,0,7,,,50,,,,,,,,,,,,,,,84,,,,,B01,,,1,,1,,,84,,1,13,4,B01,120.662609,24.155678,3
10640,66000,387130000C,(04)23274275,(04)23288582,2023,8,28,8,59,臺中市,潭子區,0,3,0,7,2,6,50,11,9,1,5,4,5,6,4,4,8,4,5,2,13,59,2,5,2,1,C03,7,9,1,10,2,11,,59,59,1,13,4,C03,120.680762,24.207174,2
10641,66000,387130000C,(04)23274275,(04)23288582,2023,8,28,8,59,臺中市,北區,0,1,0,7,2,6,40,13,8,1,5,4,6,6,4,4,5,5,4,2,2,59,3,10,2,1,C03,7,9,1,10,2,12,,59,59,1,12,4,C03,120.664366,24.161389,2
10642,66000,387130000C,(04)23274275,(04)23288582,2023,8,28,9,2,臺中市,南區,0,1,0,7,2,6,40,4,1,1,5,4,6,6,1,1,10,5,5,2,17,48,2,9,1,1,F03,7,6,7,21,2,14,,48,48,1,12,4,F03,120.666731,24.114148,2
10643,66000,387130000C,(04)23274275,(04)23288582,2023,8,28,9,4,臺中市,太平區,0,0,0,7,,,50,,,,,,,,,,,,,,14,49,,,,,B12,,,1,,2,,,49,,1,13,4,B12,120.714092,24.138552,3
10644,66000,387130000C,(04)23274275,(04)23288582,2023,8,28,9,6,臺中市,西區,0,0,0,7,,,50,,,,,,,,,,,,,,30,84,,,,,B12,,,1,,2,,,84,,1,12,4,B12,120.661819,24.154411,3