序號,縣市別代碼,機關代碼,市話,傳真,年,月,日,時,分,縣市,區,死亡數量,受傷數量,2-30,天候,光線,道路類別,速限,道路型態,事故位置,路面鋪裝,路面狀態,路面缺陷,障礙物,視距,號誌種類,號誌動作,分向設施,快車道或一般車道間,快慢車道間,路面邊線,事故類型及型態,主要肇因,受傷程度,主要傷處,保護裝備,行動電話,當事者區分(類別),車輛用途,當事者行動狀態,駕駛資格情形,駕駛執照種類,飲酒情形,車輛撞擊部位最初,車輛撞擊部位其他,肇事因素個別,肇事因素主要,肇事逃逸,職業,旅次目的,車種,GPS座標X,GPS座標Y,事故類別
10645,66000,387130000C,(04)23274275,(04)23288582,2023,8,28,9,7,臺中市,沙鹿區,0,1,0,7,2,6,50,3,4,1,5,4,6,6,1,1,1,4,5,2,12,51,2,8,1,1,C03,7,1,1,10,2,14,,51,51,1,13,4,C03,120.565582,24.232374,2
10646,66000,387130000C,(04)23274275,(04)23288582,2023,8,28,9,8,臺中市,后里區,0,0,0,7,1,6,50,13,9,1,5,4,3,1,4,4,1,5,5,1,17,8,,,,,A12,,,1,,1,,,8,,1,12,4,A12,120.740328,24.327631,3
10647,66000,387130000C,(04)23274275,(04)23288582,2023,8,28,9,9,臺中市,沙鹿區,0,0,0,7,,,50,,,,,,,,,,,,,,,24,,,,,B03,,,1,,2,,,24,24,1,13,4,B03,120.559845,24.250835,3
10648,66000,387130000C,(04)23274275,(04)23288582,2023,8,28,9,11,臺中市,清水區,0,1,0,7,3,6,50,13,9,1,5,4,6,6,4,4,5,5,5,1,17,26,2,7,1,1,C03,7,11,1,10,2,12,,26,26,1,12,4,C03,120.575191,24.279223,2
10649,66000,387130000C,(04)23274275,(04)23288582,2023,8,28,9,15,臺中市,西屯區,0,2,0,7,1,6,50,4,1,1,5,4,6,6,1,1,4,3,5,2,17,20,2,9,1,1,C03,7,6,1,10,1,14,,20,20,1,12,4,C03,120.6419,24.178334,2
10650,66000,387130000C,(04)23274275,(04)23288582,2023,8,28,9,18,臺中市,北屯區,0,1,0,7,2,6,50,13,9,1,5,4,6,6,4,4,9,4,4,2,17,59,2,9,1,1,C03,7,9,1,10,2,12,,59,59,1,12,4,C03,120.696166,24.185076,2
10651,66000,387130000C,(04)23274275,(04)23288582,2023,8,28,9,19,臺中市,東區,0,1,0,7,2,6,50,4,1,1,5,4,6,6,1,1,10,5,5,2,18,84,2,9,2,1,C03,7,5,1,10,2,11,,84,84,1,12,4,C03,120.692502,24.138738,2
10652,66000,387130000C,(04)23274275,(04)23288582,2023,8,28,9,19,臺中市,南屯區,0,0,0,7,,,50,,,,,,,,,,,,,,,8,,,,,B03,,,1,,1,,,8,,1,13,4,B03,120.612346,24.144883,3
10653,66000,387130000C,(04)23274275,(04)23288582,2023,8,28,9,21,臺中市,大里區,0,0,0,7,2,6,50,13,9,1,5,4,6,6,4,4,1,4,5,1,13,59,,,,,B03,,,,,,,,59,,1,,,B03,120.689002,24.095937,3
10654,66000,387130000C,(04)23274275,(04)23288582,2023,8,28,9,23,臺中市,東區,0,1,0,7,3,6,50,4,1,1,5,4,6,6,1,1,10,5,5,2,17,84,2,9,5,4,C05,7,9,1,10,2,14,,84,84,1,13,4,C05,120.700116,24.140067,2
10655,66000,387130000C,(04)23274275,(04)23288582,2023,8,28,9,24,臺中市,西屯區,0,0,0,7,,,50,,,,,,,,,,,,,,16,47,,,,,B03,,,1,,1,,,47,44,1,12,4,B03,120.628381,24.183978,3
10656,66000,387130000C,(04)23274275,(04)23288582,2023,8,28,9,30,臺中市,西屯區,0,0,0,7,,,40,,,,,,,,,,,,,,,84,,,,,C03,,,1,,1,,,84,,1,12,4,C03,120.656436,24.170659,3
10657,66000,387130000C,(04)23274275,(04)23288582,2023,8,28,9,34,臺中市,北區,0,0,0,7,,,40,,,,,,,,,,,,,,,84,,,,,B03,,,1,,9,,,84,,1,12,4,B03,120.687531,24.154123,3
10658,66000,387130000C,(04)23274275,(04)23288582,2023,8,28,9,36,臺中市,豐原區,0,1,0,7,3,6,60,13,8,1,5,4,6,6,4,4,1,4,4,2,13,7,2,7,5,1,C03,7,9,1,10,2,11,,7,7,1,13,4,C03,120.716195,24.263734,2
10659,66000,387130000C,(04)23274275,(04)23288582,2023,8,28,9,44,臺中市,石岡區,0,0,0,7,,,50,,,,,,,,,,,,,,,50,,,,,B03,,,1,,2,,,50,,1,13,4,B03,120.767689,24.27865,3
10660,66000,387130000C,(04)23274275,(04)23288582,2023,8,28,9,46,臺中市,南區,0,0,0,7,,,50,,,,,,,,,,,,,,13,7,,,,,B03,,,1,8,2,,,7,7,1,12,4,B03,120.679286,24.119037,3
10661,66000,387130000C,(04)23274275,(04)23288582,2023,8,28,9,54,臺中市,龍井區,0,0,0,7,,,50,,,,,,,,,,,,,,,49,,,,,B12,,,1,,2,,,49,,1,6,4,B12,120.545458,24.184346,3
10662,66000,387130000C,(04)23274275,(04)23288582,2023,8,28,9,55,臺中市,北區,0,1,0,7,2,6,50,3,1,1,5,4,6,6,4,4,10,5,5,2,16,20,3,10,3,1,B03,7,1,1,8,2,5,,20,20,1,13,4,B03,120.682968,24.145689,2
10663,66000,387130000C,(04)23274275,(04)23288582,2023,8,28,9,55,臺中市,清水區,0,1,0,7,3,6,40,4,1,1,5,4,6,6,3,1,1,4,4,1,17,51,3,10,3,1,B03,7,1,1,8,2,4,,51,51,1,12,4,B03,120.579229,24.280507,2
10664,66000,387130000C,(04)23274275,(04)23288582,2023,8,28,9,58,臺中市,北屯區,0,0,0,7,,,50,,,,,,,,,,,,,,12,59,,,,,B03,,,1,,1,,,59,59,1,6,4,B03,120.689401,24.180168,3
10665,66000,387130000C,(04)23274275,(04)23288582,2023,8,28,10,5,臺中市,烏日區,0,1,0,7,1,6,50,13,9,1,5,4,6,6,4,4,1,4,1,2,13,87,2,1,3,1,B03,7,8,1,8,2,3,1,87,87,1,12,4,B03,120.615473,24.103202,2
10666,66000,387130000C,(04)23274275,(04)23288582,2023,8,28,10,6,臺中市,西屯區,0,0,0,7,,,40,,,,,,,,,,,,,,13,84,,,,,B03,,,1,,2,,,84,,1,12,4,B03,120.642982,24.165982,3
10667,66000,387130000C,(04)23274275,(04)23288582,2023,8,28,10,6,臺中市,大里區,0,0,0,7,,,50,,,,,,,,,,,,,,12,40,,,,,B03,,,1,,2,,,40,40,1,6,4,B03,120.689536,24.114393,3
10668,66000,387130000C,(04)23274275,(04)23288582,2023,8,28,10,15,臺中市,東勢區,0,1,0,7,2,6,50,5,2,1,5,4,6,6,1,1,1,3,4,1,16,84,3,10,3,1,B03,7,6,1,8,2,1,,84,84,1,13,4,B03,120.822783,24.261306,2
10669,66000,387130000C,(04)23274275,(04)23288582,2023,8,28,10,17,臺中市,南屯區,0,3,0,7,2,6,50,4,2,1,5,4,6,6,1,1,5,4,5,2,3,95,2,9,6,5,H01,8,16,7,21,10,17,,95,95,1,13,5,H01,120.652966,24.140435,2
10670,66000,387130000C,(04)23274275,(04)23288582,2023,8,28,10,19,臺中市,西屯區,0,0,0,7,,,50,,,,,,,,,,,,,,12,40,,,,,C03,,,1,,1,,,40,,1,12,4,C03,120.644284,24.171574,4
10671,66000,387130000C,(04)23274275,(04)23288582,2023,8,28,10,19,臺中市,大安區,1,0,0,7,3,6,50,13,14,1,5,4,6,6,4,4,5,5,4,1,19,39,1,1,1,1,C03,7,9,3,19,2,11,,39,39,1,13,4,C03,120.603078,24.361197,1
10672,66000,387130000C,(04)23274275,(04)23288582,2023,8,28,10,20,臺中市,大里區,0,0,0,7,2,6,50,4,2,1,5,4,6,6,1,1,5,5,5,1,17,59,,,,,C03,,,,,,,,59,,1,,,C03,120.703723,24.111197,3
10673,66000,387130000C,(04)23274275,(04)23288582,2023,8,28,10,26,臺中市,西區,0,1,0,7,2,6,50,4,1,1,5,4,6,6,1,1,10,5,5,2,17,11,3,10,3,1,B03,7,5,1,8,2,2,,11,11,1,12,4,B03,120.66774,24.13095,2
10674,66000,387130000C,(04)23274275,(04)23288582,2023,8,28,10,26,臺中市,豐原區,0,1,0,7,2,6,50,3,1,1,5,4,6,6,3,1,4,5,4,2,12,20,3,10,3,1,E05,7,9,1,8,2,5,,20,20,1,10,4,E05,120.716008,24.239296,2
10675,66000,387130000C,(04)23274275,(04)23288582,2023,8,28,10,27,臺中市,西區,0,1,0,7,2,6,50,4,19,1,5,4,6,6,1,1,10,5,5,2,6,84,3,10,5,1,B03,7,9,1,8,2,5,,84,84,1,12,4,B03,120.673112,24.139687,2
10676,66000,387130000C,(04)23274275,(04)23288582,2023,8,28,10,38,臺中市,西區,0,0,0,7,,,50,,,,,,,,,,,,,,,40,,,,,B03,,,1,,1,,,40,,1,13,4,B03,120.657807,24.157984,3
10677,66000,387130000C,(04)23274275,(04)23288582,2023,8,28,10,40,臺中市,潭子區,0,0,0,7,,,50,,,,,,,,,,,,,,,49,,,,,B03,,,1,,2,,,49,,1,13,4,B03,120.710004,24.206682,3
10678,66000,387130000C,(04)23274275,(04)23288582,2023,8,28,10,40,臺中市,南區,0,1,0,7,1,6,50,4,1,1,5,4,6,6,1,1,10,5,5,2,17,11,3,10,3,1,B03,7,5,1,8,2,5,,11,11,1,12,4,B03,120.669051,24.128577,2
10679,66000,387130000C,(04)23274275,(04)23288582,2023,8,28,10,40,臺中市,西屯區,0,0,0,7,,,50,,,,,,,,,,,,,,17,40,,,,,A41,,,1,,2,,,40,40,1,13,4,A41,120.638038,24.17036,3
10680,66000,387130000C,(04)23274275,(04)23288582,2023,8,28,10,40,臺中市,西屯區,0,1,0,7,3,6,50,3,1,1,5,4,6,6,4,4,1,5,5,2,12,14,3,10,3,4,B03,7,5,1,8,2,5,,14,14,1,13,4,B03,120.641244,24.156306,2
10681,66000,387130000C,(04)23274275,(04)23288582,2023,8,28,10,43,臺中市,西屯區,0,0,0,7,,,50,,,,,,,,,,,,,,,40,,,,,B03,,,1,,2,,,40,,1,12,4,B03,120.605565,24.18896,3
10682,66000,387130000C,(04)23274275,(04)23288582,2023,8,28,10,44,臺中市,太平區,0,1,0,7,2,6,50,4,1,1,5,4,6,6,4,4,10,5,5,2,17,51,3,10,3,1,B12,7,1,1,8,2,5,,51,51,1,6,4,B12,120.719284,24.125931,2
10683,66000,387130000C,(04)23274275,(04)23288582,2023,8,28,10,44,臺中市,神岡區,0,0,0,7,,,30,,,,,,,,,,,,,,,49,,,,,B03,,,1,,2,,,49,,1,13,4,B03,120.660455,24.27505,3
10684,66000,387130000C,(04)23274275,(04)23288582,2023,8,28,10,49,臺中市,潭子區,0,2,0,7,2,6,50,13,9,1,5,4,6,6,4,4,9,4,5,1,13,59,2,5,2,1,C03,7,9,1,10,2,11,,59,59,1,13,4,C03,120.700678,24.212196,2
10685,66000,387130000C,(04)23274275,(04)23288582,2023,8,28,10,49,臺中市,大里區,0,0,0,7,3,6,60,4,2,1,5,4,6,6,1,1,3,2,4,1,12,35,3,10,3,1,B03,7,7,1,8,7,2,,35,35,1,6,4,B03,120.674979,24.102751,3
10686,66000,387130000C,(04)23274275,(04)23288582,2023,8,28,10,52,臺中市,西屯區,0,0,0,7,,,50,,,,,,,,,,,,,,,84,,,,,B13,,,1,,2,,,84,,1,12,4,B13,120.6261,24.184575,3
10687,66000,387130000C,(04)23274275,(04)23288582,2023,8,28,10,53,臺中市,西區,0,1,0,7,2,6,50,4,1,1,5,4,6,6,1,1,10,5,5,2,17,11,3,10,3,1,B03,7,5,1,8,2,2,,11,11,1,12,4,B03,120.669784,24.13844,2
10688,66000,387130000C,(04)23274275,(04)23288582,2023,8,28,10,56,臺中市,北屯區,0,0,0,7,,,50,,,,,,,,,,,,,,,59,,,,,B12,,,1,,2,,,59,59,1,12,4,B12,120.699243,24.172336,3
10689,66000,387130000C,(04)23274275,(04)23288582,2023,8,28,10,59,臺中市,北區,0,1,0,7,3,6,50,13,9,1,5,4,6,6,4,4,5,5,5,2,16,20,3,10,3,1,B03,7,5,1,8,2,5,,20,20,1,12,4,B03,120.672957,24.160593,2
10690,66000,387130000C,(04)23274275,(04)23288582,2023,8,28,11,1,臺中市,大肚區,0,0,0,7,,,30,,,,,,,,,,,,,,17,6,,,,,B03,,,1,,2,,,6,6,1,12,4,B03,120.540189,24.15939,3
10691,66000,387130000C,(04)23274275,(04)23288582,2023,8,28,11,3,臺中市,南區,0,2,0,7,2,6,50,3,1,1,5,4,6,6,4,4,10,5,5,2,16,20,2,9,2,1,C03,7,6,1,10,2,14,,20,20,1,12,4,C03,120.675123,24.132187,2
10692,66000,387130000C,(04)23274275,(04)23288582,2023,8,28,11,8,臺中市,西區,0,0,0,7,,,50,,,,,,,,,,,,,,,8,,,,,B02,,,1,,2,,,8,,1,12,4,B02,120.661398,24.162819,3
10693,66000,387130000C,(04)23274275,(04)23288582,2023,8,28,11,9,臺中市,豐原區,0,0,0,7,,,50,,,,,,,,,,,,,,12,8,,,,,C03,,,1,,2,,,8,,1,13,4,C03,120.720563,24.267449,3
10694,66000,387130000C,(04)23274275,(04)23288582,2023,8,28,11,10,臺中市,大里區,0,0,0,7,,,40,,,,,,,,,,,,,,,87,,,,,,,,,,,,,87,,1,,,,120.69722,24.08852,3
10695,66000,387130000C,(04)23274275,(04)23288582,2023,8,28,11,10,臺中市,東勢區,0,2,0,7,2,6,30,3,2,1,5,4,6,6,4,4,10,5,5,1,17,14,2,9,1,1,C03,7,9,1,10,2,11,,6,14,1,12,4,C03,120.838982,24.196262,2
10696,66000,387130000C,(04)23274275,(04)23288582,2023,8,28,11,14,臺中市,西區,0,0,0,7,,,50,,,,,,,,,,,,,,,84,,,,,B03,,,1,,1,,,84,,1,12,4,B03,120.668339,24.139714,3
10697,66000,387130000C,(04)23274275,(04)23288582,2023,8,28,11,15,臺中市,西屯區,0,2,0,7,2,6,50,4,1,1,5,4,6,6,2,1,10,5,5,2,13,7,2,9,5,4,C03,7,9,1,10,2,11,,7,7,1,13,4,C03,120.657575,24.167808,2
10698,66000,387130000C,(04)23274275,(04)23288582,2023,8,28,11,15,臺中市,太平區,0,3,0,7,2,6,50,4,1,1,5,4,6,6,4,4,10,5,5,2,16,4,2,9,1,1,C03,7,9,1,10,2,11,,4,4,1,13,4,C03,120.718132,24.128344,2
10699,66000,387130000C,(04)23274275,(04)23288582,2023,8,28,11,26,臺中市,大雅區,0,1,0,7,1,6,50,4,1,1,5,4,6,6,1,1,1,4,5,2,17,35,3,10,3,1,B03,7,7,1,8,2,5,,35,35,1,13,4,B03,120.648355,24.221185,2
10700,66000,387130000C,(04)23274275,(04)23288582,2023,8,28,11,26,臺中市,豐原區,0,2,0,7,3,6,30,5,1,1,5,4,6,6,4,4,10,5,5,2,17,13,2,9,5,1,C04,7,5,1,10,2,13,,13,13,1,13,4,C04,120.717578,24.249417,2
10701,66000,387130000C,(04)23274275,(04)23288582,2023,8,28,11,28,臺中市,南屯區,0,2,0,7,2,6,50,13,9,1,5,4,6,6,4,4,5,5,5,2,3,95,2,9,6,5,H01,8,16,7,21,10,17,,95,95,1,6,5,H01,120.648172,24.142772,2
10702,66000,387130000C,(04)23274275,(04)23288582,2023,8,28,11,30,臺中市,北屯區,0,1,0,7,2,6,50,4,1,1,5,4,6,6,1,1,10,5,5,2,16,27,3,10,3,1,B03,7,5,1,8,2,2,,27,27,1,12,4,B03,120.684293,24.185425,2
10703,66000,387130000C,(04)23274275,(04)23288582,2023,8,28,11,30,臺中市,大甲區,0,0,0,7,,,70,,,,,,,,,,,,,,,51,,,,,B03,,,1,,1,,,51,51,1,6,4,B03,120.6423,24.366261,3
10704,66000,387130000C,(04)23274275,(04)23288582,2023,8,28,11,31,臺中市,西區,0,0,0,7,,,50,,,,,,,,,,,,,,,84,,,,,B03,,,1,8,1,,,84,84,1,13,4,B03,120.657525,24.145312,3
10705,66000,387130000C,(04)23274275,(04)23288582,2023,8,28,11,31,臺中市,霧峰區,0,2,0,7,2,6,40,3,9,1,5,4,6,6,4,4,5,5,5,1,12,40,2,9,2,1,C03,7,8,1,10,2,13,,40,40,1,13,4,C03,120.71188,24.08041,2
10706,66000,387130000C,(04)23274275,(04)23288582,2023,8,28,11,36,臺中市,西區,0,0,0,7,,,50,,,,,,,,,,,,,,14,49,,,,,B03,,,1,,2,,,49,,1,12,4,B03,120.649896,24.144939,3
10707,66000,387130000C,(04)23274275,(04)23288582,2023,8,28,11,37,臺中市,北屯區,0,3,0,7,2,6,50,4,2,1,5,4,6,6,1,1,1,4,5,2,17,35,2,9,3,1,B03,7,15,1,8,2,7,,35,35,1,12,4,B03,120.701831,24.182039,2
10708,66000,387130000C,(04)23274275,(04)23288582,2023,8,28,11,37,臺中市,西屯區,0,1,0,7,3,6,40,3,1,1,5,4,6,6,1,1,10,5,5,2,17,48,2,9,1,4,C03,7,6,1,10,2,12,,48,48,1,13,4,C03,120.662968,24.163798,2
10709,66000,387130000C,(04)23274275,(04)23288582,2023,8,28,11,40,臺中市,梧棲區,0,0,0,7,,,40,,,,,,,,,,,,,,,84,,,,,B03,,,1,,2,,,84,,1,6,4,B03,120.533441,24.255691,3
10710,66000,387130000C,(04)23274275,(04)23288582,2023,8,28,11,42,臺中市,東區,0,2,0,7,3,6,50,4,1,1,5,4,3,6,4,4,10,5,5,2,17,84,2,9,5,4,C03,7,5,1,10,2,11,,84,84,1,13,4,C03,120.689181,24.132585,2
10711,66000,387130000C,(04)23274275,(04)23288582,2023,8,28,11,46,臺中市,西屯區,0,0,0,7,,,40,,,,,,,,,,,,,,17,84,,,,,B12,,,1,,2,,,84,,1,13,4,B12,120.646487,24.171239,3
10712,66000,387130000C,(04)23274275,(04)23288582,2023,8,28,11,49,臺中市,西區,0,0,0,5,2,6,50,13,7,1,5,4,6,6,4,4,5,2,4,2,13,8,,,,,B03,,,1,,1,,,8,,1,12,4,B03,120.667629,24.132349,3
10713,66000,387130000C,(04)23274275,(04)23288582,2023,8,28,11,51,臺中市,北區,0,0,0,7,,,50,,,,,,,,,,,,,,,8,,,,,B03,,,1,,2,,,8,,1,12,4,B03,120.688894,24.152943,3
10714,66000,387130000C,(04)23274275,(04)23288582,2023,8,28,11,51,臺中市,南屯區,0,0,0,7,,,50,,,,,,,,,,,,,,,59,,,,,B03,,,1,,2,,,59,59,1,13,4,B03,120.634072,24.145406,3
10715,66000,387130000C,(04)23274275,(04)23288582,2023,8,28,11,52,臺中市,西區,0,1,0,7,2,6,40,13,8,1,5,4,6,6,4,4,1,4,1,2,13,7,2,9,1,1,C03,7,9,1,10,2,11,,7,7,1,12,4,C03,120.657822,24.157829,2
10716,66000,387130000C,(04)23274275,(04)23288582,2023,8,28,12,1,臺中市,太平區,0,0,0,7,,,50,,,,,,,,,,,,,,,7,,,,,B12,,,1,,2,,,7,,1,12,4,B12,120.711847,24.143253,3
10717,66000,387130000C,(04)23274275,(04)23288582,2023,8,28,12,2,臺中市,北屯區,0,0,0,7,,,30,,,,,,,,,,,,,,14,49,,,,,B03,,,1,,2,,,49,49,1,6,4,B03,120.699021,24.170745,3
10718,66000,387130000C,(04)23274275,(04)23288582,2023,8,28,12,8,臺中市,神岡區,0,0,0,7,,,50,,,,,,,,,,,,,,,49,,,,,B12,,,5,,2,,,49,,1,13,4,B12,120.70899,24.25945,3
10719,66000,387130000C,(04)23274275,(04)23288582,2023,8,28,12,11,臺中市,南區,0,0,0,7,,,1,,,,,,,,,,,,,,14,49,,,,,B03,,,1,8,2,,,49,49,1,12,4,B03,120.659194,24.111126,3
10720,66000,387130000C,(04)23274275,(04)23288582,2023,8,28,12,14,臺中市,沙鹿區,0,1,0,7,3,6,40,3,1,1,5,4,6,6,2,1,10,5,5,2,17,41,3,10,3,1,B12,7,5,1,8,2,2,,41,41,1,13,4,B12,120.578477,24.223393,2
10721,66000,387130000C,(04)23274275,(04)23288582,2023,8,28,12,16,臺中市,北屯區,0,1,0,7,2,6,50,13,7,1,5,4,6,6,4,4,5,5,4,2,16,45,3,10,3,1,B01,7,11,1,4,2,2,,45,45,1,12,4,B01,120.693862,24.168721,2
10722,66000,387130000C,(04)23274275,(04)23288582,2023,8,28,12,18,臺中市,龍井區,0,0,0,7,,,50,,,,,,,,,,,,,,11,7,,,,,B03,,,1,,1,,,7,7,1,12,4,B03,120.597283,24.188532,3
10723,66000,387130000C,(04)23274275,(04)23288582,2023,8,28,12,20,臺中市,南區,0,0,0,7,,,30,,,,,,,,,,,,,,17,84,,,,,B01,,,1,,9,,,84,,1,13,4,B01,120.66901,24.115929,3
10724,66000,387130000C,(04)23274275,(04)23288582,2023,8,28,12,20,臺中市,大里區,0,1,0,7,2,6,50,4,1,1,5,4,6,6,1,1,5,5,5,1,12,42,2,9,6,1,F01,7,6,7,21,2,14,,42,42,1,13,4,F01,120.683867,24.113244,2
10725,66000,387130000C,(04)23274275,(04)23288582,2023,8,28,12,20,臺中市,龍井區,0,0,0,7,,,30,,,,,,,,,,,,,,,8,,,,,B03,,,1,,2,,,8,,1,13,4,B03,120.59274,24.18188,3
10726,66000,387130000C,(04)23274275,(04)23288582,2023,8,28,12,22,臺中市,西屯區,0,1,0,7,1,6,50,4,1,1,5,4,6,6,1,1,4,3,5,2,18,84,2,9,1,1,C03,7,9,1,10,9,14,,84,84,1,12,4,C03,120.660286,24.164074,2
10727,66000,387130000C,(04)23274275,(04)23288582,2023,8,28,12,23,臺中市,西區,0,0,0,7,,,50,,,,,,,,,,,,,,,59,,,,,B13,,,1,,2,,,59,,1,12,4,B13,120.65396,24.148367,3
10728,66000,387130000C,(04)23274275,(04)23288582,2023,8,28,12,27,臺中市,太平區,0,1,0,7,2,6,50,13,7,1,5,4,6,6,4,4,10,5,5,2,16,20,2,9,1,1,C03,7,11,1,10,2,11,,20,20,1,6,4,C03,120.716307,24.150619,2
10729,66000,387130000C,(04)23274275,(04)23288582,2023,8,28,12,36,臺中市,東區,0,1,0,7,2,6,50,5,1,1,5,4,6,6,1,1,10,5,5,2,17,84,3,10,1,1,C03,7,9,1,10,2,13,,84,84,1,12,4,C03,120.693452,24.133073,2
10730,66000,387130000C,(04)23274275,(04)23288582,2023,8,28,12,40,臺中市,南屯區,0,0,0,7,,,50,,,,,,,,,,,,,,13,7,,,,,B03,,,1,8,1,,,7,7,1,12,4,B03,120.647617,24.140274,3
10731,66000,387130000C,(04)23274275,(04)23288582,2023,8,28,12,40,臺中市,西屯區,0,0,0,7,,,30,,,,,,,,,,,,,,12,8,,,,,B03,,,1,,1,,,8,,1,12,4,B03,120.61831,24.175657,3
10732,66000,387130000C,(04)23274275,(04)23288582,2023,8,28,12,41,臺中市,南屯區,0,0,0,7,,,50,,,,,,,,,,,,,,,50,,,,,B03,,,1,,1,,,50,50,1,13,4,B03,120.643214,24.138282,3
10733,66000,387130000C,(04)23274275,(04)23288582,2023,8,28,12,42,臺中市,烏日區,0,0,0,7,,,50,,,,,,,,,,,,,,13,7,,,,,B12,,,1,,2,,,7,,1,12,4,B12,120.628122,24.102933,3
10734,66000,387130000C,(04)23274275,(04)23288582,2023,8,28,12,45,臺中市,東區,0,1,0,7,2,6,40,4,1,1,5,4,6,6,4,4,10,5,5,2,13,84,2,9,2,1,C03,7,9,1,10,2,12,,84,84,1,12,4,C03,120.69211,24.147961,2
10735,66000,387130000C,(04)23274275,(04)23288582,2023,8,28,12,45,臺中市,南屯區,0,0,0,7,,,50,,,,,,,,,,,,,,,78,,,,,B12,,,1,,2,,,78,,1,13,4,B12,120.64416,24.135154,3
10736,66000,387130000C,(04)23274275,(04)23288582,2023,8,28,12,46,臺中市,南屯區,0,0,0,7,,,40,,,,,,,,,,,,,,13,84,,,,,B02,,,1,,1,,,84,,1,6,4,B02,120.595591,24.150421,3
10737,66000,387130000C,(04)23274275,(04)23288582,2023,8,28,12,46,臺中市,豐原區,0,0,0,7,,,50,,,,,,,,,,,,,,17,51,,,,,A11,,,1,,2,,,51,,1,13,4,A11,120.733002,24.25315,3
10738,66000,387130000C,(04)23274275,(04)23288582,2023,8,28,12,48,臺中市,北區,0,0,0,7,,,50,,,,,,,,,,,,,,13,84,,,,,C03,,,1,,1,,,84,,1,12,4,C03,120.686027,24.15492,3
10739,66000,387130000C,(04)23274275,(04)23288582,2023,8,28,12,50,臺中市,西屯區,0,2,0,7,1,6,50,13,9,1,5,4,6,6,4,4,8,3,5,2,9,84,2,9,1,1,C03,7,9,1,8,1,11,,84,84,1,12,4,C03,120.617104,24.174698,2
10740,66000,387130000C,(04)23274275,(04)23288582,2023,8,28,12,50,臺中市,太平區,0,1,0,5,2,6,50,3,2,1,4,4,6,6,1,1,5,5,5,2,18,84,2,9,1,1,C03,7,9,1,10,1,14,,84,84,1,12,4,C03,120.704757,24.162697,2
10741,66000,387130000C,(04)23274275,(04)23288582,2023,8,28,12,52,臺中市,大里區,0,1,0,7,3,6,50,4,1,1,5,4,6,6,1,1,1,3,1,1,11,48,2,9,1,1,C03,7,6,1,10,2,14,,48,48,1,6,4,C03,120.694661,24.08937,2
10742,66000,387130000C,(04)23274275,(04)23288582,2023,8,28,12,55,臺中市,北區,0,0,0,7,,,50,,,,,,,,,,,,,,9,8,,,,,B03,,,1,,2,,,8,,1,12,4,B03,120.674869,24.152142,3
10743,66000,387130000C,(04)23274275,(04)23288582,2023,8,28,12,58,臺中市,沙鹿區,0,0,0,7,,,50,,,,,,,,,,,,,,,45,,,,,B03,,,1,,2,,,45,,1,13,4,B03,120.571597,24.238667,3
10744,66000,387130000C,(04)23274275,(04)23288582,2023,8,28,13,9,臺中市,大里區,0,0,0,7,,,50,,,,,,,,,,,,,,13,59,,,,,C03,,,1,,2,,,59,59,1,6,4,C03,120.686615,24.095695,3
10745,66000,387130000C,(04)23274275,(04)23288582,2023,8,28,13,11,臺中市,西屯區,0,2,0,7,2,6,30,4,1,1,5,4,6,6,4,4,10,5,5,2,16,15,2,9,5,4,C03,7,9,1,10,2,12,,15,15,1,13,4,C03,120.644433,24.179557,2
10746,66000,387130000C,(04)23274275,(04)23288582,2023,8,28,13,12,臺中市,西屯區,0,1,0,7,2,6,50,3,1,1,5,4,6,6,4,4,10,5,5,2,17,20,3,10,5,4,B03,7,5,1,8,2,8,,20,20,1,13,4,B03,120.636149,24.159451,2
10747,66000,387130000C,(04)23274275,(04)23288582,2023,8,28,13,13,臺中市,大雅區,0,0,0,7,,,50,,,,,,,,,,,,,,,51,,,,,B03,,,1,,2,,,51,,1,13,4,B03,120.64679,24.225697,3
10748,66000,387130000C,(04)23274275,(04)23288582,2023,8,28,13,13,臺中市,北屯區,0,1,0,7,2,6,50,4,1,1,5,4,6,6,2,1,10,5,5,2,15,21,2,8,2,1,C03,7,9,1,10,2,13,,21,21,1,12,4,C03,120.665138,24.183921,2
10749,66000,387130000C,(04)23274275,(04)23288582,2023,8,28,13,17,臺中市,霧峰區,0,1,0,7,2,6,30,4,1,1,5,4,6,6,3,1,10,5,5,1,13,58,3,10,3,1,B12,7,9,1,8,2,5,,58,58,1,13,4,B12,120.66578,24.03717,2
10750,66000,387130000C,(04)23274275,(04)23288582,2023,8,28,13,25,臺中市,北區,0,1,0,7,2,6,50,3,1,1,5,4,6,6,4,4,1,5,5,2,17,4,2,9,1,1,C03,7,9,1,10,2,11,,4,4,1,12,4,C03,120.677206,24.15221,2
10751,66000,387130000C,(04)23274275,(04)23288582,2023,8,28,13,33,臺中市,中區,0,0,0,7,,,50,,,,,,,,,,,,,,13,7,,,,,B12,,,1,,1,,,7,,1,12,4,B12,120.680679,24.138641,3