序號,縣市別代碼,機關代碼,市話,傳真,年,月,日,時,分,縣市,區,死亡數量,受傷數量,2-30,天候,光線,道路類別,速限,道路型態,事故位置,路面鋪裝,路面狀態,路面缺陷,障礙物,視距,號誌種類,號誌動作,分向設施,快車道或一般車道間,快慢車道間,路面邊線,事故類型及型態,主要肇因,受傷程度,主要傷處,保護裝備,行動電話,當事者區分(類別),車輛用途,當事者行動狀態,駕駛資格情形,駕駛執照種類,飲酒情形,車輛撞擊部位最初,車輛撞擊部位其他,肇事因素個別,肇事因素主要,肇事逃逸,職業,旅次目的,車種,GPS座標X,GPS座標Y,事故類別
10752,66000,387130000C,(04)23274275,(04)23288582,2023,8,28,13,35,臺中市,北屯區,0,0,0,7,,,50,,,,,,,,,,,,,,17,20,,,,,B02,,,1,,1,,,20,,1,13,4,B02,120.668672,24.178276,3
10753,66000,387130000C,(04)23274275,(04)23288582,2023,8,28,13,40,臺中市,大雅區,0,1,0,7,1,6,50,13,9,1,5,4,6,6,4,4,5,5,5,1,12,76,3,10,5,1,B03,7,15,1,8,2,4,,76,76,1,13,4,B03,120.647712,24.228207,2
10754,66000,387130000C,(04)23274275,(04)23288582,2023,8,28,13,44,臺中市,北屯區,0,2,0,6,2,6,50,4,1,1,5,4,6,6,1,1,10,5,5,2,12,85,2,9,1,1,C03,7,9,1,10,2,12,,85,85,1,12,4,C03,120.687651,24.171814,2
10755,66000,387130000C,(04)23274275,(04)23288582,2023,8,28,13,51,臺中市,太平區,0,0,0,7,,,50,,,,,,,,,,,,,,,7,,,,,B01,,,1,,2,,,7,,1,12,4,B01,120.716229,24.148717,3
10756,66000,387130000C,(04)23274275,(04)23288582,2023,8,28,13,57,臺中市,太平區,0,1,0,7,2,6,50,13,8,1,5,4,6,6,2,1,10,5,5,2,16,40,3,10,3,1,B03,7,7,1,8,2,6,,40,40,1,6,4,B03,120.728108,24.150044,2
10757,66000,387130000C,(04)23274275,(04)23288582,2023,8,28,14,0,臺中市,西區,0,0,0,7,,,30,,,,,,,,,,,,,,,49,,,,,B03,,,1,8,1,,,49,49,1,13,4,B03,120.65713,24.156272,3
10758,66000,387130000C,(04)23274275,(04)23288582,2023,8,28,14,0,臺中市,西區,0,1,0,7,1,6,40,13,8,1,5,4,6,6,4,4,1,4,3,2,13,7,3,10,3,1,B03,7,9,1,8,2,5,,7,7,1,12,4,B03,120.666652,24.15304,2
10759,66000,387130000C,(04)23274275,(04)23288582,2023,8,28,14,2,臺中市,南區,0,1,0,7,3,6,50,3,1,1,5,4,6,6,4,4,10,5,5,2,30,84,2,9,5,4,B03,7,9,1,8,2,1,,84,84,1,13,4,B03,120.663331,24.120194,2
10760,66000,387130000C,(04)23274275,(04)23288582,2023,8,28,14,6,臺中市,南區,0,1,0,7,3,6,50,4,1,1,5,4,6,6,4,4,10,5,5,2,16,14,3,10,3,1,B03,7,6,1,8,2,8,,14,14,1,12,4,B03,120.663938,24.121068,2
10761,66000,387130000C,(04)23274275,(04)23288582,2023,8,28,14,7,臺中市,大里區,0,1,0,7,3,6,50,4,19,1,5,4,6,6,2,1,10,5,5,2,3,10,3,10,1,1,C03,7,5,1,10,2,12,,10,10,1,12,4,C03,120.697913,24.090021,2
10762,66000,387130000C,(04)23274275,(04)23288582,2023,8,28,14,8,臺中市,南區,0,2,0,7,2,6,30,3,1,1,5,4,6,6,4,4,10,5,5,2,17,12,2,9,1,1,C03,7,6,1,10,2,11,,12,12,1,12,4,C03,120.670725,24.124652,2
10763,66000,387130000C,(04)23274275,(04)23288582,2023,8,28,14,10,臺中市,清水區,0,0,0,7,,,50,,,,,,,,,,,,,,,40,,,,,B03,,,1,,2,,,40,,1,12,4,B03,120.576444,24.267528,3
10764,66000,387130000C,(04)23274275,(04)23288582,2023,8,28,14,12,臺中市,后里區,0,0,0,7,,,40,,,,,,,,,,,,,,14,49,,,,,A41,,,1,,2,,,49,,1,6,4,A41,120.694212,24.313769,3
10765,66000,387130000C,(04)23274275,(04)23288582,2023,8,28,14,13,臺中市,北屯區,0,1,0,7,2,6,50,13,7,1,5,4,6,6,4,4,5,4,4,2,17,76,3,10,3,1,B03,7,15,1,8,2,4,,76,76,1,12,4,B03,120.686837,24.170579,2
10766,66000,387130000C,(04)23274275,(04)23288582,2023,8,28,14,14,臺中市,北屯區,0,0,0,7,,,50,,,,,,,,,,,,,,13,59,,,,,B03,,,1,,2,,,59,59,1,12,4,B03,120.70774,24.182337,3
10767,66000,387130000C,(04)23274275,(04)23288582,2023,8,28,14,18,臺中市,后里區,0,2,0,7,2,6,50,13,14,1,5,4,6,6,4,4,9,5,5,1,26,84,2,2,3,1,B03,7,9,1,8,2,5,,84,84,1,12,4,B03,120.68878,24.307393,2
10768,66000,387130000C,(04)23274275,(04)23288582,2023,8,28,14,21,臺中市,西屯區,0,1,0,7,3,6,50,3,1,1,5,4,6,6,4,4,10,5,5,2,16,14,3,10,3,1,B03,7,5,1,8,1,2,,14,14,1,12,4,B03,120.644276,24.175089,2
10769,66000,387130000C,(04)23274275,(04)23288582,2023,8,28,14,23,臺中市,南區,0,0,0,7,,,40,,,,,,,,,,,,,,,84,,,,,B03,,,1,,2,,,84,,1,12,4,B03,120.684386,24.130465,3
10770,66000,387130000C,(04)23274275,(04)23288582,2023,8,28,14,25,臺中市,東區,0,0,0,7,,,50,,,,,,,,,,,,,,11,84,,,,,B03,,,1,8,2,,,84,84,1,12,4,B03,120.694711,24.133137,3
10771,66000,387130000C,(04)23274275,(04)23288582,2023,8,28,14,27,臺中市,大里區,0,0,0,7,,,50,,,,,,,,,,,,,,13,7,,,,,B03,,,1,,2,,,7,,1,6,4,B03,120.688196,24.1043,3
10772,66000,387130000C,(04)23274275,(04)23288582,2023,8,28,14,30,臺中市,烏日區,0,2,0,7,2,6,30,13,9,1,5,4,6,6,4,4,10,5,5,1,17,51,2,9,4,1,F01,7,1,7,21,2,11,,51,51,1,12,4,F01,120.632191,24.070782,2
10773,66000,387130000C,(04)23274275,(04)23288582,2023,8,28,14,30,臺中市,大肚區,0,0,0,7,,,,,,,,,,,,,,,,,9,87,,,,,B03,,,1,,10,,,87,,1,12,4,B03,120.580056,24.17339,3
10774,66000,387130000C,(04)23274275,(04)23288582,2023,8,28,14,34,臺中市,北屯區,0,0,0,7,,,50,,,,,,,,,,,,,,13,7,,,,,B12,,,1,,1,,,7,,1,12,4,B12,120.714756,24.164114,3
10775,66000,387130000C,(04)23274275,(04)23288582,2023,8,28,14,39,臺中市,南區,0,1,0,7,3,6,50,3,2,1,5,4,6,6,4,4,10,5,5,2,13,84,2,9,5,4,C03,7,9,1,10,2,11,,84,84,1,13,4,C03,120.663012,24.120317,2
10776,66000,387130000C,(04)23274275,(04)23288582,2023,8,28,14,40,臺中市,東區,0,1,0,7,2,6,50,4,1,1,5,4,6,6,1,1,10,5,5,2,17,21,2,9,1,1,C03,7,9,1,10,2,11,,21,21,1,12,4,C03,120.697296,24.147958,2
10777,66000,387130000C,(04)23274275,(04)23288582,2023,8,28,14,40,臺中市,大甲區,0,0,0,7,,,50,,,,,,,,,,,,,,,8,,,,,B03,,,1,,2,,,8,,1,6,4,B03,120.633733,24.361073,3
10778,66000,387130000C,(04)23274275,(04)23288582,2023,8,28,14,42,臺中市,北區,0,0,0,7,,,50,,,,,,,,,,,,,,13,84,,,,,B03,,,1,,1,,,84,,1,12,4,B03,120.671246,24.173584,3
10779,66000,387130000C,(04)23274275,(04)23288582,2023,8,28,14,43,臺中市,西屯區,0,0,0,7,,,40,,,,,,,,,,,,,,,84,,,,,B12,,,1,,2,,,84,,1,12,4,B12,120.635879,24.181852,3
10780,66000,387130000C,(04)23274275,(04)23288582,2023,8,28,14,43,臺中市,大里區,0,0,0,7,,,50,,,,,,,,,,,,,,,7,,,,,C03,,,1,,2,,,7,,1,13,4,C03,120.69766,24.08999,3
10781,66000,387130000C,(04)23274275,(04)23288582,2023,8,28,14,44,臺中市,大里區,0,2,0,7,3,6,50,4,1,1,5,4,6,6,4,4,10,5,5,1,12,59,2,8,1,1,C03,7,6,1,10,2,11,,59,59,1,12,4,C03,120.710003,24.086358,2
10782,66000,387130000C,(04)23274275,(04)23288582,2023,8,28,14,45,臺中市,沙鹿區,0,0,0,7,,,50,,,,,,,,,,,,,,,59,,,,,A04,,,1,,2,,,59,,1,6,4,A04,120.560673,24.240465,3
10783,66000,387130000C,(04)23274275,(04)23288582,2023,8,28,14,48,臺中市,西區,0,0,0,7,,,50,,,,,,,,,,,,,,,8,,,,,B03,,,1,,1,,,8,,1,12,4,B03,120.659687,24.157317,3
10784,66000,387130000C,(04)23274275,(04)23288582,2023,8,28,14,48,臺中市,北區,0,0,0,7,,,50,,,,,,,,,,,,,,14,49,,,,,B03,,,1,,1,,,49,,1,12,4,B03,120.696182,24.159827,3
10785,66000,387130000C,(04)23274275,(04)23288582,2023,8,28,14,49,臺中市,北屯區,0,1,0,7,2,6,50,4,1,1,5,4,6,6,1,1,10,5,5,2,13,7,2,9,1,1,C03,7,9,1,10,2,11,,7,7,1,12,4,C03,120.710821,24.182399,2
10786,66000,387130000C,(04)23274275,(04)23288582,2023,8,28,14,50,臺中市,北屯區,0,0,0,7,,,50,,,,,,,,,,,,,,13,7,,,,,B12,,,1,,1,,,7,,1,12,4,B12,120.674165,24.204226,3
10787,66000,387130000C,(04)23274275,(04)23288582,2023,8,28,14,51,臺中市,北區,0,0,0,7,,,50,,,,,,,,,,,,,,,20,,,,,B03,,,1,,1,,,20,,1,12,4,B03,120.672689,24.164844,3
10788,66000,387130000C,(04)23274275,(04)23288582,2023,8,28,14,53,臺中市,北屯區,0,0,0,7,,,50,,,,,,,,,,,,,,,49,,,,,B03,,,1,,9,,,49,,2,12,4,B03,120.685842,24.171807,3
10789,66000,387130000C,(04)23274275,(04)23288582,2023,8,28,14,55,臺中市,南屯區,0,0,0,7,,,50,,,,,,,,,,,,,,,8,,,,,A12,,,1,,1,,,8,,1,13,4,A12,120.632665,24.14546,3
10790,66000,387130000C,(04)23274275,(04)23288582,2023,8,28,14,58,臺中市,西屯區,0,1,0,7,2,6,50,4,1,1,5,4,6,6,2,1,10,5,5,2,17,20,2,9,5,4,C03,7,6,1,10,2,13,14,20,20,1,13,4,C03,120.664697,24.178159,2
10791,66000,387130000C,(04)23274275,(04)23288582,2023,8,28,14,58,臺中市,西屯區,0,0,0,7,,,50,,,,,,,,,,,,,,14,49,,,,,B03,,,1,,1,,,49,,1,12,4,B03,120.627328,24.201239,3
10792,66000,387130000C,(04)23274275,(04)23288582,2023,8,28,14,58,臺中市,西屯區,0,1,0,7,2,6,50,4,1,1,5,4,6,6,1,3,10,5,5,2,16,14,3,10,1,1,C03,7,5,2,19,2,12,,14,14,1,13,4,C03,120.598849,24.192152,2
10793,66000,387130000C,(04)23274275,(04)23288582,2023,8,28,15,2,臺中市,西區,0,2,0,7,3,6,30,4,1,1,5,4,6,6,4,4,10,5,5,2,15,20,2,9,1,1,C03,7,9,1,10,2,12,,20,20,1,12,4,C03,120.656817,24.154677,2
10794,66000,387130000C,(04)23274275,(04)23288582,2023,8,28,15,4,臺中市,北屯區,0,2,0,7,3,6,50,13,7,1,5,4,6,6,4,4,5,5,4,2,18,82,2,9,2,1,C03,7,9,1,10,2,14,,82,82,1,13,4,C03,120.688041,24.173913,2
10795,66000,387130000C,(04)23274275,(04)23288582,2023,8,28,15,8,臺中市,南區,0,1,0,7,2,6,50,4,1,1,5,4,6,6,1,1,10,5,5,2,17,21,2,9,2,1,C03,7,9,1,10,2,12,,21,21,1,13,4,C03,120.655457,24.115199,2
10796,66000,387130000C,(04)23274275,(04)23288582,2023,8,28,15,8,臺中市,西屯區,0,0,0,7,,,50,,,,,,,,,,,,,,17,119,,,,,,,,,,,,,119,,1,,,,120.631449,24.159256,3
10797,66000,387130000C,(04)23274275,(04)23288582,2023,8,28,15,11,臺中市,西屯區,0,0,0,7,,,60,,,,,,,,,,,,,,13,84,,,,,B03,,,1,,1,,,84,,1,12,4,B03,120.633319,24.173759,3
10798,66000,387130000C,(04)23274275,(04)23288582,2023,8,28,15,12,臺中市,沙鹿區,0,2,0,7,3,6,50,4,1,1,5,4,6,6,3,1,10,5,5,2,15,4,2,9,2,1,C03,7,9,1,10,2,11,,4,4,1,12,4,C03,120.556439,24.229988,2
10799,66000,387130000C,(04)23274275,(04)23288582,2023,8,28,15,15,臺中市,大甲區,0,2,0,7,2,6,15,3,1,1,5,4,6,6,4,4,10,5,5,2,16,14,2,9,1,1,C03,7,6,1,11,2,11,,14,14,1,12,4,C03,120.657219,24.381017,2
10800,66000,387130000C,(04)23274275,(04)23288582,2023,8,28,15,19,臺中市,豐原區,0,1,0,7,3,6,50,4,1,1,5,4,6,6,1,1,10,5,5,2,16,11,2,9,5,1,C04,7,6,1,10,2,14,,11,11,1,13,4,C04,120.699207,24.248976,2
10801,66000,387130000C,(04)23274275,(04)23288582,2023,8,28,15,23,臺中市,北屯區,0,0,0,7,,,30,,,,,,,,,,,,,,17,59,,,,,B03,,,1,,2,,,59,,1,13,4,B03,120.698086,24.182066,4
10802,66000,387130000C,(04)23274275,(04)23288582,2023,8,28,15,25,臺中市,北區,0,0,0,7,3,6,50,4,2,1,5,4,6,6,2,1,8,3,4,2,12,7,,,,,B03,,,1,,2,,,7,,1,13,4,B03,120.672284,24.170095,3
10803,66000,387130000C,(04)23274275,(04)23288582,2023,8,28,15,25,臺中市,沙鹿區,0,1,0,7,3,6,50,3,9,1,5,4,6,6,4,4,10,5,4,2,17,84,3,10,3,1,B03,7,5,1,8,2,5,,84,84,1,13,4,B03,120.565562,24.233172,2
10804,66000,387130000C,(04)23274275,(04)23288582,2023,8,28,15,27,臺中市,西區,0,0,0,7,2,6,50,4,1,1,5,4,6,6,1,1,1,5,5,1,13,7,,,,,B12,,,1,,2,,,7,,1,12,4,B12,120.655136,24.140021,3
10805,66000,387130000C,(04)23274275,(04)23288582,2023,8,28,15,30,臺中市,西區,0,0,0,7,,,50,,,,,,,,,,,,,,13,7,,,,,B12,,,1,,2,,,7,,1,12,4,B12,120.668261,24.129859,3
10806,66000,387130000C,(04)23274275,(04)23288582,2023,8,28,15,30,臺中市,南區,0,0,0,7,3,6,50,13,8,1,5,4,6,6,4,4,1,4,5,2,17,84,3,10,3,1,A12,7,9,1,3,2,2,,84,84,1,12,4,A12,120.665468,24.12654,3
10807,66000,387130000C,(04)23274275,(04)23288582,2023,8,28,15,34,臺中市,北區,0,0,0,7,,,50,,,,,,,,,,,,,,,59,,,,,B03,,,1,,2,,,59,,1,12,4,B03,120.682265,24.154062,3
10808,66000,387130000C,(04)23274275,(04)23288582,2023,8,28,15,35,臺中市,東區,0,1,0,7,3,6,50,3,2,1,5,4,6,6,4,4,5,5,5,2,17,84,2,8,1,1,C03,7,9,1,10,2,12,,84,84,1,5,4,C03,120.705843,24.139842,2
10809,66000,387130000C,(04)23274275,(04)23288582,2023,8,28,15,35,臺中市,南屯區,0,0,0,7,,,50,,,,,,,,,,,,,,,45,,,,,B03,,,1,,2,,,45,,1,13,4,B03,120.614855,24.145295,3
10810,66000,387130000C,(04)23274275,(04)23288582,2023,8,28,15,35,臺中市,西屯區,0,0,0,7,,,50,,,,,,,,,,,,,,15,13,,,,,B03,,,1,,1,,,13,,1,13,4,B03,120.641499,24.161002,3
10811,66000,387130000C,(04)23274275,(04)23288582,2023,8,28,15,36,臺中市,東區,0,2,0,7,2,6,50,4,4,1,5,4,6,6,1,1,5,4,5,2,13,7,3,10,3,1,B03,7,9,1,8,2,5,,7,7,1,13,4,B03,120.69294,24.134866,2
10812,66000,387130000C,(04)23274275,(04)23288582,2023,8,28,15,36,臺中市,后里區,0,0,0,7,2,6,50,13,9,1,5,4,6,6,1,1,4,3,4,1,17,59,3,10,3,1,B03,7,9,1,8,2,1,,59,59,1,12,4,B03,120.696852,24.313183,3
10813,66000,387130000C,(04)23274275,(04)23288582,2023,8,28,15,42,臺中市,西區,0,0,0,7,,,50,,,,,,,,,,,,,,14,49,,,,,B03,,,1,,1,,,49,,1,12,4,B03,120.657345,24.137987,3
10814,66000,387130000C,(04)23274275,(04)23288582,2023,8,28,15,44,臺中市,太平區,0,0,0,7,,,50,,,,,,,,,,,,,,,68,,,,,B12,,,1,,9,,,68,,1,12,4,B12,120.718699,24.133396,3
10815,66000,387130000C,(04)23274275,(04)23288582,2023,8,28,15,51,臺中市,西屯區,0,0,0,7,,,50,,,,,,,,,,,,,,14,49,,,,,B03,,,1,,1,,,49,,1,12,4,B03,120.615447,24.1743,3
10816,66000,387130000C,(04)23274275,(04)23288582,2023,8,28,15,52,臺中市,東區,0,2,0,7,2,6,50,3,2,1,5,4,6,6,1,1,10,5,5,2,18,94,2,9,2,1,C03,7,6,1,10,2,14,,94,94,1,13,4,C03,120.685897,24.135723,2
10817,66000,387130000C,(04)23274275,(04)23288582,2023,8,28,15,55,臺中市,潭子區,0,0,0,7,,,10,,,,,,,,,,,,,,,49,,,,,B03,,,1,,2,,,49,,1,13,4,B03,120.687382,24.216097,3
10818,66000,387130000C,(04)23274275,(04)23288582,2023,8,28,15,55,臺中市,西屯區,0,0,0,7,,,30,,,,,,,,,,,,,,14,49,,,,,B12,,,1,,1,,,49,,1,13,4,B12,120.640224,24.200924,3
10819,66000,387130000C,(04)23274275,(04)23288582,2023,8,28,15,57,臺中市,大里區,0,1,0,7,3,6,50,4,1,1,5,4,6,6,1,1,5,5,5,2,12,7,2,9,1,1,C03,7,9,1,10,2,12,,7,7,1,13,4,C03,120.699171,24.110257,2
10820,66000,387130000C,(04)23274275,(04)23288582,2023,8,28,15,59,臺中市,西屯區,0,0,0,7,,,50,,,,,,,,,,,,,,,84,,,,,B03,,,1,,9,,,84,,1,12,4,B03,120.663735,24.172814,3
10821,66000,387130000C,(04)23274275,(04)23288582,2023,8,28,16,6,臺中市,太平區,0,1,0,7,2,6,50,3,2,1,5,4,6,6,4,4,5,4,5,2,16,34,3,10,3,1,B03,7,6,1,8,2,6,,34,34,1,13,4,B03,120.723598,24.108408,2
10822,66000,387130000C,(04)23274275,(04)23288582,2023,8,28,16,13,臺中市,西屯區,0,2,0,7,2,6,30,4,1,1,5,4,6,6,4,4,10,5,5,2,15,4,2,8,1,1,C03,7,9,1,10,2,11,,4,4,1,12,4,C03,120.641392,24.172097,2
10823,66000,387130000C,(04)23274275,(04)23288582,2023,8,28,16,13,臺中市,烏日區,0,1,0,7,2,6,50,13,7,1,5,4,6,6,4,4,9,4,4,2,16,51,3,10,3,1,B03,7,1,1,8,2,1,,51,51,1,12,4,B03,120.641954,24.106662,2
10824,66000,387130000C,(04)23274275,(04)23288582,2023,8,28,16,21,臺中市,大里區,0,1,0,7,2,6,50,13,9,1,5,4,6,6,4,4,5,5,5,2,17,4,3,10,1,1,C03,7,15,1,10,2,11,,4,4,1,13,4,C03,120.69999,24.085538,2
10825,66000,387130000C,(04)23274275,(04)23288582,2023,8,28,16,22,臺中市,北屯區,0,0,0,7,,,50,,,,,,,,,,,,,,17,50,,,,,B03,,,1,,1,,,50,,1,13,4,B03,120.686921,24.186302,3
10826,66000,387130000C,(04)23274275,(04)23288582,2023,8,28,16,24,臺中市,太平區,0,0,0,7,,,50,,,,,,,,,,,,,,17,49,,,,,C03,,,1,,2,,,49,,1,13,4,C03,120.717163,24.151546,4
10827,66000,387130000C,(04)23274275,(04)23288582,2023,8,28,16,25,臺中市,西區,0,0,0,7,,,50,,,,,,,,,,,,,,,84,,,,,B12,,,1,7,1,,,84,84,1,13,4,B12,120.661845,24.135532,3
10828,66000,387130000C,(04)23274275,(04)23288582,2023,8,28,16,25,臺中市,南屯區,0,1,0,7,2,6,40,4,1,1,5,4,6,6,4,4,9,5,5,2,15,15,2,8,1,1,C03,7,9,1,10,2,11,,15,15,1,13,4,C03,120.612469,24.147231,2
10829,66000,387130000C,(04)23274275,(04)23288582,2023,8,28,16,25,臺中市,大里區,0,2,0,7,2,6,50,4,1,1,5,4,6,6,1,1,5,5,5,1,15,21,2,9,2,1,C03,7,9,1,10,2,11,,21,21,1,13,4,C03,120.676939,24.106446,2
10830,66000,387130000C,(04)23274275,(04)23288582,2023,8,28,16,30,臺中市,西屯區,0,0,0,7,,,50,,,,,,,,,,,,,,,85,,,,,B03,,,1,,1,,,85,,1,13,4,B03,120.63868,24.16872,3
10831,66000,387130000C,(04)23274275,(04)23288582,2023,8,28,16,41,臺中市,西屯區,0,1,0,7,2,6,40,4,1,1,5,4,6,6,1,1,5,4,5,2,16,11,3,10,3,1,B03,7,5,1,8,2,7,,11,11,1,13,4,B03,120.619549,24.169032,2
10832,66000,387130000C,(04)23274275,(04)23288582,2023,8,28,16,44,臺中市,潭子區,0,1,0,7,3,6,30,13,9,1,5,4,6,6,4,4,10,5,5,2,18,58,2,9,2,1,C03,7,9,3,19,2,14,,58,58,1,12,4,C03,120.716683,24.201436,2
10833,66000,387130000C,(04)23274275,(04)23288582,2023,8,28,16,45,臺中市,大雅區,0,1,0,7,1,6,50,13,9,1,5,4,6,6,1,1,5,5,5,1,12,57,3,10,3,1,B03,7,9,1,8,2,5,,57,57,1,13,4,B03,120.65209,24.228263,2
10834,66000,387130000C,(04)23274275,(04)23288582,2023,8,28,16,45,臺中市,大里區,0,0,0,7,,,30,,,,,,,,,,,,,,17,58,,,,,B03,,,1,,9,,,58,,1,12,4,B03,120.705718,24.10453,3
10835,66000,387130000C,(04)23274275,(04)23288582,2023,8,28,16,49,臺中市,西屯區,0,1,0,7,2,6,50,4,1,1,5,4,6,6,4,4,5,4,4,2,16,85,3,10,3,4,B03,7,6,1,8,2,6,,85,85,1,12,4,B03,120.645898,24.172135,2
10836,66000,387130000C,(04)23274275,(04)23288582,2023,8,28,16,50,臺中市,東區,0,0,0,7,3,6,50,13,9,1,5,4,6,6,4,4,5,5,5,2,14,49,3,10,3,1,B03,7,2,1,8,2,7,,49,49,1,12,4,B03,120.703627,24.14139,3
10837,66000,387130000C,(04)23274275,(04)23288582,2023,8,28,16,51,臺中市,北屯區,0,0,0,7,,,40,,,,,,,,,,,,,,14,49,,,,,B12,,,1,,1,,,49,,1,13,4,B12,120.72383,24.180739,3
10838,66000,387130000C,(04)23274275,(04)23288582,2023,8,28,16,55,臺中市,西屯區,0,0,0,7,,,50,,,,,,,,,,,,,,,49,,,,,B03,,,1,,2,,,49,,1,12,4,B03,120.636635,24.174195,3
10839,66000,387130000C,(04)23274275,(04)23288582,2023,8,28,16,57,臺中市,北屯區,0,0,0,7,,,40,,,,,,,,,,,,,,,85,,,,,B03,,,1,,2,,,85,85,1,6,4,B03,120.71912,24.161967,3
10840,66000,387130000C,(04)23274275,(04)23288582,2023,8,28,16,57,臺中市,新社區,0,1,0,7,2,6,30,3,1,1,5,4,6,6,4,4,10,5,5,2,16,51,3,10,4,1,G02,7,1,3,19,2,17,,51,51,1,12,4,G02,120.819383,24.216399,2
10841,66000,387130000C,(04)23274275,(04)23288582,2023,8,28,16,59,臺中市,東區,0,2,0,7,3,6,40,3,2,1,5,4,6,6,1,1,1,4,4,2,13,7,2,8,1,1,C03,7,9,1,10,2,11,,7,7,1,5,4,C03,120.691192,24.132024,2
10842,66000,387130000C,(04)23274275,(04)23288582,2023,8,28,17,0,臺中市,清水區,0,0,0,7,,,50,,,,,,,,,,,,,,,7,,,,,B12,,,1,,2,,,7,,1,12,4,B12,120.577122,24.275601,3
10843,66000,387130000C,(04)23274275,(04)23288582,2023,8,28,17,2,臺中市,南屯區,0,2,0,7,1,6,50,4,1,1,5,4,6,6,4,4,5,5,5,2,15,12,2,8,5,4,C03,7,9,1,10,2,14,,12,12,1,13,4,C03,120.612495,24.145544,2
10844,66000,387130000C,(04)23274275,(04)23288582,2023,8,28,17,3,臺中市,東區,0,1,0,7,2,6,50,4,1,1,5,4,6,6,1,1,10,5,5,2,17,84,3,10,3,1,A04,7,5,1,2,2,2,,84,84,1,13,4,A04,120.685949,24.140137,2
10845,66000,387130000C,(04)23274275,(04)23288582,2023,8,28,17,3,臺中市,西屯區,0,1,0,7,2,6,50,3,8,1,5,4,6,6,2,1,1,4,1,2,16,20,3,10,3,1,B03,7,5,1,8,2,5,,20,20,1,13,4,B03,120.62904,24.163157,2
10846,66000,387130000C,(04)23274275,(04)23288582,2023,8,28,17,6,臺中市,北屯區,0,2,0,7,2,6,50,4,1,1,5,4,6,6,4,4,10,5,5,2,15,12,2,9,1,1,F03,7,9,7,21,2,11,14,12,12,1,6,4,F03,120.677906,24.180643,2
10847,66000,387130000C,(04)23274275,(04)23288582,2023,8,28,17,8,臺中市,潭子區,0,0,0,7,,,60,,,,,,,,,,,,,,,59,,,,,B03,,,3,,9,,,59,,1,13,4,B03,120.705249,24.214475,3
10848,66000,387130000C,(04)23274275,(04)23288582,2023,8,28,17,8,臺中市,龍井區,0,1,0,7,3,6,60,3,1,1,5,4,6,6,4,4,5,5,5,2,17,2,2,9,5,4,C03,7,4,1,10,2,14,,2,2,1,6,4,C03,120.5129,24.196532,2
10849,66000,387130000C,(04)23274275,(04)23288582,2023,8,28,17,10,臺中市,外埔區,0,1,0,7,2,6,30,13,9,1,5,4,6,6,4,4,10,5,5,1,16,84,3,10,2,1,C03,7,6,1,10,2,14,,84,84,1,12,2,C03,120.66187,24.334043,2
10850,66000,387130000C,(04)23274275,(04)23288582,2023,8,28,17,11,臺中市,西屯區,0,0,0,7,,,60,,,,,,,,,,,,,,12,84,,,,,B03,,,1,,2,,,84,,1,12,4,B03,120.653277,24.160668,3
10851,66000,387130000C,(04)23274275,(04)23288582,2023,8,28,17,14,臺中市,大雅區,0,1,0,7,1,6,30,13,9,1,5,4,6,6,4,4,10,5,5,2,12,20,3,10,3,1,B12,7,7,1,8,2,5,,20,20,1,13,4,B12,120.662452,24.213949,2
10852,66000,387130000C,(04)23274275,(04)23288582,2023,8,28,17,15,臺中市,龍井區,0,0,0,7,,,60,,,,,,,,,,,,,,,7,,,,,B03,,,1,,2,,,7,,1,6,4,B03,120.581811,24.175876,3
10853,66000,387130000C,(04)23274275,(04)23288582,2023,8,28,17,16,臺中市,西屯區,0,1,0,7,2,6,30,4,1,1,5,4,6,6,4,4,10,4,5,2,15,15,3,10,2,1,C03,7,9,1,10,2,12,,15,15,1,13,4,C03,120.650715,24.173647,2
10854,66000,387130000C,(04)23274275,(04)23288582,2023,8,28,17,18,臺中市,大里區,0,0,0,7,,,50,,,,,,,,,,,,,,,51,,,,,B12,,,1,,2,,,51,,1,6,4,B12,120.709524,24.088344,3
10855,66000,387130000C,(04)23274275,(04)23288582,2023,8,28,17,20,臺中市,西屯區,0,1,0,7,2,6,50,3,1,1,5,4,6,6,4,4,5,4,4,2,16,51,3,10,5,4,B03,7,1,1,8,2,5,,51,51,1,12,4,B03,120.654544,24.176284,2
10856,66000,387130000C,(04)23274275,(04)23288582,2023,8,28,17,23,臺中市,龍井區,0,0,0,7,,,70,,,,,,,,,,,,,,,7,,,,,C03,,,1,,2,,,7,,1,12,4,C03,120.542378,24.2182,3
10857,66000,387130000C,(04)23274275,(04)23288582,2023,8,28,17,23,臺中市,清水區,0,0,0,7,,,90,,,,,,,,,,,,,,,58,,,,,B03,,,1,,2,,,58,,1,12,4,B03,120.553015,24.296798,3
10858,66000,387130000C,(04)23274275,(04)23288582,2023,8,28,17,24,臺中市,北屯區,0,1,0,7,3,6,50,13,9,1,5,4,6,6,4,4,5,4,5,2,17,85,2,9,2,1,C03,7,9,1,9,2,15,,85,85,1,13,4,C03,120.740564,24.178131,2