序號,縣市別代碼,機關代碼,市話,傳真,年,月,日,時,分,縣市,區,死亡數量,受傷數量,2-30,天候,光線,道路類別,速限,道路型態,事故位置,路面鋪裝,路面狀態,路面缺陷,障礙物,視距,號誌種類,號誌動作,分向設施,快車道或一般車道間,快慢車道間,路面邊線,事故類型及型態,主要肇因,受傷程度,主要傷處,保護裝備,行動電話,當事者區分(類別),車輛用途,當事者行動狀態,駕駛資格情形,駕駛執照種類,飲酒情形,車輛撞擊部位最初,車輛撞擊部位其他,肇事因素個別,肇事因素主要,肇事逃逸,職業,旅次目的,車種,GPS座標X,GPS座標Y,事故類別
10859,66000,387130000C,(04)23274275,(04)23288582,2023,8,28,17,25,臺中市,北屯區,0,2,0,7,2,6,50,13,8,1,5,4,6,6,4,4,1,4,4,2,17,84,2,8,5,4,C04,7,9,1,10,2,11,,87,84,1,12,4,C04,120.666382,24.181334,2
10860,66000,387130000C,(04)23274275,(04)23288582,2023,8,28,17,26,臺中市,北屯區,0,0,0,7,,,30,,,,,,,,,,,,,,17,50,,,,,C03,,,1,,2,,,50,50,1,13,4,C03,120.687765,24.171629,3
10861,66000,387130000C,(04)23274275,(04)23288582,2023,8,28,17,28,臺中市,西屯區,0,0,0,7,,,50,,,,,,,,,,,,,,12,40,,,,,B12,,,1,,1,,,40,,1,13,4,B12,120.620416,24.187755,3
10862,66000,387130000C,(04)23274275,(04)23288582,2023,8,28,17,30,臺中市,北屯區,0,0,0,7,,,30,,,,,,,,,,,,,,17,86,,,,,,,,,,,,,86,,1,,,,120.687765,24.171629,3
10863,66000,387130000C,(04)23274275,(04)23288582,2023,8,28,17,30,臺中市,外埔區,0,2,0,7,2,6,50,4,2,1,2,4,6,6,4,4,4,4,5,1,17,93,3,10,3,1,A41,1,5,1,7,1,16,,93,93,1,12,4,A41,120.630779,24.324753,2
10864,66000,387130000C,(04)23274275,(04)23288582,2023,8,28,17,32,臺中市,北屯區,0,1,0,7,1,6,40,13,8,1,5,4,6,6,4,4,1,4,4,2,17,42,2,9,5,4,C03,7,15,1,10,2,14,11,42,42,1,6,4,C03,120.684792,24.18151,2
10865,66000,387130000C,(04)23274275,(04)23288582,2023,8,28,17,33,臺中市,豐原區,0,0,0,7,,,50,,,,,,,,,,,,,,13,7,,,,,B03,,,1,,2,,,7,,1,13,4,B03,120.73678,24.272867,3
10866,66000,387130000C,(04)23274275,(04)23288582,2023,8,28,17,37,臺中市,西屯區,0,1,0,7,2,6,50,13,9,1,5,4,6,6,4,4,5,4,5,2,14,49,3,10,3,1,B03,7,2,1,8,2,7,,49,49,1,13,4,B03,120.595795,24.166772,2
10867,66000,387130000C,(04)23274275,(04)23288582,2023,8,28,17,38,臺中市,北區,0,1,0,7,2,6,50,13,8,1,5,4,6,6,4,4,9,5,4,2,17,55,2,3,3,1,B03,7,9,1,8,2,1,,55,55,1,12,4,B03,120.674444,24.155758,2
10868,66000,387130000C,(04)23274275,(04)23288582,2023,8,28,17,40,臺中市,北區,0,0,0,7,,,50,,,,,,,,,,,,,,,40,,,,,C03,,,1,,2,,,40,,1,13,4,C03,120.683748,24.148643,3
10869,66000,387130000C,(04)23274275,(04)23288582,2023,8,28,17,40,臺中市,太平區,0,1,0,5,2,6,50,5,1,1,4,4,6,6,1,1,5,5,5,2,17,84,2,9,1,1,C03,7,4,1,10,2,14,,84,84,1,12,4,C03,120.717711,24.124843,2
10870,66000,387130000C,(04)23274275,(04)23288582,2023,8,28,17,42,臺中市,大里區,0,0,0,6,2,6,50,13,9,1,4,4,6,6,4,4,5,5,5,2,17,8,3,10,3,1,B03,7,15,1,8,5,2,,8,8,1,13,4,B03,120.703951,24.106776,3
10871,66000,387130000C,(04)23274275,(04)23288582,2023,8,28,17,42,臺中市,大里區,0,1,0,7,3,6,30,3,2,1,5,4,6,6,4,4,10,5,4,2,12,8,3,10,1,1,C03,7,9,1,10,2,12,,8,8,1,12,4,C03,120.687159,24.114199,2
10872,66000,387130000C,(04)23274275,(04)23288582,2023,8,28,17,45,臺中市,清水區,0,0,0,7,,,50,,,,,,,,,,,,,,,20,,,,,B12,,,1,,1,,,20,20,1,12,4,B12,120.547107,24.267316,3
10873,66000,387130000C,(04)23274275,(04)23288582,2023,8,28,17,48,臺中市,西屯區,0,3,0,7,1,6,50,4,19,1,5,4,6,6,1,1,5,4,4,2,9,10,2,9,5,4,C04,7,6,1,8,2,12,,10,85,1,12,4,C04,120.614537,24.179592,2
10874,66000,387130000C,(04)23274275,(04)23288582,2023,8,28,17,50,臺中市,太平區,0,1,0,7,2,6,50,3,2,1,4,4,6,6,4,4,10,5,5,2,16,20,3,10,3,1,B03,7,6,1,8,2,8,,20,20,1,13,4,B03,120.720184,24.123936,2
10875,66000,387130000C,(04)23274275,(04)23288582,2023,8,28,17,50,臺中市,烏日區,0,1,0,7,1,6,60,10,7,1,5,4,6,6,4,4,1,4,1,2,13,7,3,10,3,1,B03,7,9,3,19,2,1,,7,7,1,12,4,B03,120.645291,24.111999,2
10876,66000,387130000C,(04)23274275,(04)23288582,2023,8,28,17,50,臺中市,神岡區,0,0,0,7,,,50,,,,,,,,,,,,,,17,49,,,,,B03,,,1,,2,,,49,,1,6,4,B03,120.658759,24.257165,3
10877,66000,387130000C,(04)23274275,(04)23288582,2023,8,28,17,56,臺中市,北屯區,0,0,0,7,,,50,,,,,,,,,,,,,,13,84,,,,,B03,,,1,,1,,,84,,1,13,4,B03,120.694432,24.165472,3
10878,66000,387130000C,(04)23274275,(04)23288582,2023,8,28,18,0,臺中市,后里區,0,1,0,7,2,6,50,4,2,1,5,4,6,6,1,1,4,4,5,1,17,34,3,10,3,1,B03,7,6,1,8,2,8,,34,34,1,12,4,B03,120.723266,24.311993,2
10879,66000,387130000C,(04)23274275,(04)23288582,2023,8,28,18,2,臺中市,大里區,0,0,0,7,,,50,,,,,,,,,,,,,,,7,,,,,B12,,,1,,2,,,7,,1,12,4,B12,120.686826,24.110355,3
10880,66000,387130000C,(04)23274275,(04)23288582,2023,8,28,18,7,臺中市,西屯區,0,2,0,7,1,6,50,3,1,1,5,4,6,6,1,1,10,5,5,2,13,7,2,9,5,4,C03,7,9,1,10,2,11,,7,7,1,13,2,C03,120.646115,24.182756,2
10881,66000,387130000C,(04)23274275,(04)23288582,2023,8,28,18,9,臺中市,西區,0,0,0,7,,,50,,,,,,,,,,,,,,,84,,,,,B03,,,3,,1,,,84,,1,13,4,B03,120.665958,24.13557,3
10882,66000,387130000C,(04)23274275,(04)23288582,2023,8,28,18,9,臺中市,烏日區,0,1,0,7,2,6,60,13,8,1,5,4,6,6,4,4,1,4,4,1,17,47,2,8,1,1,C03,7,5,3,19,2,11,14,47,47,1,12,4,C03,120.634315,24.106381,2
10883,66000,387130000C,(04)23274275,(04)23288582,2023,8,28,18,10,臺中市,烏日區,0,0,0,7,,,80,,,,,,,,,,,,,,13,7,,,,,B03,,,1,,2,,,7,,1,12,4,B03,120.616521,24.107356,3
10884,66000,387130000C,(04)23274275,(04)23288582,2023,8,28,18,10,臺中市,神岡區,0,0,0,7,,,60,,,,,,,,,,,,,,,88,,,,,A11,,,1,,2,,,88,,1,12,4,A11,120.666421,24.274886,3
10885,66000,387130000C,(04)23274275,(04)23288582,2023,8,28,18,15,臺中市,西區,0,1,0,7,1,6,50,13,9,1,5,4,6,6,4,4,4,4,5,2,18,59,2,9,4,1,F01,7,9,7,21,2,14,,59,59,1,12,4,F01,120.677794,24.135952,2
10886,66000,387130000C,(04)23274275,(04)23288582,2023,8,28,18,15,臺中市,南區,0,1,0,7,1,6,50,4,1,1,5,4,6,6,1,1,10,5,5,2,17,68,3,10,1,1,C03,7,15,1,10,2,16,,68,68,1,12,4,C03,120.654032,24.116455,2
10887,66000,387130000C,(04)23274275,(04)23288582,2023,8,28,18,15,臺中市,西屯區,0,0,0,7,,,80,,,,,,,,,,,,,,13,59,,,,,B03,,,1,,1,,,59,,1,12,4,B03,120.65977,24.200698,3
10888,66000,387130000C,(04)23274275,(04)23288582,2023,8,28,18,15,臺中市,大里區,0,0,0,7,,,40,,,,,,,,,,,,,,13,7,,,,,B03,,,1,,1,,,7,,1,13,4,B03,120.68953,24.092141,3
10889,66000,387130000C,(04)23274275,(04)23288582,2023,8,28,18,15,臺中市,大里區,0,0,0,7,,,40,,,,,,,,,,,,,,,49,,,,,B03,,,1,,2,,,49,,1,13,4,B03,120.688747,24.12301,3
10890,66000,387130000C,(04)23274275,(04)23288582,2023,8,28,18,15,臺中市,烏日區,0,0,0,7,,,50,,,,,,,,,,,,,,,7,,,,,B03,,,1,,2,,,7,,1,12,4,B03,120.623008,24.104408,3
10891,66000,387130000C,(04)23274275,(04)23288582,2023,8,28,18,18,臺中市,中區,0,2,0,7,1,6,50,3,1,1,5,4,6,6,1,1,10,5,5,2,16,47,2,8,1,1,C03,7,5,1,10,2,12,,47,47,1,12,4,C03,120.68211,24.136019,2
10892,66000,387130000C,(04)23274275,(04)23288582,2023,8,28,18,19,臺中市,南屯區,0,0,0,7,,,50,,,,,,,,,,,,,,13,7,,,,,B03,,,1,,1,,,7,,1,6,4,B03,120.632684,24.150595,3
10893,66000,387130000C,(04)23274275,(04)23288582,2023,8,28,18,20,臺中市,西屯區,0,0,0,7,,,50,,,,,,,,,,,,,,,39,,,,,C03,,,1,,1,,,39,39,1,12,4,C03,120.655356,24.165693,3
10894,66000,387130000C,(04)23274275,(04)23288582,2023,8,28,18,24,臺中市,北區,0,0,0,7,,,0,,,,,,,,,,,,,,,85,,,,,C03,,,5,,9,,,85,,1,13,4,C03,120.670919,24.158953,3
10895,66000,387130000C,(04)23274275,(04)23288582,2023,8,28,18,28,臺中市,東區,0,2,0,7,1,6,30,3,1,1,5,4,6,6,4,4,10,5,5,2,16,14,2,8,1,1,C03,7,6,1,10,2,11,,14,14,1,12,4,C03,120.691314,24.131782,2
10896,66000,387130000C,(04)23274275,(04)23288582,2023,8,28,18,30,臺中市,北區,0,0,0,7,,,40,,,,,,,,,,,,,,,119,,,,,,,,,,,,,119,,1,,,,120.670222,24.152728,3
10897,66000,387130000C,(04)23274275,(04)23288582,2023,8,28,18,31,臺中市,西區,0,1,0,7,1,6,50,4,1,1,5,4,6,6,1,1,10,5,5,2,16,20,3,10,5,4,B02,7,5,1,8,1,2,,20,20,1,13,4,B02,120.657362,24.145036,2
10898,66000,387130000C,(04)23274275,(04)23288582,2023,8,28,18,31,臺中市,東區,0,1,0,7,1,6,50,5,1,1,5,4,6,6,1,1,10,5,5,2,12,26,2,9,2,1,C03,7,9,1,10,2,14,,26,26,1,13,4,C03,120.69315,24.132824,2
10899,66000,387130000C,(04)23274275,(04)23288582,2023,8,28,18,32,臺中市,南屯區,0,0,0,7,,,50,,,,,,,,,,,,,,,87,,,,,C03,,,1,,10,,,87,,1,13,4,C03,120.647009,24.147639,3
10900,66000,387130000C,(04)23274275,(04)23288582,2023,8,28,18,33,臺中市,北屯區,0,0,0,7,,,60,,,,,,,,,,,,,,13,7,,,,,C01,,,1,9,1,,,7,7,1,12,4,C01,120.719081,24.16309,3
10901,66000,387130000C,(04)23274275,(04)23288582,2023,8,28,18,35,臺中市,南區,0,0,0,7,,,50,,,,,,,,,,,,,,,39,,,,,B03,,,1,,1,,,39,,1,13,4,B03,120.657401,24.11457,3
10902,66000,387130000C,(04)23274275,(04)23288582,2023,8,28,18,35,臺中市,西屯區,0,0,0,7,,,50,,,,,,,,,,,,,,14,49,,,,,B03,,,1,,2,,,49,,1,13,4,B03,120.62384,24.174272,3
10903,66000,387130000C,(04)23274275,(04)23288582,2023,8,28,18,36,臺中市,中區,0,0,0,7,,,50,,,,,,,,,,,,,,,40,,,,,A02,,,1,,9,,,40,,1,12,4,A02,120.680386,24.13746,3
10904,66000,387130000C,(04)23274275,(04)23288582,2023,8,28,18,38,臺中市,西屯區,0,0,0,7,,,70,,,,,,,,,,,,,,,40,,,,,B03,,,1,,2,,,40,,1,12,4,B03,120.615369,24.183119,3
10905,66000,387130000C,(04)23274275,(04)23288582,2023,8,28,18,40,臺中市,東區,0,0,0,7,1,6,50,4,1,1,5,4,6,6,1,1,10,5,5,2,17,84,3,10,1,1,C03,7,9,1,10,1,11,,84,84,1,12,4,C03,120.69315,24.132824,3
10906,66000,387130000C,(04)23274275,(04)23288582,2023,8,28,18,45,臺中市,南區,0,1,0,7,1,6,50,4,1,1,5,4,6,6,1,1,10,5,5,2,17,84,2,9,1,1,C03,7,9,1,10,2,11,,84,84,1,12,4,C03,120.655457,24.115199,2
10907,66000,387130000C,(04)23274275,(04)23288582,2023,8,28,18,45,臺中市,大甲區,0,0,0,7,,,50,,,,,,,,,,,,,,14,49,,,,,B03,,,1,,2,,,49,,1,13,4,B03,120.618651,24.348787,3
10908,66000,387130000C,(04)23274275,(04)23288582,2023,8,28,18,46,臺中市,西區,0,0,0,7,,,50,,,,,,,,,,,,,,13,7,,,,,B03,,,1,,1,,,7,,1,12,4,B03,120.666321,24.153387,3
10909,66000,387130000C,(04)23274275,(04)23288582,2023,8,28,18,46,臺中市,北屯區,0,0,0,7,,,50,,,,,,,,,,,,,,,11,,,,,B03,,,1,,1,,,11,,1,12,4,B03,120.678248,24.200795,3
10910,66000,387130000C,(04)23274275,(04)23288582,2023,8,28,18,46,臺中市,大里區,0,0,0,7,,,60,,,,,,,,,,,,,,13,59,,,,,B12,,,1,,2,,,59,,1,12,4,B12,120.667286,24.105269,3
10911,66000,387130000C,(04)23274275,(04)23288582,2023,8,28,18,49,臺中市,北區,0,2,0,6,1,6,50,4,1,1,5,4,6,6,4,4,10,5,5,2,15,12,2,9,2,1,C03,7,9,1,10,2,11,,12,12,1,12,4,C03,120.67962,24.152935,2
10912,66000,387130000C,(04)23274275,(04)23288582,2023,8,28,18,56,臺中市,南屯區,0,0,0,7,,,50,,,,,,,,,,,,,,,59,,,,,B03,,,1,,1,,,59,59,1,13,4,B03,120.646681,24.153613,3
10913,66000,387130000C,(04)23274275,(04)23288582,2023,8,28,18,58,臺中市,西屯區,0,1,0,7,1,6,50,13,9,1,5,4,6,6,4,4,5,4,5,2,17,7,3,10,2,1,C03,7,9,1,10,2,15,,7,7,1,12,4,C03,120.613863,24.189773,2
10914,66000,387130000C,(04)23274275,(04)23288582,2023,8,28,19,0,臺中市,北屯區,0,1,0,7,1,6,50,4,19,1,5,4,6,6,1,1,10,5,5,2,3,10,3,10,3,1,B03,7,6,1,8,2,1,,10,10,1,13,4,B03,120.719113,24.174943,2
10915,66000,387130000C,(04)23274275,(04)23288582,2023,8,28,19,0,臺中市,烏日區,0,0,0,7,,,50,,,,,,,,,,,,,,9,50,,,,,B03,,,1,,2,,,50,50,1,12,4,B03,120.639049,24.10472,3
10916,66000,387130000C,(04)23274275,(04)23288582,2023,8,28,19,1,臺中市,大雅區,0,0,0,7,1,6,50,4,1,1,5,4,6,6,3,1,10,5,5,1,17,34,,,,,B03,,,1,,2,,,87,84,1,13,4,B03,120.651344,24.246272,3
10917,66000,387130000C,(04)23274275,(04)23288582,2023,8,28,19,2,臺中市,西屯區,0,2,0,7,1,6,50,13,9,1,5,4,6,6,4,4,5,4,5,2,12,84,2,9,2,1,C03,7,9,1,10,2,12,,84,84,1,13,4,C03,120.616214,24.189066,2
10918,66000,387130000C,(04)23274275,(04)23288582,2023,8,28,19,5,臺中市,大里區,0,2,0,7,3,6,50,4,1,1,5,4,6,6,4,4,10,5,5,2,16,51,2,9,1,1,C03,7,1,1,10,2,14,,51,51,1,6,4,C03,120.708847,24.08341,2
10919,66000,387130000C,(04)23274275,(04)23288582,2023,8,28,19,9,臺中市,西區,0,1,0,7,1,6,50,13,7,1,5,4,6,6,1,1,3,4,4,2,12,40,3,10,5,4,B03,7,7,1,8,2,8,,40,40,1,13,4,B03,120.671489,24.145961,2
10920,66000,387130000C,(04)23274275,(04)23288582,2023,8,28,19,13,臺中市,東區,0,1,0,7,1,6,50,4,1,1,5,4,6,6,2,1,10,5,5,2,16,11,3,10,3,1,B03,7,6,1,8,2,2,,11,11,1,12,4,B03,120.690163,24.131725,2
10921,66000,387130000C,(04)23274275,(04)23288582,2023,8,28,19,20,臺中市,潭子區,0,1,0,7,1,6,60,13,7,1,5,4,6,6,4,4,3,4,4,1,17,59,2,9,2,1,C03,7,9,1,10,2,12,,59,59,1,12,4,C03,120.705049,24.215293,2
10922,66000,387130000C,(04)23274275,(04)23288582,2023,8,28,19,21,臺中市,沙鹿區,0,0,0,7,,,50,,,,,,,,,,,,,,13,7,,,,,B03,,,1,,2,,,7,,1,6,4,B03,120.554392,24.22553,3
10923,66000,387130000C,(04)23274275,(04)23288582,2023,8,28,19,29,臺中市,豐原區,0,0,0,7,,,50,,,,,,,,,,,,,,,49,,,,,B03,,,1,,2,,,49,,1,12,4,B03,120.71204,24.25157,3
10924,66000,387130000C,(04)23274275,(04)23288582,2023,8,28,19,33,臺中市,北區,0,0,0,7,,,50,,,,,,,,,,,,,,,84,,,,,B03,,,1,,1,,,84,84,1,12,4,B03,120.673773,24.165153,3
10925,66000,387130000C,(04)23274275,(04)23288582,2023,8,28,19,37,臺中市,東勢區,0,2,0,7,1,6,60,13,12,1,5,4,6,6,4,4,5,5,4,1,2,84,2,9,1,1,C03,7,9,1,10,3,11,,84,84,1,12,4,C03,120.823017,24.270013,2
10926,66000,387130000C,(04)23274275,(04)23288582,2023,8,28,19,42,臺中市,北屯區,0,0,0,7,,,,,,,,,,,,,,,,,17,86,,,,,,,,,,,,,86,86,1,,,,120.672615,24.176699,3
10927,66000,387130000C,(04)23274275,(04)23288582,2023,8,28,19,43,臺中市,北屯區,0,1,0,7,1,6,50,13,7,1,5,4,6,6,4,4,1,4,5,2,13,84,3,10,5,4,B03,7,9,1,6,2,1,,84,84,1,6,4,B03,120.661848,24.190025,2
10928,66000,387130000C,(04)23274275,(04)23288582,2023,8,28,19,46,臺中市,大里區,0,0,0,7,,,50,,,,,,,,,,,,,,,87,,,,,B03,,,1,,2,,,87,,1,12,4,B03,120.691496,24.121689,3
10929,66000,387130000C,(04)23274275,(04)23288582,2023,8,28,19,51,臺中市,大里區,0,0,0,7,,,50,,,,,,,,,,,,,,14,49,,,,,B03,,,1,,2,,,49,,1,12,4,B03,120.685,24.102459,3
10930,66000,387130000C,(04)23274275,(04)23288582,2023,8,28,19,56,臺中市,西屯區,0,0,0,7,,,40,,,,,,,,,,,,,,9,50,,,,,B03,,,1,,1,,,50,,1,13,4,B03,120.638522,24.164116,3
10931,66000,387130000C,(04)23274275,(04)23288582,2023,8,28,20,0,臺中市,西區,0,0,0,7,,,50,,,,,,,,,,,,,,17,50,,,,,C03,,,1,,1,,,50,,1,13,4,C03,120.657065,24.134633,3
10932,66000,387130000C,(04)23274275,(04)23288582,2023,8,28,20,0,臺中市,沙鹿區,0,0,0,7,,,50,,,,,,,,,,,,,,,119,,,,,,,,,,,,,119,,1,,,,120.561416,24.242288,3
10933,66000,387130000C,(04)23274275,(04)23288582,2023,8,28,20,9,臺中市,南屯區,0,0,0,7,,,50,,,,,,,,,,,,,,,59,,,,,B03,,,1,,2,,,59,59,1,13,4,B03,120.637867,24.139112,3
10934,66000,387130000C,(04)23274275,(04)23288582,2023,8,28,20,12,臺中市,西屯區,0,1,0,7,1,6,50,3,1,1,5,4,6,6,1,1,5,2,5,2,1,10,3,10,5,4,B03,7,6,1,8,2,8,,10,10,1,13,4,B03,120.632479,24.182922,2
10935,66000,387130000C,(04)23274275,(04)23288582,2023,8,28,20,16,臺中市,北屯區,0,1,0,7,1,6,50,13,8,1,5,4,6,6,4,4,9,4,4,2,17,84,3,10,3,1,B03,7,9,1,8,2,3,,84,84,1,12,4,B03,120.708291,24.186546,2
10936,66000,387130000C,(04)23274275,(04)23288582,2023,8,28,20,25,臺中市,南區,0,1,0,7,1,6,50,4,1,1,5,4,6,6,4,4,10,5,5,2,15,15,3,10,3,1,B03,7,9,1,8,2,6,,15,15,1,13,4,B03,120.665056,24.122007,2
10937,66000,387130000C,(04)23274275,(04)23288582,2023,8,28,20,28,臺中市,潭子區,0,1,0,7,1,6,0,13,23,4,5,4,6,6,4,4,10,5,5,2,17,58,2,7,2,1,C03,7,9,1,10,2,12,,58,58,1,12,4,C03,120.702687,24.19075,2
10938,66000,387130000C,(04)23274275,(04)23288582,2023,8,28,20,29,臺中市,西屯區,0,1,0,7,1,6,50,4,1,1,5,4,6,6,2,1,10,5,5,2,13,7,3,10,3,1,B03,7,9,1,8,2,1,,7,7,1,12,4,B03,120.649578,24.162406,2
10939,66000,387130000C,(04)23274275,(04)23288582,2023,8,28,20,42,臺中市,霧峰區,0,3,0,7,1,6,50,13,7,1,5,4,6,6,4,4,5,4,4,1,17,51,2,9,1,1,C03,7,1,1,10,3,11,,51,51,1,13,4,C03,120.697932,24.058853,2
10940,66000,387130000C,(04)23274275,(04)23288582,2023,8,28,21,8,臺中市,南屯區,0,0,0,7,,,50,,,,,,,,,,,,,,14,49,,,,,B03,,,1,,1,,,49,,1,6,4,B03,120.648254,24.130683,3
10941,66000,387130000C,(04)23274275,(04)23288582,2023,8,28,21,14,臺中市,南屯區,0,0,0,7,,,50,,,,,,,,,,,,,,,84,,,,,C03,,,1,,1,,,84,,1,13,4,C03,120.638193,24.139827,3
10942,66000,387130000C,(04)23274275,(04)23288582,2023,8,28,21,19,臺中市,后里區,0,1,0,7,1,6,50,4,1,1,5,4,6,6,4,4,10,5,5,2,15,15,2,9,2,1,F03,7,9,7,21,6,11,,15,15,1,12,4,F03,120.712586,24.306653,2
10943,66000,387130000C,(04)23274275,(04)23288582,2023,8,28,21,27,臺中市,西區,0,1,0,7,1,6,50,3,1,1,5,4,6,6,4,4,10,5,5,2,16,47,3,10,3,1,E03,7,5,1,8,2,2,,47,47,1,11,4,E03,120.679127,24.137039,2
10944,66000,387130000C,(04)23274275,(04)23288582,2023,8,28,21,30,臺中市,豐原區,0,0,0,7,,,50,,,,,,,,,,,,,,30,84,,,,,A12,,,1,,2,,,84,,1,8,4,A12,120.723481,24.252121,3
10945,66000,387130000C,(04)23274275,(04)23288582,2023,8,28,21,46,臺中市,中區,0,0,0,7,,,50,,,,,,,,,,,,,,,1,,,,,C03,,,1,,2,,,1,,1,13,4,C03,120.68388,24.142488,3
10946,66000,387130000C,(04)23274275,(04)23288582,2023,8,28,21,50,臺中市,北屯區,0,0,0,7,,,30,,,,,,,,,,,,,,17,49,,,,,B03,,,1,,1,,,49,,1,13,4,B03,120.701929,24.168219,3
10947,66000,387130000C,(04)23274275,(04)23288582,2023,8,28,21,52,臺中市,北區,0,1,0,7,1,6,50,4,1,1,5,4,6,6,1,1,5,4,4,2,14,49,3,10,3,1,B03,7,2,1,8,2,3,,49,49,1,12,4,B03,120.684453,24.147933,2
10948,66000,387130000C,(04)23274275,(04)23288582,2023,8,28,21,56,臺中市,太平區,0,1,0,7,1,6,50,13,9,1,5,4,6,6,4,4,5,5,5,1,28,85,2,9,1,1,C03,7,9,1,10,2,11,,85,85,1,12,4,C03,120.716384,24.115583,2
10949,66000,387130000C,(04)23274275,(04)23288582,2023,8,28,22,50,臺中市,西區,0,0,0,7,,,50,,,,,,,,,,,,,,15,12,,,,,B03,,,1,,2,,,12,,1,12,4,B03,120.672549,24.145704,3
10950,66000,387130000C,(04)23274275,(04)23288582,2023,8,28,22,52,臺中市,北屯區,0,2,0,7,1,6,30,4,1,1,5,4,6,6,4,4,10,5,5,2,16,14,2,9,1,1,C03,7,6,1,10,2,14,,14,14,1,13,4,C03,120.681379,24.188874,2
10951,66000,387130000C,(04)23274275,(04)23288582,2023,8,28,22,54,臺中市,北屯區,0,0,0,7,,,50,,,,,,,,,,,,,,15,21,,,,,C03,,,2,19,1,,,21,21,1,12,4,C03,120.694109,24.164902,3
10952,66000,387130000C,(04)23274275,(04)23288582,2023,8,28,22,57,臺中市,南屯區,0,0,0,7,,,50,,,,,,,,,,,,,,13,59,,,,,B02,,,1,,1,,,59,59,1,6,4,B02,120.646416,24.126122,3
10953,66000,387130000C,(04)23274275,(04)23288582,2023,8,28,23,16,臺中市,太平區,0,0,0,7,,,50,,,,,,,,,,,,,,2,84,,,,,C03,,,1,,2,,,84,,1,12,4,C03,120.723202,24.111893,3
10954,66000,387130000C,(04)23274275,(04)23288582,2023,8,28,23,19,臺中市,南區,0,2,0,7,2,6,50,4,1,1,5,4,6,6,2,1,5,5,5,2,17,7,2,9,2,1,C03,7,9,1,10,2,11,,7,7,1,11,4,C03,120.684926,24.129403,2
10955,66000,387130000C,(04)23274275,(04)23288582,2023,8,28,23,22,臺中市,豐原區,0,1,0,7,1,6,50,4,1,1,5,4,6,6,1,1,1,4,5,1,17,44,3,10,1,1,C03,7,11,3,19,2,13,,44,44,1,13,4,C03,120.724691,24.254569,2
10956,66000,387130000C,(04)23274275,(04)23288582,2023,8,28,23,24,臺中市,北區,0,2,0,7,1,6,50,13,9,1,5,4,6,6,4,4,5,5,5,2,12,1,2,9,1,1,C03,7,9,1,10,2,12,,1,1,1,12,4,C03,120.686508,24.14889,2
10957,66000,387130000C,(04)23274275,(04)23288582,2023,8,28,23,40,臺中市,北區,0,1,0,7,1,6,50,5,1,1,5,4,6,6,1,1,1,4,5,2,16,23,2,9,1,1,C03,7,6,1,10,2,12,,23,23,1,12,4,C03,120.686384,24.154734,2
10958,66000,387130000C,(04)23274275,(04)23288582,2023,8,29,1,12,臺中市,西區,0,0,0,7,,,50,,,,,,,,,,,,,,16,34,,,,,B03,,,1,,1,,,34,,1,13,4,B03,120.675348,24.1438,3
10959,66000,387130000C,(04)23274275,(04)23288582,2023,8,29,1,45,臺中市,西屯區,0,2,0,7,1,6,30,13,9,1,5,4,6,6,4,4,10,5,5,2,17,45,2,9,1,1,C03,7,11,1,10,2,12,,45,45,1,12,4,C03,120.625681,24.189993,2
10960,66000,387130000C,(04)23274275,(04)23288582,2023,8,29,2,24,臺中市,大雅區,0,1,0,7,1,6,30,3,9,1,5,4,6,6,4,4,5,4,5,1,16,14,3,10,3,1,B03,7,5,3,19,2,8,,14,14,1,12,4,B03,120.649274,24.226952,2
10961,66000,387130000C,(04)23274275,(04)23288582,2023,8,29,2,40,臺中市,北區,0,4,0,7,3,6,50,13,9,1,5,4,6,6,4,4,5,4,4,1,13,59,2,9,5,4,C03,7,9,1,10,2,11,,59,59,1,13,4,C03,120.681029,24.157933,2
10962,66000,387130000C,(04)23274275,(04)23288582,2023,8,29,4,43,臺中市,西屯區,0,1,0,7,1,6,40,4,1,1,5,4,6,6,1,1,1,4,1,1,18,84,2,9,5,4,C03,7,9,3,19,3,14,,84,84,1,13,4,C03,120.653284,24.16081,2
10963,66000,387130000C,(04)23274275,(04)23288582,2023,8,29,5,5,臺中市,西屯區,0,1,0,7,1,6,50,4,1,1,5,4,6,6,1,1,5,4,5,2,3,10,3,10,3,1,B03,7,5,1,8,2,5,,10,10,1,12,4,B03,120.644306,24.171375,2
10964,66000,387130000C,(04)23274275,(04)23288582,2023,8,29,6,20,臺中市,西屯區,0,2,0,7,3,9,50,4,1,1,5,4,6,6,1,1,1,4,5,1,19,84,2,9,5,4,B03,7,15,1,8,8,1,,84,84,1,13,4,B03,120.651738,24.165916,2
10965,66000,387130000C,(04)23274275,(04)23288582,2023,8,29,6,24,臺中市,龍井區,0,2,0,7,2,6,30,3,1,1,5,4,6,6,4,4,5,4,5,1,16,39,2,9,1,1,C03,7,6,1,10,2,11,,39,20,1,6,4,C03,120.514851,24.198215,2