序號,縣市別代碼,機關代碼,市話,傳真,年,月,日,時,分,縣市,區,死亡數量,受傷數量,2-30,天候,光線,道路類別,速限,道路型態,事故位置,路面鋪裝,路面狀態,路面缺陷,障礙物,視距,號誌種類,號誌動作,分向設施,快車道或一般車道間,快慢車道間,路面邊線,事故類型及型態,主要肇因,受傷程度,主要傷處,保護裝備,行動電話,當事者區分(類別),車輛用途,當事者行動狀態,駕駛資格情形,駕駛執照種類,飲酒情形,車輛撞擊部位最初,車輛撞擊部位其他,肇事因素個別,肇事因素主要,肇事逃逸,職業,旅次目的,車種,GPS座標X,GPS座標Y,事故類別
10966,66000,387130000C,(04)23274275,(04)23288582,2023,8,29,6,24,臺中市,大肚區,0,1,0,7,2,6,50,3,9,1,5,4,6,6,4,4,5,5,5,1,11,41,3,10,3,1,B03,7,11,1,8,2,5,,41,41,1,6,4,B03,120.547706,24.153878,2
10967,66000,387130000C,(04)23274275,(04)23288582,2023,8,29,6,31,臺中市,大雅區,0,1,0,7,1,6,50,3,1,1,5,4,6,6,1,1,1,4,4,1,13,7,2,2,3,1,B03,7,9,1,8,2,1,,7,7,1,13,4,B03,120.64982,24.212973,2
10968,66000,387130000C,(04)23274275,(04)23288582,2023,8,29,6,35,臺中市,太平區,0,0,0,7,,,50,,,,,,,,,,,,,,,49,,,,,A11,,,1,,2,,,49,,1,12,4,A11,120.724925,24.149687,3
10969,66000,387130000C,(04)23274275,(04)23288582,2023,8,29,6,47,臺中市,龍井區,0,0,0,7,,,30,,,,,,,,,,,,,,15,15,,,,,C03,,,1,,2,,,15,,1,13,4,C03,120.593728,24.189266,3
10970,66000,387130000C,(04)23274275,(04)23288582,2023,8,29,6,48,臺中市,神岡區,0,1,0,7,3,6,50,5,1,1,5,4,6,6,1,1,5,5,4,2,17,11,3,10,3,1,B03,7,5,1,8,2,2,,11,11,1,13,4,B03,120.655455,24.258692,2
10971,66000,387130000C,(04)23274275,(04)23288582,2023,8,29,6,58,臺中市,北區,0,0,0,7,,,50,,,,,,,,,,,,,,12,84,,,,,B03,,,1,,2,,,84,,1,12,4,B03,120.669991,24.162688,3
10972,66000,387130000C,(04)23274275,(04)23288582,2023,8,29,7,2,臺中市,西屯區,0,1,0,7,3,6,50,3,1,1,5,4,6,6,4,4,10,5,5,2,17,12,3,10,3,1,B03,7,6,1,8,2,1,,12,12,1,12,4,B03,120.635103,24.174387,2
10973,66000,387130000C,(04)23274275,(04)23288582,2023,8,29,7,5,臺中市,北屯區,0,0,0,7,,,40,,,,,,,,,,,,,,,7,,,,,B03,,,1,,1,,,7,,1,12,4,B03,120.722174,24.185192,3
10974,66000,387130000C,(04)23274275,(04)23288582,2023,8,29,7,6,臺中市,大雅區,0,0,0,7,,,50,,,,,,,,,,,,,,11,51,,,,,B03,,,1,,2,,,51,,1,13,4,B03,120.656498,24.239466,3
10975,66000,387130000C,(04)23274275,(04)23288582,2023,8,29,7,7,臺中市,東區,0,0,0,7,2,3,50,3,1,1,5,4,6,6,1,1,10,5,5,2,16,11,3,10,2,1,C03,7,6,3,11,2,11,,11,11,1,12,4,C03,120.69551,24.147952,3
10976,66000,387130000C,(04)23274275,(04)23288582,2023,8,29,7,13,臺中市,大里區,0,1,0,7,2,6,50,13,9,1,5,4,6,6,4,4,9,5,4,2,16,20,2,9,1,1,C03,7,6,1,10,2,12,,20,20,1,13,4,C03,120.681307,24.100202,2
10977,66000,387130000C,(04)23274275,(04)23288582,2023,8,29,7,15,臺中市,清水區,0,0,0,7,,,40,,,,,,,,,,,,,,13,59,,,,,B03,,,1,,2,,,59,,1,12,4,B03,120.552467,24.293951,3
10978,66000,387130000C,(04)23274275,(04)23288582,2023,8,29,7,16,臺中市,西屯區,0,1,0,7,2,6,50,4,2,1,5,4,6,6,1,1,5,4,5,2,13,7,2,9,5,4,C03,7,9,1,10,2,11,,7,7,1,13,4,C03,120.622314,24.19143,2
10979,66000,387130000C,(04)23274275,(04)23288582,2023,8,29,7,18,臺中市,大肚區,0,0,0,7,,,30,,,,,,,,,,,,,,9,45,,,,,C03,,,1,,2,,,45,,1,12,4,C03,120.542959,24.140345,3
10980,66000,387130000C,(04)23274275,(04)23288582,2023,8,29,7,19,臺中市,西屯區,0,1,0,7,1,6,50,3,1,1,5,4,6,6,1,1,4,3,5,2,17,8,3,10,3,1,B03,7,5,1,8,2,5,,8,8,1,12,4,B03,120.639216,24.18002,2
10981,66000,387130000C,(04)23274275,(04)23288582,2023,8,29,7,20,臺中市,南屯區,0,1,0,7,3,6,40,13,8,1,5,4,6,6,4,4,3,5,5,2,13,7,2,8,5,4,C03,7,9,1,10,2,11,,7,7,1,12,4,C03,120.598422,24.155204,2
10982,66000,387130000C,(04)23274275,(04)23288582,2023,8,29,7,20,臺中市,霧峰區,0,1,0,7,2,6,50,4,1,1,5,4,6,6,1,1,4,4,4,2,17,36,3,10,5,4,C03,7,6,1,10,2,12,,36,36,1,6,4,C03,120.693362,24.058739,2
10983,66000,387130000C,(04)23274275,(04)23288582,2023,8,29,7,21,臺中市,沙鹿區,0,1,0,7,3,6,50,4,1,1,5,4,6,6,3,1,10,5,5,2,13,6,2,9,2,1,C03,7,9,1,10,2,11,,6,6,1,6,4,C03,120.568149,24.244199,2
10984,66000,387130000C,(04)23274275,(04)23288582,2023,8,29,7,23,臺中市,西區,0,0,0,7,,,50,,,,,,,,,,,,,,17,87,,,,,B03,,,1,,2,,,87,,1,12,4,B03,120.659687,24.157317,3
10985,66000,387130000C,(04)23274275,(04)23288582,2023,8,29,7,23,臺中市,北屯區,0,1,0,7,2,6,50,13,7,1,5,4,6,6,4,4,1,4,5,2,13,59,3,10,3,1,B03,7,9,1,8,2,1,,59,59,1,12,4,B03,120.717519,24.163319,2
10986,66000,387130000C,(04)23274275,(04)23288582,2023,8,29,7,25,臺中市,沙鹿區,0,1,0,7,2,6,50,4,9,1,5,4,6,6,4,4,4,4,5,2,15,12,2,9,2,1,C03,7,9,1,10,2,11,,12,12,1,12,4,C03,120.569522,24.230333,2
10987,66000,387130000C,(04)23274275,(04)23288582,2023,8,29,7,25,臺中市,豐原區,0,1,0,7,2,6,50,3,1,1,5,4,6,6,3,1,1,3,5,1,12,6,2,9,2,1,C03,7,9,1,10,2,14,11,6,6,1,6,4,C03,120.708927,24.251141,2
10988,66000,387130000C,(04)23274275,(04)23288582,2023,8,29,7,26,臺中市,北屯區,0,2,0,7,2,6,50,4,1,1,5,4,6,6,1,1,10,5,5,2,13,84,2,9,1,1,C03,7,9,1,10,2,14,,84,84,1,12,4,C03,120.687828,24.173096,2
10989,66000,387130000C,(04)23274275,(04)23288582,2023,8,29,7,27,臺中市,豐原區,0,0,0,7,,,50,,,,,,,,,,,,,,14,49,,,,,B03,,,1,,2,,,49,,1,12,4,B03,120.715269,24.261214,3
10990,66000,387130000C,(04)23274275,(04)23288582,2023,8,29,7,28,臺中市,豐原區,0,1,0,7,2,6,50,3,1,1,5,4,6,6,4,4,10,5,5,2,16,14,3,10,3,1,B03,7,5,1,8,2,8,,14,14,1,13,4,B03,120.715447,24.251838,2
10991,66000,387130000C,(04)23274275,(04)23288582,2023,8,29,7,29,臺中市,南屯區,0,1,0,7,2,6,30,4,1,1,5,4,6,6,3,1,5,5,5,2,15,24,2,9,2,1,C03,7,9,1,10,2,11,,24,24,1,13,4,C03,120.641377,24.136076,2
10992,66000,387130000C,(04)23274275,(04)23288582,2023,8,29,7,29,臺中市,南屯區,0,0,0,7,,,50,,,,,,,,,,,,,,,7,,,,,B03,,,1,,2,,,7,,1,13,4,B03,120.635816,24.143307,3
10993,66000,387130000C,(04)23274275,(04)23288582,2023,8,29,7,29,臺中市,南屯區,0,1,0,7,2,6,50,13,7,1,5,4,6,6,4,4,5,5,4,2,17,51,3,10,3,1,B03,7,1,1,8,2,7,,51,51,1,6,4,B03,120.611621,24.135377,2
10994,66000,387130000C,(04)23274275,(04)23288582,2023,8,29,7,32,臺中市,霧峰區,0,2,0,7,3,6,70,10,9,1,5,4,6,6,4,4,1,3,1,1,13,7,2,8,1,1,C02,7,9,1,9,2,11,,7,7,1,6,4,C02,120.663307,24.063008,2
10995,66000,387130000C,(04)23274275,(04)23288582,2023,8,29,7,35,臺中市,北屯區,0,0,0,7,,,50,,,,,,,,,,,,,,13,7,,,,,C03,,,1,,2,,,7,,1,12,4,C03,120.690707,24.178184,3
10996,66000,387130000C,(04)23274275,(04)23288582,2023,8,29,7,37,臺中市,大里區,0,1,0,7,2,6,30,11,9,1,5,4,6,6,4,4,10,5,5,2,18,59,2,9,5,4,C03,7,9,1,10,2,16,,59,59,1,6,4,C03,120.685945,24.086324,2
10997,66000,387130000C,(04)23274275,(04)23288582,2023,8,29,7,38,臺中市,西屯區,0,2,0,7,2,6,40,13,12,1,5,4,6,6,4,4,5,4,4,2,12,8,2,8,2,1,C03,7,9,1,10,2,12,,8,8,1,6,4,C03,120.612528,24.171883,2
10998,66000,387130000C,(04)23274275,(04)23288582,2023,8,29,7,40,臺中市,西屯區,0,1,0,7,3,6,50,3,1,1,5,4,6,6,4,4,5,5,5,2,16,14,3,10,3,1,B03,7,5,1,8,2,1,,14,14,1,12,4,B03,120.613403,24.186979,2
10999,66000,387130000C,(04)23274275,(04)23288582,2023,8,29,7,42,臺中市,大雅區,0,0,0,7,,,60,,,,,,,,,,,,,,,7,,,,,B03,,,1,,2,,,7,,1,13,4,B03,120.663073,24.233106,3
11000,66000,387130000C,(04)23274275,(04)23288582,2023,8,29,7,43,臺中市,豐原區,0,2,0,7,2,6,50,13,7,1,5,4,6,6,2,1,1,4,5,1,13,7,2,9,1,1,C03,7,9,3,19,2,11,,7,7,1,12,4,C03,120.754666,24.274315,2
11001,66000,387130000C,(04)23274275,(04)23288582,2023,8,29,7,44,臺中市,沙鹿區,0,2,0,7,2,6,40,13,8,1,5,4,6,6,4,4,1,4,2,1,17,59,2,9,2,1,C03,7,9,1,10,2,11,,59,59,1,13,4,C03,120.57188,24.242597,2
11002,66000,387130000C,(04)23274275,(04)23288582,2023,8,29,7,46,臺中市,潭子區,0,1,0,7,3,6,50,4,1,1,5,4,6,6,1,1,3,4,4,2,17,11,3,10,3,1,B03,7,6,1,8,2,6,,11,11,1,13,4,B03,120.712236,24.21306,2
11003,66000,387130000C,(04)23274275,(04)23288582,2023,8,29,7,49,臺中市,北屯區,0,0,0,7,,,50,,,,,,,,,,,,,,,7,,,,,B03,,,1,,1,,,7,,1,12,4,B03,120.684624,24.193756,3
11004,66000,387130000C,(04)23274275,(04)23288582,2023,8,29,7,49,臺中市,西屯區,0,2,0,7,1,6,50,3,1,1,5,4,6,6,1,1,4,3,4,2,17,84,2,9,1,1,C03,7,5,1,10,2,11,,84,84,1,12,4,C03,120.59745,24.191535,2
11005,66000,387130000C,(04)23274275,(04)23288582,2023,8,29,7,49,臺中市,西屯區,0,1,0,7,3,6,50,4,1,1,5,4,6,6,1,1,10,5,5,2,17,7,2,8,1,1,C03,7,9,1,10,1,11,,7,7,1,12,4,C03,120.642438,24.179335,2
11006,66000,387130000C,(04)23274275,(04)23288582,2023,8,29,7,50,臺中市,南區,0,2,0,7,2,6,50,13,9,1,5,4,6,6,4,4,9,5,5,2,17,84,2,9,5,4,C03,7,9,1,10,2,11,,84,84,1,13,4,C03,120.660158,24.113764,2
11007,66000,387130000C,(04)23274275,(04)23288582,2023,8,29,7,50,臺中市,北屯區,0,1,0,7,2,6,50,4,1,1,5,4,6,6,4,4,10,5,5,2,13,59,2,9,1,1,C03,7,9,1,10,2,11,,59,59,1,12,4,C03,120.711142,24.173984,2
11008,66000,387130000C,(04)23274275,(04)23288582,2023,8,29,7,50,臺中市,北屯區,0,0,0,7,,,50,,,,,,,,,,,,,,9,8,,,,,B03,,,1,,2,,,8,8,1,6,4,B03,120.683121,24.193537,3
11009,66000,387130000C,(04)23274275,(04)23288582,2023,8,29,7,51,臺中市,西屯區,0,1,0,7,2,6,50,4,1,1,5,4,6,6,2,1,10,5,5,2,15,21,3,10,5,4,C03,7,9,1,10,2,11,,21,21,1,13,4,C03,120.657466,24.196736,2
11010,66000,387130000C,(04)23274275,(04)23288582,2023,8,29,7,54,臺中市,大雅區,0,2,0,7,2,9,30,11,9,1,5,4,6,6,4,4,10,5,5,2,11,41,3,10,3,1,B03,7,9,1,5,2,4,,41,41,1,12,4,B03,120.614249,24.219969,2
11011,66000,387130000C,(04)23274275,(04)23288582,2023,8,29,7,54,臺中市,北屯區,0,1,0,7,2,6,50,13,9,1,5,4,6,6,1,1,3,2,5,2,12,51,3,10,3,1,B03,7,1,1,8,2,1,,51,51,1,12,4,B03,120.693003,24.182512,2
11012,66000,387130000C,(04)23274275,(04)23288582,2023,8,29,7,56,臺中市,大雅區,0,2,0,7,2,6,30,3,1,1,5,4,6,6,3,1,5,5,4,1,16,20,2,7,1,1,C03,7,6,1,10,2,14,,20,20,1,13,4,C03,120.629969,24.209704,2
11013,66000,387130000C,(04)23274275,(04)23288582,2023,8,29,7,56,臺中市,西屯區,0,0,0,7,,,50,,,,,,,,,,,,,,14,49,,,,,B03,,,1,,1,,,49,,1,12,4,B03,120.642548,24.180727,3
11014,66000,387130000C,(04)23274275,(04)23288582,2023,8,29,7,57,臺中市,沙鹿區,0,0,0,7,,,50,,,,,,,,,,,,,,17,86,,,,,,,,,,,,,86,,2,,,,120.552425,24.230344,3
11015,66000,387130000C,(04)23274275,(04)23288582,2023,8,29,7,58,臺中市,大里區,0,0,0,7,,,50,,,,,,,,,,,,,,13,7,,,,,B03,,,1,,2,,,7,,1,6,4,B03,120.688689,24.093923,3
11016,66000,387130000C,(04)23274275,(04)23288582,2023,8,29,7,58,臺中市,豐原區,0,1,0,7,2,6,50,3,1,1,5,4,6,6,3,1,10,5,5,2,15,24,3,10,3,1,B03,7,9,1,8,2,1,,24,24,1,13,4,B03,120.715101,24.240551,2
11017,66000,387130000C,(04)23274275,(04)23288582,2023,8,29,8,0,臺中市,西區,0,1,0,7,2,6,50,3,1,1,5,4,6,6,4,4,1,5,1,2,16,11,3,10,5,4,B03,7,9,1,8,2,5,,84,11,1,12,4,B03,120.660506,24.15681,2
11018,66000,387130000C,(04)23274275,(04)23288582,2023,8,29,8,0,臺中市,東區,0,2,0,7,3,6,50,3,1,1,5,4,6,6,1,1,10,5,5,2,16,44,2,9,1,1,C03,7,11,1,10,2,14,,44,44,1,12,4,C03,120.697755,24.146908,2
11019,66000,387130000C,(04)23274275,(04)23288582,2023,8,29,8,0,臺中市,清水區,0,0,0,7,,,50,,,,,,,,,,,,,,17,59,,,,,C03,,,2,,1,,,59,59,1,12,4,C03,120.56355,24.279025,3
11020,66000,387130000C,(04)23274275,(04)23288582,2023,8,29,8,5,臺中市,南區,0,2,0,7,2,6,50,3,1,1,5,4,6,6,4,4,10,5,5,2,17,45,3,10,3,1,B03,7,11,1,8,2,8,,45,45,1,6,4,B03,120.664622,24.127743,2
11021,66000,387130000C,(04)23274275,(04)23288582,2023,8,29,8,5,臺中市,清水區,0,1,0,7,3,6,50,4,1,1,5,4,6,6,4,4,5,5,5,2,15,12,3,10,3,1,A12,7,9,1,5,2,4,,12,12,1,12,4,A12,120.566139,24.260581,2
11022,66000,387130000C,(04)23274275,(04)23288582,2023,8,29,8,8,臺中市,南區,0,2,0,7,2,6,50,4,1,1,5,4,6,6,4,4,10,5,5,2,16,20,2,7,2,1,C03,7,6,1,10,2,11,,20,20,1,12,4,C03,120.66495,24.113756,2
11023,66000,387130000C,(04)23274275,(04)23288582,2023,8,29,8,8,臺中市,烏日區,0,0,0,7,,,50,,,,,,,,,,,,,,13,59,,,,,C03,,,1,,2,,,59,,1,6,4,C03,120.624485,24.103682,3
11024,66000,387130000C,(04)23274275,(04)23288582,2023,8,29,8,13,臺中市,北屯區,0,1,0,7,2,6,50,13,9,1,5,4,6,6,4,4,5,5,5,2,9,84,3,10,3,1,B03,7,5,1,8,2,2,,84,84,1,12,4,B03,120.66209,24.19126,2
11025,66000,387130000C,(04)23274275,(04)23288582,2023,8,29,8,17,臺中市,西屯區,0,0,0,7,,,40,,,,,,,,,,,,,,14,49,,,,,A12,,,1,,2,,,49,,1,6,4,A12,120.620933,24.171815,3
11026,66000,387130000C,(04)23274275,(04)23288582,2023,8,29,8,19,臺中市,龍井區,0,0,0,7,,,60,,,,,,,,,,,,,,,7,,,,,B03,,,1,,11,,,7,,1,13,4,B03,120.574489,24.18104,3
11027,66000,387130000C,(04)23274275,(04)23288582,2023,8,29,8,23,臺中市,太平區,0,1,0,7,2,6,50,3,1,1,5,4,6,6,2,1,10,5,5,2,16,47,3,10,3,1,B03,7,5,1,8,2,2,,47,47,1,6,4,B03,120.730015,24.150298,2
11028,66000,387130000C,(04)23274275,(04)23288582,2023,8,29,8,26,臺中市,大雅區,0,1,0,7,1,6,50,4,1,1,5,4,6,6,1,1,1,4,5,1,17,11,3,10,3,1,B03,7,6,1,8,2,2,,11,11,1,13,4,B03,120.63064,24.240671,2
11029,66000,387130000C,(04)23274275,(04)23288582,2023,8,29,8,28,臺中市,南屯區,0,1,0,7,3,6,50,3,1,1,5,4,6,6,4,4,3,4,5,2,16,20,3,10,5,4,B03,7,5,1,8,2,2,5,20,20,1,12,4,B03,120.641721,24.141238,2
11030,66000,387130000C,(04)23274275,(04)23288582,2023,8,29,8,30,臺中市,北屯區,0,0,0,7,,,50,,,,,,,,,,,,,,,39,,,,,B03,,,1,,9,,,39,,1,12,4,B03,120.701725,24.182189,3
11031,66000,387130000C,(04)23274275,(04)23288582,2023,8,29,8,30,臺中市,烏日區,0,1,0,7,2,6,60,3,1,1,5,4,6,6,1,1,10,5,5,2,16,26,3,10,3,1,B03,7,5,1,8,2,5,,26,26,1,12,4,B03,120.648701,24.091931,2
11032,66000,387130000C,(04)23274275,(04)23288582,2023,8,29,8,30,臺中市,大甲區,0,0,0,7,3,6,40,3,1,1,5,4,6,6,3,1,10,5,5,2,15,48,3,10,3,1,B03,7,6,1,8,1,7,,48,48,1,13,4,B03,120.631034,24.35246,3
11033,66000,387130000C,(04)23274275,(04)23288582,2023,8,29,8,31,臺中市,南屯區,0,1,0,7,2,6,50,4,1,1,5,4,6,6,4,4,5,5,5,2,15,20,3,10,5,4,B03,7,9,1,8,2,1,,20,20,1,13,4,B03,120.615004,24.151544,2
11034,66000,387130000C,(04)23274275,(04)23288582,2023,8,29,8,33,臺中市,豐原區,0,1,0,7,2,6,50,3,2,1,5,4,6,6,4,4,5,5,4,2,12,6,2,9,2,1,C03,7,9,1,10,2,14,,6,6,1,6,4,C03,120.716567,24.252677,2
11035,66000,387130000C,(04)23274275,(04)23288582,2023,8,29,8,34,臺中市,北區,0,2,0,7,2,6,50,3,1,1,5,4,6,6,1,1,10,5,5,2,16,11,2,8,2,1,C03,7,6,1,10,2,12,,11,11,1,13,4,C03,120.669247,24.166837,2
11036,66000,387130000C,(04)23274275,(04)23288582,2023,8,29,8,39,臺中市,西屯區,0,0,0,7,,,50,,,,,,,,,,,,,,,40,,,,,B03,,,1,,1,,,40,,1,12,4,B03,120.632481,24.161937,3
11037,66000,387130000C,(04)23274275,(04)23288582,2023,8,29,8,43,臺中市,神岡區,0,0,0,7,,,50,,,,,,,,,,,,,,,59,,,,,B13,,,1,,2,,,59,,1,12,4,B13,120.681467,24.242017,3
11038,66000,387130000C,(04)23274275,(04)23288582,2023,8,29,8,44,臺中市,東區,0,1,0,7,2,6,50,5,1,1,5,4,6,6,1,1,10,5,5,2,17,34,2,9,5,4,C03,7,15,1,10,2,12,,34,34,1,13,4,C03,120.692172,24.140002,2
11039,66000,387130000C,(04)23274275,(04)23288582,2023,8,29,8,45,臺中市,沙鹿區,0,0,0,7,,,60,,,,,,,,,,,,,,13,59,,,,,B03,,,1,,2,,,59,59,1,12,4,B03,120.567027,24.204515,3
11040,66000,387130000C,(04)23274275,(04)23288582,2023,8,29,8,48,臺中市,西區,0,1,0,7,2,6,50,3,2,1,5,4,6,6,4,4,10,5,5,2,13,7,2,9,1,1,C03,7,9,1,10,2,11,,7,7,1,12,4,C03,120.658179,24.154958,2
11041,66000,387130000C,(04)23274275,(04)23288582,2023,8,29,8,48,臺中市,東區,0,0,0,7,,,50,,,,,,,,,,,,,,12,7,,,,,C03,,,1,10,2,,,7,7,1,12,4,C03,120.688291,24.130905,3
11042,66000,387130000C,(04)23274275,(04)23288582,2023,8,29,8,48,臺中市,東區,0,1,0,7,2,6,50,4,4,1,5,4,6,6,1,1,5,5,5,2,13,7,2,8,2,1,C03,7,9,1,10,2,11,,7,7,1,6,4,C03,120.706328,24.12954,2
11043,66000,387130000C,(04)23274275,(04)23288582,2023,8,29,8,50,臺中市,大肚區,0,2,0,7,2,6,30,4,1,1,5,4,6,6,4,4,10,5,5,2,15,12,2,9,1,1,C03,7,9,3,19,2,12,,12,12,1,12,4,C03,120.563244,24.124559,2
11044,66000,387130000C,(04)23274275,(04)23288582,2023,8,29,8,52,臺中市,太平區,0,1,0,7,3,6,40,3,1,1,5,4,6,6,4,4,5,5,5,2,16,1,2,9,2,1,C02,7,4,1,9,2,11,,1,1,1,5,4,C02,120.703326,24.120682,2
11045,66000,387130000C,(04)23274275,(04)23288582,2023,8,29,8,53,臺中市,北區,0,0,0,7,,,50,,,,,,,,,,,,,,,84,,,,,B03,,,1,,1,,,84,,1,12,4,B03,120.684835,24.163845,4
11046,66000,387130000C,(04)23274275,(04)23288582,2023,8,29,8,54,臺中市,大里區,0,0,0,7,2,6,40,3,1,1,5,4,6,6,1,1,1,5,5,1,16,59,,,,,B03,,,1,,2,,,87,59,1,13,4,B03,120.671701,24.084212,3
11047,66000,387130000C,(04)23274275,(04)23288582,2023,8,29,8,56,臺中市,西區,0,1,0,7,2,6,50,13,9,1,5,4,6,6,4,4,5,4,5,2,17,42,2,9,1,1,C03,7,9,1,10,2,14,,42,42,1,12,4,C03,120.66172,24.14539,2
11048,66000,387130000C,(04)23274275,(04)23288582,2023,8,29,8,57,臺中市,大雅區,0,1,0,7,2,6,30,13,9,1,5,4,6,6,4,4,10,5,5,1,13,7,2,8,1,1,C03,7,9,1,10,2,11,,7,7,1,13,4,C03,120.666882,24.221316,2
11049,66000,387130000C,(04)23274275,(04)23288582,2023,8,29,8,57,臺中市,西區,0,2,0,7,2,6,50,3,1,1,5,4,6,6,3,1,1,4,4,2,3,10,2,9,6,5,H01,8,16,7,21,10,17,,119,10,1,12,5,H01,120.671338,24.149903,2
11050,66000,387130000C,(04)23274275,(04)23288582,2023,8,29,8,59,臺中市,北屯區,0,1,0,7,2,6,50,13,9,1,5,4,6,6,4,4,1,4,5,2,17,59,2,9,1,1,C03,7,9,1,11,2,14,,59,59,1,12,4,C03,120.654458,24.161682,2
11051,66000,387130000C,(04)23274275,(04)23288582,2023,8,29,9,0,臺中市,大里區,0,0,0,7,,,50,,,,,,,,,,,,,,13,7,,,,,B03,,,1,,2,,,7,,1,6,4,B03,120.701369,24.124656,3
11052,66000,387130000C,(04)23274275,(04)23288582,2023,8,29,9,0,臺中市,豐原區,0,2,0,7,2,6,50,3,1,1,5,4,6,6,1,1,5,5,5,2,15,21,2,9,1,1,C03,7,9,1,10,2,11,,21,21,1,12,4,C03,120.714744,24.24597,2
11053,66000,387130000C,(04)23274275,(04)23288582,2023,8,29,9,2,臺中市,南屯區,0,0,0,7,,,50,,,,,,,,,,,,,,,7,,,,,B03,,,1,,1,,,7,,1,13,4,B03,120.630657,24.146726,3
11054,66000,387130000C,(04)23274275,(04)23288582,2023,8,29,9,2,臺中市,北屯區,0,1,0,7,2,6,50,3,1,1,5,4,6,6,4,4,10,5,5,2,16,12,3,10,3,1,B03,7,6,1,8,2,7,,12,12,1,12,4,B03,120.700303,24.183309,2
11055,66000,387130000C,(04)23274275,(04)23288582,2023,8,29,9,4,臺中市,北區,0,0,0,7,,,50,,,,,,,,,,,,,,14,50,,,,,A12,,,1,,1,,,50,,1,12,4,A12,120.680495,24.157178,3
11056,66000,387130000C,(04)23274275,(04)23288582,2023,8,29,9,4,臺中市,沙鹿區,0,1,0,7,3,6,50,13,9,1,5,4,6,6,4,4,9,5,4,2,17,51,2,8,2,4,C03,7,1,1,10,2,14,,51,51,1,6,4,C03,120.565107,24.207123,2
11057,66000,387130000C,(04)23274275,(04)23288582,2023,8,29,9,4,臺中市,清水區,0,1,0,7,2,6,50,13,7,1,5,4,6,6,4,4,10,5,5,2,16,20,3,10,3,1,B03,7,6,1,8,2,1,,20,20,1,12,4,B03,120.578544,24.277611,2
11058,66000,387130000C,(04)23274275,(04)23288582,2023,8,29,9,8,臺中市,東區,0,1,0,7,2,6,50,4,1,1,5,4,6,6,1,1,10,5,5,2,15,84,3,10,3,1,B01,7,9,1,2,2,5,,84,84,1,12,4,B01,120.697296,24.147958,2
11059,66000,387130000C,(04)23274275,(04)23288582,2023,8,29,9,17,臺中市,西區,0,0,0,7,,,50,,,,,,,,,,,,,,13,7,,,,,B03,,,1,,1,,,7,,1,12,4,B03,120.657201,24.140032,3
11060,66000,387130000C,(04)23274275,(04)23288582,2023,8,29,9,30,臺中市,龍井區,0,2,0,7,3,6,70,13,12,1,5,4,6,6,2,1,1,4,4,1,13,84,2,9,5,4,C03,7,9,1,10,2,11,,84,7,1,12,4,C03,120.54019,24.210471,2
11061,66000,387130000C,(04)23274275,(04)23288582,2023,8,29,9,32,臺中市,北屯區,0,0,0,7,,,50,,,,,,,,,,,,,,12,71,,,,,C03,,,1,,1,,,71,,1,12,4,C03,120.670218,24.199225,3
11062,66000,387130000C,(04)23274275,(04)23288582,2023,8,29,9,35,臺中市,西區,0,1,0,7,2,6,50,4,1,1,5,4,6,6,1,1,10,5,5,2,17,11,3,10,3,1,B03,7,5,1,8,2,5,,11,11,1,12,4,B03,120.665888,24.134582,2
11063,66000,387130000C,(04)23274275,(04)23288582,2023,8,29,9,37,臺中市,大里區,0,1,0,7,3,6,50,4,1,1,5,4,6,6,1,1,9,4,5,1,12,8,2,8,1,1,C03,7,10,1,10,2,14,,8,8,1,12,4,C03,120.691266,24.091809,2
11064,66000,387130000C,(04)23274275,(04)23288582,2023,8,29,9,38,臺中市,西屯區,0,0,0,7,,,50,,,,,,,,,,,,,,,12,,,,,B03,,,1,,1,,,12,12,1,12,4,B03,120.658179,24.160873,3
11065,66000,387130000C,(04)23274275,(04)23288582,2023,8,29,9,39,臺中市,南屯區,0,1,0,7,2,6,40,11,9,1,5,4,6,6,4,4,10,5,5,2,12,8,3,10,3,1,B03,7,9,1,8,2,2,,8,8,1,6,4,B03,120.618019,24.153282,2
11066,66000,387130000C,(04)23274275,(04)23288582,2023,8,29,9,41,臺中市,南屯區,0,1,0,7,3,6,50,13,9,1,5,4,6,6,4,4,5,4,5,2,17,59,2,7,5,1,C03,7,15,1,10,2,11,,59,59,1,12,4,C03,120.639625,24.147161,2
11067,66000,387130000C,(04)23274275,(04)23288582,2023,8,29,9,41,臺中市,龍井區,0,2,0,7,3,6,30,4,1,1,5,4,6,6,4,4,10,5,5,1,17,14,3,10,5,4,C03,7,6,1,10,2,11,,14,14,1,12,4,C03,120.536485,24.2002,2
11068,66000,387130000C,(04)23274275,(04)23288582,2023,8,29,9,42,臺中市,大雅區,0,0,0,7,,,30,,,,,,,,,,,,,,15,20,,,,,F01,,,7,,2,,,20,,1,13,4,F01,120.669895,24.224347,3
11069,66000,387130000C,(04)23274275,(04)23288582,2023,8,29,9,44,臺中市,太平區,0,1,0,7,2,6,50,4,1,1,5,4,6,6,2,1,10,5,5,2,16,21,3,10,1,1,C03,7,9,1,10,2,14,,21,21,1,6,4,C03,120.716008,24.148816,2
11070,66000,387130000C,(04)23274275,(04)23288582,2023,8,29,9,47,臺中市,潭子區,0,0,0,7,,,50,,,,,,,,,,,,,,,39,,,,,B03,,,1,,2,,,39,,1,13,4,B03,120.702514,24.193999,3