序號,縣市別代碼,機關代碼,市話,傳真,年,月,日,時,分,縣市,區,死亡數量,受傷數量,2-30,天候,光線,道路類別,速限,道路型態,事故位置,路面鋪裝,路面狀態,路面缺陷,障礙物,視距,號誌種類,號誌動作,分向設施,快車道或一般車道間,快慢車道間,路面邊線,事故類型及型態,主要肇因,受傷程度,主要傷處,保護裝備,行動電話,當事者區分(類別),車輛用途,當事者行動狀態,駕駛資格情形,駕駛執照種類,飲酒情形,車輛撞擊部位最初,車輛撞擊部位其他,肇事因素個別,肇事因素主要,肇事逃逸,職業,旅次目的,車種,GPS座標X,GPS座標Y,事故類別
11071,66000,387130000C,(04)23274275,(04)23288582,2023,8,29,9,52,臺中市,南屯區,0,1,0,7,2,6,50,13,9,1,5,4,6,6,4,4,5,4,4,2,12,40,3,10,5,4,A41,7,7,1,1,2,5,,40,40,1,13,4,A41,120.604949,24.139054,2
11072,66000,387130000C,(04)23274275,(04)23288582,2023,8,29,9,53,臺中市,北屯區,0,2,0,7,2,6,50,4,1,1,5,4,6,6,1,1,10,5,5,2,17,51,2,9,1,1,C03,7,1,1,10,2,14,,51,51,1,12,4,C03,120.678792,24.176692,2
11073,66000,387130000C,(04)23274275,(04)23288582,2023,8,29,9,56,臺中市,北屯區,0,1,0,7,2,6,50,4,1,1,5,4,6,6,2,1,10,5,5,2,3,10,3,10,3,1,B03,7,6,1,8,2,4,,10,10,1,12,4,B03,120.724257,24.166858,2
11074,66000,387130000C,(04)23274275,(04)23288582,2023,8,29,10,0,臺中市,南區,0,0,0,7,,,,,,,,,,,,,,,,,,90,,,,,,,,,,,,,90,,1,,,,120.681805,24.134506,3
11075,66000,387130000C,(04)23274275,(04)23288582,2023,8,29,10,7,臺中市,西屯區,0,0,0,7,,,50,,,,,,,,,,,,,,14,49,,,,,B12,,,1,,1,,,49,,1,13,4,B12,120.655911,24.158976,3
11076,66000,387130000C,(04)23274275,(04)23288582,2023,8,29,10,7,臺中市,大里區,0,1,0,7,3,6,50,5,1,1,5,4,6,6,2,1,5,5,5,1,12,7,3,10,3,1,B13,7,9,1,8,2,2,,7,7,1,12,4,B13,120.699976,24.093992,2
11077,66000,387130000C,(04)23274275,(04)23288582,2023,8,29,10,17,臺中市,西屯區,0,0,0,7,,,30,,,,,,,,,,,,,,17,84,,,,,B03,,,1,,2,,,84,,1,6,4,B03,120.664409,24.168989,3
11078,66000,387130000C,(04)23274275,(04)23288582,2023,8,29,10,20,臺中市,太平區,0,0,0,7,,,50,,,,,,,,,,,,,,,50,,,,,B03,,,1,,2,,,50,,1,12,4,B03,120.719604,24.127202,3
11079,66000,387130000C,(04)23274275,(04)23288582,2023,8,29,10,22,臺中市,潭子區,0,0,0,7,,,40,,,,,,,,,,,,,,,8,,,,,B13,,,1,,2,,,8,,1,13,4,B13,120.706852,24.200749,3
11080,66000,387130000C,(04)23274275,(04)23288582,2023,8,29,10,23,臺中市,南屯區,0,0,0,7,,,50,,,,,,,,,,,,,,,84,,,,,A41,,,1,,2,,,84,,1,13,4,A41,120.612373,24.150649,3
11081,66000,387130000C,(04)23274275,(04)23288582,2023,8,29,10,23,臺中市,霧峰區,0,3,0,7,2,6,50,13,8,1,5,4,6,6,1,1,5,4,4,1,7,59,3,10,3,1,A02,7,14,1,1,1,16,,87,59,1,13,4,A02,120.698303,24.058297,2
11082,66000,387130000C,(04)23274275,(04)23288582,2023,8,29,10,24,臺中市,潭子區,0,0,0,7,,,40,,,,,,,,,,,,,,,59,,,,,B03,,,1,,2,,,59,,1,13,4,B03,120.696555,24.201,3
11083,66000,387130000C,(04)23274275,(04)23288582,2023,8,29,10,24,臺中市,南屯區,0,2,0,7,2,6,50,4,1,1,5,4,6,6,1,1,10,5,5,2,12,40,2,9,2,1,C03,7,8,1,10,2,14,,40,40,1,12,4,C03,120.628758,24.151307,2
11084,66000,387130000C,(04)23274275,(04)23288582,2023,8,29,10,26,臺中市,龍井區,0,2,0,7,3,6,50,13,9,1,5,4,6,6,4,4,5,5,5,1,12,39,2,9,5,4,C03,7,6,1,10,2,14,,39,39,1,12,4,C03,120.524886,24.212016,2
11085,66000,387130000C,(04)23274275,(04)23288582,2023,8,29,10,27,臺中市,大雅區,0,0,0,7,,,30,,,,,,,,,,,,,,9,43,,,,,B03,,,1,,1,,,43,,1,12,4,B03,120.636317,24.235331,3
11086,66000,387130000C,(04)23274275,(04)23288582,2023,8,29,10,30,臺中市,大雅區,0,0,0,7,,,50,,,,,,,,,,,,,,17,51,,,,,B03,,,1,,2,,,51,,1,13,4,B03,120.647577,24.224073,3
11087,66000,387130000C,(04)23274275,(04)23288582,2023,8,29,10,30,臺中市,龍井區,0,0,0,7,,,50,,,,,,,,,,,,,,,8,,,,,A04,,,1,,11,,,8,,1,13,4,A04,120.585645,24.185998,3
11088,66000,387130000C,(04)23274275,(04)23288582,2023,8,29,10,33,臺中市,大里區,0,0,0,7,2,6,30,13,9,1,5,4,3,6,4,4,10,5,5,2,11,8,,,,,C03,,,3,,2,,,8,,1,13,4,C03,120.70209,24.110005,3
11089,66000,387130000C,(04)23274275,(04)23288582,2023,8,29,10,40,臺中市,中區,0,1,0,7,2,6,50,4,1,1,5,4,6,6,2,1,10,5,5,2,18,87,2,9,1,1,F02,7,9,7,21,2,14,,87,87,1,12,4,F02,120.67988,24.137919,2
11090,66000,387130000C,(04)23274275,(04)23288582,2023,8,29,10,40,臺中市,神岡區,0,0,0,7,,,30,,,,,,,,,,,,,,,49,,,,,A11,,,1,,1,,,49,,1,13,4,A11,120.706506,24.259803,3
11091,66000,387130000C,(04)23274275,(04)23288582,2023,8,29,10,42,臺中市,大里區,0,0,0,7,,,30,,,,,,,,,,,,,,,49,,,,,A12,,,1,,2,,,49,,1,6,4,A12,120.686001,24.086312,3
11092,66000,387130000C,(04)23274275,(04)23288582,2023,8,29,10,44,臺中市,北區,0,0,0,7,,,30,,,,,,,,,,,,,,17,8,,,,,B12,,,1,,2,,,8,,1,12,4,B12,120.67916,24.150719,3
11093,66000,387130000C,(04)23274275,(04)23288582,2023,8,29,10,45,臺中市,北區,0,0,0,7,,,50,,,,,,,,,,,,,,13,7,,,,,A11,,,1,,1,,,7,,1,12,4,A11,120.663022,24.16153,3
11094,66000,387130000C,(04)23274275,(04)23288582,2023,8,29,10,49,臺中市,西屯區,0,1,0,7,3,6,50,4,1,1,5,4,6,6,1,1,10,5,5,2,17,11,3,10,3,1,B03,7,6,1,8,2,2,,11,11,1,12,4,B03,120.63746,24.177598,2
11095,66000,387130000C,(04)23274275,(04)23288582,2023,8,29,10,51,臺中市,西屯區,0,0,0,7,,,50,,,,,,,,,,,,,,13,7,,,,,B03,,,1,,2,,,7,,1,13,4,B03,120.616508,24.182689,3
11096,66000,387130000C,(04)23274275,(04)23288582,2023,8,29,10,51,臺中市,太平區,0,0,0,7,,,40,,,,,,,,,,,,,,17,34,,,,,C04,,,1,,2,,,34,,1,6,4,C04,120.715218,24.147051,3
11097,66000,387130000C,(04)23274275,(04)23288582,2023,8,29,10,55,臺中市,北屯區,0,1,0,7,2,6,50,13,9,1,5,4,6,6,4,4,1,4,5,2,11,84,2,9,1,1,C03,7,9,1,10,2,11,,84,84,1,12,4,C03,120.69142,24.171692,2
11098,66000,387130000C,(04)23274275,(04)23288582,2023,8,29,10,59,臺中市,太平區,0,0,0,7,,,80,,,,,,,,,,,,,,,40,,,,,B03,,,1,,2,,,40,,1,13,4,B03,120.717339,24.158713,3
11099,66000,387130000C,(04)23274275,(04)23288582,2023,8,29,10,59,臺中市,沙鹿區,0,1,0,7,2,6,50,13,7,1,5,4,6,6,1,1,1,4,4,2,17,59,2,9,1,1,C03,7,9,1,10,2,14,,59,59,1,13,4,C03,120.559871,24.238164,2
11100,66000,387130000C,(04)23274275,(04)23288582,2023,8,29,11,0,臺中市,清水區,0,0,0,7,,,50,,,,,,,,,,,,,,17,59,,,,,B03,,,1,,1,,,59,,1,12,4,B03,120.577121,24.274402,3
11101,66000,387130000C,(04)23274275,(04)23288582,2023,8,29,11,13,臺中市,太平區,0,0,0,7,,,30,,,,,,,,,,,,,,14,49,,,,,B12,,,1,,2,,,49,,1,13,4,B12,120.726974,24.113941,3
11102,66000,387130000C,(04)23274275,(04)23288582,2023,8,29,11,19,臺中市,東區,0,1,0,7,2,6,50,4,1,1,5,4,6,3,4,4,10,5,5,2,15,12,3,10,3,1,B02,7,9,1,7,2,5,1,12,12,1,6,4,B02,120.706022,24.141035,2
11103,66000,387130000C,(04)23274275,(04)23288582,2023,8,29,11,20,臺中市,大里區,0,0,0,7,,,40,,,,,,,,,,,,,,,50,,,,,F01,,,,,,,,50,,1,,4,F01,120.687254,24.090252,3
11104,66000,387130000C,(04)23274275,(04)23288582,2023,8,29,11,20,臺中市,烏日區,0,0,0,7,,,60,,,,,,,,,,,,,,13,7,,,,,A11,,,1,,2,,,7,,1,6,4,A11,120.624607,24.104165,3
11105,66000,387130000C,(04)23274275,(04)23288582,2023,8,29,11,23,臺中市,西屯區,0,0,0,7,,,50,,,,,,,,,,,,,,,84,,,,,C03,,,1,,2,,,84,,1,13,4,C03,120.6259,24.184538,3
11106,66000,387130000C,(04)23274275,(04)23288582,2023,8,29,11,23,臺中市,神岡區,0,0,0,7,,,50,,,,,,,,,,,,,,,7,,,,,B12,,,1,,2,,,7,,1,12,4,B12,120.664843,24.273776,3
11107,66000,387130000C,(04)23274275,(04)23288582,2023,8,29,11,26,臺中市,南屯區,0,0,0,7,,,50,,,,,,,,,,,,,,,59,,,,,B03,,,1,,2,,,59,59,1,12,4,B03,120.643826,24.146854,3
11108,66000,387130000C,(04)23274275,(04)23288582,2023,8,29,11,30,臺中市,太平區,0,0,0,7,,,30,,,,,,,,,,,,,,,8,,,,,B03,,,1,,2,,,8,,1,13,4,B03,120.726502,24.146086,3
11109,66000,387130000C,(04)23274275,(04)23288582,2023,8,29,11,36,臺中市,北區,0,1,0,7,2,6,50,4,1,1,5,4,6,6,4,4,5,5,5,2,15,12,3,10,3,1,B03,7,9,1,8,2,4,,12,12,1,12,4,B03,120.67207,24.167421,2
11110,66000,387130000C,(04)23274275,(04)23288582,2023,8,29,11,37,臺中市,南屯區,0,0,0,7,,,50,,,,,,,,,,,,,,,50,,,,,B12,,,1,,1,,,50,50,1,13,4,B12,120.611016,24.138544,3
11111,66000,387130000C,(04)23274275,(04)23288582,2023,8,29,11,37,臺中市,烏日區,0,0,0,7,,,30,,,,,,,,,,,,,,,51,,,,,B02,,,1,,2,,,51,,1,12,4,B02,120.616689,24.114122,3
11112,66000,387130000C,(04)23274275,(04)23288582,2023,8,29,11,38,臺中市,潭子區,0,0,0,7,,,30,,,,,,,,,,,,,,8,59,,,,,B03,,,1,,1,,,59,,1,13,4,B03,120.693236,24.217305,3
11113,66000,387130000C,(04)23274275,(04)23288582,2023,8,29,11,38,臺中市,太平區,0,2,0,7,2,6,40,3,2,1,5,4,6,6,4,4,5,5,4,1,16,34,2,9,1,1,C03,7,11,1,10,2,11,,34,34,1,6,4,C03,120.729197,24.106254,2
11114,66000,387130000C,(04)23274275,(04)23288582,2023,8,29,11,40,臺中市,石岡區,0,0,0,7,,,70,,,,,,,,,,,,,,13,7,,,,,B12,,,1,,2,,,7,,1,12,4,B12,120.791339,24.272807,3
11115,66000,387130000C,(04)23274275,(04)23288582,2023,8,29,11,41,臺中市,西區,0,0,0,7,,,50,,,,,,,,,,,,,,13,7,,,,,B03,,,1,,2,,,7,,1,12,4,B03,120.657234,24.136898,3
11116,66000,387130000C,(04)23274275,(04)23288582,2023,8,29,11,41,臺中市,西屯區,0,0,0,7,,,50,,,,,,,,,,,,,,,7,,,,,A06,,,1,,1,,,7,,1,12,4,A06,120.633565,24.173102,3
11117,66000,387130000C,(04)23274275,(04)23288582,2023,8,29,11,42,臺中市,西屯區,0,0,0,7,,,50,,,,,,,,,,,,,,13,84,,,,,B13,,,1,,1,,,84,,1,12,4,B13,120.655063,24.200289,3
11118,66000,387130000C,(04)23274275,(04)23288582,2023,8,29,11,42,臺中市,大里區,0,2,0,7,3,6,50,4,2,1,5,4,6,6,1,1,5,5,5,1,13,7,3,10,3,1,B03,7,9,1,8,2,5,,7,7,1,6,4,B03,120.703648,24.111195,2
11119,66000,387130000C,(04)23274275,(04)23288582,2023,8,29,11,50,臺中市,西區,0,0,0,7,2,6,50,13,9,1,5,4,6,6,4,4,5,2,5,2,17,51,,,,,B03,,,1,,2,,,51,,1,12,4,B03,120.661693,24.139222,3
11120,66000,387130000C,(04)23274275,(04)23288582,2023,8,29,11,50,臺中市,霧峰區,0,0,0,7,,,50,,,,,,,,,,,,,,,49,,,,,B03,,,1,,2,,,49,,1,12,4,B03,120.682421,24.06539,3
11121,66000,387130000C,(04)23274275,(04)23288582,2023,8,29,11,51,臺中市,北區,0,0,0,7,,,50,,,,,,,,,,,,,,14,49,,,,,B03,,,1,,2,,,49,,1,13,4,B03,120.685512,24.156612,3
11122,66000,387130000C,(04)23274275,(04)23288582,2023,8,29,11,55,臺中市,太平區,0,1,0,7,2,6,50,3,2,1,5,4,6,6,4,4,5,4,4,1,18,59,2,9,1,1,C03,7,9,1,10,2,12,,59,59,1,13,4,C03,120.729185,24.106209,2
11123,66000,387130000C,(04)23274275,(04)23288582,2023,8,29,11,59,臺中市,大里區,0,1,0,7,2,9,50,3,2,1,5,4,6,6,3,1,5,5,4,2,16,51,3,10,3,1,B03,7,1,1,8,2,8,,51,51,1,13,4,B03,120.687268,24.115275,2
11124,66000,387130000C,(04)23274275,(04)23288582,2023,8,29,12,2,臺中市,大里區,0,0,0,7,,,50,,,,,,,,,,,,,,12,50,,,,,B03,,,1,,2,,,50,50,1,6,4,B03,120.683817,24.110261,3
11125,66000,387130000C,(04)23274275,(04)23288582,2023,8,29,12,4,臺中市,西屯區,0,0,0,7,,,50,,,,,,,,,,,,,,13,7,,,,,B12,,,1,,1,,,7,,1,13,4,B12,120.649748,24.155674,3
11126,66000,387130000C,(04)23274275,(04)23288582,2023,8,29,12,8,臺中市,豐原區,0,1,0,7,2,6,30,13,9,1,5,4,6,6,4,4,10,5,5,2,17,51,2,9,1,1,C03,7,1,1,9,2,13,,51,51,1,13,4,C03,120.713069,24.25924,2
11127,66000,387130000C,(04)23274275,(04)23288582,2023,8,29,12,9,臺中市,西屯區,0,0,0,7,,,50,,,,,,,,,,,,,,17,87,,,,,A02,,,1,,2,,,87,87,1,12,4,A02,120.647947,24.168305,3
11128,66000,387130000C,(04)23274275,(04)23288582,2023,8,29,12,12,臺中市,北屯區,0,1,0,7,2,6,50,13,9,1,5,4,6,6,4,4,1,4,5,2,13,59,2,9,1,1,C03,7,9,1,10,2,11,,59,59,1,12,4,C03,120.699979,24.178162,2
11129,66000,387130000C,(04)23274275,(04)23288582,2023,8,29,12,13,臺中市,西屯區,0,0,0,7,,,50,,,,,,,,,,,,,,,85,,,,,B03,,,1,,1,,,85,,1,12,4,B03,120.660102,24.164309,3
11130,66000,387130000C,(04)23274275,(04)23288582,2023,8,29,12,15,臺中市,北屯區,0,0,0,7,,,40,,,,,,,,,,,,,,13,7,,,,,A12,,,1,,1,,,7,,1,12,4,A12,120.686963,24.201146,3
11131,66000,387130000C,(04)23274275,(04)23288582,2023,8,29,12,17,臺中市,大雅區,0,0,0,7,,,70,,,,,,,,,,,,,,,7,,,,,B03,,,1,,2,,,7,,1,12,4,B03,120.644088,24.227766,3
11132,66000,387130000C,(04)23274275,(04)23288582,2023,8,29,12,17,臺中市,南屯區,0,2,0,7,2,6,50,3,1,1,5,4,6,6,4,4,10,5,5,2,16,4,3,10,3,1,B03,7,9,1,8,2,8,,4,4,1,12,4,B03,120.616979,24.151562,2
11133,66000,387130000C,(04)23274275,(04)23288582,2023,8,29,12,22,臺中市,南屯區,0,1,0,7,2,6,50,13,9,1,5,4,6,6,4,4,3,4,5,2,17,59,2,9,4,4,F02,7,9,7,21,2,12,,59,59,1,13,4,F02,120.640595,24.14894,2
11134,66000,387130000C,(04)23274275,(04)23288582,2023,8,29,12,27,臺中市,北屯區,0,2,0,7,2,6,50,13,9,1,5,4,6,6,4,4,1,3,5,2,13,85,2,9,1,1,C03,7,9,1,10,2,11,,85,85,1,13,4,C03,120.689181,24.171799,2
11135,66000,387130000C,(04)23274275,(04)23288582,2023,8,29,12,30,臺中市,中區,0,1,0,7,1,6,50,13,9,1,5,4,6,6,4,4,5,4,5,2,9,74,3,10,3,1,A02,7,1,1,2,2,2,,74,74,1,12,4,A02,120.681181,24.144034,2
11136,66000,387130000C,(04)23274275,(04)23288582,2023,8,29,12,37,臺中市,北屯區,0,2,0,7,2,6,50,13,9,1,5,4,6,6,4,4,1,4,5,2,12,4,2,7,2,1,C03,7,9,2,19,2,14,,4,4,1,12,4,C03,120.726242,24.166622,2
11137,66000,387130000C,(04)23274275,(04)23288582,2023,8,29,12,42,臺中市,北屯區,0,0,0,7,,,50,,,,,,,,,,,,,,14,49,,,,,B12,,,1,,2,,,49,,1,12,4,B12,120.670534,24.175939,3
11138,66000,387130000C,(04)23274275,(04)23288582,2023,8,29,12,44,臺中市,北屯區,0,2,0,7,2,6,50,13,9,1,5,4,6,6,4,4,10,5,5,2,11,4,2,9,1,1,C03,7,9,1,10,2,11,,4,4,1,12,4,C03,120.700857,24.169118,2
11139,66000,387130000C,(04)23274275,(04)23288582,2023,8,29,13,0,臺中市,北屯區,0,0,0,7,,,50,,,,,,,,,,,,,,,84,,,,,B03,,,1,,1,,,84,,1,12,4,B03,120.667526,24.201387,3
11140,66000,387130000C,(04)23274275,(04)23288582,2023,8,29,13,0,臺中市,神岡區,0,0,0,7,,,30,,,,,,,,,,,,,,17,49,,,,,B03,,,1,,2,,,49,,1,6,4,B03,120.658148,24.28022,3
11141,66000,387130000C,(04)23274275,(04)23288582,2023,8,29,13,6,臺中市,潭子區,0,1,0,7,3,6,30,3,1,1,5,4,6,6,4,4,10,5,5,2,17,14,3,10,1,1,C03,7,9,1,10,2,11,,20,14,1,12,4,C03,120.699423,24.192689,2
11142,66000,387130000C,(04)23274275,(04)23288582,2023,8,29,13,6,臺中市,東勢區,0,0,0,7,,,30,,,,,,,,,,,,,,,78,,,,,B12,,,1,,1,,,78,,1,13,4,B12,120.81783,24.276513,3
11143,66000,387130000C,(04)23274275,(04)23288582,2023,8,29,13,7,臺中市,北屯區,0,0,0,7,,,50,,,,,,,,,,,,,,13,59,,,,,B12,,,1,,2,,,59,59,1,12,4,B12,120.690389,24.177006,4
11144,66000,387130000C,(04)23274275,(04)23288582,2023,8,29,13,11,臺中市,西屯區,0,1,0,7,1,6,50,13,9,1,5,4,6,6,4,4,8,3,5,2,17,76,3,10,3,1,B12,7,15,1,8,5,4,,76,76,1,12,4,B12,120.643851,24.200455,2
11145,66000,387130000C,(04)23274275,(04)23288582,2023,8,29,13,18,臺中市,西屯區,0,0,0,7,,,30,,,,,,,,,,,,,,17,84,,,,,B12,,,1,,2,,,84,,1,12,4,B12,120.591036,24.186313,3
11146,66000,387130000C,(04)23274275,(04)23288582,2023,8,29,13,18,臺中市,沙鹿區,0,0,0,7,,,50,,,,,,,,,,,,,,11,58,,,,,B03,,,1,,2,,,58,,1,12,4,B03,120.566629,24.229975,3
11147,66000,387130000C,(04)23274275,(04)23288582,2023,8,29,13,25,臺中市,大雅區,0,0,0,7,,,60,,,,,,,,,,,,,,,20,,,,,C03,,,1,,2,,,20,,1,13,4,C03,120.645978,24.223717,3
11148,66000,387130000C,(04)23274275,(04)23288582,2023,8,29,13,28,臺中市,北屯區,0,0,0,7,,,50,,,,,,,,,,,,,,12,76,,,,,B11,,,1,,2,,,76,76,1,6,4,B11,120.698021,24.183324,3
11149,66000,387130000C,(04)23274275,(04)23288582,2023,8,29,13,30,臺中市,大里區,0,0,0,7,2,6,50,3,1,1,5,4,6,6,1,1,5,5,5,1,11,87,,,,,,,,,,,,,87,,1,,,,120.705466,24.111529,3
11150,66000,387130000C,(04)23274275,(04)23288582,2023,8,29,13,33,臺中市,北屯區,0,0,0,7,,,50,,,,,,,,,,,,,,,84,,,,,B03,,,1,,1,,,84,,1,12,4,B03,120.712085,24.172565,3
11151,66000,387130000C,(04)23274275,(04)23288582,2023,8,29,13,36,臺中市,太平區,0,0,0,7,,,30,,,,,,,,,,,,,,,49,,,,,B12,,,1,,2,,,49,,1,13,4,B12,120.726883,24.146088,3
11152,66000,387130000C,(04)23274275,(04)23288582,2023,8,29,13,40,臺中市,西屯區,0,0,0,7,,,50,,,,,,,,,,,,,,14,50,,,,,B03,,,1,,2,,,50,50,1,13,4,B03,120.634762,24.158285,3
11153,66000,387130000C,(04)23274275,(04)23288582,2023,8,29,13,40,臺中市,西屯區,0,1,0,7,2,6,1,13,14,1,5,4,6,6,4,4,5,4,5,1,17,84,2,8,2,1,C03,7,9,1,10,1,11,,84,84,1,12,2,C03,120.62354,24.19334,2
11154,66000,387130000C,(04)23274275,(04)23288582,2023,8,29,13,40,臺中市,大里區,0,1,0,7,2,6,50,3,1,1,5,4,6,6,1,1,10,5,5,2,17,34,3,10,5,4,B03,7,6,1,8,2,16,,34,34,1,6,4,B03,120.723907,24.086389,2
11155,66000,387130000C,(04)23274275,(04)23288582,2023,8,29,13,40,臺中市,太平區,0,1,0,7,2,6,50,13,14,1,5,4,6,6,4,4,5,4,5,1,18,58,2,8,1,1,C03,7,9,1,10,2,12,,58,58,1,13,4,C03,120.712981,24.128987,2
11156,66000,387130000C,(04)23274275,(04)23288582,2023,8,29,13,42,臺中市,大里區,0,0,0,7,,,60,,,,,,,,,,,,,,13,59,,,,,B03,,,1,,2,,,59,59,1,6,4,B03,120.669755,24.103531,3
11157,66000,387130000C,(04)23274275,(04)23288582,2023,8,29,13,45,臺中市,神岡區,0,1,0,7,2,6,50,4,2,1,5,4,6,6,4,4,5,5,5,1,17,84,2,9,6,1,F01,7,5,7,21,1,11,,84,84,1,12,4,F01,120.6973,24.250398,2
11158,66000,387130000C,(04)23274275,(04)23288582,2023,8,29,13,46,臺中市,北區,0,1,0,7,2,6,50,13,9,1,5,4,6,6,4,4,5,4,5,2,12,42,2,9,2,1,C03,7,15,1,10,2,14,,42,42,1,12,4,C03,120.677364,24.167075,2
11159,66000,387130000C,(04)23274275,(04)23288582,2023,8,29,13,50,臺中市,沙鹿區,0,0,0,7,,,50,,,,,,,,,,,,,,,4,,,,,C03,,,1,,2,,,4,,1,12,4,C03,120.561019,24.236137,3
11160,66000,387130000C,(04)23274275,(04)23288582,2023,8,29,13,51,臺中市,東勢區,0,1,0,7,2,6,60,3,2,1,5,4,6,6,1,1,4,1,4,1,16,21,2,9,1,1,C03,7,9,1,17,2,11,,21,21,1,12,4,C03,120.837381,24.228205,2
11161,66000,387130000C,(04)23274275,(04)23288582,2023,8,29,14,2,臺中市,西屯區,0,0,0,7,,,50,,,,,,,,,,,,,,,49,,,,,B02,,,1,,1,,,49,,1,12,4,B02,120.660167,24.164259,3
11162,66000,387130000C,(04)23274275,(04)23288582,2023,8,29,14,3,臺中市,大里區,0,0,0,7,,,50,,,,,,,,,,,,,,,1,,,,,B12,,,1,,9,,,1,,1,12,4,B12,120.700938,24.096277,3
11163,66000,387130000C,(04)23274275,(04)23288582,2023,8,29,14,6,臺中市,西屯區,0,1,0,7,2,6,50,4,1,1,5,4,6,6,2,1,10,5,5,2,17,84,2,9,5,4,C03,7,9,1,10,2,14,,87,84,1,13,4,C03,120.655165,24.175951,2
11164,66000,387130000C,(04)23274275,(04)23288582,2023,8,29,14,12,臺中市,西區,0,0,0,7,,,50,,,,,,,,,,,,,,16,20,,,,,B03,,,1,,1,,,20,,1,12,4,B03,120.660187,24.147966,3
11165,66000,387130000C,(04)23274275,(04)23288582,2023,8,29,14,13,臺中市,太平區,0,0,0,7,,,30,,,,,,,,,,,,,,,8,,,,,B12,,,1,,2,,,8,,1,13,4,B12,120.709871,24.131784,3
11166,66000,387130000C,(04)23274275,(04)23288582,2023,8,29,14,14,臺中市,北屯區,0,1,0,7,2,6,50,13,9,1,5,4,6,6,4,4,9,5,4,2,12,42,2,9,1,1,C03,7,9,1,10,2,12,,42,42,1,12,4,C03,120.673192,24.181224,2
11167,66000,387130000C,(04)23274275,(04)23288582,2023,8,29,14,16,臺中市,大里區,0,0,0,7,,,50,,,,,,,,,,,,,,,59,,,,,A11,,,1,,1,,,59,,1,6,4,A11,120.690201,24.092862,3
11168,66000,387130000C,(04)23274275,(04)23288582,2023,8,29,14,19,臺中市,大里區,0,0,0,7,2,6,50,4,2,1,5,4,6,6,1,1,5,5,4,2,,77,,,,,B12,,,1,,1,,,77,,1,13,4,B12,120.676183,24.114984,3
11169,66000,387130000C,(04)23274275,(04)23288582,2023,8,29,14,19,臺中市,烏日區,0,0,0,7,,,40,,,,,,,,,,,,,,,49,,,,,A41,,,1,,2,,,49,,1,6,4,A41,120.649061,24.05979,3
11170,66000,387130000C,(04)23274275,(04)23288582,2023,8,29,14,21,臺中市,南屯區,0,0,0,7,,,50,,,,,,,,,,,,,,13,7,,,,,B03,,,1,,9,,,87,7,2,13,4,B03,120.646549,24.138876,3
11171,66000,387130000C,(04)23274275,(04)23288582,2023,8,29,14,24,臺中市,南區,0,0,0,7,,,50,,,,,,,,,,,,,,,84,,,,,B03,,,1,,2,,,84,,1,13,4,B03,120.662411,24.120844,3
11172,66000,387130000C,(04)23274275,(04)23288582,2023,8,29,14,25,臺中市,西屯區,0,0,0,7,,,50,,,,,,,,,,,,,,16,48,,,,,B12,,,1,,1,,,48,,1,6,4,B12,120.615186,24.182384,3
11173,66000,387130000C,(04)23274275,(04)23288582,2023,8,29,14,26,臺中市,西區,0,1,0,7,2,6,50,3,1,1,5,4,6,6,4,4,10,5,5,2,17,51,2,9,1,1,C03,7,1,1,10,2,14,,51,51,1,12,4,C03,120.67082,24.145722,2
11174,66000,387130000C,(04)23274275,(04)23288582,2023,8,29,14,27,臺中市,北屯區,0,0,0,7,,,50,,,,,,,,,,,,,,12,59,,,,,B12,,,1,,2,,,59,,1,6,4,B12,120.696696,24.177529,4
11175,66000,387130000C,(04)23274275,(04)23288582,2023,8,29,14,28,臺中市,南屯區,0,0,0,7,,,50,,,,,,,,,,,,,,,59,,,,,B03,,,1,,1,,,59,,1,13,4,B03,120.654423,24.135495,3
11176,66000,387130000C,(04)23274275,(04)23288582,2023,8,29,14,28,臺中市,西屯區,0,0,0,7,,,40,,,,,,,,,,,,,,,7,,,,,B03,,,1,,1,,,7,,1,12,4,B03,120.637712,24.162816,3
11177,66000,387130000C,(04)23274275,(04)23288582,2023,8,29,14,30,臺中市,東勢區,0,1,0,7,3,6,60,13,8,1,5,4,6,6,4,4,1,4,4,1,12,20,3,10,3,1,B01,7,6,1,4,2,2,,20,20,1,6,4,B01,120.837875,24.225234,2
11178,66000,387130000C,(04)23274275,(04)23288582,2023,8,29,14,40,臺中市,南屯區,0,1,0,7,2,6,50,13,9,1,5,4,6,6,1,1,8,5,5,2,13,7,2,8,1,1,C03,7,9,1,10,2,11,,7,7,1,13,4,C03,120.635208,24.15145,2
11179,66000,387130000C,(04)23274275,(04)23288582,2023,8,29,14,42,臺中市,清水區,0,0,0,7,,,40,,,,,,,,,,,,,,,49,,,,,B03,,,1,,2,,,49,,1,12,4,B03,120.560035,24.276809,3