序號,縣市別代碼,機關代碼,市話,傳真,年,月,日,時,分,縣市,區,死亡數量,受傷數量,2-30,天候,光線,道路類別,速限,道路型態,事故位置,路面鋪裝,路面狀態,路面缺陷,障礙物,視距,號誌種類,號誌動作,分向設施,快車道或一般車道間,快慢車道間,路面邊線,事故類型及型態,主要肇因,受傷程度,主要傷處,保護裝備,行動電話,當事者區分(類別),車輛用途,當事者行動狀態,駕駛資格情形,駕駛執照種類,飲酒情形,車輛撞擊部位最初,車輛撞擊部位其他,肇事因素個別,肇事因素主要,肇事逃逸,職業,旅次目的,車種,GPS座標X,GPS座標Y,事故類別
11180,66000,387130000C,(04)23274275,(04)23288582,2023,8,29,14,45,臺中市,南屯區,0,1,0,7,1,6,50,4,1,1,5,4,6,6,1,1,5,4,4,2,15,21,3,10,5,4,B02,7,9,1,8,2,6,,21,21,1,13,4,B02,120.637996,24.132138,2
11181,66000,387130000C,(04)23274275,(04)23288582,2023,8,29,14,45,臺中市,清水區,0,0,0,7,,,70,,,,,,,,,,,,,,,59,,,,,B03,,,1,,2,,,59,,1,6,4,B03,120.555516,24.294715,3
11182,66000,387130000C,(04)23274275,(04)23288582,2023,8,29,14,46,臺中市,西區,0,1,0,7,2,6,50,4,1,1,5,4,6,6,1,1,5,5,5,2,17,21,2,9,5,4,C03,7,9,1,10,2,12,,21,21,1,12,4,C03,120.661665,24.145541,2
11183,66000,387130000C,(04)23274275,(04)23288582,2023,8,29,14,54,臺中市,豐原區,0,2,0,7,2,6,50,3,1,1,5,4,6,6,1,1,1,5,5,2,17,23,2,8,1,1,C03,7,6,1,10,2,11,,23,23,1,6,4,C03,120.711391,24.239582,2
11184,66000,387130000C,(04)23274275,(04)23288582,2023,8,29,14,56,臺中市,大雅區,0,0,0,7,1,6,50,13,2,1,5,4,6,6,1,1,1,4,5,2,17,84,,,,,C03,,,1,,2,,,84,,1,13,4,C03,120.666179,24.216905,3
11185,66000,387130000C,(04)23274275,(04)23288582,2023,8,29,15,0,臺中市,神岡區,0,0,0,7,,,50,,,,,,,,,,,,,,17,7,,,,,B03,,,1,,2,,,7,,1,6,4,B03,120.651277,24.258532,3
11186,66000,387130000C,(04)23274275,(04)23288582,2023,8,29,15,10,臺中市,南屯區,0,0,0,7,,,50,,,,,,,,,,,,,,13,7,,,,,A02,,,1,,2,,,7,,1,13,4,A02,120.636275,24.146696,3
11187,66000,387130000C,(04)23274275,(04)23288582,2023,8,29,15,12,臺中市,大里區,0,0,0,7,,,50,,,,,,,,,,,,,,13,58,,,,,C04,,,1,,2,,,58,,1,13,4,C04,120.709145,24.086636,3
11188,66000,387130000C,(04)23274275,(04)23288582,2023,8,29,15,15,臺中市,沙鹿區,0,0,0,7,2,6,50,13,9,1,5,4,6,6,4,4,1,3,4,2,12,8,,,,,B03,,,1,,2,,,8,,1,12,4,B03,120.568847,24.223938,3
11189,66000,387130000C,(04)23274275,(04)23288582,2023,8,29,15,21,臺中市,大里區,0,4,0,7,3,6,50,4,1,1,5,4,6,6,1,1,5,4,5,2,15,25,2,8,1,1,C03,7,9,1,10,2,14,11,87,25,1,12,4,C03,120.696767,24.111219,2
11190,66000,387130000C,(04)23274275,(04)23288582,2023,8,29,15,22,臺中市,南屯區,0,2,0,7,2,6,30,13,24,1,5,4,6,6,4,4,10,5,5,2,17,4,2,9,1,1,C03,7,9,1,10,2,11,,4,4,1,13,4,C03,120.637027,24.119468,2
11191,66000,387130000C,(04)23274275,(04)23288582,2023,8,29,15,22,臺中市,沙鹿區,0,0,0,7,,,50,,,,,,,,,,,,,,13,7,,,,,B03,,,5,,2,,,7,,1,12,4,B03,120.56715,24.208461,3
11192,66000,387130000C,(04)23274275,(04)23288582,2023,8,29,15,22,臺中市,豐原區,0,0,0,7,,,30,,,,,,,,,,,,,,14,49,,,,,B12,,,1,,2,,,49,,1,13,4,B12,120.726892,24.246315,3
11193,66000,387130000C,(04)23274275,(04)23288582,2023,8,29,15,25,臺中市,東區,0,0,0,7,,,50,,,,,,,,,,,,,,,7,,,,,B03,,,1,,2,,,7,,1,12,4,B03,120.711045,24.143262,3
11194,66000,387130000C,(04)23274275,(04)23288582,2023,8,29,15,28,臺中市,潭子區,0,0,0,7,,,60,,,,,,,,,,,,,,,59,,,,,B12,,,1,,9,,,59,,1,12,4,B12,120.704921,24.206517,3
11195,66000,387130000C,(04)23274275,(04)23288582,2023,8,29,15,29,臺中市,豐原區,0,0,0,7,,,50,,,,,,,,,,,,,,,51,,,,,B03,,,1,,2,,,51,,1,6,4,B03,120.719906,24.261628,4
11196,66000,387130000C,(04)23274275,(04)23288582,2023,8,29,15,30,臺中市,太平區,0,0,0,7,,,30,,,,,,,,,,,,,,16,51,,,,,B03,,,1,,2,,,51,,1,13,4,B03,120.732976,24.142025,3
11197,66000,387130000C,(04)23274275,(04)23288582,2023,8,29,15,31,臺中市,西屯區,0,0,0,7,,,80,,,,,,,,,,,,,,,84,,,,,B03,,,1,,1,,,84,,1,13,4,B03,120.62663,24.158812,3
11198,66000,387130000C,(04)23274275,(04)23288582,2023,8,29,15,35,臺中市,太平區,0,0,0,7,,,50,,,,,,,,,,,,,,,75,,,,,A11,,,1,,2,,,75,,1,12,4,A11,120.729405,24.128478,3
11199,66000,387130000C,(04)23274275,(04)23288582,2023,8,29,15,38,臺中市,烏日區,0,0,0,7,,,50,,,,,,,,,,,,,,13,7,,,,,B03,,,1,,2,,,7,,1,12,4,B03,120.636775,24.104344,3
11200,66000,387130000C,(04)23274275,(04)23288582,2023,8,29,15,42,臺中市,神岡區,0,0,0,7,,,50,,,,,,,,,,,,,,,59,,,,,B12,,,1,,2,,,59,,1,12,4,B12,120.682339,24.269176,3
11201,66000,387130000C,(04)23274275,(04)23288582,2023,8,29,15,46,臺中市,北區,0,0,0,7,,,50,,,,,,,,,,,,,,14,49,,,,,B03,,,1,,2,,,49,,1,12,4,B03,120.686811,24.146244,3
11202,66000,387130000C,(04)23274275,(04)23288582,2023,8,29,15,50,臺中市,東區,0,0,0,7,3,6,50,13,7,1,5,4,6,6,4,4,5,4,5,2,13,7,3,10,3,1,B03,7,9,1,8,1,1,,7,7,1,12,4,B03,120.6953,24.148,3
11203,66000,387130000C,(04)23274275,(04)23288582,2023,8,29,15,53,臺中市,西屯區,0,0,0,7,,,50,,,,,,,,,,,,,,13,84,,,,,B12,,,1,,1,,,84,,1,12,4,B12,120.652604,24.15996,3
11204,66000,387130000C,(04)23274275,(04)23288582,2023,8,29,15,55,臺中市,神岡區,0,0,0,7,,,50,,,,,,,,,,,,,,17,20,,,,,B03,,,1,,2,,,20,,1,6,4,B03,120.677363,24.264904,3
11205,66000,387130000C,(04)23274275,(04)23288582,2023,8,29,15,56,臺中市,大里區,0,1,0,7,3,6,50,4,1,1,5,4,6,6,2,1,10,5,5,2,11,21,2,7,1,1,C03,7,9,3,19,2,12,,21,21,1,12,4,C03,120.702626,24.093344,2
11206,66000,387130000C,(04)23274275,(04)23288582,2023,8,29,16,0,臺中市,西屯區,0,1,0,7,3,6,50,4,1,1,5,4,6,6,1,1,10,4,5,2,12,11,3,10,3,4,B03,7,5,1,8,1,6,,11,11,1,13,4,B03,120.622027,24.174159,2
11207,66000,387130000C,(04)23274275,(04)23288582,2023,8,29,16,0,臺中市,龍井區,0,0,0,7,,,50,,,,,,,,,,,,,,,7,,,,,B03,,,1,,2,,,7,,1,6,4,B03,120.588448,24.187718,3
11208,66000,387130000C,(04)23274275,(04)23288582,2023,8,29,16,1,臺中市,神岡區,0,0,0,7,,,30,,,,,,,,,,,,,,,84,,,,,B03,,,1,,11,,,84,,1,12,4,B03,120.691402,24.252083,3
11209,66000,387130000C,(04)23274275,(04)23288582,2023,8,29,16,7,臺中市,西屯區,0,0,0,7,,,40,,,,,,,,,,,,,,9,51,,,,,F02,,,7,,1,,,51,,1,13,4,F02,120.605967,24.18374,4
11210,66000,387130000C,(04)23274275,(04)23288582,2023,8,29,16,9,臺中市,北區,0,0,0,7,,,50,,,,,,,,,,,,,,13,59,,,,,B01,,,1,,2,,,59,,1,12,4,B01,120.672428,24.169756,3
11211,66000,387130000C,(04)23274275,(04)23288582,2023,8,29,16,10,臺中市,北屯區,0,0,0,7,,,30,,,,,,,,,,,,,,17,58,,,,,B03,,,1,,9,,,58,,1,13,4,B03,120.711477,24.174023,3
11212,66000,387130000C,(04)23274275,(04)23288582,2023,8,29,16,10,臺中市,西屯區,0,0,0,7,,,50,,,,,,,,,,,,,,12,8,,,,,B02,,,1,,1,,,8,,1,12,4,B02,120.602754,24.18406,3
11213,66000,387130000C,(04)23274275,(04)23288582,2023,8,29,16,10,臺中市,龍井區,0,2,0,7,3,6,30,13,9,1,5,4,6,6,4,4,10,5,5,2,11,41,3,10,5,4,B12,7,9,1,8,2,8,,41,41,1,6,4,B12,120.549345,24.185712,2
11214,66000,387130000C,(04)23274275,(04)23288582,2023,8,29,16,10,臺中市,梧棲區,0,1,0,7,2,6,50,4,1,1,5,4,6,6,1,1,1,4,4,1,12,42,2,8,2,1,C03,7,15,1,10,2,11,,42,42,1,6,4,C03,120.531519,24.26056,2
11215,66000,387130000C,(04)23274275,(04)23288582,2023,8,29,16,11,臺中市,北區,0,0,0,7,,,50,,,,,,,,,,,,,,,84,,,,,B03,,,1,,2,,,84,,1,12,4,B03,120.672691,24.168754,3
11216,66000,387130000C,(04)23274275,(04)23288582,2023,8,29,16,14,臺中市,潭子區,0,2,0,7,3,6,30,4,1,1,5,4,6,6,1,1,10,5,5,2,15,25,2,9,1,1,C04,7,9,1,10,2,11,,25,25,1,12,4,C04,120.69788,24.192386,2
11217,66000,387130000C,(04)23274275,(04)23288582,2023,8,29,16,15,臺中市,南屯區,0,0,0,7,,,50,,,,,,,,,,,,,,,50,,,,,B03,,,1,,2,,,50,,1,13,4,B03,120.646644,24.148202,3
11218,66000,387130000C,(04)23274275,(04)23288582,2023,8,29,16,19,臺中市,南屯區,0,0,0,7,,,50,,,,,,,,,,,,,,,51,,,,,B03,,,1,,1,,,51,51,1,13,4,B03,120.626068,24.148641,3
11219,66000,387130000C,(04)23274275,(04)23288582,2023,8,29,16,24,臺中市,西屯區,0,0,0,7,,,50,,,,,,,,,,,,,,,84,,,,,B03,,,1,,1,,,84,,1,13,4,B03,120.648958,24.161653,3
11220,66000,387130000C,(04)23274275,(04)23288582,2023,8,29,16,25,臺中市,北屯區,0,0,0,7,,,50,,,,,,,,,,,,,,,84,,,,,B03,,,1,,1,,,84,84,1,13,4,B03,120.694491,24.173242,3
11221,66000,387130000C,(04)23274275,(04)23288582,2023,8,29,16,30,臺中市,沙鹿區,0,0,0,7,,,50,,,,,,,,,,,,,,,49,,,,,B12,,,1,,1,,,49,,1,12,4,B12,120.546321,24.244346,3
11222,66000,387130000C,(04)23274275,(04)23288582,2023,8,29,16,34,臺中市,大甲區,0,1,0,7,2,6,50,3,1,1,5,4,6,6,4,4,10,5,5,2,17,48,2,9,4,1,F01,7,6,7,21,2,11,,48,4,1,2,4,F01,120.650898,24.404346,2
11223,66000,387130000C,(04)23274275,(04)23288582,2023,8,29,16,36,臺中市,東勢區,0,1,0,7,3,6,30,11,9,1,5,4,6,6,4,4,10,5,5,2,12,41,3,10,3,1,B12,7,6,1,8,2,4,,41,41,1,13,4,B12,120.83532,24.24737,2
11224,66000,387130000C,(04)23274275,(04)23288582,2023,8,29,16,37,臺中市,大肚區,0,0,0,7,,,30,,,,,,,,,,,,,,,43,,,,,B03,,,1,,2,,,43,43,1,12,4,B03,120.579303,24.172435,3
11225,66000,387130000C,(04)23274275,(04)23288582,2023,8,29,16,45,臺中市,北屯區,0,0,0,7,,,50,,,,,,,,,,,,,,12,38,,,,,B03,,,1,,1,,,38,38,1,13,4,B03,120.707632,24.186789,3
11226,66000,387130000C,(04)23274275,(04)23288582,2023,8,29,16,46,臺中市,東區,0,1,0,7,3,6,50,4,1,1,5,4,6,6,4,4,10,5,5,2,15,15,2,8,1,1,C03,7,9,1,10,2,11,,15,15,1,12,4,C03,120.698886,24.128001,2
11227,66000,387130000C,(04)23274275,(04)23288582,2023,8,29,16,51,臺中市,大雅區,0,0,0,7,1,6,50,13,9,1,5,4,6,6,4,4,1,4,4,1,17,59,,,,,B12,,,1,,2,,,59,,1,13,4,B12,120.648085,24.221234,3
11228,66000,387130000C,(04)23274275,(04)23288582,2023,8,29,16,53,臺中市,南屯區,0,0,0,7,,,50,,,,,,,,,,,,,,9,59,,,,,B03,,,1,,9,,,59,,2,13,4,B03,120.648187,24.148922,3
11229,66000,387130000C,(04)23274275,(04)23288582,2023,8,29,16,54,臺中市,沙鹿區,0,2,0,7,2,6,50,3,1,1,5,4,6,6,4,4,10,5,5,2,17,11,2,9,2,1,C03,7,6,3,19,2,11,,11,11,1,12,4,C03,120.566739,24.236917,2
11230,66000,387130000C,(04)23274275,(04)23288582,2023,8,29,16,55,臺中市,北屯區,0,0,0,7,,,50,,,,,,,,,,,,,,,14,,,,,B03,,,1,,1,,,14,14,1,13,4,B03,120.723489,24.169539,3
11231,66000,387130000C,(04)23274275,(04)23288582,2023,8,29,16,55,臺中市,外埔區,0,1,0,7,2,6,50,4,1,1,5,4,6,6,4,4,10,5,5,2,15,6,3,10,3,1,B03,7,9,1,8,2,2,,6,6,1,12,4,B03,120.649368,24.325121,2
11232,66000,387130000C,(04)23274275,(04)23288582,2023,8,29,16,57,臺中市,南屯區,0,1,0,7,2,6,50,3,1,1,5,4,6,6,4,4,5,4,4,2,17,51,3,10,3,1,B03,7,1,1,8,2,4,,51,51,1,13,4,B03,120.633677,24.152465,2
11233,66000,387130000C,(04)23274275,(04)23288582,2023,8,29,17,3,臺中市,西區,0,1,0,7,3,6,40,4,1,1,5,4,6,6,1,1,10,5,5,2,16,11,3,10,3,1,B02,7,5,1,8,2,5,,11,11,1,6,4,B02,120.657246,24.152349,2
11234,66000,387130000C,(04)23274275,(04)23288582,2023,8,29,17,9,臺中市,大雅區,0,0,0,7,1,6,70,13,7,1,5,4,6,6,4,4,1,4,4,1,17,40,,,,,B03,,,1,,2,,,40,40,1,13,4,B03,120.634841,24.236387,3
11235,66000,387130000C,(04)23274275,(04)23288582,2023,8,29,17,11,臺中市,豐原區,0,0,0,7,,,50,,,,,,,,,,,,,,,48,,,,,C03,,,1,,1,,,48,,1,12,4,C03,120.70611,24.25002,4
11236,66000,387130000C,(04)23274275,(04)23288582,2023,8,29,17,12,臺中市,清水區,0,0,0,7,,,50,,,,,,,,,,,,,,,51,,,,,B03,,,1,,2,,,51,,1,6,4,B03,120.572196,24.263806,3
11237,66000,387130000C,(04)23274275,(04)23288582,2023,8,29,17,15,臺中市,潭子區,0,0,0,7,,,30,,,,,,,,,,,,,,,49,,,,,B03,,,1,,2,,,49,,1,12,4,B03,120.673858,24.20795,3
11238,66000,387130000C,(04)23274275,(04)23288582,2023,8,29,17,16,臺中市,南屯區,0,1,0,7,1,6,50,4,1,1,5,4,6,6,2,1,1,2,4,2,13,7,3,10,5,4,B03,7,5,1,8,2,5,,7,7,1,13,4,B03,120.616583,24.15374,2
11239,66000,387130000C,(04)23274275,(04)23288582,2023,8,29,17,17,臺中市,烏日區,0,0,0,7,,,50,,,,,,,,,,,,,,13,58,,,,,B03,,,1,,2,,,58,,1,6,4,B03,120.642875,24.073649,3
11240,66000,387130000C,(04)23274275,(04)23288582,2023,8,29,17,18,臺中市,清水區,0,0,0,7,,,50,,,,,,,,,,,,,,,8,,,,,B03,,,1,,2,,,8,,1,12,4,B03,120.572201,24.270311,3
11241,66000,387130000C,(04)23274275,(04)23288582,2023,8,29,17,19,臺中市,北區,0,2,0,7,3,6,50,4,1,1,5,4,6,6,2,1,10,5,5,2,16,11,3,10,3,1,B03,7,6,1,8,2,1,,11,11,1,13,4,B03,120.685725,24.155948,2
11242,66000,387130000C,(04)23274275,(04)23288582,2023,8,29,17,19,臺中市,東區,0,1,0,7,1,6,50,4,1,1,5,4,6,6,4,4,5,5,5,2,15,15,3,10,1,1,C03,7,9,1,10,2,11,,15,15,1,12,4,C03,120.687296,24.141078,2
11243,66000,387130000C,(04)23274275,(04)23288582,2023,8,29,17,22,臺中市,石岡區,0,1,0,7,2,6,70,13,9,1,5,4,6,6,4,4,10,4,5,1,13,7,2,8,1,1,C03,7,9,1,10,2,11,,7,7,1,12,4,C03,120.762993,24.277122,2
11244,66000,387130000C,(04)23274275,(04)23288582,2023,8,29,17,23,臺中市,神岡區,0,1,0,7,1,6,50,5,1,1,5,4,6,6,1,1,10,5,5,2,17,48,2,9,2,1,C03,7,6,1,10,2,14,,48,48,1,13,4,C03,120.711665,24.258002,2
11245,66000,387130000C,(04)23274275,(04)23288582,2023,8,29,17,25,臺中市,中區,0,1,0,7,1,6,50,3,9,1,5,4,6,6,4,4,10,4,5,2,13,7,2,8,1,1,C03,7,9,1,10,2,11,,7,7,1,12,4,C03,120.680634,24.143496,2
11246,66000,387130000C,(04)23274275,(04)23288582,2023,8,29,17,25,臺中市,梧棲區,0,1,0,7,2,6,50,3,1,1,5,4,6,6,4,4,10,5,5,2,13,59,3,10,3,1,B03,7,6,1,8,2,1,,59,59,1,6,4,B03,120.550524,24.252193,2
11247,66000,387130000C,(04)23274275,(04)23288582,2023,8,29,17,26,臺中市,清水區,0,1,0,7,2,6,30,4,1,1,5,4,6,6,4,4,8,4,5,2,3,20,3,10,3,1,B03,7,9,1,8,2,5,,20,20,1,12,4,B03,120.552985,24.282423,2
11248,66000,387130000C,(04)23274275,(04)23288582,2023,8,29,17,28,臺中市,豐原區,0,0,0,7,,,50,,,,,,,,,,,,,,13,59,,,,,B12,,,5,,2,,,59,,1,12,4,B12,120.755302,24.274385,3
11249,66000,387130000C,(04)23274275,(04)23288582,2023,8,29,17,30,臺中市,神岡區,0,0,0,7,,,30,,,,,,,,,,,,,,17,49,,,,,B03,,,1,,1,,,49,,1,6,4,B03,120.671969,24.255617,3
11250,66000,387130000C,(04)23274275,(04)23288582,2023,8,29,17,31,臺中市,潭子區,0,0,0,7,,,50,,,,,,,,,,,,,,13,7,,,,,C03,,,1,,2,,,7,,1,13,4,C03,120.697527,24.216645,3
11251,66000,387130000C,(04)23274275,(04)23288582,2023,8,29,17,32,臺中市,龍井區,0,2,0,7,1,6,30,4,1,1,5,4,6,6,4,4,10,5,5,2,15,15,2,9,5,4,C03,7,9,1,10,2,11,,15,15,1,6,4,C03,120.533449,24.204532,2
11252,66000,387130000C,(04)23274275,(04)23288582,2023,8,29,17,35,臺中市,南屯區,0,0,0,7,,,50,,,,,,,,,,,,,,,40,,,,,B03,,,1,,1,,,40,,1,12,4,B03,120.626087,24.145931,3
11253,66000,387130000C,(04)23274275,(04)23288582,2023,8,29,17,35,臺中市,清水區,0,0,0,7,,,30,,,,,,,,,,,,,,,119,,,,,,,,,,,,,119,,1,,,,120.562181,24.26447,3
11254,66000,387130000C,(04)23274275,(04)23288582,2023,8,29,17,36,臺中市,太平區,0,0,0,7,,,50,,,,,,,,,,,,,,,7,,,,,B12,,,1,,1,,,7,,1,13,4,B12,120.710284,24.134801,3
11255,66000,387130000C,(04)23274275,(04)23288582,2023,8,29,17,36,臺中市,大肚區,0,1,0,7,2,6,50,3,1,1,5,4,6,6,4,4,10,5,5,2,17,51,2,9,1,1,C03,7,9,1,10,2,16,,6,51,1,6,4,C03,120.576303,24.163486,2
11256,66000,387130000C,(04)23274275,(04)23288582,2023,8,29,17,38,臺中市,西區,0,0,0,7,,,50,,,,,,,,,,,,,,,84,,,,,B01,,,1,1,2,,,84,84,1,13,4,B01,120.655733,24.154683,3
11257,66000,387130000C,(04)23274275,(04)23288582,2023,8,29,17,38,臺中市,中區,0,2,0,7,1,6,30,3,1,1,5,4,6,5,4,4,10,5,5,2,15,1,2,9,1,1,C03,7,9,1,8,2,12,,1,1,1,12,4,C03,120.67839,24.142632,2
11258,66000,387130000C,(04)23274275,(04)23288582,2023,8,29,17,38,臺中市,南屯區,0,0,0,7,,,40,,,,,,,,,,,,,,16,13,,,,,B03,,,1,,1,,,13,,1,13,4,B03,120.641675,24.153791,3
11259,66000,387130000C,(04)23274275,(04)23288582,2023,8,29,17,38,臺中市,大肚區,0,0,0,7,,,50,,,,,,,,,,,,,,12,40,,,,,B03,,,1,,2,,,40,,1,12,4,B03,120.5593,24.125113,3
11260,66000,387130000C,(04)23274275,(04)23288582,2023,8,29,17,39,臺中市,西屯區,0,0,0,7,,,30,,,,,,,,,,,,,,,84,,,,,C03,,,1,,1,,,84,,1,13,4,C03,120.653998,24.17375,3
11261,66000,387130000C,(04)23274275,(04)23288582,2023,8,29,17,39,臺中市,西屯區,0,1,0,7,2,6,40,13,7,1,5,4,6,6,4,4,9,5,4,2,16,51,3,10,3,1,B03,7,1,1,8,2,8,,51,51,1,13,4,B03,120.613382,24.191104,2
11262,66000,387130000C,(04)23274275,(04)23288582,2023,8,29,17,41,臺中市,東區,0,0,0,7,,,50,,,,,,,,,,,,,,,7,,,,,B03,,,1,,1,,,7,,1,12,4,B03,120.708656,24.135638,3
11263,66000,387130000C,(04)23274275,(04)23288582,2023,8,29,17,45,臺中市,西屯區,0,2,0,7,2,6,50,13,7,1,5,4,6,6,4,4,10,5,4,2,13,7,3,10,4,4,B01,7,14,1,10,2,3,,87,7,1,13,4,B01,120.588083,24.169542,2
11264,66000,387130000C,(04)23274275,(04)23288582,2023,8,29,17,45,臺中市,豐原區,0,0,0,7,,,60,,,,,,,,,,,,,,13,82,,,,,B03,,,1,,2,,,82,,1,13,4,B03,120.728149,24.239971,3
11265,66000,387130000C,(04)23274275,(04)23288582,2023,8,29,17,47,臺中市,梧棲區,0,1,0,7,2,6,50,3,1,1,5,4,6,6,1,1,10,5,5,2,16,11,3,10,3,1,B03,7,6,1,8,2,8,,11,11,1,6,4,B03,120.543396,24.243502,2
11266,66000,387130000C,(04)23274275,(04)23288582,2023,8,29,17,49,臺中市,西屯區,0,0,0,7,,,50,,,,,,,,,,,,,,13,7,,,,,C03,,,1,,2,,,7,,1,12,4,C03,120.632103,24.170355,3
11267,66000,387130000C,(04)23274275,(04)23288582,2023,8,29,17,50,臺中市,西屯區,0,1,0,7,3,6,50,4,1,1,5,4,6,6,2,1,10,5,5,2,17,45,3,10,2,1,C03,7,11,1,10,2,16,,45,45,1,12,4,C03,120.621918,24.186418,2
11268,66000,387130000C,(04)23274275,(04)23288582,2023,8,29,17,50,臺中市,西屯區,0,0,0,7,,,50,,,,,,,,,,,,,,,7,,,,,B03,,,1,,1,,,7,,1,12,4,B03,120.663948,24.173087,3
11269,66000,387130000C,(04)23274275,(04)23288582,2023,8,29,17,50,臺中市,豐原區,0,1,0,7,1,6,50,3,1,1,5,4,6,6,4,4,3,4,5,2,17,7,2,9,1,1,C03,7,9,1,10,2,11,,7,7,1,12,4,C03,120.70284,24.249422,2
11270,66000,387130000C,(04)23274275,(04)23288582,2023,8,29,17,52,臺中市,南區,0,0,0,7,1,6,50,13,7,1,5,4,6,6,4,4,1,4,5,2,12,8,3,10,3,1,B03,7,9,1,8,2,2,,8,8,1,12,4,B03,120.66995,24.11841,3
11271,66000,387130000C,(04)23274275,(04)23288582,2023,8,29,17,52,臺中市,龍井區,0,3,0,7,3,6,30,3,1,1,5,4,6,6,4,4,10,5,5,2,17,6,2,9,5,4,C03,7,9,1,10,2,11,,6,6,1,5,4,C03,120.547889,24.210993,2
11272,66000,387130000C,(04)23274275,(04)23288582,2023,8,29,17,54,臺中市,北屯區,0,1,0,7,1,6,40,13,17,1,5,4,6,6,4,4,3,4,5,1,13,7,3,10,3,1,B03,7,9,1,8,1,1,,7,7,1,13,4,B03,120.722336,24.18882,2
11273,66000,387130000C,(04)23274275,(04)23288582,2023,8,29,17,54,臺中市,豐原區,0,0,0,7,,,50,,,,,,,,,,,,,,13,7,,,,,C03,,,1,,2,,,7,,1,13,4,C03,120.753592,24.272947,3
11274,66000,387130000C,(04)23274275,(04)23288582,2023,8,29,17,55,臺中市,沙鹿區,0,3,0,7,2,6,40,13,8,1,5,4,6,6,4,4,5,5,4,2,9,59,2,9,2,1,C03,7,9,1,10,2,11,,59,59,1,12,4,C03,120.581219,24.241522,2
11275,66000,387130000C,(04)23274275,(04)23288582,2023,8,29,17,57,臺中市,西屯區,0,0,0,7,,,40,,,,,,,,,,,,,,,45,,,,,C03,,,1,,2,,,45,,1,12,4,C03,120.637569,24.179763,3
11276,66000,387130000C,(04)23274275,(04)23288582,2023,8,29,17,59,臺中市,西屯區,0,0,0,7,,,50,,,,,,,,,,,,,,13,84,,,,,B03,,,1,,1,,,84,,1,13,4,B03,120.651833,24.185392,3
11277,66000,387130000C,(04)23274275,(04)23288582,2023,8,29,18,0,臺中市,中區,0,0,0,7,,,50,,,,,,,,,,,,,,9,84,,,,,C03,,,1,,2,,,84,,1,12,4,C03,120.67868,24.145564,3
11278,66000,387130000C,(04)23274275,(04)23288582,2023,8,29,18,0,臺中市,外埔區,0,1,0,7,1,6,50,13,8,1,5,4,6,6,4,4,9,5,4,1,16,51,3,10,3,1,B03,7,1,1,8,2,4,,51,51,1,12,4,B03,120.636538,24.341543,2
11279,66000,387130000C,(04)23274275,(04)23288582,2023,8,29,18,2,臺中市,北屯區,0,1,0,7,1,6,50,13,9,1,5,4,6,6,4,4,1,4,5,2,13,84,3,10,5,4,B03,7,9,1,8,2,1,,84,84,1,6,4,B03,120.68623,24.193169,2
11280,66000,387130000C,(04)23274275,(04)23288582,2023,8,29,18,9,臺中市,西屯區,0,0,0,7,,,30,,,,,,,,,,,,,,17,58,,,,,B03,,,1,,1,,,58,,1,12,4,B03,120.641735,24.169418,3
11281,66000,387130000C,(04)23274275,(04)23288582,2023,8,29,18,11,臺中市,西屯區,0,1,0,7,3,6,50,13,8,1,5,4,1,4,4,4,1,4,1,2,18,84,2,9,5,4,C03,7,9,1,10,2,14,,84,84,1,13,4,C03,120.588142,24.192843,2
11282,66000,387130000C,(04)23274275,(04)23288582,2023,8,29,18,11,臺中市,大里區,0,0,0,7,,,30,,,,,,,,,,,,,,12,8,,,,,B03,,,1,,2,,,8,,1,13,4,B03,120.688296,24.108721,3
11283,66000,387130000C,(04)23274275,(04)23288582,2023,8,29,18,15,臺中市,南區,0,1,0,7,1,6,40,3,1,1,5,4,6,6,1,1,10,5,5,2,12,59,2,8,1,1,C03,7,9,3,19,2,12,,59,59,1,5,4,C03,120.668376,24.119166,2
11284,66000,387130000C,(04)23274275,(04)23288582,2023,8,29,18,15,臺中市,東區,0,2,0,7,1,6,50,4,1,1,5,4,6,6,4,4,10,5,5,2,17,12,2,9,1,1,C03,7,5,1,10,2,12,,12,12,1,12,4,C03,120.70579,24.13176,2
11285,66000,387130000C,(04)23274275,(04)23288582,2023,8,29,18,15,臺中市,南屯區,0,1,0,7,1,6,40,4,9,1,5,4,6,6,4,4,8,5,5,2,15,12,3,10,1,1,C03,7,9,1,10,2,11,,12,12,1,13,4,C03,120.653005,24.139489,2
11286,66000,387130000C,(04)23274275,(04)23288582,2023,8,29,18,17,臺中市,南屯區,0,0,0,7,,,50,,,,,,,,,,,,,,,87,,,,,C03,,,1,,10,,,87,,1,13,4,C03,120.646054,24.147878,3
11287,66000,387130000C,(04)23274275,(04)23288582,2023,8,29,18,23,臺中市,北屯區,0,2,0,7,1,6,50,3,2,1,5,4,6,6,4,4,5,4,5,2,13,84,3,10,3,1,B03,7,9,1,8,2,1,,84,84,1,13,4,B03,120.695473,24.165246,2