序號,縣市別代碼,機關代碼,市話,傳真,年,月,日,時,分,縣市,區,死亡數量,受傷數量,2-30,天候,光線,道路類別,速限,道路型態,事故位置,路面鋪裝,路面狀態,路面缺陷,障礙物,視距,號誌種類,號誌動作,分向設施,快車道或一般車道間,快慢車道間,路面邊線,事故類型及型態,主要肇因,受傷程度,主要傷處,保護裝備,行動電話,當事者區分(類別),車輛用途,當事者行動狀態,駕駛資格情形,駕駛執照種類,飲酒情形,車輛撞擊部位最初,車輛撞擊部位其他,肇事因素個別,肇事因素主要,肇事逃逸,職業,旅次目的,車種,GPS座標X,GPS座標Y,事故類別
11288,66000,387130000C,(04)23274275,(04)23288582,2023,8,29,18,26,臺中市,北屯區,0,0,0,7,,,50,,,,,,,,,,,,,,13,7,,,,,B02,,,1,,2,,,7,,1,13,4,B02,120.719372,24.178174,3
11289,66000,387130000C,(04)23274275,(04)23288582,2023,8,29,18,30,臺中市,神岡區,0,1,0,6,1,6,30,4,2,1,5,4,6,6,4,4,9,5,5,2,17,20,2,9,6,1,F01,7,9,7,21,2,11,,20,20,1,6,4,F01,120.68871,24.237455,2
11290,66000,387130000C,(04)23274275,(04)23288582,2023,8,29,18,32,臺中市,大里區,0,0,0,7,,,40,,,,,,,,,,,,,,17,58,,,,,B03,,,1,,2,,,58,,1,12,4,B03,120.692749,24.103597,3
11291,66000,387130000C,(04)23274275,(04)23288582,2023,8,29,18,36,臺中市,西區,0,0,0,7,,,50,,,,,,,,,,,,,,,48,,,,,B03,,,1,,1,,,48,,1,11,4,B03,120.655129,24.146139,3
11292,66000,387130000C,(04)23274275,(04)23288582,2023,8,29,18,39,臺中市,大里區,0,1,0,7,1,6,50,3,1,1,5,4,6,6,4,4,10,5,5,1,16,14,3,10,3,1,B03,7,6,1,8,2,1,,14,14,1,13,4,B03,120.705701,24.087606,2
11293,66000,387130000C,(04)23274275,(04)23288582,2023,8,29,18,41,臺中市,西屯區,0,1,0,7,2,6,40,4,1,1,5,4,6,6,1,1,5,4,4,2,13,48,2,9,2,1,C03,7,6,1,10,2,13,,48,48,1,13,4,C03,120.639489,24.17461,2
11294,66000,387130000C,(04)23274275,(04)23288582,2023,8,29,18,45,臺中市,西區,0,1,0,7,1,6,50,4,1,1,5,4,6,6,1,1,10,5,5,2,16,11,3,10,5,4,B03,7,5,1,8,2,1,,11,11,1,13,4,B03,120.661724,24.132168,2
11295,66000,387130000C,(04)23274275,(04)23288582,2023,8,29,18,48,臺中市,梧棲區,0,1,0,7,1,6,50,4,19,1,5,4,6,6,1,1,5,4,4,2,3,10,3,10,3,1,B03,7,6,3,19,2,1,,10,10,1,6,4,B03,120.532183,24.258651,2
11296,66000,387130000C,(04)23274275,(04)23288582,2023,8,29,18,59,臺中市,西屯區,0,0,0,7,,,50,,,,,,,,,,,,,,16,48,,,,,B03,,,1,,1,,,48,,1,13,4,B03,120.611504,24.18594,3
11297,66000,387130000C,(04)23274275,(04)23288582,2023,8,29,19,0,臺中市,南屯區,0,0,0,7,,,50,,,,,,,,,,,,,,,84,,,,,B12,,,1,,2,,,84,,1,12,4,B12,120.635951,24.136081,3
11298,66000,387130000C,(04)23274275,(04)23288582,2023,8,29,19,2,臺中市,西屯區,0,1,0,7,1,6,40,3,1,1,5,4,6,6,1,1,10,5,5,2,15,21,3,10,3,4,B03,7,9,5,19,2,5,,21,21,1,13,4,B03,120.628988,24.162818,2
11299,66000,387130000C,(04)23274275,(04)23288582,2023,8,29,19,6,臺中市,南區,0,3,0,7,1,6,50,4,7,1,5,4,6,6,2,1,3,4,4,2,13,1,2,9,1,1,C03,7,4,2,19,2,11,,1,1,1,12,4,C03,120.675196,24.126493,2
11300,66000,387130000C,(04)23274275,(04)23288582,2023,8,29,19,6,臺中市,龍井區,0,1,0,7,1,6,50,4,1,1,5,4,6,6,4,4,10,5,5,2,16,20,3,10,3,1,B03,7,6,1,8,2,5,,20,20,1,6,4,B03,120.54086,24.173953,2
11301,66000,387130000C,(04)23274275,(04)23288582,2023,8,29,19,8,臺中市,南屯區,0,0,0,7,,,50,,,,,,,,,,,,,,14,49,,,,,B12,,,1,,9,,,49,,1,6,4,B12,120.633494,24.137796,3
11302,66000,387130000C,(04)23274275,(04)23288582,2023,8,29,19,10,臺中市,南屯區,0,2,0,7,1,6,40,3,1,1,5,4,6,6,4,4,10,5,5,2,13,7,2,9,2,1,C03,7,9,1,10,1,11,,7,7,1,13,4,C03,120.636846,24.144446,2
11303,66000,387130000C,(04)23274275,(04)23288582,2023,8,29,19,20,臺中市,西區,0,0,0,7,,,50,,,,,,,,,,,,,,,35,,,,,B03,,,1,,2,,,35,,1,6,4,B03,120.663547,24.150853,3
11304,66000,387130000C,(04)23274275,(04)23288582,2023,8,29,19,21,臺中市,北屯區,0,0,0,7,,,50,,,,,,,,,,,,,,13,59,,,,,C03,,,1,,1,,,59,,1,13,4,C03,120.691381,24.165876,3
11305,66000,387130000C,(04)23274275,(04)23288582,2023,8,29,19,22,臺中市,中區,0,1,0,7,1,6,50,4,1,1,5,4,6,6,1,1,10,5,5,2,16,11,3,10,3,1,B03,7,6,1,8,2,5,,11,11,1,6,4,B03,120.677605,24.144106,2
11306,66000,387130000C,(04)23274275,(04)23288582,2023,8,29,19,23,臺中市,西屯區,0,0,0,7,,,40,,,,,,,,,,,,,,,84,,,,,B13,,,1,,1,,,84,,1,13,4,B13,120.65494,24.172823,3
11307,66000,387130000C,(04)23274275,(04)23288582,2023,8,29,19,24,臺中市,南屯區,0,1,0,7,1,6,50,4,1,1,5,4,6,6,1,1,5,4,4,2,17,11,3,10,3,1,B03,7,6,1,8,2,5,,11,11,1,13,4,B03,120.634445,24.155762,2
11308,66000,387130000C,(04)23274275,(04)23288582,2023,8,29,19,37,臺中市,太平區,0,0,0,7,1,6,50,4,1,1,5,4,6,6,1,1,10,5,5,2,16,47,,,,,B12,,,1,,2,,,47,,1,13,4,B12,120.723375,24.149493,3
11309,66000,387130000C,(04)23274275,(04)23288582,2023,8,29,19,40,臺中市,西屯區,0,1,0,7,1,6,50,4,1,1,5,4,6,6,1,1,5,4,5,2,11,23,2,9,2,1,C03,7,6,1,10,2,12,,23,23,1,13,4,C03,120.606332,24.161796,2
11310,66000,387130000C,(04)23274275,(04)23288582,2023,8,29,19,45,臺中市,北區,0,0,0,7,,,50,,,,,,,,,,,,,,14,49,,,,,B03,,,1,,1,,,49,,1,13,4,B03,120.671477,24.166898,4
11311,66000,387130000C,(04)23274275,(04)23288582,2023,8,29,20,3,臺中市,神岡區,0,0,0,7,1,6,50,3,2,1,5,4,6,6,4,4,5,5,5,1,16,51,3,10,3,1,C03,7,1,1,7,2,7,,51,51,1,13,4,C03,120.658973,24.274378,3
11312,66000,387130000C,(04)23274275,(04)23288582,2023,8,29,20,14,臺中市,南區,0,4,0,7,1,6,40,3,2,1,5,4,6,6,4,4,9,5,4,2,16,51,2,9,2,1,C03,7,1,1,10,2,11,,51,51,1,13,4,C03,120.663189,24.12419,2
11313,66000,387130000C,(04)23274275,(04)23288582,2023,8,29,20,19,臺中市,潭子區,0,1,0,7,1,6,60,13,8,1,5,4,6,6,4,4,1,4,4,1,17,51,3,10,3,1,B03,7,1,1,8,2,7,,51,51,1,12,4,B03,120.704134,24.203183,2
11314,66000,387130000C,(04)23274275,(04)23288582,2023,8,29,20,20,臺中市,南區,0,2,0,7,1,6,50,13,8,1,5,4,6,6,4,4,9,4,4,2,2,84,2,9,1,1,C03,7,9,1,10,2,11,,84,84,1,12,4,C03,120.6747,24.12707,2
11315,66000,387130000C,(04)23274275,(04)23288582,2023,8,29,20,21,臺中市,北屯區,0,1,0,7,1,6,50,13,9,1,5,4,6,6,4,4,5,4,5,2,13,84,2,9,5,4,C03,7,8,1,10,2,11,,84,84,1,12,4,C03,120.714689,24.173978,2
11316,66000,387130000C,(04)23274275,(04)23288582,2023,8,29,20,21,臺中市,太平區,0,1,0,7,1,6,50,4,2,1,5,4,6,6,1,1,5,5,5,2,17,23,3,10,3,1,B03,7,6,1,8,2,5,,23,23,1,12,4,B03,120.71528,24.156971,2
11317,66000,387130000C,(04)23274275,(04)23288582,2023,8,29,20,30,臺中市,西區,0,1,0,7,1,6,50,4,1,1,5,4,6,6,1,1,10,5,5,2,12,8,3,10,1,1,C03,7,6,1,10,2,14,,8,8,1,12,4,C03,120.657387,24.152526,2
11318,66000,387130000C,(04)23274275,(04)23288582,2023,8,29,20,30,臺中市,北屯區,0,0,0,7,,,50,,,,,,,,,,,,,,,51,,,,,B03,,,1,,1,,,51,51,1,6,4,B03,120.680351,24.172616,3
11319,66000,387130000C,(04)23274275,(04)23288582,2023,8,29,20,32,臺中市,南屯區,0,1,0,7,1,6,50,13,9,1,5,4,6,6,4,4,5,4,5,2,12,84,2,9,5,4,C03,7,9,1,10,2,14,,84,84,1,13,4,C03,120.645454,24.146841,2
11320,66000,387130000C,(04)23274275,(04)23288582,2023,8,29,20,33,臺中市,南屯區,0,1,0,7,1,6,50,13,9,1,5,4,6,6,4,4,9,5,5,2,17,45,3,10,3,1,B02,7,11,1,8,2,1,,45,45,1,13,4,B02,120.653016,24.134238,2
11321,66000,387130000C,(04)23274275,(04)23288582,2023,8,29,20,37,臺中市,西區,0,1,0,7,1,6,50,13,7,1,5,4,6,6,4,4,5,5,4,2,16,56,3,10,1,1,C03,7,9,1,10,2,12,,56,56,1,12,4,C03,120.669837,24.154091,2
11322,66000,387130000C,(04)23274275,(04)23288582,2023,8,29,20,50,臺中市,東區,0,1,0,7,1,6,30,4,1,1,5,4,6,6,4,4,10,5,5,2,15,15,2,8,1,1,C03,7,9,1,10,2,12,,15,15,1,12,4,C03,120.695557,24.143976,2
11323,66000,387130000C,(04)23274275,(04)23288582,2023,8,29,20,50,臺中市,大里區,0,1,0,7,1,6,50,13,7,1,5,4,6,6,4,4,5,4,4,1,16,39,3,10,3,1,B03,7,11,1,8,2,4,,39,39,1,13,4,B03,120.695053,24.096266,2
11324,66000,387130000C,(04)23274275,(04)23288582,2023,8,29,20,52,臺中市,霧峰區,0,1,0,7,1,6,50,4,1,1,5,4,6,6,1,1,5,4,4,1,16,39,3,10,3,1,B03,7,6,1,8,2,1,,39,39,1,13,4,B03,120.698687,24.064474,2
11325,66000,387130000C,(04)23274275,(04)23288582,2023,8,29,20,59,臺中市,南屯區,0,1,0,7,1,6,50,4,1,1,5,4,6,6,4,4,5,5,5,2,16,14,3,10,3,1,B01,7,6,1,4,2,5,,14,14,1,12,4,B01,120.610225,24.131403,2
11326,66000,387130000C,(04)23274275,(04)23288582,2023,8,29,21,5,臺中市,沙鹿區,0,0,0,7,,,50,,,,,,,,,,,,,,,7,,,,,B03,,,1,,2,,,7,7,1,12,5,B03,120.568054,24.253934,3
11327,66000,387130000C,(04)23274275,(04)23288582,2023,8,29,21,9,臺中市,中區,0,0,0,7,,,50,,,,,,,,,,,,,,12,8,,,,,B03,,,1,,1,,,8,,1,13,4,B03,120.678185,24.146605,3
11328,66000,387130000C,(04)23274275,(04)23288582,2023,8,29,21,23,臺中市,大甲區,0,0,0,7,,,50,,,,,,,,,,,,,,13,7,,,,,B03,,,1,,1,,,7,,1,13,4,B03,120.639228,24.36287,3
11329,66000,387130000C,(04)23274275,(04)23288582,2023,8,29,21,24,臺中市,北屯區,0,2,0,7,1,6,30,4,1,1,5,4,6,6,2,1,10,5,5,2,16,48,2,9,2,1,C03,7,6,1,10,2,11,,48,48,1,13,4,C03,120.658666,24.178153,2
11330,66000,387130000C,(04)23274275,(04)23288582,2023,8,29,21,30,臺中市,太平區,0,0,0,7,,,30,,,,,,,,,,,,,,14,49,,,,,B12,,,1,,2,,,49,,1,12,4,B12,120.734909,24.120287,3
11331,66000,387130000C,(04)23274275,(04)23288582,2023,8,29,21,45,臺中市,西區,0,0,0,7,,,50,,,,,,,,,,,,,,12,87,,,,,A02,,,1,,9,,,87,,1,12,4,A02,120.682268,24.135742,3
11332,66000,387130000C,(04)23274275,(04)23288582,2023,8,29,21,49,臺中市,西屯區,0,0,0,7,,,50,,,,,,,,,,,,,,,84,,,,,B03,,,1,,1,,,84,,1,13,4,B03,120.60295,24.182908,3
11333,66000,387130000C,(04)23274275,(04)23288582,2023,8,29,21,50,臺中市,西屯區,0,1,0,7,1,6,50,4,1,1,5,4,6,6,2,1,10,5,5,2,16,84,3,10,3,1,B03,7,5,1,8,2,2,,84,84,1,11,4,B03,120.636502,24.155813,2
11334,66000,387130000C,(04)23274275,(04)23288582,2023,8,29,22,10,臺中市,豐原區,0,0,0,7,,,50,,,,,,,,,,,,,,,8,,,,,B03,,,1,,2,,,8,,1,12,4,B03,120.71075,24.24299,3
11335,66000,387130000C,(04)23274275,(04)23288582,2023,8,29,22,16,臺中市,北屯區,0,0,0,7,,,50,,,,,,,,,,,,,,13,84,,,,,B03,,,1,1,2,,,84,84,1,12,4,B03,120.735452,24.177617,3
11336,66000,387130000C,(04)23274275,(04)23288582,2023,8,29,22,18,臺中市,霧峰區,0,0,0,7,,,50,,,,,,,,,,,,,,,15,,,,,B03,,,1,,2,,,15,,1,13,4,B03,120.697647,24.063365,3
11337,66000,387130000C,(04)23274275,(04)23288582,2023,8,29,22,30,臺中市,清水區,0,0,0,7,,,50,,,,,,,,,,,,,,13,59,,,,,B03,,,1,,2,,,59,,1,12,4,B03,120.55209,24.27409,3
11338,66000,387130000C,(04)23274275,(04)23288582,2023,8,29,22,39,臺中市,烏日區,0,0,0,7,,,50,,,,,,,,,,,,,,,7,,,,,B03,,,1,,2,,,7,,1,12,4,B03,120.61893,24.113578,3
11339,66000,387130000C,(04)23274275,(04)23288582,2023,8,29,23,0,臺中市,大肚區,0,0,0,7,,,30,,,,,,,,,,,,,,14,49,,,,,B03,,,1,,2,,,49,,1,6,4,B03,120.549659,24.148289,3
11340,66000,387130000C,(04)23274275,(04)23288582,2023,8,29,23,4,臺中市,南屯區,0,0,0,7,,,50,,,,,,,,,,,,,,,39,,,,,A11,,,1,,1,,,39,,1,12,4,A11,120.622679,24.140458,3
11341,66000,387130000C,(04)23274275,(04)23288582,2023,8,29,23,12,臺中市,西屯區,0,1,0,5,1,6,70,4,2,1,4,4,6,6,2,1,1,2,1,2,13,84,3,10,3,1,B03,7,9,1,8,1,1,,84,84,1,12,4,B03,120.593044,24.183185,2
11342,66000,387130000C,(04)23274275,(04)23288582,2023,8,30,0,14,臺中市,北屯區,0,2,0,7,1,6,50,4,1,1,5,4,6,6,3,1,5,5,5,2,15,24,2,9,3,1,B03,7,9,1,8,2,2,,24,24,1,13,4,B03,120.672727,24.180193,2
11343,66000,387130000C,(04)23274275,(04)23288582,2023,8,30,0,55,臺中市,西屯區,0,1,0,7,1,6,50,13,9,1,5,4,6,6,4,4,2,4,5,2,17,84,2,9,1,1,C03,7,9,1,10,2,12,,84,84,1,12,4,C03,120.646508,24.154695,2
11344,66000,387130000C,(04)23274275,(04)23288582,2023,8,30,3,24,臺中市,南屯區,0,0,0,7,,,50,,,,,,,,,,,,,,16,23,,,,,B12,,,1,,1,,,23,,1,6,4,B12,120.623434,24.149598,3
11345,66000,387130000C,(04)23274275,(04)23288582,2023,8,30,4,48,臺中市,神岡區,0,1,0,7,1,6,50,18,9,1,5,4,6,6,2,1,5,2,4,2,17,59,3,10,3,1,B03,7,9,1,8,2,5,,59,59,1,13,4,B03,120.708974,24.259452,2
11346,66000,387130000C,(04)23274275,(04)23288582,2023,8,30,6,5,臺中市,北屯區,0,2,0,7,2,6,50,4,1,1,5,4,6,6,2,1,10,5,5,2,15,21,2,9,1,1,C03,7,9,1,10,2,11,,21,21,1,12,4,C03,120.721,24.162,2
11347,66000,387130000C,(04)23274275,(04)23288582,2023,8,30,6,17,臺中市,太平區,0,2,0,7,2,6,50,4,2,1,5,4,6,6,2,1,5,5,4,1,16,32,2,8,2,1,C03,7,11,1,10,2,11,,32,32,1,12,4,C03,120.73085,24.112119,2
11348,66000,387130000C,(04)23274275,(04)23288582,2023,8,30,6,20,臺中市,烏日區,0,1,0,7,3,6,30,13,9,1,5,4,6,6,4,4,10,5,5,2,16,51,2,9,2,1,C03,7,1,1,10,2,14,,51,51,1,12,4,C03,120.616815,24.103692,2
11349,66000,387130000C,(04)23274275,(04)23288582,2023,8,30,6,30,臺中市,太平區,0,0,0,7,,,40,,,,,,,,,,,,,,,7,,,,,B03,,,1,,1,,,7,,1,13,4,B03,120.72534,24.133223,3
11350,66000,387130000C,(04)23274275,(04)23288582,2023,8,30,6,46,臺中市,潭子區,0,0,0,7,,,50,,,,,,,,,,,,,,,58,,,,,B03,,,1,,2,,,58,,1,13,4,B03,120.704684,24.20577,3
11351,66000,387130000C,(04)23274275,(04)23288582,2023,8,30,6,51,臺中市,南屯區,0,0,0,7,,,50,,,,,,,,,,,,,,,59,,,,,B03,,,1,,1,,,59,,1,12,4,B03,120.622782,24.14051,3
11352,66000,387130000C,(04)23274275,(04)23288582,2023,8,30,7,0,臺中市,大里區,0,1,0,7,3,6,50,13,8,1,5,4,6,6,4,4,5,5,4,1,17,51,3,10,3,1,B03,7,1,1,8,2,7,,51,51,1,6,4,B03,120.671508,24.097287,2
11353,66000,387130000C,(04)23274275,(04)23288582,2023,8,30,7,3,臺中市,西區,0,0,0,7,,,50,,,,,,,,,,,,,,,84,,,,,B03,,,1,,1,,,84,,1,12,4,B03,120.657509,24.140138,3
11354,66000,387130000C,(04)23274275,(04)23288582,2023,8,30,7,8,臺中市,太平區,0,1,0,7,2,6,50,4,2,1,5,4,6,6,2,1,5,2,5,1,16,65,3,10,3,1,B12,7,5,5,18,2,5,,65,65,1,12,4,B12,120.717877,24.128819,2
11355,66000,387130000C,(04)23274275,(04)23288582,2023,8,30,7,10,臺中市,北屯區,0,2,0,7,3,6,40,13,8,1,5,4,6,6,4,4,1,4,4,2,13,7,2,8,5,4,C03,7,9,1,10,2,11,,7,7,1,13,4,C03,120.666153,24.182069,2
11356,66000,387130000C,(04)23274275,(04)23288582,2023,8,30,7,13,臺中市,大里區,0,0,0,7,,,50,,,,,,,,,,,,,,,8,,,,,F03,,,1,,2,,,8,,1,13,4,F03,120.685769,24.095568,3
11357,66000,387130000C,(04)23274275,(04)23288582,2023,8,30,7,13,臺中市,外埔區,0,2,0,7,2,6,40,13,9,1,5,4,6,6,4,4,10,5,5,1,14,49,3,10,3,1,B12,7,2,1,8,2,7,,49,49,1,6,4,B12,120.698707,24.347106,2
11358,66000,387130000C,(04)23274275,(04)23288582,2023,8,30,7,15,臺中市,大甲區,0,1,0,7,3,6,30,3,1,1,5,4,6,6,4,4,10,5,5,2,13,7,3,10,3,1,B03,7,5,1,8,2,8,,7,7,1,6,4,B03,120.621674,24.358682,2
11359,66000,387130000C,(04)23274275,(04)23288582,2023,8,30,7,16,臺中市,梧棲區,0,0,0,7,,,30,,,,,,,,,,,,,,16,20,,,,,B03,,,1,,1,,,20,,1,6,4,B03,120.557668,24.256885,3
11360,66000,387130000C,(04)23274275,(04)23288582,2023,8,30,7,18,臺中市,清水區,0,1,0,7,3,6,50,4,1,1,5,4,6,6,2,1,9,4,5,2,13,84,2,9,2,1,C03,7,5,1,10,2,11,,84,84,1,12,4,C03,120.573876,24.267773,2
11361,66000,387130000C,(04)23274275,(04)23288582,2023,8,30,7,20,臺中市,大肚區,0,0,0,7,,,50,,,,,,,,,,,,,,,7,,,,,B03,,,1,,2,,,7,,1,12,4,B03,120.571481,24.120711,3
11362,66000,387130000C,(04)23274275,(04)23288582,2023,8,30,7,20,臺中市,大甲區,0,1,0,7,3,6,50,3,2,1,5,4,6,6,4,4,5,5,5,2,17,51,3,10,3,1,B03,7,1,1,8,2,8,,51,51,1,8,4,B03,120.624612,24.351686,2
11363,66000,387130000C,(04)23274275,(04)23288582,2023,8,30,7,23,臺中市,西屯區,0,1,0,7,2,6,1,13,9,1,5,4,6,6,4,4,5,4,5,2,17,51,3,10,5,4,C03,7,1,1,10,2,12,,51,51,1,13,4,C03,120.613659,24.173948,2
11364,66000,387130000C,(04)23274275,(04)23288582,2023,8,30,7,23,臺中市,石岡區,0,1,0,7,3,9,30,13,9,1,5,4,6,6,4,4,10,5,5,1,11,41,3,10,3,1,B03,7,9,1,8,2,8,,41,41,1,13,4,B03,120.800062,24.273532,2
11365,66000,387130000C,(04)23274275,(04)23288582,2023,8,30,7,24,臺中市,北屯區,0,0,0,7,,,50,,,,,,,,,,,,,,13,7,,,,,B12,,,1,,1,,,7,7,1,12,4,B12,120.701009,24.165218,3
11366,66000,387130000C,(04)23274275,(04)23288582,2023,8,30,7,25,臺中市,北屯區,0,1,0,7,2,6,50,4,1,1,5,4,6,6,2,1,10,5,5,2,16,11,3,10,3,1,B03,7,5,1,8,2,2,,11,11,1,12,4,B03,120.737313,24.178485,2
11367,66000,387130000C,(04)23274275,(04)23288582,2023,8,30,7,25,臺中市,北屯區,0,1,0,7,2,6,50,4,1,1,5,4,6,6,1,1,10,5,5,2,17,20,3,10,3,1,B03,7,5,1,8,2,6,,20,20,1,12,4,B03,120.730333,24.173885,2
11368,66000,387130000C,(04)23274275,(04)23288582,2023,8,30,7,25,臺中市,西屯區,0,0,0,7,,,50,,,,,,,,,,,,,,,49,,,,,B03,,,1,,1,,,49,,1,13,4,B03,120.603913,24.162619,3
11369,66000,387130000C,(04)23274275,(04)23288582,2023,8,30,7,25,臺中市,大里區,0,2,0,7,3,6,50,13,9,1,5,4,6,6,4,4,5,5,5,2,17,51,2,9,1,1,C03,7,1,1,10,2,13,,51,51,1,6,4,C03,120.692053,24.118237,2
11370,66000,387130000C,(04)23274275,(04)23288582,2023,8,30,7,27,臺中市,龍井區,0,1,0,7,3,6,30,3,1,1,5,4,6,6,4,4,10,5,5,2,17,20,2,9,1,1,C03,7,6,1,10,2,12,,20,20,1,6,4,C03,120.52,24.2,2
11371,66000,387130000C,(04)23274275,(04)23288582,2023,8,30,7,28,臺中市,大里區,0,3,0,6,2,6,50,13,9,1,5,4,6,6,4,4,5,5,5,1,17,39,2,9,2,1,C03,7,11,1,10,2,11,,39,39,1,13,4,C03,120.699736,24.110277,2
11372,66000,387130000C,(04)23274275,(04)23288582,2023,8,30,7,28,臺中市,清水區,0,2,0,7,3,6,50,4,1,1,5,4,6,6,1,1,1,4,4,2,15,21,2,9,2,1,C03,7,9,1,10,2,12,,21,21,1,12,4,C03,120.558393,24.273206,2
11373,66000,387130000C,(04)23274275,(04)23288582,2023,8,30,7,29,臺中市,大里區,0,0,0,7,,,30,,,,,,,,,,,,,,,7,,,,,B03,,,1,,1,,,7,,1,12,4,B03,120.687632,24.086567,3
11374,66000,387130000C,(04)23274275,(04)23288582,2023,8,30,7,35,臺中市,潭子區,0,1,0,7,1,6,50,3,1,1,5,4,6,6,1,1,1,4,4,1,12,8,3,10,3,1,B03,7,9,1,8,2,2,,8,8,1,13,4,B03,120.691171,24.215865,2
11375,66000,387130000C,(04)23274275,(04)23288582,2023,8,30,7,35,臺中市,北區,0,1,0,7,2,6,50,13,7,1,5,4,6,6,4,4,2,4,4,2,13,7,2,9,5,1,C03,7,9,1,10,2,11,,7,7,1,13,4,C03,120.683911,24.163203,2
11376,66000,387130000C,(04)23274275,(04)23288582,2023,8,30,7,35,臺中市,西屯區,0,1,0,7,1,6,50,3,1,1,5,4,6,6,1,1,1,3,5,2,17,23,3,10,1,1,C03,7,6,1,10,9,13,,23,23,1,12,4,C03,120.646905,24.157072,2
11377,66000,387130000C,(04)23274275,(04)23288582,2023,8,30,7,35,臺中市,西屯區,0,0,0,7,,,30,,,,,,,,,,,,,,,84,,,,,B03,,,1,,2,,,84,84,1,13,4,B03,120.616486,24.19088,3
11378,66000,387130000C,(04)23274275,(04)23288582,2023,8,30,7,36,臺中市,北屯區,0,0,0,7,,,50,,,,,,,,,,,,,,13,7,,,,,B03,,,1,,1,,,7,,1,12,4,B03,120.740348,24.1792,4
11379,66000,387130000C,(04)23274275,(04)23288582,2023,8,30,7,37,臺中市,潭子區,0,1,0,7,2,6,30,5,1,1,5,4,6,6,3,1,5,4,4,2,16,24,2,8,1,1,C03,7,6,1,10,2,11,,24,24,1,13,4,C03,120.705869,24.215412,2
11380,66000,387130000C,(04)23274275,(04)23288582,2023,8,30,7,37,臺中市,南區,0,0,0,7,,,50,,,,,,,,,,,,,,13,7,,,,,B12,,,1,,2,,,7,,1,6,4,B12,120.666999,24.119172,3
11381,66000,387130000C,(04)23274275,(04)23288582,2023,8,30,7,37,臺中市,烏日區,0,0,0,7,,,60,,,,,,,,,,,,,,,39,,,,,B03,,,1,,2,,,39,,1,12,4,B03,120.638564,24.108592,3
11382,66000,387130000C,(04)23274275,(04)23288582,2023,8,30,7,39,臺中市,烏日區,0,0,0,7,,,40,,,,,,,,,,,,,,,7,,,,,C03,,,1,,2,,,7,,1,12,4,C03,120.648586,24.092374,3
11383,66000,387130000C,(04)23274275,(04)23288582,2023,8,30,7,40,臺中市,太平區,0,1,0,7,3,6,40,3,9,1,5,4,6,6,4,4,10,5,5,2,16,84,3,10,2,1,C03,7,5,1,10,2,12,,84,84,1,12,4,C03,120.733206,24.112287,2
11384,66000,387130000C,(04)23274275,(04)23288582,2023,8,30,7,40,臺中市,大安區,0,1,0,7,3,6,50,4,2,1,5,4,6,6,1,1,5,5,4,1,16,48,3,10,2,1,C03,7,6,1,10,2,13,,48,48,1,6,4,C03,120.603463,24.360925,2
11385,66000,387130000C,(04)23274275,(04)23288582,2023,8,30,7,42,臺中市,北屯區,0,0,0,7,,,50,,,,,,,,,,,,,,13,59,,,,,B03,,,1,,2,,,59,,1,13,4,B03,120.698369,24.18284,3
11386,66000,387130000C,(04)23274275,(04)23288582,2023,8,30,7,42,臺中市,大肚區,0,1,0,7,2,6,30,13,9,1,5,4,6,6,4,4,10,5,5,2,2,58,3,10,5,4,B03,7,9,1,8,2,1,,58,58,1,13,4,B03,120.579152,24.17072,2
11387,66000,387130000C,(04)23274275,(04)23288582,2023,8,30,7,44,臺中市,梧棲區,0,0,0,7,,,50,,,,,,,,,,,,,,17,59,,,,,B03,,,1,,1,,,59,,1,6,4,B03,120.534858,24.253236,3
11388,66000,387130000C,(04)23274275,(04)23288582,2023,8,30,7,45,臺中市,南屯區,0,0,0,7,3,6,50,13,9,1,5,4,6,6,1,1,1,4,5,2,13,7,,,,,B03,,,1,,1,,,7,,1,12,4,B03,120.646632,24.143832,3
11389,66000,387130000C,(04)23274275,(04)23288582,2023,8,30,7,45,臺中市,梧棲區,0,0,0,7,,,40,,,,,,,,,,,,,,13,59,,,,,C03,,,1,,1,,,59,,1,6,2,C03,120.55666,24.242673,4
11390,66000,387130000C,(04)23274275,(04)23288582,2023,8,30,7,45,臺中市,大甲區,0,2,0,7,3,6,50,3,1,1,5,4,6,6,1,1,10,5,5,2,17,21,2,9,2,1,F03,7,9,7,21,2,11,,21,21,1,6,4,F03,120.611463,24.348401,2
11391,66000,387130000C,(04)23274275,(04)23288582,2023,8,30,7,46,臺中市,神岡區,0,1,0,7,1,6,50,4,1,1,5,4,6,6,1,1,5,4,4,2,16,47,3,10,5,4,B03,7,5,1,8,2,2,,47,47,1,12,4,B03,120.65698,24.264308,2
11392,66000,387130000C,(04)23274275,(04)23288582,2023,8,30,7,47,臺中市,大里區,0,0,0,7,,,60,,,,,,,,,,,,,,13,7,,,,,C03,,,1,,2,,,7,7,1,6,4,C03,120.67514,24.103085,3
11393,66000,387130000C,(04)23274275,(04)23288582,2023,8,30,7,48,臺中市,北區,0,0,0,7,,,50,,,,,,,,,,,,,,13,84,,,,,B03,,,1,,3,,,84,,1,12,4,B03,120.698563,24.160644,3