序號,縣市別代碼,機關代碼,市話,傳真,年,月,日,時,分,縣市,區,死亡數量,受傷數量,2-30,天候,光線,道路類別,速限,道路型態,事故位置,路面鋪裝,路面狀態,路面缺陷,障礙物,視距,號誌種類,號誌動作,分向設施,快車道或一般車道間,快慢車道間,路面邊線,事故類型及型態,主要肇因,受傷程度,主要傷處,保護裝備,行動電話,當事者區分(類別),車輛用途,當事者行動狀態,駕駛資格情形,駕駛執照種類,飲酒情形,車輛撞擊部位最初,車輛撞擊部位其他,肇事因素個別,肇事因素主要,肇事逃逸,職業,旅次目的,車種,GPS座標X,GPS座標Y,事故類別
11394,66000,387130000C,(04)23274275,(04)23288582,2023,8,30,7,48,臺中市,大甲區,0,0,0,7,,,50,,,,,,,,,,,,,,12,11,,,,,B03,,,1,,1,,,11,,1,13,4,B03,120.620293,24.34965,3
11395,66000,387130000C,(04)23274275,(04)23288582,2023,8,30,7,49,臺中市,太平區,0,2,0,7,2,6,50,4,1,1,5,4,6,6,4,4,10,5,5,2,16,1,2,8,1,1,C03,7,4,1,10,2,12,,1,1,1,12,4,C03,120.726667,24.127486,2
11396,66000,387130000C,(04)23274275,(04)23288582,2023,8,30,7,51,臺中市,梧棲區,0,1,0,7,2,6,70,13,12,1,5,4,6,6,4,4,1,4,4,1,17,20,3,10,3,1,B12,7,5,1,8,2,16,,20,20,1,6,4,B12,120.5436,24.22254,2
11397,66000,387130000C,(04)23274275,(04)23288582,2023,8,30,7,53,臺中市,清水區,0,1,0,7,3,6,80,13,7,1,5,4,6,6,4,4,1,4,5,1,12,40,3,10,3,1,A31,7,7,1,1,2,5,,40,40,1,12,4,A31,120.551748,24.292706,2
11398,66000,387130000C,(04)23274275,(04)23288582,2023,8,30,7,53,臺中市,大甲區,0,0,0,7,,,50,,,,,,,,,,,,,,2,43,,,,,C03,,,3,,1,,,43,,1,13,4,C03,120.653558,24.40569,3
11399,66000,387130000C,(04)23274275,(04)23288582,2023,8,30,7,54,臺中市,北屯區,0,1,0,7,2,6,50,4,1,1,5,4,6,6,1,1,10,5,5,2,15,21,2,9,1,1,C03,7,9,1,10,2,11,,21,21,1,12,4,C03,120.689327,24.201289,2
11400,66000,387130000C,(04)23274275,(04)23288582,2023,8,30,7,54,臺中市,西屯區,0,1,0,7,2,6,30,3,1,1,5,4,6,6,4,4,10,5,5,2,17,84,3,10,5,4,B03,7,15,1,8,2,8,,84,84,1,13,4,B03,120.636154,24.186363,2
11401,66000,387130000C,(04)23274275,(04)23288582,2023,8,30,7,54,臺中市,西屯區,0,1,0,7,2,6,50,3,2,1,5,4,6,6,2,1,10,5,5,2,13,7,3,10,5,4,C03,7,9,1,10,2,11,,7,7,1,13,4,C03,120.64866,24.168902,2
11402,66000,387130000C,(04)23274275,(04)23288582,2023,8,30,7,54,臺中市,西屯區,0,2,0,7,2,6,1,13,7,1,5,4,6,6,4,4,5,4,4,2,16,34,2,7,5,4,C03,7,6,1,10,2,11,,34,34,1,12,4,C03,120.593674,24.1792,2
11403,66000,387130000C,(04)23274275,(04)23288582,2023,8,30,7,54,臺中市,神岡區,0,1,0,7,2,6,50,3,1,1,5,4,6,6,4,4,5,5,5,1,16,48,3,10,1,1,C03,7,6,1,10,2,12,,48,48,1,12,4,C03,120.689754,24.241805,2
11404,66000,387130000C,(04)23274275,(04)23288582,2023,8,30,7,55,臺中市,大肚區,0,1,0,7,2,6,50,13,9,1,5,4,6,6,4,4,8,4,5,2,18,59,2,9,1,1,C03,7,9,1,10,2,11,,59,59,1,12,4,C03,120.5554,24.151222,2
11405,66000,387130000C,(04)23274275,(04)23288582,2023,8,30,7,55,臺中市,烏日區,0,1,0,7,2,6,30,13,9,1,5,4,6,6,4,4,10,5,5,2,13,7,2,9,1,1,C03,7,9,1,10,2,11,,7,7,1,6,4,C03,120.627887,24.078201,2
11406,66000,387130000C,(04)23274275,(04)23288582,2023,8,30,7,55,臺中市,豐原區,0,0,0,7,,,50,,,,,,,,,,,,,,11,26,,,,,C03,,,1,,2,,,26,,1,12,4,C03,120.715691,24.252561,3
11407,66000,387130000C,(04)23274275,(04)23288582,2023,8,30,7,56,臺中市,大里區,0,0,0,7,,,50,,,,,,,,,,,,,,,7,,,,,B03,,,1,,2,,,7,,1,13,4,B03,120.689483,24.117529,3
11408,66000,387130000C,(04)23274275,(04)23288582,2023,8,30,7,59,臺中市,豐原區,0,0,0,7,,,30,,,,,,,,,,,,,,,14,,,,,C03,,,1,,2,,,14,,1,6,4,C03,120.701361,24.231811,3
11409,66000,387130000C,(04)23274275,(04)23288582,2023,8,30,8,0,臺中市,南屯區,0,0,0,7,,,50,,,,,,,,,,,,,,12,35,,,,,B03,,,1,,9,,,35,,1,13,4,B03,120.637788,24.142416,3
11410,66000,387130000C,(04)23274275,(04)23288582,2023,8,30,8,0,臺中市,大里區,0,0,0,7,,,50,,,,,,,,,,,,,,,56,,,,,C03,,,1,,2,,,56,56,1,13,4,C03,120.689986,24.100884,3
11411,66000,387130000C,(04)23274275,(04)23288582,2023,8,30,8,0,臺中市,沙鹿區,0,2,0,7,2,6,50,4,9,1,5,4,6,6,3,1,4,4,4,2,15,24,3,10,3,1,B03,7,9,1,8,2,1,,24,24,1,12,4,B03,120.568137,24.244219,2
11412,66000,387130000C,(04)23274275,(04)23288582,2023,8,30,8,5,臺中市,南屯區,0,2,0,7,3,6,50,3,9,1,5,4,6,6,4,4,5,5,5,2,13,14,2,9,5,4,C03,7,5,1,10,2,13,12,14,14,1,12,4,C03,120.645084,24.133343,2
11413,66000,387130000C,(04)23274275,(04)23288582,2023,8,30,8,5,臺中市,清水區,0,2,0,7,3,6,50,13,7,1,5,4,6,6,4,4,9,4,4,2,17,39,2,9,2,1,C03,7,11,1,10,2,11,,39,39,1,12,4,C03,120.559731,24.266958,2
11414,66000,387130000C,(04)23274275,(04)23288582,2023,8,30,8,7,臺中市,西屯區,0,0,0,7,,,30,,,,,,,,,,,,,,,49,,,,,B12,,,1,,1,,,49,,1,12,4,B12,120.618349,24.172577,3
11415,66000,387130000C,(04)23274275,(04)23288582,2023,8,30,8,8,臺中市,西區,0,0,0,7,,,50,,,,,,,,,,,,,,17,8,,,,,B03,,,1,,1,,,8,,1,12,4,B03,120.671247,24.145505,3
11416,66000,387130000C,(04)23274275,(04)23288582,2023,8,30,8,9,臺中市,北屯區,0,0,0,7,,,50,,,,,,,,,,,,,,13,7,,,,,B03,,,1,,1,,,7,7,1,6,4,B03,120.721769,24.18105,3
11417,66000,387130000C,(04)23274275,(04)23288582,2023,8,30,8,10,臺中市,沙鹿區,0,1,0,7,2,6,50,13,7,1,5,4,6,6,4,4,4,5,4,2,17,1,3,10,3,1,B12,7,4,1,8,2,2,,1,1,1,6,4,B12,120.566245,24.23502,2
11418,66000,387130000C,(04)23274275,(04)23288582,2023,8,30,8,11,臺中市,北屯區,0,1,0,7,3,6,50,4,1,1,5,4,6,6,1,1,10,5,5,2,12,51,3,10,2,1,C03,7,1,1,10,2,12,,51,51,1,6,4,C03,120.68148,24.176348,2
11419,66000,387130000C,(04)23274275,(04)23288582,2023,8,30,8,11,臺中市,西屯區,0,1,0,7,2,6,40,13,8,1,5,4,6,6,4,4,3,5,3,2,17,84,2,9,1,1,C03,7,9,1,10,2,13,,84,84,1,13,4,C03,120.612853,24.183943,2
11420,66000,387130000C,(04)23274275,(04)23288582,2023,8,30,8,13,臺中市,南屯區,0,0,0,7,,,50,,,,,,,,,,,,,,,7,,,,,B03,,,1,,2,,,7,,1,13,4,B03,120.636664,24.135787,3
11421,66000,387130000C,(04)23274275,(04)23288582,2023,8,30,8,14,臺中市,西屯區,0,2,0,7,1,6,50,4,1,1,5,4,6,6,1,1,9,4,1,2,12,40,2,9,1,1,C03,7,7,1,10,2,12,,40,40,1,12,4,C03,120.661158,24.20062,2
11422,66000,387130000C,(04)23274275,(04)23288582,2023,8,30,8,14,臺中市,龍井區,0,1,0,7,3,6,30,4,1,1,5,4,6,6,4,4,10,5,5,1,15,20,3,10,3,1,B12,7,9,1,8,2,15,,20,20,1,8,4,B12,120.525625,24.190815,2
11423,66000,387130000C,(04)23274275,(04)23288582,2023,8,30,8,15,臺中市,北區,0,2,0,7,2,6,50,4,1,1,5,4,6,6,1,1,10,5,5,2,16,84,2,9,2,1,C03,7,5,1,10,2,12,,84,84,1,13,4,C03,120.673833,24.164828,2
11424,66000,387130000C,(04)23274275,(04)23288582,2023,8,30,8,15,臺中市,東區,0,1,0,7,2,6,50,4,1,1,5,4,6,6,1,1,10,5,5,2,16,11,3,10,3,1,B03,7,5,1,8,2,6,,11,11,1,6,4,B03,120.705991,24.140434,2
11425,66000,387130000C,(04)23274275,(04)23288582,2023,8,30,8,15,臺中市,西屯區,0,1,0,6,2,6,50,3,1,1,5,4,6,6,4,4,1,4,5,2,16,11,3,10,5,4,B03,7,6,1,8,2,6,,11,11,1,13,4,B03,120.649996,24.197058,2
11426,66000,387130000C,(04)23274275,(04)23288582,2023,8,30,8,25,臺中市,豐原區,0,1,0,7,2,6,50,13,7,1,5,4,6,6,4,4,4,4,4,2,16,39,3,10,3,1,B03,7,11,1,8,2,7,,39,39,1,13,4,B03,120.728028,24.251831,2
11427,66000,387130000C,(04)23274275,(04)23288582,2023,8,30,8,26,臺中市,大里區,0,0,0,7,,,30,,,,,,,,,,,,,,16,4,,,,,C03,,,1,,2,,,4,4,1,6,4,C03,120.703931,24.109217,3
11428,66000,387130000C,(04)23274275,(04)23288582,2023,8,30,8,27,臺中市,梧棲區,0,1,0,7,2,6,50,13,9,1,5,4,6,6,4,4,5,5,5,2,18,59,2,9,1,1,C03,7,9,3,19,2,11,,59,59,1,12,4,C03,120.539999,24.253528,2
11429,66000,387130000C,(04)23274275,(04)23288582,2023,8,30,8,28,臺中市,潭子區,0,1,0,7,3,6,60,3,1,1,5,4,6,6,4,4,1,4,4,1,17,14,3,10,3,1,B03,7,5,1,8,2,2,,14,14,1,13,4,B03,120.696317,24.204504,2
11430,66000,387130000C,(04)23274275,(04)23288582,2023,8,30,8,30,臺中市,外埔區,0,2,0,7,2,6,50,4,2,1,5,4,6,6,1,1,5,5,5,2,13,7,2,9,1,1,C03,7,14,1,10,2,14,,87,7,1,6,4,C03,120.63564,24.344513,2
11431,66000,387130000C,(04)23274275,(04)23288582,2023,8,30,8,32,臺中市,南屯區,0,0,0,7,,,30,,,,,,,,,,,,,,,12,,,,,B01,,,1,,1,,,12,,1,13,4,B01,120.615021,24.151499,3
11432,66000,387130000C,(04)23274275,(04)23288582,2023,8,30,8,36,臺中市,大里區,0,1,0,7,3,6,50,3,1,1,5,4,6,6,4,4,1,4,5,1,18,7,2,9,1,1,C03,7,9,1,10,2,12,,7,7,1,6,4,C03,120.686046,24.095985,2
11433,66000,387130000C,(04)23274275,(04)23288582,2023,8,30,8,36,臺中市,烏日區,0,2,0,7,3,6,50,4,1,1,5,4,6,6,3,1,5,5,5,1,16,24,2,9,2,1,C03,7,9,1,10,2,11,14,24,24,1,12,4,C03,120.628365,24.110098,2
11434,66000,387130000C,(04)23274275,(04)23288582,2023,8,30,8,36,臺中市,豐原區,0,0,0,7,,,30,,,,,,,,,,,,,,17,59,,,,,B02,,,1,,2,,,59,,1,12,4,B02,120.71329,24.274152,3
11435,66000,387130000C,(04)23274275,(04)23288582,2023,8,30,8,40,臺中市,北屯區,0,0,0,7,,,50,,,,,,,,,,,,,,13,7,,,,,C03,,,1,,2,,,7,,1,13,4,C03,120.687251,24.180156,3
11436,66000,387130000C,(04)23274275,(04)23288582,2023,8,30,8,50,臺中市,北區,0,0,0,7,,,50,,,,,,,,,,,,,,17,8,,,,,B03,,,1,,1,,,8,,1,12,4,B03,120.663901,24.160761,3
11437,66000,387130000C,(04)23274275,(04)23288582,2023,8,30,8,54,臺中市,烏日區,0,1,0,7,2,6,50,3,1,1,5,4,6,6,4,4,10,5,5,2,16,13,3,10,3,1,B12,7,5,1,8,2,8,,13,47,1,6,4,B12,120.60728,24.110265,2
11438,66000,387130000C,(04)23274275,(04)23288582,2023,8,30,8,55,臺中市,南區,0,1,0,7,2,6,50,3,2,1,5,4,6,6,4,4,5,5,5,2,11,4,2,9,2,1,C03,7,9,3,19,2,14,,4,4,1,6,4,C03,120.661751,24.130914,2
11439,66000,387130000C,(04)23274275,(04)23288582,2023,8,30,8,57,臺中市,太平區,0,0,0,7,2,6,50,3,2,1,5,4,6,6,1,1,5,2,5,1,17,35,3,10,3,1,B03,7,8,1,8,2,7,,35,35,1,12,4,B03,120.7112,24.134256,3
11440,66000,387130000C,(04)23274275,(04)23288582,2023,8,30,8,57,臺中市,神岡區,0,0,0,7,,,30,,,,,,,,,,,,,,14,49,,,,,A41,,,1,,2,,,49,,1,12,4,A41,120.67497,24.263252,3
11441,66000,387130000C,(04)23274275,(04)23288582,2023,8,30,8,58,臺中市,太平區,0,0,0,7,,,50,,,,,,,,,,,,,,,40,,,,,B03,,,1,,2,,,40,,1,12,4,B03,120.722525,24.142371,3
11442,66000,387130000C,(04)23274275,(04)23288582,2023,8,30,8,59,臺中市,大肚區,0,0,0,7,,,50,,,,,,,,,,,,,,,6,,,,,C03,,,1,,2,,,6,,1,13,4,C03,120.575714,24.174618,3
11443,66000,387130000C,(04)23274275,(04)23288582,2023,8,30,9,5,臺中市,大里區,0,2,0,7,2,6,50,4,1,1,5,4,6,6,1,1,5,5,4,1,15,21,2,9,1,1,C03,7,9,1,10,2,11,,21,21,1,13,4,C03,120.692536,24.120081,2
11444,66000,387130000C,(04)23274275,(04)23288582,2023,8,30,9,8,臺中市,豐原區,0,0,0,7,,,30,,,,,,,,,,,,,,,49,,,,,B12,,,1,,2,,,49,,1,6,4,B12,120.732697,24.237195,3
11445,66000,387130000C,(04)23274275,(04)23288582,2023,8,30,9,11,臺中市,太平區,0,3,0,7,2,6,50,4,1,1,5,4,6,6,1,1,10,5,5,2,16,20,2,9,1,1,C03,7,6,1,10,2,11,,20,20,1,6,4,C03,120.715309,24.151975,2
11446,66000,387130000C,(04)23274275,(04)23288582,2023,8,30,9,11,臺中市,龍井區,0,1,0,7,3,6,30,4,1,1,5,4,6,6,4,4,5,5,5,1,15,20,2,9,2,1,C03,7,9,1,10,2,12,,20,20,1,6,4,C03,120.532534,24.201036,2
11447,66000,387130000C,(04)23274275,(04)23288582,2023,8,30,9,12,臺中市,東區,0,0,0,7,,,50,,,,,,,,,,,,,,,84,,,,,B03,,,1,,2,,,84,,1,13,4,B03,120.705991,24.140434,3
11448,66000,387130000C,(04)23274275,(04)23288582,2023,8,30,9,16,臺中市,北區,0,0,0,7,,,50,,,,,,,,,,,,,,16,84,,,,,B03,,,1,,2,,,84,,1,13,4,B03,120.685456,24.163099,3
11449,66000,387130000C,(04)23274275,(04)23288582,2023,8,30,9,17,臺中市,西屯區,0,1,0,7,2,6,50,13,7,1,5,4,6,6,4,4,5,4,4,2,17,84,3,10,5,4,C03,7,1,1,10,2,12,,84,85,1,13,4,C03,120.657254,24.167612,2
11450,66000,387130000C,(04)23274275,(04)23288582,2023,8,30,9,18,臺中市,西屯區,0,0,0,7,,,1,,,,,,,,,,,,,,,51,,,,,B03,,,1,,1,,,51,,1,13,4,B03,120.633766,24.164986,3
11451,66000,387130000C,(04)23274275,(04)23288582,2023,8,30,9,22,臺中市,北區,0,2,0,7,2,6,50,4,1,1,5,4,6,6,1,1,10,5,5,2,12,84,2,9,2,1,C03,7,9,1,10,2,11,,84,84,1,12,4,C03,120.672089,24.152233,2
11452,66000,387130000C,(04)23274275,(04)23288582,2023,8,30,9,28,臺中市,大雅區,0,1,0,7,3,6,50,13,9,1,5,4,6,6,3,1,5,5,5,1,12,84,2,9,1,1,C03,7,9,1,10,2,11,,84,84,1,13,4,C03,120.656,24.226757,2
11453,66000,387130000C,(04)23274275,(04)23288582,2023,8,30,9,33,臺中市,清水區,0,0,0,7,,,30,,,,,,,,,,,,,,,59,,,,,B03,,,1,,2,,,59,,1,6,4,B03,120.552938,24.294293,3
11454,66000,387130000C,(04)23274275,(04)23288582,2023,8,30,9,38,臺中市,東區,0,0,0,7,2,6,50,8,7,1,5,4,6,6,4,4,5,5,4,2,13,59,3,10,3,1,B03,7,9,1,8,2,1,,59,59,1,6,4,B03,120.699859,24.147928,3
11455,66000,387130000C,(04)23274275,(04)23288582,2023,8,30,9,40,臺中市,清水區,0,0,0,7,,,90,,,,,,,,,,,,,,,116,,,,,,,,,,,,,116,,1,,,,120.553015,24.296798,3
11456,66000,387130000C,(04)23274275,(04)23288582,2023,8,30,9,42,臺中市,龍井區,0,0,0,7,,,50,,,,,,,,,,,,,,,59,,,,,B03,,,1,,2,,,59,,1,12,4,B03,120.523748,24.207415,3
11457,66000,387130000C,(04)23274275,(04)23288582,2023,8,30,9,43,臺中市,潭子區,0,0,0,7,,,50,,,,,,,,,,,,,,,76,,,,,A12,,,1,,2,,,76,,1,13,4,A12,120.693148,24.216023,3
11458,66000,387130000C,(04)23274275,(04)23288582,2023,8,30,9,46,臺中市,后里區,0,0,0,7,2,6,40,3,1,1,5,4,6,6,4,4,10,5,5,2,27,71,,,,,A21,,,1,,2,,,71,,1,6,4,A21,120.740057,24.329848,3
11459,66000,387130000C,(04)23274275,(04)23288582,2023,8,30,9,50,臺中市,北屯區,0,0,0,7,,,50,,,,,,,,,,,,,,,49,,,,,A12,,,1,,2,,,49,,1,12,4,A12,120.698638,24.181088,3
11460,66000,387130000C,(04)23274275,(04)23288582,2023,8,30,9,50,臺中市,北屯區,0,0,0,7,,,50,,,,,,,,,,,,,,14,49,,,,,B12,,,1,,1,,,49,,1,12,4,B12,120.727858,24.176423,3
11461,66000,387130000C,(04)23274275,(04)23288582,2023,8,30,9,51,臺中市,大里區,0,1,0,7,3,6,50,3,1,1,5,4,6,6,1,1,10,5,5,2,16,11,3,10,1,1,C03,7,6,1,10,2,12,,11,11,1,13,4,C03,120.679615,24.09969,2
11462,66000,387130000C,(04)23274275,(04)23288582,2023,8,30,9,57,臺中市,北屯區,0,0,0,7,,,50,,,,,,,,,,,,,,13,59,,,,,B03,,,1,,1,,,59,59,1,6,4,B03,120.691091,24.162948,3
11463,66000,387130000C,(04)23274275,(04)23288582,2023,8,30,9,59,臺中市,豐原區,0,2,0,7,2,6,50,13,7,1,5,4,6,6,1,1,5,2,4,2,17,39,2,9,1,1,C03,7,11,1,10,2,11,,39,39,1,13,4,C03,120.70641,24.24662,2
11464,66000,387130000C,(04)23274275,(04)23288582,2023,8,30,10,2,臺中市,西區,0,2,0,7,3,6,50,5,1,1,5,4,6,6,1,1,10,5,5,2,17,26,2,7,1,1,C03,7,6,1,10,2,11,,26,26,1,12,4,C03,120.672707,24.13159,2
11465,66000,387130000C,(04)23274275,(04)23288582,2023,8,30,10,2,臺中市,烏日區,0,0,0,7,,,40,,,,,,,,,,,,,,,87,,,,,B03,,,1,,10,,,87,,1,6,5,B03,120.65252,24.053165,3
11466,66000,387130000C,(04)23274275,(04)23288582,2023,8,30,10,6,臺中市,神岡區,0,1,0,7,2,6,50,13,8,1,5,4,6,6,4,4,1,4,4,1,12,8,3,10,3,1,B12,7,9,1,8,2,6,,8,8,1,12,4,B12,120.694096,24.248467,2
11467,66000,387130000C,(04)23274275,(04)23288582,2023,8,30,10,9,臺中市,北區,0,1,0,7,2,6,50,4,1,1,5,4,6,6,1,1,10,5,5,2,16,11,3,10,3,1,B01,7,6,1,8,2,1,,11,11,1,12,4,B01,120.684465,24.142309,2
11468,66000,387130000C,(04)23274275,(04)23288582,2023,8,30,10,13,臺中市,北屯區,0,1,0,7,2,6,50,13,5,1,5,4,6,6,4,4,1,4,5,2,13,7,3,10,2,1,C03,7,9,1,10,2,11,,7,7,1,6,4,C03,120.694338,24.164688,2
11469,66000,387130000C,(04)23274275,(04)23288582,2023,8,30,10,14,臺中市,外埔區,0,1,0,7,2,6,60,3,1,1,5,4,6,6,4,4,10,5,5,2,16,12,3,10,3,1,B12,7,6,1,8,2,4,,12,12,1,6,4,B12,120.662807,24.322908,2
11470,66000,387130000C,(04)23274275,(04)23288582,2023,8,30,10,25,臺中市,北區,0,1,0,7,2,6,50,5,1,1,5,4,6,6,2,1,5,5,5,2,15,19,2,7,2,1,C03,7,9,1,10,2,11,,19,19,1,12,4,C03,120.686108,24.154867,2
11471,66000,387130000C,(04)23274275,(04)23288582,2023,8,30,10,28,臺中市,東區,0,1,0,7,2,6,50,3,1,1,5,4,6,6,1,1,10,5,5,2,16,20,3,10,3,1,B03,7,5,1,8,2,5,,20,20,1,12,4,B03,120.696008,24.134907,2
11472,66000,387130000C,(04)23274275,(04)23288582,2023,8,30,10,30,臺中市,大雅區,0,1,0,7,1,6,70,13,8,1,5,4,6,6,4,4,1,5,4,1,17,20,3,10,3,1,B12,7,5,1,8,2,7,,20,20,1,13,4,B12,120.633141,24.238396,2
11473,66000,387130000C,(04)23274275,(04)23288582,2023,8,30,10,30,臺中市,北屯區,0,1,0,7,2,6,50,3,1,1,5,4,6,6,4,4,5,5,5,2,16,51,3,10,3,1,B12,7,1,1,8,2,1,,51,51,1,12,4,B12,120.69038,24.17576,2
11474,66000,387130000C,(04)23274275,(04)23288582,2023,8,30,10,31,臺中市,神岡區,0,1,0,7,1,6,20,4,1,1,5,4,6,6,3,1,5,4,4,1,15,24,2,9,1,4,F01,7,9,7,21,2,11,,24,24,1,12,4,F01,120.687961,24.23921,2
11475,66000,387130000C,(04)23274275,(04)23288582,2023,8,30,10,32,臺中市,北屯區,0,0,0,7,,,30,,,,,,,,,,,,,,17,51,,,,,B03,,,1,,2,,,51,,1,12,4,B03,120.750495,24.164364,3
11476,66000,387130000C,(04)23274275,(04)23288582,2023,8,30,10,38,臺中市,北屯區,0,2,0,7,2,6,50,13,7,1,5,4,6,6,4,4,4,3,4,2,13,85,2,9,1,1,C03,7,9,1,10,2,11,,85,85,1,12,4,C03,120.726013,24.169407,2
11477,66000,387130000C,(04)23274275,(04)23288582,2023,8,30,10,39,臺中市,北區,0,2,0,7,2,6,50,3,2,1,5,4,6,6,1,1,5,5,5,2,16,51,2,9,5,1,F03,7,1,7,21,2,14,,51,51,1,13,4,F03,120.680489,24.165365,2
11478,66000,387130000C,(04)23274275,(04)23288582,2023,8,30,10,40,臺中市,北屯區,0,0,0,7,,,50,,,,,,,,,,,,,,13,59,,,,,B12,,,1,,1,,,59,,1,13,4,B12,120.707458,24.187463,3
11479,66000,387130000C,(04)23274275,(04)23288582,2023,8,30,10,48,臺中市,北屯區,0,1,0,7,3,6,50,13,9,1,5,4,6,6,4,4,1,4,5,2,16,20,3,10,3,1,B03,7,5,1,8,2,2,,20,20,1,12,4,B03,120.685668,24.176236,2
11480,66000,387130000C,(04)23274275,(04)23288582,2023,8,30,10,49,臺中市,南區,0,0,0,7,,,50,,,,,,,,,,,,,,,84,,,,,C03,,,1,,2,,,84,,1,13,4,C03,120.656952,24.107857,3
11481,66000,387130000C,(04)23274275,(04)23288582,2023,8,30,10,49,臺中市,霧峰區,0,0,0,7,,,60,,,,,,,,,,,,,,,58,,,,,B03,,,1,,2,,,58,,1,6,4,B03,120.69366,24.034517,3
11482,66000,387130000C,(04)23274275,(04)23288582,2023,8,30,10,50,臺中市,沙鹿區,0,0,0,7,,,30,,,,,,,,,,,,,,,8,,,,,B03,,,1,,2,,,8,,1,12,4,B03,120.561075,24.235131,3
11483,66000,387130000C,(04)23274275,(04)23288582,2023,8,30,10,51,臺中市,西屯區,0,0,0,7,,,50,,,,,,,,,,,,,,,84,,,,,B03,,,1,,2,,,84,,1,12,4,B03,120.652815,24.204247,3
11484,66000,387130000C,(04)23274275,(04)23288582,2023,8,30,10,52,臺中市,南屯區,0,0,0,7,3,6,50,13,21,1,5,4,6,6,4,4,10,5,5,2,17,85,,,,,C03,,,1,,1,,,85,,1,12,4,C03,120.644279,24.134508,3
11485,66000,387130000C,(04)23274275,(04)23288582,2023,8,30,10,55,臺中市,西屯區,0,0,0,7,,,50,,,,,,,,,,,,,,2,35,,,,,B03,,,5,,2,,,35,,1,12,4,B03,120.64425,24.160999,3
11486,66000,387130000C,(04)23274275,(04)23288582,2023,8,30,10,55,臺中市,烏日區,0,1,0,7,3,6,50,13,9,1,5,4,6,6,4,4,1,4,5,1,13,55,2,8,1,1,C03,7,9,1,10,2,11,14,55,55,1,12,2,C03,120.649315,24.094523,2
11487,66000,387130000C,(04)23274275,(04)23288582,2023,8,30,10,55,臺中市,沙鹿區,0,1,0,7,1,6,50,4,9,1,5,4,6,6,3,1,4,3,4,2,16,24,3,10,3,1,B03,7,6,1,8,2,5,,24,24,1,11,4,B03,120.563545,24.234952,2
11488,66000,387130000C,(04)23274275,(04)23288582,2023,8,30,10,57,臺中市,南屯區,0,0,0,7,,,40,,,,,,,,,,,,,,13,7,,,,,B03,,,1,,1,,,7,,1,13,4,B03,120.623616,24.152732,3
11489,66000,387130000C,(04)23274275,(04)23288582,2023,8,30,10,58,臺中市,清水區,0,0,0,7,,,40,,,,,,,,,,,,,,,84,,,,,B03,,,1,,2,,,84,,1,12,4,B03,120.568748,24.273236,3
11490,66000,387130000C,(04)23274275,(04)23288582,2023,8,30,11,0,臺中市,西區,0,1,0,7,2,6,50,4,1,1,5,4,6,6,2,1,10,5,5,2,17,51,3,10,3,1,B03,7,1,1,8,2,1,,51,51,1,12,4,B03,120.663128,24.14306,2
11491,66000,387130000C,(04)23274275,(04)23288582,2023,8,30,11,4,臺中市,中區,0,0,0,7,,,30,,,,,,,,,,,,,,,49,,,,,,,,,,,,,49,,1,,,,120.676695,24.144414,3
11492,66000,387130000C,(04)23274275,(04)23288582,2023,8,30,11,8,臺中市,西區,0,1,0,7,2,6,50,4,1,1,5,4,6,6,2,1,10,5,5,2,9,49,3,10,1,1,C03,7,2,1,10,1,13,,49,49,1,13,4,C03,120.667119,24.13216,2
11493,66000,387130000C,(04)23274275,(04)23288582,2023,8,30,11,19,臺中市,北區,0,0,0,7,,,50,,,,,,,,,,,,,,17,84,,,,,C03,,,1,,2,,,84,,1,12,4,C03,120.683876,24.161514,3
11494,66000,387130000C,(04)23274275,(04)23288582,2023,8,30,11,23,臺中市,西區,0,0,0,7,,,50,,,,,,,,,,,,,,,49,,,,,B03,,,1,,1,,,49,,1,12,4,B03,120.650146,24.144222,3
11495,66000,387130000C,(04)23274275,(04)23288582,2023,8,30,11,25,臺中市,西屯區,0,1,0,7,2,6,30,4,1,1,5,4,6,6,4,4,10,5,5,2,17,12,2,9,1,1,C03,7,9,1,10,2,11,,12,12,1,13,4,C03,120.646586,24.167445,2
11496,66000,387130000C,(04)23274275,(04)23288582,2023,8,30,11,30,臺中市,西區,0,1,0,7,1,6,50,4,1,1,5,4,6,6,1,1,10,5,5,2,16,84,3,10,3,1,B03,7,5,1,8,2,2,,84,84,1,12,4,B03,120.658894,24.150852,2
11497,66000,387130000C,(04)23274275,(04)23288582,2023,8,30,11,30,臺中市,大肚區,0,2,0,7,2,6,40,13,8,1,5,4,6,6,4,4,10,5,1,2,16,42,2,9,5,4,C03,7,5,1,10,2,13,,42,42,1,13,4,C03,120.583719,24.16815,2
11498,66000,387130000C,(04)23274275,(04)23288582,2023,8,30,11,32,臺中市,東區,0,0,0,7,,,50,,,,,,,,,,,,,,,51,,,,,B03,,,1,,2,,,51,,1,13,4,B03,120.687713,24.137065,3
11499,66000,387130000C,(04)23274275,(04)23288582,2023,8,30,11,33,臺中市,西屯區,0,1,0,7,2,6,30,3,1,1,5,4,6,6,4,4,10,5,5,2,16,14,3,10,5,4,B03,7,6,1,8,2,8,,14,11,1,13,4,B03,120.661235,24.168428,2