序號,縣市別代碼,機關代碼,市話,傳真,年,月,日,時,分,縣市,區,死亡數量,受傷數量,2-30,天候,光線,道路類別,速限,道路型態,事故位置,路面鋪裝,路面狀態,路面缺陷,障礙物,視距,號誌種類,號誌動作,分向設施,快車道或一般車道間,快慢車道間,路面邊線,事故類型及型態,主要肇因,受傷程度,主要傷處,保護裝備,行動電話,當事者區分(類別),車輛用途,當事者行動狀態,駕駛資格情形,駕駛執照種類,飲酒情形,車輛撞擊部位最初,車輛撞擊部位其他,肇事因素個別,肇事因素主要,肇事逃逸,職業,旅次目的,車種,GPS座標X,GPS座標Y,事故類別
11500,66000,387130000C,(04)23274275,(04)23288582,2023,8,30,11,36,臺中市,潭子區,0,0,0,7,,,50,,,,,,,,,,,,,,,49,,,,,B12,,,1,,2,,,49,,1,13,4,B12,120.690914,24.215785,3
11501,66000,387130000C,(04)23274275,(04)23288582,2023,8,30,11,36,臺中市,沙鹿區,0,0,0,7,,,50,,,,,,,,,,,,,,13,7,,,,,B12,,,1,,2,,,7,,1,13,4,B12,120.598225,24.252113,3
11502,66000,387130000C,(04)23274275,(04)23288582,2023,8,30,11,41,臺中市,西屯區,0,0,0,7,,,40,,,,,,,,,,,,,,,84,,,,,C03,,,1,,1,,,84,,1,13,4,C03,120.638465,24.155204,3
11503,66000,387130000C,(04)23274275,(04)23288582,2023,8,30,11,49,臺中市,北區,0,1,0,7,2,6,50,13,7,1,5,4,6,6,4,4,5,4,4,2,13,59,3,10,3,1,B03,7,9,1,8,2,1,,59,59,1,13,4,B03,120.680948,24.159108,2
11504,66000,387130000C,(04)23274275,(04)23288582,2023,8,30,11,51,臺中市,潭子區,0,1,0,7,3,6,50,13,9,1,5,4,6,6,4,4,9,4,4,2,17,58,2,9,1,1,C03,7,9,1,10,2,11,,58,58,1,12,4,C03,120.691217,24.216433,2
11505,66000,387130000C,(04)23274275,(04)23288582,2023,8,30,11,51,臺中市,北區,0,0,0,7,,,50,,,,,,,,,,,,,,16,45,,,,,B03,,,1,,2,,,45,,1,13,4,B03,120.685093,24.157602,3
11506,66000,387130000C,(04)23274275,(04)23288582,2023,8,30,11,51,臺中市,豐原區,0,1,0,7,2,6,50,13,7,1,5,4,6,6,4,4,1,5,4,1,17,40,3,10,1,1,C03,7,8,1,10,2,14,,40,40,1,6,4,C03,120.755248,24.274258,2
11507,66000,387130000C,(04)23274275,(04)23288582,2023,8,30,11,55,臺中市,北屯區,0,0,0,7,,,50,,,,,,,,,,,,,,,7,,,,,C03,,,1,,1,,,7,,1,12,4,C03,120.676505,24.201295,3
11508,66000,387130000C,(04)23274275,(04)23288582,2023,8,30,11,59,臺中市,大里區,0,1,0,7,3,6,30,3,2,1,5,4,6,6,4,4,10,5,5,2,11,48,2,9,1,1,C03,7,6,1,10,2,11,,48,48,1,12,2,C03,120.709603,24.089318,2
11509,66000,387130000C,(04)23274275,(04)23288582,2023,8,30,12,10,臺中市,大安區,0,1,0,7,3,6,50,4,1,1,5,4,6,6,4,4,10,5,5,2,15,15,2,9,1,1,C03,7,9,1,10,2,12,,15,15,1,6,4,C03,120.61422,24.374544,2
11510,66000,387130000C,(04)23274275,(04)23288582,2023,8,30,12,12,臺中市,西屯區,0,0,0,7,,,50,,,,,,,,,,,,,,17,84,,,,,A12,,,1,,1,,,84,,1,12,4,A12,120.61785,24.175289,3
11511,66000,387130000C,(04)23274275,(04)23288582,2023,8,30,12,18,臺中市,西屯區,0,0,0,7,,,50,,,,,,,,,,,,,,,40,,,,,B03,,,1,,1,,,40,,1,12,4,B03,120.619611,24.187261,3
11512,66000,387130000C,(04)23274275,(04)23288582,2023,8,30,12,20,臺中市,新社區,0,0,0,7,,,50,,,,,,,,,,,,,,35,50,,,,,B03,,,1,,2,,,50,50,1,12,4,B03,120.809364,24.24888,3
11513,66000,387130000C,(04)23274275,(04)23288582,2023,8,30,12,32,臺中市,豐原區,0,0,0,7,,,50,,,,,,,,,,,,,,,8,,,,,C03,,,1,,2,,,8,,1,6,4,C03,120.722453,24.253722,3
11514,66000,387130000C,(04)23274275,(04)23288582,2023,8,30,12,35,臺中市,北區,0,1,0,7,2,6,50,4,1,1,5,4,6,6,1,1,5,5,5,2,16,47,3,10,5,1,B03,7,5,1,8,2,5,,47,47,1,13,4,B03,120.676548,24.16324,2
11515,66000,387130000C,(04)23274275,(04)23288582,2023,8,30,12,35,臺中市,南屯區,0,0,0,7,,,50,,,,,,,,,,,,,,,49,,,,,B03,,,1,,2,,,87,49,1,12,4,B03,120.60681,24.147967,3
11516,66000,387130000C,(04)23274275,(04)23288582,2023,8,30,12,35,臺中市,南屯區,0,1,0,7,3,6,50,4,9,1,5,4,6,6,2,1,3,4,5,2,17,76,3,10,5,4,B03,7,14,1,8,2,2,,76,76,1,12,4,B03,120.60681,24.147967,2
11517,66000,387130000C,(04)23274275,(04)23288582,2023,8,30,12,37,臺中市,西屯區,0,1,0,7,2,6,40,13,8,1,5,4,6,6,4,4,1,4,1,2,13,8,3,10,5,4,B03,7,9,1,8,2,1,,8,8,1,12,4,B03,120.674127,24.147346,2
11518,66000,387130000C,(04)23274275,(04)23288582,2023,8,30,12,38,臺中市,太平區,0,2,0,7,2,6,50,13,9,1,5,4,6,6,4,4,10,5,5,2,12,51,2,9,1,1,F03,7,1,7,21,2,14,,51,51,1,12,4,F03,120.733563,24.1431,2
11519,66000,387130000C,(04)23274275,(04)23288582,2023,8,30,12,44,臺中市,大里區,0,0,0,7,,,50,,,,,,,,,,,,,,14,78,,,,,B12,,,1,,2,,,78,,1,6,4,B12,120.707113,24.111826,3
11520,66000,387130000C,(04)23274275,(04)23288582,2023,8,30,12,45,臺中市,北屯區,0,0,0,7,,,50,,,,,,,,,,,,,,17,84,,,,,C03,,,1,,2,,,84,,1,12,4,C03,120.719237,24.17763,3
11521,66000,387130000C,(04)23274275,(04)23288582,2023,8,30,12,46,臺中市,西屯區,0,2,0,7,2,6,40,13,8,1,5,4,6,6,4,4,5,4,4,2,17,7,2,9,1,4,C03,7,9,1,10,2,11,,7,7,1,13,4,C03,120.639737,24.161208,2
11522,66000,387130000C,(04)23274275,(04)23288582,2023,8,30,12,46,臺中市,豐原區,0,0,0,7,,,30,,,,,,,,,,,,,,17,14,,,,,C03,,,1,,2,,,14,,1,13,4,C03,120.717953,24.249731,3
11523,66000,387130000C,(04)23274275,(04)23288582,2023,8,30,12,47,臺中市,北屯區,0,0,0,7,,,50,,,,,,,,,,,,,,12,42,,,,,B03,,,1,,1,,,42,42,1,6,4,B03,120.716372,24.17509,3
11524,66000,387130000C,(04)23274275,(04)23288582,2023,8,30,12,52,臺中市,大肚區,0,1,0,7,2,6,30,4,1,1,5,4,6,6,4,4,10,5,5,2,16,59,3,10,5,4,B03,7,6,1,2,2,1,,59,59,1,13,4,B03,120.580479,24.170376,2
11525,66000,387130000C,(04)23274275,(04)23288582,2023,8,30,12,52,臺中市,后里區,0,0,0,7,,,30,,,,,,,,,,,,,,16,51,,,,,B03,,,1,,2,,,51,,1,12,4,B03,120.727894,24.309335,3
11526,66000,387130000C,(04)23274275,(04)23288582,2023,8,30,12,58,臺中市,北區,0,1,0,7,2,6,50,4,1,1,5,4,6,6,1,1,10,5,5,2,16,11,2,7,2,1,C03,7,6,1,10,2,15,,11,11,1,12,4,C03,120.67051,24.155741,2
11527,66000,387130000C,(04)23274275,(04)23288582,2023,8,30,12,59,臺中市,北屯區,0,2,0,6,3,6,50,13,9,1,5,4,6,6,4,4,5,2,5,2,13,54,2,8,5,4,B12,7,9,1,8,2,1,,54,54,1,13,4,B12,120.730685,24.177166,2
11528,66000,387130000C,(04)23274275,(04)23288582,2023,8,30,13,3,臺中市,太平區,0,0,0,7,2,6,40,,,,,,,,,,,,,,,86,,,,,,,,,,,15,,86,86,1,,,,120.729374,24.150091,3
11529,66000,387130000C,(04)23274275,(04)23288582,2023,8,30,13,4,臺中市,南屯區,0,1,0,7,2,6,50,3,1,1,5,4,6,6,4,4,10,5,5,2,17,14,3,10,3,1,B03,7,5,1,8,2,6,,14,14,1,12,4,B03,120.625592,24.151873,2
11530,66000,387130000C,(04)23274275,(04)23288582,2023,8,30,13,8,臺中市,西區,0,1,0,7,3,6,50,4,2,1,5,4,6,6,1,1,1,4,5,2,13,84,2,9,1,1,C03,7,9,3,19,2,11,,84,84,1,6,4,C03,120.662743,24.161205,2
11531,66000,387130000C,(04)23274275,(04)23288582,2023,8,30,13,8,臺中市,北屯區,0,2,0,7,2,6,50,11,8,1,5,4,6,6,4,4,1,4,4,2,11,85,2,9,2,1,C03,7,9,1,10,2,11,,85,85,1,12,4,C03,120.687234,24.181218,2
11532,66000,387130000C,(04)23274275,(04)23288582,2023,8,30,13,12,臺中市,南屯區,0,2,0,7,3,6,50,4,1,1,5,4,6,6,1,1,10,5,5,2,13,7,2,9,2,1,C03,7,9,1,10,1,11,,7,7,1,13,4,C03,120.646343,24.135933,2
11533,66000,387130000C,(04)23274275,(04)23288582,2023,8,30,13,15,臺中市,豐原區,0,2,0,7,2,6,50,4,1,1,5,4,6,6,1,1,5,5,5,2,15,21,2,9,1,1,C03,7,9,1,10,2,11,,21,21,1,6,4,C03,120.710473,24.251308,2
11534,66000,387130000C,(04)23274275,(04)23288582,2023,8,30,13,19,臺中市,太平區,0,2,0,7,3,6,50,5,1,1,5,4,6,6,3,1,10,5,5,2,16,7,2,9,2,1,C03,7,9,1,10,2,12,,7,7,1,12,4,C03,120.708895,24.154224,2
11535,66000,387130000C,(04)23274275,(04)23288582,2023,8,30,13,25,臺中市,龍井區,0,0,0,7,,,30,,,,,,,,,,,,,,,8,,,,,B01,,,1,,2,,,8,,1,13,4,B01,120.591153,24.182199,3
11536,66000,387130000C,(04)23274275,(04)23288582,2023,8,30,13,25,臺中市,東勢區,0,1,0,7,3,6,50,13,9,1,5,4,6,6,4,4,5,4,5,1,17,4,2,9,1,1,C03,7,6,1,10,2,12,,4,4,1,13,4,C03,120.824853,24.258381,2
11537,66000,387130000C,(04)23274275,(04)23288582,2023,8,30,13,31,臺中市,烏日區,0,0,0,7,,,60,,,,,,,,,,,,,,14,49,,,,,A11,,,1,,2,,,49,,1,6,4,A11,120.644594,24.109453,3
11538,66000,387130000C,(04)23274275,(04)23288582,2023,8,30,13,42,臺中市,龍井區,0,0,0,7,,,50,,,,,,,,,,,,,,,85,,,,,B12,,,1,,2,,,85,85,1,6,4,B12,120.527458,24.2199,3
11539,66000,387130000C,(04)23274275,(04)23288582,2023,8,30,13,43,臺中市,西屯區,0,1,0,7,1,6,30,3,1,1,5,4,6,6,4,4,10,5,5,2,17,7,2,8,1,1,C03,7,9,1,10,2,14,,7,7,1,12,4,C03,120.646386,24.179009,2
11540,66000,387130000C,(04)23274275,(04)23288582,2023,8,30,13,50,臺中市,梧棲區,0,0,0,7,,,50,,,,,,,,,,,,,,,51,,,,,B03,,,1,,1,,,51,,1,6,4,B03,120.54183,24.260705,3
11541,66000,387130000C,(04)23274275,(04)23288582,2023,8,30,13,57,臺中市,霧峰區,0,1,0,7,2,6,50,3,1,1,5,4,6,6,3,1,10,5,5,2,17,59,2,9,5,4,C03,7,9,1,10,2,11,,59,59,1,12,4,C03,120.689559,24.043225,2
11542,66000,387130000C,(04)23274275,(04)23288582,2023,8,30,14,0,臺中市,霧峰區,0,0,0,7,,,50,,,,,,,,,,,,,,,82,,,,,C03,,,1,,1,,,82,,1,13,4,C03,120.697909,24.068814,3
11543,66000,387130000C,(04)23274275,(04)23288582,2023,8,30,14,4,臺中市,龍井區,0,0,0,7,,,60,,,,,,,,,,,,,,,84,,,,,B03,,,1,,2,,,84,,1,6,4,B03,120.53534,24.22009,3
11544,66000,387130000C,(04)23274275,(04)23288582,2023,8,30,14,9,臺中市,西屯區,0,0,0,7,,,40,,,,,,,,,,,,,,14,49,,,,,B12,,,1,,1,,,49,,1,13,4,B12,120.640054,24.186182,3
11545,66000,387130000C,(04)23274275,(04)23288582,2023,8,30,14,12,臺中市,西區,0,2,0,7,1,6,40,4,7,1,5,4,6,6,4,4,5,4,4,2,17,51,2,9,1,1,C03,7,1,1,10,2,11,,51,51,1,12,4,C03,120.669802,24.14732,2
11546,66000,387130000C,(04)23274275,(04)23288582,2023,8,30,14,15,臺中市,后里區,0,0,0,7,,,30,,,,,,,,,,,,,,14,49,,,,,B12,,,1,,1,,,49,,1,12,4,B12,120.714865,24.308899,3
11547,66000,387130000C,(04)23274275,(04)23288582,2023,8,30,14,16,臺中市,潭子區,0,0,0,7,,,40,,,,,,,,,,,,,,,58,,,,,B12,,,1,,1,,,58,,1,12,4,B12,120.705531,24.215632,3
11548,66000,387130000C,(04)23274275,(04)23288582,2023,8,30,14,18,臺中市,大里區,0,0,0,7,,,50,,,,,,,,,,,,,,,40,,,,,B03,,,1,,2,,,40,,1,13,4,B03,120.685399,24.095981,3
11549,66000,387130000C,(04)23274275,(04)23288582,2023,8,30,14,24,臺中市,太平區,0,1,0,7,2,6,30,4,1,1,5,4,6,6,4,4,10,5,5,2,15,13,2,8,1,1,C03,7,9,1,10,2,12,,13,13,1,12,4,C03,120.725497,24.14179,2
11550,66000,387130000C,(04)23274275,(04)23288582,2023,8,30,14,24,臺中市,太平區,0,1,0,7,3,6,50,5,1,1,5,4,6,6,1,1,10,5,5,2,16,11,2,7,2,1,C03,7,6,1,10,2,12,,11,11,1,12,4,C03,120.72403,24.137124,2
11551,66000,387130000C,(04)23274275,(04)23288582,2023,8,30,14,25,臺中市,大里區,0,0,0,7,,,60,,,,,,,,,,,,,,13,7,,,,,B03,,,1,,2,,,7,,1,6,4,B03,120.663618,24.083118,3
11552,66000,387130000C,(04)23274275,(04)23288582,2023,8,30,14,27,臺中市,西屯區,0,0,0,7,,,50,,,,,,,,,,,,,,13,7,,,,,B03,,,1,,2,,,7,7,1,13,4,B03,120.615762,24.176285,3
11553,66000,387130000C,(04)23274275,(04)23288582,2023,8,30,14,30,臺中市,潭子區,0,0,0,7,,,50,,,,,,,,,,,,,,13,59,,,,,B03,,,1,,2,,,59,,1,12,4,B03,120.70342,24.207338,3
11554,66000,387130000C,(04)23274275,(04)23288582,2023,8,30,14,30,臺中市,南屯區,0,2,0,7,2,6,50,13,9,1,5,4,6,6,4,4,5,4,5,2,17,51,2,9,1,1,C03,7,1,1,10,2,14,,51,51,1,13,4,C03,120.65024,24.155931,2
11555,66000,387130000C,(04)23274275,(04)23288582,2023,8,30,14,37,臺中市,東區,0,1,0,7,2,6,50,4,1,1,5,4,6,6,1,1,10,5,5,2,16,11,3,10,3,1,B03,7,6,1,8,2,2,,11,11,1,6,4,B03,120.705379,24.137658,2
11556,66000,387130000C,(04)23274275,(04)23288582,2023,8,30,14,40,臺中市,東區,0,0,0,7,,,50,,,,,,,,,,,,,,,84,,,,,B03,,,1,,2,,,84,,1,12,4,B03,120.701518,24.125153,3
11557,66000,387130000C,(04)23274275,(04)23288582,2023,8,30,14,40,臺中市,南區,0,1,0,7,2,6,50,13,9,1,5,4,6,6,4,4,5,4,5,2,17,51,3,10,3,1,B03,7,1,1,8,2,8,,51,51,1,6,4,B03,120.671557,24.118944,2
11558,66000,387130000C,(04)23274275,(04)23288582,2023,8,30,14,40,臺中市,東區,0,0,0,7,1,6,50,13,9,1,5,4,6,6,4,4,10,5,5,2,14,49,3,10,3,1,B12,7,2,1,8,2,6,,49,49,1,12,4,B12,120.703811,24.132636,3
11559,66000,387130000C,(04)23274275,(04)23288582,2023,8,30,14,45,臺中市,西區,0,1,0,7,3,6,50,13,9,1,5,4,6,6,4,4,5,4,5,2,8,49,3,10,3,1,B03,7,2,1,8,9,6,,49,49,1,12,4,B03,120.669033,24.146485,2
11560,66000,387130000C,(04)23274275,(04)23288582,2023,8,30,14,47,臺中市,梧棲區,0,0,0,7,,,40,,,,,,,,,,,,,,17,59,,,,,A41,,,1,,2,,,59,,1,6,4,A41,120.525795,24.224685,4
11561,66000,387130000C,(04)23274275,(04)23288582,2023,8,30,14,48,臺中市,沙鹿區,0,1,0,7,2,6,50,13,7,1,5,4,6,6,4,4,1,4,4,1,13,59,3,10,3,1,B12,7,9,1,7,2,1,,59,59,1,12,4,B12,120.55256,24.215361,2
11562,66000,387130000C,(04)23274275,(04)23288582,2023,8,30,14,50,臺中市,西屯區,0,0,0,7,,,50,,,,,,,,,,,,,,17,50,,,,,C03,,,1,,1,,,50,,2,6,4,C03,120.619708,24.186639,3
11563,66000,387130000C,(04)23274275,(04)23288582,2023,8,30,14,54,臺中市,中區,0,1,0,7,3,6,50,4,9,1,5,4,6,6,1,1,5,4,5,2,18,84,2,9,1,1,C03,7,15,1,10,2,12,,84,84,1,12,4,C03,120.67988,24.137919,2
11564,66000,387130000C,(04)23274275,(04)23288582,2023,8,30,15,0,臺中市,烏日區,0,0,0,7,,,50,,,,,,,,,,,,,,2,7,,,,,A21,,,1,,2,,,7,,1,12,4,A21,120.585422,24.112124,3
11565,66000,387130000C,(04)23274275,(04)23288582,2023,8,30,15,3,臺中市,烏日區,0,2,0,7,3,6,50,4,1,1,5,4,6,6,1,1,5,2,5,1,16,47,3,10,3,1,B03,7,5,1,8,2,5,,47,47,1,12,4,B03,120.629145,24.10145,2
11566,66000,387130000C,(04)23274275,(04)23288582,2023,8,30,15,6,臺中市,北屯區,0,1,0,7,2,6,50,5,1,1,5,4,6,6,2,1,10,5,5,2,16,11,3,10,3,1,B03,7,6,1,8,2,8,,11,11,1,12,4,B03,120.676711,24.176952,2
11567,66000,387130000C,(04)23274275,(04)23288582,2023,8,30,15,10,臺中市,北屯區,0,0,0,7,,,50,,,,,,,,,,,,,,13,7,,,,,B03,,,1,,1,,,7,,1,13,4,B03,120.683726,24.172042,3
11568,66000,387130000C,(04)23274275,(04)23288582,2023,8,30,15,10,臺中市,西屯區,0,0,0,7,,,30,,,,,,,,,,,,,,,84,,,,,B03,,,1,,1,,,84,,1,13,4,B03,120.65056,24.175217,3
11569,66000,387130000C,(04)23274275,(04)23288582,2023,8,30,15,10,臺中市,太平區,0,1,0,7,2,6,50,13,9,1,5,4,6,6,4,4,5,4,5,1,18,84,2,9,1,1,C03,7,9,1,10,2,14,,84,84,1,6,4,C03,120.716961,24.1281,2
11570,66000,387130000C,(04)23274275,(04)23288582,2023,8,30,15,19,臺中市,豐原區,0,0,0,7,,,50,,,,,,,,,,,,,,,49,,,,,B03,,,1,,2,,,49,,1,6,4,B03,120.720426,24.243603,3
11571,66000,387130000C,(04)23274275,(04)23288582,2023,8,30,15,20,臺中市,潭子區,0,1,0,7,2,6,50,4,1,1,5,4,6,6,1,1,5,4,5,1,16,51,2,8,2,1,C03,7,1,1,10,2,14,13,51,51,1,12,4,C03,120.701233,24.19438,2
11572,66000,387130000C,(04)23274275,(04)23288582,2023,8,30,15,20,臺中市,南區,0,0,0,6,,,50,,,,,,,,,,,,,,17,84,,,,,B03,,,1,,2,,,84,,1,13,4,B03,120.667388,24.11405,3
11573,66000,387130000C,(04)23274275,(04)23288582,2023,8,30,15,22,臺中市,北屯區,0,1,0,7,2,6,50,13,9,1,5,4,6,6,4,4,10,2,5,2,12,51,2,9,1,1,C03,7,1,1,10,2,11,,51,51,1,13,4,C03,120.679693,24.174916,2
11574,66000,387130000C,(04)23274275,(04)23288582,2023,8,30,15,22,臺中市,烏日區,0,1,0,7,1,6,50,10,8,1,5,4,6,6,4,4,1,4,1,1,18,87,2,9,1,1,C04,7,9,1,10,2,15,,87,87,1,12,4,C04,120.652286,24.102721,2
11575,66000,387130000C,(04)23274275,(04)23288582,2023,8,30,15,25,臺中市,大甲區,0,0,0,7,,,50,,,,,,,,,,,,,,,43,,,,,B03,,,1,,2,,,43,43,1,12,4,B03,120.622886,24.345879,3
11576,66000,387130000C,(04)23274275,(04)23288582,2023,8,30,15,28,臺中市,北區,0,0,0,7,,,40,,,,,,,,,,,,,,14,49,,,,,B03,,,1,,1,,,49,,1,12,4,B03,120.686147,24.155346,3
11577,66000,387130000C,(04)23274275,(04)23288582,2023,8,30,15,30,臺中市,大里區,0,0,0,7,,,50,,,,,,,,,,,,,,16,1,,,,,C03,,,1,,2,,,1,,1,13,4,C03,120.670275,24.107134,3
11578,66000,387130000C,(04)23274275,(04)23288582,2023,8,30,15,38,臺中市,大雅區,0,1,0,7,1,6,50,3,1,1,5,4,6,6,3,1,10,5,5,2,16,11,3,10,3,1,B03,7,6,1,8,2,6,,11,11,1,12,4,B03,120.646997,24.218474,2
11579,66000,387130000C,(04)23274275,(04)23288582,2023,8,30,15,43,臺中市,大里區,0,0,0,7,,,40,,,,,,,,,,,,,,,49,,,,,B12,,,1,,2,,,49,,1,6,4,B12,120.702518,24.082479,3
11580,66000,387130000C,(04)23274275,(04)23288582,2023,8,30,15,47,臺中市,西屯區,0,0,0,7,,,40,,,,,,,,,,,,,,12,40,,,,,B03,,,1,,2,,,40,,1,13,4,B03,120.643697,24.158938,3
11581,66000,387130000C,(04)23274275,(04)23288582,2023,8,30,15,49,臺中市,大里區,0,0,0,7,,,50,,,,,,,,,,,,,,,56,,,,,B03,,,1,,1,,,56,,1,13,4,B03,120.696495,24.085959,3
11582,66000,387130000C,(04)23274275,(04)23288582,2023,8,30,15,50,臺中市,北屯區,0,0,0,7,,,50,,,,,,,,,,,,,,12,40,,,,,B03,,,1,8,1,,,40,40,1,12,4,B03,120.693784,24.164071,3
11583,66000,387130000C,(04)23274275,(04)23288582,2023,8,30,15,50,臺中市,清水區,0,0,0,7,,,40,,,,,,,,,,,,,,,51,,,,,B03,,,1,,2,,,51,,1,12,4,B03,120.575057,24.268595,3
11584,66000,387130000C,(04)23274275,(04)23288582,2023,8,30,15,52,臺中市,沙鹿區,0,0,0,7,,,60,,,,,,,,,,,,,,,59,,,,,B12,,,1,,2,,,59,,1,12,5,B12,120.56183,24.208285,3
11585,66000,387130000C,(04)23274275,(04)23288582,2023,8,30,16,4,臺中市,南屯區,0,2,0,7,2,6,40,4,1,1,5,4,6,6,1,1,8,5,5,2,17,23,3,10,1,1,C03,7,6,1,10,2,16,,23,23,1,13,4,C03,120.64396,24.133386,2
11586,66000,387130000C,(04)23274275,(04)23288582,2023,8,30,16,7,臺中市,西區,0,1,0,7,2,6,50,4,1,1,5,4,6,6,2,1,10,5,5,2,17,51,3,10,3,1,B03,7,1,1,8,2,1,,51,51,1,12,4,B03,120.661687,24.152547,2
11587,66000,387130000C,(04)23274275,(04)23288582,2023,8,30,16,14,臺中市,清水區,0,0,0,7,,,40,,,,,,,,,,,,,,,50,,,,,B03,,,1,,2,,,50,,1,12,4,B03,120.574351,24.266106,3
11588,66000,387130000C,(04)23274275,(04)23288582,2023,8,30,16,16,臺中市,西區,0,1,0,6,2,6,50,4,1,1,5,4,6,6,1,1,10,5,5,2,16,39,3,10,3,1,B03,7,5,1,8,2,2,,39,39,1,6,4,B03,120.671247,24.145505,2
11589,66000,387130000C,(04)23274275,(04)23288582,2023,8,30,16,16,臺中市,大里區,0,2,0,7,3,6,60,4,1,1,5,4,6,6,2,1,1,4,4,1,13,58,3,10,3,1,B02,7,5,1,8,2,7,,87,58,1,13,4,B02,120.688344,24.102006,2
11590,66000,387130000C,(04)23274275,(04)23288582,2023,8,30,16,21,臺中市,南區,0,2,0,7,1,6,50,13,9,1,5,4,6,6,4,4,5,5,5,2,17,51,2,9,1,1,C03,7,1,1,10,2,11,,51,51,1,12,4,C03,120.68263,24.127304,2
11591,66000,387130000C,(04)23274275,(04)23288582,2023,8,30,16,21,臺中市,豐原區,0,1,0,6,2,6,50,13,8,1,5,4,6,6,4,4,5,5,4,2,17,8,3,10,3,1,B03,7,5,1,8,2,2,,8,8,1,13,4,B03,120.730156,24.248027,2
11592,66000,387130000C,(04)23274275,(04)23288582,2023,8,30,16,25,臺中市,南區,0,0,0,6,1,6,50,13,7,1,5,4,6,6,4,4,1,4,5,2,11,8,3,10,3,1,A11,7,9,1,3,2,2,,8,8,1,12,4,A11,120.6702,24.114155,3
11593,66000,387130000C,(04)23274275,(04)23288582,2023,8,30,16,26,臺中市,大里區,0,0,0,7,,,50,,,,,,,,,,,,,,16,59,,,,,C04,,,1,,2,,,59,,1,13,4,C04,120.67769,24.094008,3
11594,66000,387130000C,(04)23274275,(04)23288582,2023,8,30,16,27,臺中市,南屯區,0,2,0,7,1,6,50,4,2,1,5,4,6,6,2,1,10,5,5,2,17,14,2,9,1,1,C04,7,6,1,10,2,11,,14,14,1,12,4,C04,120.639227,24.148758,2
11595,66000,387130000C,(04)23274275,(04)23288582,2023,8,30,16,27,臺中市,北屯區,0,0,0,7,,,50,,,,,,,,,,,,,,,84,,,,,B03,,,1,,2,,,84,84,1,12,4,B03,120.669951,24.177882,3
11596,66000,387130000C,(04)23274275,(04)23288582,2023,8,30,16,28,臺中市,大里區,0,1,0,7,3,6,50,3,1,1,5,4,6,6,2,1,5,4,4,1,12,21,2,9,1,1,C03,7,4,1,10,2,11,,21,21,1,12,4,C03,120.719348,24.097766,2
11597,66000,387130000C,(04)23274275,(04)23288582,2023,8,30,16,29,臺中市,北區,0,1,0,7,2,6,50,4,9,1,5,4,6,6,1,1,1,4,5,2,12,8,3,10,3,1,B03,7,9,1,8,2,5,,8,8,1,13,4,B03,120.677268,24.15114,2
11598,66000,387130000C,(04)23274275,(04)23288582,2023,8,30,16,32,臺中市,東勢區,0,1,0,7,2,6,50,13,9,1,5,4,6,6,4,4,4,3,5,1,17,39,3,10,3,1,B12,7,6,1,8,2,16,,39,39,1,13,4,B12,120.839621,24.20401,2
11599,66000,387130000C,(04)23274275,(04)23288582,2023,8,30,16,33,臺中市,霧峰區,0,0,0,7,,,50,,,,,,,,,,,,,,,51,,,,,B03,,,1,,2,,,51,,1,6,4,B03,120.686263,24.053809,3
11600,66000,387130000C,(04)23274275,(04)23288582,2023,8,30,16,37,臺中市,大雅區,0,1,0,7,1,6,50,11,9,1,5,4,6,6,4,4,10,4,5,2,17,40,2,9,2,1,C03,7,8,1,10,2,15,,40,40,1,13,4,C03,120.650862,24.210255,2
11601,66000,387130000C,(04)23274275,(04)23288582,2023,8,30,16,38,臺中市,北屯區,0,0,0,7,,,50,,,,,,,,,,,,,,13,7,,,,,B12,,,1,,1,,,7,,1,13,4,B12,120.67658,24.175542,3
11602,66000,387130000C,(04)23274275,(04)23288582,2023,8,30,16,38,臺中市,豐原區,0,1,0,6,2,6,50,3,19,1,5,4,6,6,3,1,1,4,5,1,3,59,3,10,1,1,C03,7,9,1,10,2,12,,59,59,1,13,4,C03,120.712878,24.257749,2
11603,66000,387130000C,(04)23274275,(04)23288582,2023,8,30,16,40,臺中市,南區,0,0,0,7,3,6,50,13,9,1,5,4,6,6,4,4,5,5,5,2,14,84,3,10,3,1,A11,7,2,1,3,2,3,,84,84,1,12,4,A11,120.654217,24.11488,3
11604,66000,387130000C,(04)23274275,(04)23288582,2023,8,30,16,45,臺中市,西屯區,0,1,0,7,3,6,50,4,1,1,5,4,6,6,2,1,10,5,5,2,13,7,2,9,5,4,C03,7,9,1,10,2,11,,7,7,1,13,4,C03,120.644359,24.174696,2
11605,66000,387130000C,(04)23274275,(04)23288582,2023,8,30,16,45,臺中市,西屯區,0,0,0,6,,,,,,,,,,,,,,,,,,87,,,,,,,,,,,,,87,,1,,,,120.658514,24.207561,3
11606,66000,387130000C,(04)23274275,(04)23288582,2023,8,30,16,46,臺中市,大甲區,0,1,0,7,2,6,50,4,1,1,5,4,6,6,4,4,10,5,5,2,16,14,3,10,3,1,B03,7,6,1,8,2,1,,14,14,1,12,4,B03,120.614615,24.347954,2