序號,縣市別代碼,機關代碼,市話,傳真,年,月,日,時,分,縣市,區,死亡數量,受傷數量,2-30,天候,光線,道路類別,速限,道路型態,事故位置,路面鋪裝,路面狀態,路面缺陷,障礙物,視距,號誌種類,號誌動作,分向設施,快車道或一般車道間,快慢車道間,路面邊線,事故類型及型態,主要肇因,受傷程度,主要傷處,保護裝備,行動電話,當事者區分(類別),車輛用途,當事者行動狀態,駕駛資格情形,駕駛執照種類,飲酒情形,車輛撞擊部位最初,車輛撞擊部位其他,肇事因素個別,肇事因素主要,肇事逃逸,職業,旅次目的,車種,GPS座標X,GPS座標Y,事故類別
11607,66000,387130000C,(04)23274275,(04)23288582,2023,8,30,16,48,臺中市,南區,0,3,0,7,3,6,50,4,9,1,5,4,6,6,4,4,5,5,5,2,16,20,2,9,5,4,C03,7,6,1,10,2,14,,20,20,1,12,4,C03,120.66615,24.127148,2
11608,66000,387130000C,(04)23274275,(04)23288582,2023,8,30,16,50,臺中市,西屯區,0,1,0,7,1,6,0,3,21,1,5,4,6,6,4,4,10,5,5,2,30,84,2,9,4,1,F01,7,9,7,21,2,15,,84,84,1,4,4,F01,120.609608,24.184261,2
11609,66000,387130000C,(04)23274275,(04)23288582,2023,8,30,16,51,臺中市,西屯區,0,1,0,7,3,6,40,13,8,1,5,4,6,6,4,4,5,4,4,2,12,76,3,10,3,1,B03,7,15,1,8,2,4,,76,76,1,12,4,B03,120.633791,24.163569,2
11610,66000,387130000C,(04)23274275,(04)23288582,2023,8,30,16,52,臺中市,西屯區,0,1,0,7,2,6,50,3,1,1,5,4,6,6,1,1,5,4,5,2,12,40,3,10,2,1,C03,7,7,1,10,2,12,,40,40,1,13,4,C03,120.648493,24.169248,2
11611,66000,387130000C,(04)23274275,(04)23288582,2023,8,30,16,54,臺中市,南屯區,0,1,0,7,3,6,50,4,1,1,5,4,6,6,4,4,10,5,5,2,16,59,3,10,3,1,B02,7,6,1,8,2,8,,59,59,1,13,4,B02,120.651165,24.156135,2
11612,66000,387130000C,(04)23274275,(04)23288582,2023,8,30,16,59,臺中市,大里區,0,2,0,7,3,6,50,4,1,1,5,4,6,1,4,4,5,5,5,2,15,15,2,8,1,1,C03,7,9,1,10,2,11,,15,15,1,13,4,C03,120.700444,24.108847,2
11613,66000,387130000C,(04)23274275,(04)23288582,2023,8,30,17,0,臺中市,南屯區,0,0,0,7,,,50,,,,,,,,,,,,,,17,50,,,,,B03,,,1,,2,,,50,,1,13,4,B03,120.651171,24.152239,3
11614,66000,387130000C,(04)23274275,(04)23288582,2023,8,30,17,0,臺中市,太平區,0,3,0,7,2,6,50,13,19,1,5,4,6,6,4,4,10,5,5,1,3,10,2,9,2,1,C03,7,9,1,10,2,11,,10,10,1,13,4,C03,120.732507,24.116256,2
11615,66000,387130000C,(04)23274275,(04)23288582,2023,8,30,17,0,臺中市,大甲區,0,0,0,7,,,50,,,,,,,,,,,,,,17,86,,,,,,,,,,,,,86,,2,,,,120.64066,24.401356,3
11616,66000,387130000C,(04)23274275,(04)23288582,2023,8,30,17,3,臺中市,西屯區,0,1,0,7,2,6,50,4,1,1,5,4,6,6,1,1,10,5,5,2,16,84,2,9,1,1,F03,7,9,7,21,2,12,,84,84,1,6,4,F03,120.597726,24.17523,2
11617,66000,387130000C,(04)23274275,(04)23288582,2023,8,30,17,4,臺中市,大雅區,0,0,0,7,,,50,,,,,,,,,,,,,,17,8,,,,,B03,,,1,,2,,,8,,1,12,4,B03,120.649241,24.215906,3
11618,66000,387130000C,(04)23274275,(04)23288582,2023,8,30,17,4,臺中市,西屯區,0,0,0,7,,,50,,,,,,,,,,,,,,,49,,,,,B03,,,1,,1,,,49,,1,13,4,B03,120.635931,24.17631,3
11619,66000,387130000C,(04)23274275,(04)23288582,2023,8,30,17,5,臺中市,北區,0,1,0,7,2,9,0,13,21,1,5,4,6,6,4,4,10,5,5,2,18,84,2,9,5,1,C03,7,14,1,10,2,15,,84,84,1,12,4,C03,120.669587,24.172919,2
11620,66000,387130000C,(04)23274275,(04)23288582,2023,8,30,17,10,臺中市,豐原區,0,0,0,7,,,50,,,,,,,,,,,,,,16,11,,,,,C03,,,1,,2,,,11,,1,12,4,C03,120.71043,24.237253,3
11621,66000,387130000C,(04)23274275,(04)23288582,2023,8,30,17,11,臺中市,南區,0,1,0,7,2,6,50,4,1,1,5,4,6,6,3,1,10,5,5,2,16,11,2,9,1,1,C03,7,6,1,10,2,12,,11,11,1,13,4,C03,120.650801,24.109824,2
11622,66000,387130000C,(04)23274275,(04)23288582,2023,8,30,17,15,臺中市,梧棲區,0,0,0,7,,,50,,,,,,,,,,,,,,,59,,,,,B03,,,1,,2,,,59,,1,6,4,B03,120.537135,24.251363,4
11623,66000,387130000C,(04)23274275,(04)23288582,2023,8,30,17,16,臺中市,西區,0,1,0,7,3,6,40,3,1,1,5,4,6,6,1,1,10,5,5,2,13,7,2,7,1,1,C03,7,9,1,10,2,14,,7,7,1,6,4,C03,120.661743,24.16016,2
11624,66000,387130000C,(04)23274275,(04)23288582,2023,8,30,17,16,臺中市,南屯區,0,0,0,7,,,50,,,,,,,,,,,,,,,4,,,,,C03,,,1,,1,,,4,,1,13,4,C03,120.612764,24.13896,3
11625,66000,387130000C,(04)23274275,(04)23288582,2023,8,30,17,18,臺中市,梧棲區,0,0,0,7,,,60,,,,,,,,,,,,,,,59,,,,,B03,,,1,,1,,,59,,1,6,4,B03,120.524629,24.223436,4
11626,66000,387130000C,(04)23274275,(04)23288582,2023,8,30,17,20,臺中市,北屯區,0,0,0,7,,,50,,,,,,,,,,,,,,12,8,,,,,B03,,,1,,2,,,8,,1,13,4,B03,120.666803,24.180192,3
11627,66000,387130000C,(04)23274275,(04)23288582,2023,8,30,17,22,臺中市,南屯區,0,0,0,7,,,40,,,,,,,,,,,,,,,12,,,,,C03,,,1,,2,,,12,12,1,13,4,C03,120.613072,24.14546,3
11628,66000,387130000C,(04)23274275,(04)23288582,2023,8,30,17,22,臺中市,豐原區,0,1,0,6,1,6,50,4,2,1,5,4,6,6,4,4,5,5,4,2,18,84,2,9,1,1,C03,7,9,1,10,2,15,,84,84,1,13,4,C03,120.712878,24.257749,2
11629,66000,387130000C,(04)23274275,(04)23288582,2023,8,30,17,25,臺中市,北屯區,0,0,0,7,,,40,,,,,,,,,,,,,,17,84,,,,,B03,,,1,8,1,,,84,84,1,12,4,B03,120.690389,24.163014,3
11630,66000,387130000C,(04)23274275,(04)23288582,2023,8,30,17,25,臺中市,北屯區,0,1,0,7,3,6,50,13,9,1,5,4,6,6,4,4,5,4,5,2,13,85,2,8,2,1,C03,7,9,1,10,2,11,,85,85,1,12,4,C03,120.74702,24.192973,2
11631,66000,387130000C,(04)23274275,(04)23288582,2023,8,30,17,25,臺中市,烏日區,0,1,0,7,3,6,50,13,9,1,5,4,6,6,4,4,5,5,5,1,13,43,2,8,1,1,C03,7,9,1,10,2,11,,43,43,1,12,4,C03,120.638243,24.105918,2
11632,66000,387130000C,(04)23274275,(04)23288582,2023,8,30,17,25,臺中市,梧棲區,0,1,0,7,2,6,40,3,2,1,5,4,6,6,4,4,1,4,3,1,16,14,3,10,3,1,B12,7,5,1,8,2,2,,14,14,1,6,4,B12,120.527138,24.258544,2
11633,66000,387130000C,(04)23274275,(04)23288582,2023,8,30,17,26,臺中市,東區,0,1,0,7,1,6,50,13,8,1,5,4,6,5,4,4,9,4,4,2,12,8,3,10,3,1,B03,7,9,1,8,2,2,,8,8,1,12,4,B03,120.707489,24.148729,2
11634,66000,387130000C,(04)23274275,(04)23288582,2023,8,30,17,30,臺中市,西屯區,0,0,0,7,,,50,,,,,,,,,,,,,,,84,,,,,B03,,,1,,2,,,84,,1,13,4,B03,120.638688,24.168713,3
11635,66000,387130000C,(04)23274275,(04)23288582,2023,8,30,17,30,臺中市,沙鹿區,0,0,0,7,,,40,,,,,,,,,,,,,,13,7,,,,,C03,,,1,,2,,,7,,1,6,4,C03,120.560525,24.240904,3
11636,66000,387130000C,(04)23274275,(04)23288582,2023,8,30,17,31,臺中市,西屯區,0,0,0,7,,,40,,,,,,,,,,,,,,12,84,,,,,B03,,,1,,1,,,84,,1,12,4,B03,120.638964,24.158755,3
11637,66000,387130000C,(04)23274275,(04)23288582,2023,8,30,17,34,臺中市,龍井區,0,0,0,7,,,30,,,,,,,,,,,,,,,12,,,,,B03,,,1,,2,,,12,12,1,6,4,B03,120.518891,24.220764,3
11638,66000,387130000C,(04)23274275,(04)23288582,2023,8,30,17,35,臺中市,梧棲區,0,0,0,7,,,50,,,,,,,,,,,,,,,59,,,,,B03,,,1,,2,,,59,,1,10,4,B03,120.530069,24.261166,3
11639,66000,387130000C,(04)23274275,(04)23288582,2023,8,30,17,38,臺中市,南屯區,0,0,0,7,,,50,,,,,,,,,,,,,,,58,,,,,B03,,,1,,2,,,58,58,1,12,4,B03,120.640569,24.149877,3
11640,66000,387130000C,(04)23274275,(04)23288582,2023,8,30,17,40,臺中市,大雅區,0,0,0,7,,,30,,,,,,,,,,,,,,,7,,,,,C03,,,1,,2,,,7,,1,12,4,C03,120.663936,24.223611,3
11641,66000,387130000C,(04)23274275,(04)23288582,2023,8,30,17,41,臺中市,沙鹿區,0,0,0,7,,,50,,,,,,,,,,,,,,,50,,,,,C03,,,1,,2,,,50,,1,12,5,C03,120.574295,24.228353,3
11642,66000,387130000C,(04)23274275,(04)23288582,2023,8,30,17,43,臺中市,北屯區,0,1,0,7,2,6,50,13,7,1,5,4,6,6,4,4,1,4,4,2,17,68,3,10,1,1,C03,7,9,1,10,2,16,,68,68,1,12,4,C03,120.686133,24.184544,2
11643,66000,387130000C,(04)23274275,(04)23288582,2023,8,30,17,43,臺中市,西屯區,0,0,0,7,,,30,,,,,,,,,,,,,,14,49,,,,,B01,,,1,,1,,,49,,1,12,4,B01,120.651695,24.162434,3
11644,66000,387130000C,(04)23274275,(04)23288582,2023,8,30,17,45,臺中市,大里區,0,2,0,7,3,6,50,4,1,1,5,4,6,6,4,4,5,4,5,1,18,59,2,9,5,4,C03,7,9,1,10,2,14,,59,59,1,13,4,C03,120.676146,24.115798,2
11645,66000,387130000C,(04)23274275,(04)23288582,2023,8,30,17,47,臺中市,大里區,0,0,0,7,,,50,,,,,,,,,,,,,,,7,,,,,C03,,,1,,2,,,7,,1,12,4,C03,120.688743,24.091363,3
11646,66000,387130000C,(04)23274275,(04)23288582,2023,8,30,17,47,臺中市,烏日區,0,0,0,7,,,50,,,,,,,,,,,,,,12,51,,,,,B03,,,1,,2,,,51,,1,12,4,B03,120.601377,24.107255,3
11647,66000,387130000C,(04)23274275,(04)23288582,2023,8,30,17,47,臺中市,烏日區,0,1,0,7,2,6,50,13,7,1,5,4,6,6,4,4,10,5,5,2,16,45,3,10,3,1,B03,7,11,1,8,2,8,,45,45,1,12,4,B03,120.616288,24.104252,2
11648,66000,387130000C,(04)23274275,(04)23288582,2023,8,30,17,48,臺中市,霧峰區,0,1,0,7,3,9,50,11,9,1,5,4,6,6,4,4,9,5,5,1,26,42,2,1,3,1,B03,7,9,1,8,2,1,,42,42,1,6,4,B03,120.716159,24.04211,2
11649,66000,387130000C,(04)23274275,(04)23288582,2023,8,30,17,51,臺中市,北區,0,1,0,7,1,6,50,4,1,1,5,4,6,6,4,4,10,5,5,2,15,15,2,9,2,1,C03,7,9,1,10,2,11,,15,15,1,12,4,C03,120.668325,24.165612,2
11650,66000,387130000C,(04)23274275,(04)23288582,2023,8,30,17,51,臺中市,北區,0,0,0,7,,,50,,,,,,,,,,,,,,30,84,,,,,B03,,,1,,1,,,84,,1,13,4,B03,120.668259,24.173162,3
11651,66000,387130000C,(04)23274275,(04)23288582,2023,8,30,17,55,臺中市,烏日區,0,1,0,6,1,6,50,3,1,1,5,4,6,6,1,1,5,4,5,1,16,11,3,10,3,1,B12,7,6,1,8,2,1,,11,11,1,12,4,B12,120.659091,24.058737,2
11652,66000,387130000C,(04)23274275,(04)23288582,2023,8,30,17,56,臺中市,西區,0,0,0,7,,,50,,,,,,,,,,,,,,,86,,,,,,,,,,,,,86,,1,,,,120.665251,24.153201,3
11653,66000,387130000C,(04)23274275,(04)23288582,2023,8,30,17,56,臺中市,南屯區,0,1,0,7,2,6,50,4,1,1,5,4,6,6,1,3,10,5,5,2,17,14,2,9,1,1,C03,7,6,1,10,2,12,,14,14,1,13,4,C03,120.647803,24.147741,2
11654,66000,387130000C,(04)23274275,(04)23288582,2023,8,30,17,57,臺中市,西區,0,0,0,7,,,50,,,,,,,,,,,,,,16,11,,,,,B03,,,1,,1,,,11,,1,13,4,B03,120.678011,24.134073,3
11655,66000,387130000C,(04)23274275,(04)23288582,2023,8,30,17,57,臺中市,太平區,0,2,0,7,2,6,50,5,2,1,5,4,6,6,4,4,10,5,5,2,10,41,2,8,6,1,F01,7,9,7,21,10,11,,41,41,1,4,4,F01,120.703823,24.147216,2
11656,66000,387130000C,(04)23274275,(04)23288582,2023,8,30,17,58,臺中市,霧峰區,0,0,0,7,,,80,,,,,,,,,,,,,,,7,,,,,B03,,,1,,2,,,7,,1,13,4,B03,120.685035,24.075322,3
11657,66000,387130000C,(04)23274275,(04)23288582,2023,8,30,17,59,臺中市,西區,0,0,0,7,,,50,,,,,,,,,,,,,,13,84,,,,,B03,,,1,,1,,,84,,1,12,4,B03,120.657307,24.157349,3
11658,66000,387130000C,(04)23274275,(04)23288582,2023,8,30,18,0,臺中市,西屯區,0,1,0,7,1,6,30,11,9,1,5,4,6,6,4,4,10,5,5,2,10,84,3,10,5,4,B03,7,9,1,8,2,8,5,84,84,1,12,4,B03,120.612618,24.16016,2
11659,66000,387130000C,(04)23274275,(04)23288582,2023,8,30,18,4,臺中市,大雅區,0,1,0,7,1,6,50,4,2,1,5,4,6,6,1,1,5,5,5,1,17,84,2,9,2,1,C03,7,9,1,10,2,14,,84,84,1,13,4,C03,120.649223,24.216178,2
11660,66000,387130000C,(04)23274275,(04)23288582,2023,8,30,18,9,臺中市,太平區,0,0,0,7,,,50,,,,,,,,,,,,,,,51,,,,,C03,,,1,,2,,,51,,1,13,4,C03,120.725842,24.133972,3
11661,66000,387130000C,(04)23274275,(04)23288582,2023,8,30,18,10,臺中市,南屯區,0,1,0,7,1,6,50,3,9,1,5,4,6,6,1,1,8,5,5,2,13,7,2,8,1,1,C03,7,9,1,10,2,11,,7,7,1,13,4,C03,120.610001,24.131042,2
11662,66000,387130000C,(04)23274275,(04)23288582,2023,8,30,18,11,臺中市,西屯區,0,0,0,7,,,30,,,,,,,,,,,,,,,119,,,,,,,,,,,,,119,,1,,,,120.605763,24.186554,3
11663,66000,387130000C,(04)23274275,(04)23288582,2023,8,30,18,12,臺中市,北屯區,0,1,0,7,1,6,50,3,1,1,5,4,6,6,4,4,10,5,5,2,16,14,3,10,3,1,B01,7,6,1,4,2,2,,14,14,1,13,4,B01,120.704853,24.169251,2
11664,66000,387130000C,(04)23274275,(04)23288582,2023,8,30,18,12,臺中市,霧峰區,0,0,0,7,,,30,,,,,,,,,,,,,,,8,,,,,B03,,,1,,2,,,8,,1,12,4,B03,120.670025,24.031952,3
11665,66000,387130000C,(04)23274275,(04)23288582,2023,8,30,18,14,臺中市,中區,0,1,0,7,2,6,50,4,1,1,5,4,6,6,1,1,10,5,5,2,16,32,3,10,3,1,B03,7,11,1,8,2,6,,32,32,1,6,4,B03,120.679179,24.147549,2
11666,66000,387130000C,(04)23274275,(04)23288582,2023,8,30,18,15,臺中市,西屯區,0,0,0,7,,,30,,,,,,,,,,,,,,14,49,,,,,B03,,,1,,1,,,49,,1,6,4,B03,120.6473,24.182057,3
11667,66000,387130000C,(04)23274275,(04)23288582,2023,8,30,18,17,臺中市,新社區,0,0,0,7,,,50,,,,,,,,,,,,,,19,84,,,,,B03,,,1,,2,,,84,,1,13,4,B03,120.817203,24.179776,3
11668,66000,387130000C,(04)23274275,(04)23288582,2023,8,30,18,18,臺中市,潭子區,0,0,0,7,,,50,,,,,,,,,,,,,,9,8,,,,,B03,,,1,,2,,,8,,1,12,4,B03,120.700734,24.214641,3
11669,66000,387130000C,(04)23274275,(04)23288582,2023,8,30,18,18,臺中市,南屯區,0,1,0,7,1,6,50,4,1,1,5,4,6,6,2,1,10,5,5,2,17,45,3,10,3,1,B03,7,11,1,10,2,5,,45,45,1,12,4,B03,120.643826,24.151083,2
11670,66000,387130000C,(04)23274275,(04)23288582,2023,8,30,18,18,臺中市,梧棲區,0,0,0,7,,,50,,,,,,,,,,,,,,,50,,,,,B03,,,1,,2,,,50,,1,6,4,B03,120.529659,24.253483,3
11671,66000,387130000C,(04)23274275,(04)23288582,2023,8,30,18,21,臺中市,南屯區,0,0,0,7,,,80,,,,,,,,,,,,,,13,7,,,,,B03,,,1,,1,,,7,,1,13,4,B03,120.623408,24.150636,3
11672,66000,387130000C,(04)23274275,(04)23288582,2023,8,30,18,23,臺中市,北屯區,0,0,0,7,,,50,,,,,,,,,,,,,,17,59,,,,,B03,,,1,,2,,,59,,1,13,4,B03,120.661501,24.18924,3
11673,66000,387130000C,(04)23274275,(04)23288582,2023,8,30,18,23,臺中市,西屯區,0,0,0,7,,,40,,,,,,,,,,,,,,,84,,,,,C03,,,1,,1,,,84,,1,13,4,C03,120.630382,24.162175,3
11674,66000,387130000C,(04)23274275,(04)23288582,2023,8,30,18,24,臺中市,霧峰區,0,0,0,7,,,50,,,,,,,,,,,,,,,14,,,,,C03,,,1,,2,,,14,,1,13,4,C03,120.709122,24.078873,3
11675,66000,387130000C,(04)23274275,(04)23288582,2023,8,30,18,27,臺中市,神岡區,0,0,0,7,,,50,,,,,,,,,,,,,,,40,,,,,B03,,,1,,1,,,40,,1,13,4,B03,120.695841,24.248335,3
11676,66000,387130000C,(04)23274275,(04)23288582,2023,8,30,18,30,臺中市,豐原區,0,0,0,7,,,50,,,,,,,,,,,,,,17,8,,,,,C03,,,1,,2,,,8,,2,12,4,C03,120.729076,24.246435,3
11677,66000,387130000C,(04)23274275,(04)23288582,2023,8,30,18,40,臺中市,西區,0,0,0,7,1,6,50,13,9,1,5,4,6,6,4,4,5,4,5,2,27,58,,,,,B03,,,1,,1,,,58,,1,12,4,B03,120.676727,24.140644,3
11678,66000,387130000C,(04)23274275,(04)23288582,2023,8,30,18,40,臺中市,西區,0,0,0,7,3,6,50,18,24,4,5,4,6,6,4,4,10,5,5,2,9,84,3,10,1,1,B01,7,9,1,4,1,1,,84,84,1,6,4,B01,120.663077,24.156061,3
11679,66000,387130000C,(04)23274275,(04)23288582,2023,8,30,18,40,臺中市,西區,0,1,0,7,1,6,40,3,2,1,5,4,6,6,4,4,1,4,4,2,12,84,3,10,3,1,B03,7,5,1,8,1,2,,84,84,1,6,4,B03,120.658076,24.140272,2
11680,66000,387130000C,(04)23274275,(04)23288582,2023,8,30,18,40,臺中市,北區,0,1,0,7,1,6,0,4,21,1,5,4,6,6,4,4,10,5,5,2,18,84,2,9,1,1,C03,7,9,1,10,2,12,,84,84,1,12,4,C03,120.673509,24.157619,2
11681,66000,387130000C,(04)23274275,(04)23288582,2023,8,30,18,42,臺中市,南屯區,0,1,0,7,1,6,50,5,1,1,5,4,6,6,1,1,5,4,4,2,17,20,3,10,3,1,A12,7,5,1,1,2,2,,20,20,1,13,4,A12,120.612307,24.150673,2
11682,66000,387130000C,(04)23274275,(04)23288582,2023,8,30,18,43,臺中市,清水區,0,1,0,7,1,6,50,13,9,1,5,4,6,6,4,4,8,3,5,1,17,40,3,10,3,1,B03,7,7,1,8,2,2,,40,40,1,12,4,B03,120.574643,24.269036,2
11683,66000,387130000C,(04)23274275,(04)23288582,2023,8,30,18,50,臺中市,南區,0,3,0,7,1,6,50,13,7,1,5,4,6,6,4,4,5,4,5,2,13,84,2,9,1,1,C03,7,9,5,10,2,11,,84,84,1,12,4,C03,120.654167,24.116536,2
11684,66000,387130000C,(04)23274275,(04)23288582,2023,8,30,18,51,臺中市,北區,0,0,0,7,,,50,,,,,,,,,,,,,,17,84,,,,,C03,,,1,,11,,,84,,1,12,4,C03,120.680848,24.158644,3
11685,66000,387130000C,(04)23274275,(04)23288582,2023,8,30,18,54,臺中市,北屯區,0,0,0,7,,,50,,,,,,,,,,,,,,17,59,,,,,B03,,,1,,2,,,59,59,1,12,4,B03,120.707848,24.180406,3
11686,66000,387130000C,(04)23274275,(04)23288582,2023,8,30,18,56,臺中市,北區,0,0,0,7,,,50,,,,,,,,,,,,,,13,7,,,,,B03,,,1,,1,,,7,,1,13,4,B03,120.66655,24.163201,3
11687,66000,387130000C,(04)23274275,(04)23288582,2023,8,30,19,0,臺中市,北屯區,0,0,0,6,,,50,,,,,,,,,,,,,,17,84,,,,,B03,,,,,,,,84,,1,13,4,B03,120.707433,24.172103,3
11688,66000,387130000C,(04)23274275,(04)23288582,2023,8,30,19,6,臺中市,后里區,0,1,0,7,1,6,40,13,8,1,5,4,6,6,4,4,1,4,4,1,12,8,3,10,2,1,C03,7,9,1,10,2,12,,8,8,1,12,4,C03,120.72301,24.288372,2
11689,66000,387130000C,(04)23274275,(04)23288582,2023,8,30,19,7,臺中市,東區,0,0,0,6,,,50,,,,,,,,,,,,,,17,39,,,,,B03,,,1,,2,,,39,,1,13,4,B03,120.685071,24.128924,3
11690,66000,387130000C,(04)23274275,(04)23288582,2023,8,30,19,8,臺中市,潭子區,0,0,0,7,,,60,,,,,,,,,,,,,,13,58,,,,,B03,,,1,,2,,,58,,1,12,4,B03,120.704503,24.2041,3
11691,66000,387130000C,(04)23274275,(04)23288582,2023,8,30,19,12,臺中市,龍井區,0,1,0,7,1,6,30,13,9,1,5,4,6,6,4,4,10,5,5,1,18,59,2,9,1,1,C03,7,9,1,10,2,14,,59,59,1,6,4,C03,120.500444,24.20327,2
11692,66000,387130000C,(04)23274275,(04)23288582,2023,8,30,19,15,臺中市,大雅區,0,1,0,7,1,6,50,4,3,1,5,4,6,6,1,1,8,3,5,1,17,20,3,10,3,1,B03,7,5,1,8,2,2,,20,20,1,12,4,B03,120.651779,24.227995,2
11693,66000,387130000C,(04)23274275,(04)23288582,2023,8,30,19,18,臺中市,西屯區,0,1,0,7,1,6,1,13,9,1,5,4,6,6,4,4,1,4,4,2,17,51,2,9,2,1,C03,7,1,1,10,2,14,,51,51,1,13,4,C03,120.640013,24.165538,2
11694,66000,387130000C,(04)23274275,(04)23288582,2023,8,30,19,20,臺中市,大雅區,0,1,0,7,1,6,30,13,9,4,5,4,6,6,4,4,10,5,5,1,24,59,2,9,2,1,C03,7,9,1,10,2,11,,59,59,1,12,4,C03,120.649551,24.224095,2
11695,66000,387130000C,(04)23274275,(04)23288582,2023,8,30,19,28,臺中市,北屯區,0,0,0,7,,,50,,,,,,,,,,,,,,16,20,,,,,B03,,,1,,1,,,20,20,1,12,4,B03,120.680502,24.180582,3
11696,66000,387130000C,(04)23274275,(04)23288582,2023,8,30,19,35,臺中市,南屯區,0,0,0,7,,,50,,,,,,,,,,,,,,,49,,,,,B03,,,1,,1,,,49,,1,12,4,B03,120.65065,24.148623,3
11697,66000,387130000C,(04)23274275,(04)23288582,2023,8,30,19,40,臺中市,西屯區,0,0,0,7,,,30,,,,,,,,,,,,,,12,84,,,,,B03,,,1,,2,,,84,,1,12,4,B03,120.664118,24.181556,3
11698,66000,387130000C,(04)23274275,(04)23288582,2023,8,30,19,45,臺中市,西區,0,0,0,7,,,50,,,,,,,,,,,,,,,59,,,,,B01,,,1,,2,,,59,,1,6,4,B01,120.672144,24.15123,3
11699,66000,387130000C,(04)23274275,(04)23288582,2023,8,30,19,53,臺中市,南屯區,0,1,0,7,1,6,50,4,1,1,5,4,6,6,1,1,10,5,5,2,17,76,3,10,3,1,B03,7,13,1,8,2,16,,76,76,1,13,4,B03,120.637237,24.151203,2
11700,66000,387130000C,(04)23274275,(04)23288582,2023,8,30,20,0,臺中市,南區,0,0,0,7,1,6,50,13,1,1,5,4,6,6,4,4,10,4,5,2,17,87,3,10,1,1,C03,7,13,1,10,1,12,,87,87,1,12,4,C03,120.65872,24.124264,3
11701,66000,387130000C,(04)23274275,(04)23288582,2023,8,30,20,0,臺中市,北屯區,0,2,0,7,1,6,50,13,9,1,5,4,6,6,4,4,1,4,5,2,13,85,2,9,2,1,C03,7,9,1,10,2,11,,85,85,1,13,4,C03,120.692866,24.171073,2
11702,66000,387130000C,(04)23274275,(04)23288582,2023,8,30,20,6,臺中市,北屯區,0,0,0,7,,,50,,,,,,,,,,,,,,13,59,,,,,B03,,,1,,1,,,59,,1,13,4,B03,120.68313,24.169589,3
11703,66000,387130000C,(04)23274275,(04)23288582,2023,8,30,20,10,臺中市,北屯區,0,0,0,7,,,80,,,,,,,,,,,,,,17,40,,,,,C01,,,1,,1,,,40,,1,12,4,C01,120.68847,24.201012,3
11704,66000,387130000C,(04)23274275,(04)23288582,2023,8,30,20,15,臺中市,北屯區,0,0,0,7,,,50,,,,,,,,,,,,,,13,7,,,,,B03,,,1,,1,,,7,7,1,12,4,B03,120.692815,24.168137,3
11705,66000,387130000C,(04)23274275,(04)23288582,2023,8,30,20,18,臺中市,西屯區,0,1,0,7,1,6,50,3,1,1,5,4,6,6,2,1,10,5,5,2,16,47,3,10,3,1,B03,7,5,1,8,2,5,,47,47,1,12,4,B03,120.659063,24.17088,2
11706,66000,387130000C,(04)23274275,(04)23288582,2023,8,30,20,20,臺中市,大雅區,0,0,0,7,,,30,,,,,,,,,,,,,,,49,,,,,B03,,,1,,2,,,49,,1,12,4,B03,120.641757,24.233432,3
11707,66000,387130000C,(04)23274275,(04)23288582,2023,8,30,20,23,臺中市,東區,0,0,0,7,1,6,50,13,7,1,5,4,6,6,4,4,5,4,5,2,14,49,3,10,1,1,B01,7,2,1,4,2,8,,49,49,1,12,4,B01,120.693938,24.142588,3
11708,66000,387130000C,(04)23274275,(04)23288582,2023,8,30,20,23,臺中市,西屯區,0,0,0,7,,,50,,,,,,,,,,,,,,,84,,,,,B03,,,1,,2,,,84,,1,12,4,B03,120.64447,24.184727,3
11709,66000,387130000C,(04)23274275,(04)23288582,2023,8,30,20,28,臺中市,大肚區,0,0,0,7,,,70,,,,,,,,,,,,,,13,7,,,,,B03,,,1,,2,,,7,,1,6,4,B03,120.553712,24.134188,3
11710,66000,387130000C,(04)23274275,(04)23288582,2023,8,30,20,32,臺中市,西屯區,0,1,0,7,1,6,50,13,7,1,5,4,6,6,4,4,5,5,4,2,17,34,3,10,5,4,B03,7,11,1,8,2,6,,34,34,1,13,4,B03,120.637592,24.172848,2
11711,66000,387130000C,(04)23274275,(04)23288582,2023,8,30,20,35,臺中市,西屯區,0,0,0,7,,,50,,,,,,,,,,,,,,16,47,,,,,B12,,,1,,2,,,47,,1,13,4,B12,120.666725,24.171772,3
11712,66000,387130000C,(04)23274275,(04)23288582,2023,8,30,20,38,臺中市,西屯區,0,0,0,7,,,50,,,,,,,,,,,,,,17,84,,,,,B02,,,1,,1,,,84,,1,12,4,B02,120.64459,24.174637,3
11713,66000,387130000C,(04)23274275,(04)23288582,2023,8,30,20,42,臺中市,沙鹿區,0,0,0,7,,,30,,,,,,,,,,,,,,,49,,,,,B03,,,1,,2,,,49,,1,6,4,B03,120.563054,24.237108,3
11714,66000,387130000C,(04)23274275,(04)23288582,2023,8,30,20,44,臺中市,北區,0,0,0,7,,,50,,,,,,,,,,,,,,13,7,,,,,C03,,,1,,2,,,7,,1,12,4,C03,120.664943,24.165071,4