序號,縣市別代碼,機關代碼,市話,傳真,年,月,日,時,分,縣市,區,死亡數量,受傷數量,2-30,天候,光線,道路類別,速限,道路型態,事故位置,路面鋪裝,路面狀態,路面缺陷,障礙物,視距,號誌種類,號誌動作,分向設施,快車道或一般車道間,快慢車道間,路面邊線,事故類型及型態,主要肇因,受傷程度,主要傷處,保護裝備,行動電話,當事者區分(類別),車輛用途,當事者行動狀態,駕駛資格情形,駕駛執照種類,飲酒情形,車輛撞擊部位最初,車輛撞擊部位其他,肇事因素個別,肇事因素主要,肇事逃逸,職業,旅次目的,車種,GPS座標X,GPS座標Y,事故類別
11715,66000,387130000C,(04)23274275,(04)23288582,2023,8,30,20,50,臺中市,大肚區,0,0,0,7,,,70,,,,,,,,,,,,,,13,84,,,,,B03,,,1,,2,,,84,84,1,6,4,B03,120.554002,24.133471,3
11716,66000,387130000C,(04)23274275,(04)23288582,2023,8,30,20,52,臺中市,豐原區,0,0,0,7,,,60,,,,,,,,,,,,,,13,7,,,,,B03,,,1,,2,,,7,,1,12,4,B03,120.720668,24.264257,3
11717,66000,387130000C,(04)23274275,(04)23288582,2023,8,30,20,58,臺中市,沙鹿區,0,1,0,6,1,6,50,11,9,1,5,4,6,2,4,4,5,5,5,2,16,39,3,10,3,1,A41,7,6,1,1,2,4,,39,39,1,12,4,A41,120.586991,24.247124,2
11718,66000,387130000C,(04)23274275,(04)23288582,2023,8,30,21,4,臺中市,南區,0,0,0,7,1,6,,13,8,1,5,4,6,6,4,4,9,5,4,2,17,86,,,,,,,,,,,,,86,86,1,,,,120.65265,24.108901,3
11719,66000,387130000C,(04)23274275,(04)23288582,2023,8,30,21,28,臺中市,北屯區,0,1,0,7,1,6,50,4,1,1,5,4,6,6,4,4,10,5,5,2,15,12,3,10,3,1,B03,7,9,1,8,4,1,,12,12,1,13,4,B03,120.719908,24.174948,2
11720,66000,387130000C,(04)23274275,(04)23288582,2023,8,30,21,35,臺中市,東區,0,0,0,6,,,50,,,,,,,,,,,,,,14,49,,,,,B03,,,1,,2,,,49,,1,13,4,B03,120.70158,24.138909,3
11721,66000,387130000C,(04)23274275,(04)23288582,2023,8,30,21,42,臺中市,西區,0,1,0,7,1,6,50,4,1,1,5,3,6,6,4,4,10,5,5,2,15,15,2,9,2,1,C03,7,9,5,19,2,12,,15,15,1,13,4,C03,120.668198,24.147337,2
11722,66000,387130000C,(04)23274275,(04)23288582,2023,8,30,21,58,臺中市,西區,0,1,0,7,1,6,50,3,1,1,5,4,6,6,1,1,10,5,5,2,23,59,2,9,3,1,B01,7,5,1,8,2,1,,59,59,1,12,4,B01,120.665649,24.140111,2
11723,66000,387130000C,(04)23274275,(04)23288582,2023,8,30,22,15,臺中市,西屯區,0,1,0,7,1,6,40,3,2,1,5,4,6,6,2,1,1,3,1,1,17,84,3,10,3,1,B03,7,7,1,8,2,1,,84,84,1,13,4,B03,120.651816,24.186501,2
11724,66000,387130000C,(04)23274275,(04)23288582,2023,8,30,22,16,臺中市,南區,0,0,0,7,,,50,,,,,,,,,,,,,,,7,,,,,B03,,,1,,2,,,7,,1,12,4,B03,120.674602,24.127934,3
11725,66000,387130000C,(04)23274275,(04)23288582,2023,8,30,22,25,臺中市,西區,0,0,0,7,,,40,,,,,,,,,,,,,,17,21,,,,,C03,,,1,,1,,,21,,1,12,4,C03,120.665649,24.135153,3
11726,66000,387130000C,(04)23274275,(04)23288582,2023,8,30,22,30,臺中市,南屯區,0,1,0,7,1,6,50,13,9,1,5,4,6,6,4,4,7,5,5,2,18,59,2,9,2,1,C03,7,9,1,10,9,14,,59,59,1,12,4,C03,120.645832,24.129526,2
11727,66000,387130000C,(04)23274275,(04)23288582,2023,8,30,22,50,臺中市,南屯區,0,1,0,7,2,6,40,12,8,1,5,4,6,6,4,4,3,4,4,2,18,59,2,9,6,1,F02,7,9,7,21,2,14,,59,59,1,13,4,F02,120.589976,24.142095,2
11728,66000,387130000C,(04)23274275,(04)23288582,2023,8,30,22,53,臺中市,北區,0,1,0,7,1,6,50,11,7,1,5,4,6,6,4,4,1,4,4,2,20,84,2,9,1,1,C03,7,9,1,10,2,14,,84,84,1,12,4,C03,120.682891,24.145819,2
11729,66000,387130000C,(04)23274275,(04)23288582,2023,8,30,22,57,臺中市,西屯區,0,0,0,7,,,30,,,,,,,,,,,,,,12,84,,,,,B03,,,1,,1,,,84,,1,12,4,B03,120.646289,24.182836,3
11730,66000,387130000C,(04)23274275,(04)23288582,2023,8,30,23,5,臺中市,北區,0,0,0,7,,,40,,,,,,,,,,,,,,14,49,,,,,B03,,,1,,2,,,49,49,1,12,4,B03,120.675512,24.170355,3
11731,66000,387130000C,(04)23274275,(04)23288582,2023,8,30,23,5,臺中市,西屯區,0,2,0,7,1,6,50,3,1,1,5,4,6,6,1,1,10,5,5,2,9,10,3,10,5,4,B03,7,6,3,19,2,8,,10,10,1,13,4,B03,120.63827,24.167665,2
11732,66000,387130000C,(04)23274275,(04)23288582,2023,8,31,0,10,臺中市,豐原區,0,1,0,7,1,6,50,13,9,1,5,4,6,6,4,4,4,1,5,1,17,45,3,10,3,1,B03,7,11,1,8,5,7,,45,45,1,12,4,B03,120.721444,24.239235,2
11733,66000,387130000C,(04)23274275,(04)23288582,2023,8,31,0,46,臺中市,南屯區,0,1,0,7,1,6,50,13,9,1,5,4,6,6,4,4,1,4,5,2,13,61,2,8,1,2,C03,7,9,1,10,2,11,,61,61,1,12,4,C03,120.646662,24.148791,2
11734,66000,387130000C,(04)23274275,(04)23288582,2023,8,31,1,32,臺中市,東區,0,0,0,7,2,6,40,13,8,1,5,4,5,6,4,4,9,5,4,2,30,78,3,10,4,1,C02,7,13,1,9,2,14,,78,78,1,12,2,C02,120.703927,24.142831,3
11735,66000,387130000C,(04)23274275,(04)23288582,2023,8,31,3,37,臺中市,后里區,0,1,0,7,1,6,40,13,8,1,5,4,6,6,4,4,1,4,5,2,30,55,2,9,1,1,C03,7,9,1,10,2,11,,55,55,1,6,4,C03,120.723059,24.284555,2
11736,66000,387130000C,(04)23274275,(04)23288582,2023,8,31,3,50,臺中市,北屯區,0,3,0,7,2,6,50,4,1,1,5,4,6,6,1,1,1,5,4,2,15,24,2,9,3,1,B03,7,9,1,8,2,2,,24,24,1,13,4,B03,120.685806,24.175757,2
11737,66000,387130000C,(04)23274275,(04)23288582,2023,8,31,4,43,臺中市,大肚區,0,0,0,7,,,50,,,,,,,,,,,,,,18,5,,,,,B11,,,1,,2,,,5,,1,6,4,B11,120.543682,24.159439,3
11738,66000,387130000C,(04)23274275,(04)23288582,2023,8,31,6,2,臺中市,梧棲區,0,2,0,7,3,6,40,3,1,1,5,4,6,6,4,4,1,4,1,1,13,59,2,9,1,1,C03,7,9,1,10,2,11,,59,59,1,6,4,C03,120.534255,24.250543,2
11739,66000,387130000C,(04)23274275,(04)23288582,2023,8,31,6,5,臺中市,南屯區,0,0,0,7,,,50,,,,,,,,,,,,,,,51,,,,,B03,,,1,,1,,,51,,1,13,4,B03,120.63423,24.144422,3
11740,66000,387130000C,(04)23274275,(04)23288582,2023,8,31,6,33,臺中市,大雅區,0,1,0,7,1,6,50,13,9,1,5,4,6,6,1,1,5,5,5,1,17,59,3,10,3,1,B03,7,9,1,8,2,1,,59,59,1,13,4,B03,120.654637,24.229118,2
11741,66000,387130000C,(04)23274275,(04)23288582,2023,8,31,6,40,臺中市,北屯區,0,1,0,7,1,6,50,4,2,1,5,4,6,6,4,4,5,4,5,2,15,12,3,10,3,1,B03,7,9,3,19,2,5,,12,12,1,13,4,B03,120.680502,24.180582,2
11742,66000,387130000C,(04)23274275,(04)23288582,2023,8,31,6,41,臺中市,西屯區,0,0,0,7,,,50,,,,,,,,,,,,,,,7,,,,,C03,,,1,,2,,,7,,1,12,4,C03,120.61903,24.17859,3
11743,66000,387130000C,(04)23274275,(04)23288582,2023,8,31,6,45,臺中市,太平區,0,1,0,7,3,6,50,13,9,1,5,4,6,6,4,4,9,5,5,1,16,51,3,10,3,1,B03,7,1,1,8,2,4,,51,51,1,12,4,B03,120.715591,24.114891,2
11744,66000,387130000C,(04)23274275,(04)23288582,2023,8,31,6,46,臺中市,北屯區,0,0,0,7,,,50,,,,,,,,,,,,,,13,84,,,,,B03,,,1,,1,,,84,84,1,13,4,B03,120.747625,24.194661,3
11745,66000,387130000C,(04)23274275,(04)23288582,2023,8,31,6,46,臺中市,豐原區,0,0,0,7,2,6,50,3,2,1,5,4,6,6,4,4,1,3,4,1,13,7,3,10,3,1,B03,7,5,1,8,2,12,,7,7,1,12,4,B03,120.732867,24.246644,3
11746,66000,387130000C,(04)23274275,(04)23288582,2023,8,31,6,54,臺中市,西屯區,0,2,0,7,2,6,50,13,8,1,5,4,6,6,4,4,1,4,1,2,13,84,2,9,1,1,C03,7,9,1,10,2,11,,84,84,1,13,4,C03,120.637449,24.186748,2
11747,66000,387130000C,(04)23274275,(04)23288582,2023,8,31,6,59,臺中市,霧峰區,0,2,0,7,2,6,40,13,12,1,5,4,6,6,4,4,5,4,4,1,17,58,3,10,5,4,B03,7,5,1,6,2,2,,58,58,1,12,4,B03,120.699216,24.068843,2
11748,66000,387130000C,(04)23274275,(04)23288582,2023,8,31,7,0,臺中市,北屯區,0,0,0,7,,,30,,,,,,,,,,,,,,17,8,,,,,B12,,,1,,1,,,8,8,1,12,4,B12,120.690124,24.164391,4
11749,66000,387130000C,(04)23274275,(04)23288582,2023,8,31,7,5,臺中市,大雅區,0,0,0,7,,,50,,,,,,,,,,,,,,,58,,,,,B03,,,1,,1,,,58,,1,12,4,B03,120.658571,24.220379,3
11750,66000,387130000C,(04)23274275,(04)23288582,2023,8,31,7,10,臺中市,太平區,0,0,0,7,,,50,,,,,,,,,,,,,,,20,,,,,B03,,,1,,2,,,20,,1,12,4,B03,120.712648,24.145287,3
11751,66000,387130000C,(04)23274275,(04)23288582,2023,8,31,7,12,臺中市,潭子區,0,1,0,7,3,6,50,3,1,1,5,4,6,6,3,1,5,4,5,2,17,7,2,9,2,1,C03,7,9,1,10,2,11,,7,7,1,13,4,C03,120.710482,24.233789,2
11752,66000,387130000C,(04)23274275,(04)23288582,2023,8,31,7,13,臺中市,南屯區,0,1,0,7,2,6,60,4,2,1,5,4,6,6,1,1,1,4,5,2,13,59,3,10,3,1,B03,7,9,1,8,2,1,,59,59,1,6,4,B03,120.623386,24.14975,2
11753,66000,387130000C,(04)23274275,(04)23288582,2023,8,31,7,15,臺中市,西區,0,0,0,7,,,50,,,,,,,,,,,,,,,84,,,,,B03,,,1,,1,,,84,,1,13,4,B03,120.66086,24.158557,3
11754,66000,387130000C,(04)23274275,(04)23288582,2023,8,31,7,15,臺中市,太平區,0,0,0,7,,,50,,,,,,,,,,,,,,,7,,,,,C03,,,1,,2,,,7,7,1,12,4,C03,120.74511,24.158403,3
11755,66000,387130000C,(04)23274275,(04)23288582,2023,8,31,7,15,臺中市,沙鹿區,0,0,0,7,,,40,,,,,,,,,,,,,,,8,,,,,B03,,,1,,1,,,8,,1,6,4,B03,120.560022,24.233111,3
11756,66000,387130000C,(04)23274275,(04)23288582,2023,8,31,7,15,臺中市,沙鹿區,0,1,0,7,1,6,50,4,1,1,5,4,6,6,2,1,10,5,5,2,12,40,3,10,3,1,B03,7,7,1,8,1,2,,40,40,1,6,4,B03,120.559324,24.236441,2
11757,66000,387130000C,(04)23274275,(04)23288582,2023,8,31,7,19,臺中市,北屯區,0,1,0,6,2,6,50,13,9,1,5,4,6,6,4,4,1,4,5,2,13,7,2,8,1,1,C03,7,9,1,10,2,11,,7,7,1,12,4,C03,120.680771,24.172981,2
11758,66000,387130000C,(04)23274275,(04)23288582,2023,8,31,7,20,臺中市,北區,0,1,0,6,2,6,50,4,2,1,5,4,6,6,1,1,5,4,5,2,13,7,2,9,1,1,C03,7,9,1,10,2,11,,7,7,1,12,4,C03,120.684928,24.159175,2
11759,66000,387130000C,(04)23274275,(04)23288582,2023,8,31,7,20,臺中市,太平區,0,1,0,7,3,6,50,5,1,1,5,4,6,6,1,1,10,5,5,2,16,7,2,9,1,1,C03,7,9,1,8,2,11,,7,7,1,12,4,C03,120.71263,24.1459,2
11760,66000,387130000C,(04)23274275,(04)23288582,2023,8,31,7,22,臺中市,龍井區,0,0,0,7,,,60,,,,,,,,,,,,,,,82,,,,,B03,,,1,,2,,,82,,1,13,4,B03,120.573351,24.187426,3
11761,66000,387130000C,(04)23274275,(04)23288582,2023,8,31,7,23,臺中市,清水區,0,0,0,7,,,60,,,,,,,,,,,,,,,59,,,,,B12,,,1,,1,,,59,59,1,12,4,B12,120.553171,24.29408,4
11762,66000,387130000C,(04)23274275,(04)23288582,2023,8,31,7,25,臺中市,后里區,0,0,0,7,,,50,,,,,,,,,,,,,,12,84,,,,,A11,,,1,,2,,,84,,1,6,4,A11,120.720395,24.321972,3
11763,66000,387130000C,(04)23274275,(04)23288582,2023,8,31,7,30,臺中市,西區,0,0,0,7,,,40,,,,,,,,,,,,,,,84,,,,,B03,,,1,,1,,,84,,1,12,4,B03,120.659642,24.157538,3
11764,66000,387130000C,(04)23274275,(04)23288582,2023,8,31,7,30,臺中市,大里區,0,2,0,7,2,6,40,3,8,1,5,4,6,6,4,4,1,4,4,1,16,5,2,9,1,1,C03,7,9,1,10,2,11,,5,5,1,12,4,C03,120.663106,24.108412,2
11765,66000,387130000C,(04)23274275,(04)23288582,2023,8,31,7,31,臺中市,西屯區,0,0,0,7,,,50,,,,,,,,,,,,,,,84,,,,,B03,,,1,,1,,,84,,1,13,4,B03,120.627664,24.159355,3
11766,66000,387130000C,(04)23274275,(04)23288582,2023,8,31,7,35,臺中市,北區,0,1,0,7,2,6,50,4,2,1,5,4,6,6,1,1,10,5,5,2,13,84,3,10,5,1,B03,7,5,1,8,2,8,,84,84,1,13,4,B03,120.681683,24.155416,2
11767,66000,387130000C,(04)23274275,(04)23288582,2023,8,31,7,36,臺中市,太平區,0,2,0,7,3,6,40,3,1,1,5,4,6,6,4,4,10,5,5,2,13,58,2,9,1,1,C03,7,9,1,10,2,11,,58,58,1,12,4,C03,120.70893,24.129577,2
11768,66000,387130000C,(04)23274275,(04)23288582,2023,8,31,7,36,臺中市,太平區,0,1,0,7,3,6,50,13,9,1,5,4,6,6,4,4,5,5,4,2,13,7,2,9,2,1,C03,7,9,1,10,2,11,,7,7,1,12,4,C03,120.70007,24.151531,2
11769,66000,387130000C,(04)23274275,(04)23288582,2023,8,31,7,40,臺中市,西屯區,0,0,0,7,,,50,,,,,,,,,,,,,,,7,,,,,B03,,,1,,1,,,7,,1,12,4,B03,120.616755,24.185908,3
11770,66000,387130000C,(04)23274275,(04)23288582,2023,8,31,7,41,臺中市,大里區,0,1,0,7,2,6,50,13,9,1,5,4,6,6,1,1,5,5,5,1,13,59,2,9,5,4,C03,7,9,1,10,2,11,,59,59,1,13,4,C03,120.708788,24.083729,2
11771,66000,387130000C,(04)23274275,(04)23288582,2023,8,31,7,42,臺中市,大甲區,0,2,0,7,3,6,50,13,9,1,5,4,6,6,4,4,9,5,4,2,16,87,3,10,3,1,B03,7,11,1,8,2,8,,87,87,1,6,4,B03,120.656073,24.403203,2
11772,66000,387130000C,(04)23274275,(04)23288582,2023,8,31,7,42,臺中市,大甲區,0,1,0,7,3,6,60,4,1,1,5,4,6,6,1,1,10,5,5,2,16,11,3,10,3,1,B12,7,5,1,8,2,6,,11,11,1,6,4,B12,120.639275,24.363288,2
11773,66000,387130000C,(04)23274275,(04)23288582,2023,8,31,7,43,臺中市,清水區,0,0,0,7,,,50,,,,,,,,,,,,,,,7,,,,,B03,,,1,,1,,,7,,1,12,4,B03,120.549382,24.281516,3
11774,66000,387130000C,(04)23274275,(04)23288582,2023,8,31,7,44,臺中市,大雅區,0,0,0,7,2,6,40,13,9,1,5,4,6,6,4,4,10,5,5,2,11,8,,,,,B03,,,1,,1,,,8,,1,12,4,B03,120.641719,24.20834,3
11775,66000,387130000C,(04)23274275,(04)23288582,2023,8,31,7,46,臺中市,北區,0,1,0,6,2,6,50,4,1,1,5,4,6,6,1,1,10,5,5,2,3,10,3,10,3,1,B12,7,6,1,8,2,1,,10,84,1,12,4,B12,120.674905,24.161646,2
11776,66000,387130000C,(04)23274275,(04)23288582,2023,8,31,7,46,臺中市,大里區,0,0,0,7,,,50,,,,,,,,,,,,,,13,7,,,,,C03,,,1,,2,,,7,,1,6,4,C03,120.680648,24.095133,3
11777,66000,387130000C,(04)23274275,(04)23288582,2023,8,31,7,48,臺中市,南屯區,0,1,0,6,3,6,50,4,1,1,5,4,6,6,2,1,10,5,5,2,13,7,3,10,2,1,C03,7,9,1,10,2,12,,7,7,1,13,4,C03,120.634142,24.144307,2
11778,66000,387130000C,(04)23274275,(04)23288582,2023,8,31,7,48,臺中市,烏日區,0,2,0,7,3,6,30,11,9,1,5,4,6,1,4,4,10,5,5,2,11,43,2,9,1,1,C03,7,9,1,10,2,14,12,43,43,1,12,4,C03,120.60573,24.118983,2
11779,66000,387130000C,(04)23274275,(04)23288582,2023,8,31,7,50,臺中市,南區,0,0,0,6,,,50,,,,,,,,,,,,,,17,84,,,,,B03,,,1,,11,,,84,,1,13,4,B03,120.676882,24.132932,3
11780,66000,387130000C,(04)23274275,(04)23288582,2023,8,31,7,50,臺中市,烏日區,0,1,0,6,2,6,30,5,1,1,5,4,6,6,4,4,10,5,5,1,17,84,3,10,3,1,B03,7,5,1,8,4,8,,84,84,1,12,4,B03,120.651389,24.049337,2
11781,66000,387130000C,(04)23274275,(04)23288582,2023,8,31,7,54,臺中市,潭子區,0,2,0,6,2,6,60,3,2,1,5,4,6,6,4,4,1,4,4,1,13,59,2,9,2,1,C03,7,9,1,10,2,11,,59,59,1,13,4,C03,120.705156,24.212231,2
11782,66000,387130000C,(04)23274275,(04)23288582,2023,8,31,7,54,臺中市,大里區,0,1,0,7,2,6,40,4,1,1,5,4,6,6,1,1,10,5,5,2,17,7,3,10,5,4,C03,7,9,1,10,2,11,,7,7,1,12,4,C03,120.688994,24.07815,2
11783,66000,387130000C,(04)23274275,(04)23288582,2023,8,31,7,54,臺中市,沙鹿區,0,1,0,6,2,6,40,4,1,1,5,4,6,6,1,1,10,5,5,2,12,8,3,10,3,1,B03,7,9,1,8,2,6,,8,8,1,12,4,B03,120.564519,24.239298,2
11784,66000,387130000C,(04)23274275,(04)23288582,2023,8,31,7,56,臺中市,太平區,0,0,0,7,,,50,,,,,,,,,,,,,,,7,,,,,C03,,,1,,2,,,7,,1,12,4,C03,120.73041,24.11266,3
11785,66000,387130000C,(04)23274275,(04)23288582,2023,8,31,7,56,臺中市,豐原區,0,2,0,6,2,6,30,4,1,1,5,4,6,1,1,1,1,4,4,1,17,84,2,9,1,1,C03,7,9,1,10,2,11,,84,84,1,13,4,C03,120.705179,24.25518,2
11786,66000,387130000C,(04)23274275,(04)23288582,2023,8,31,7,58,臺中市,南屯區,0,0,0,7,,,40,,,,,,,,,,,,,,,7,,,,,C03,,,1,,1,,,7,,1,12,4,C03,120.613149,24.149658,3
11787,66000,387130000C,(04)23274275,(04)23288582,2023,8,31,7,58,臺中市,霧峰區,0,0,0,7,,,50,,,,,,,,,,,,,,13,59,,,,,B03,,,1,,2,,,59,,1,13,4,B03,120.702638,24.070024,3
11788,66000,387130000C,(04)23274275,(04)23288582,2023,8,31,8,4,臺中市,西屯區,0,0,0,7,,,50,,,,,,,,,,,,,,14,49,,,,,A12,,,1,,1,,,49,,1,13,4,A12,120.603027,24.159499,3
11789,66000,387130000C,(04)23274275,(04)23288582,2023,8,31,8,7,臺中市,北屯區,0,1,0,6,2,6,50,4,1,1,5,4,6,6,4,4,10,5,5,2,15,15,2,9,1,1,C03,7,9,1,10,2,12,,15,15,1,12,4,C03,120.703919,24.181299,2
11790,66000,387130000C,(04)23274275,(04)23288582,2023,8,31,8,8,臺中市,太平區,0,0,0,7,,,50,,,,,,,,,,,,,,,7,,,,,B03,,,1,,2,,,7,,1,12,4,B03,120.724403,24.149206,3
11791,66000,387130000C,(04)23274275,(04)23288582,2023,8,31,8,10,臺中市,豐原區,0,0,0,7,,,50,,,,,,,,,,,,,,13,59,,,,,B03,,,1,,2,,,59,,1,12,4,B03,120.722132,24.272771,3
11792,66000,387130000C,(04)23274275,(04)23288582,2023,8,31,8,11,臺中市,西區,0,0,0,7,,,50,,,,,,,,,,,,,,17,8,,,,,B03,,,1,,2,,,8,,1,12,4,B03,120.665827,24.153365,3
11793,66000,387130000C,(04)23274275,(04)23288582,2023,8,31,8,13,臺中市,大里區,0,0,0,7,,,50,,,,,,,,,,,,,,,7,,,,,B03,,,1,,2,,,7,,1,12,4,B03,120.680743,24.105159,3
11794,66000,387130000C,(04)23274275,(04)23288582,2023,8,31,8,14,臺中市,大里區,0,2,0,6,3,9,30,3,1,1,5,4,6,6,4,4,10,5,5,2,16,13,2,9,1,1,C03,7,5,1,10,2,14,,13,13,1,8,4,C03,120.674558,24.09808,2
11795,66000,387130000C,(04)23274275,(04)23288582,2023,8,31,8,25,臺中市,大甲區,0,0,0,7,,,50,,,,,,,,,,,,,,13,51,,,,,B03,,,1,,2,,,51,51,1,13,4,B03,120.613991,24.333114,3
11796,66000,387130000C,(04)23274275,(04)23288582,2023,8,31,8,27,臺中市,豐原區,0,2,0,6,2,6,50,13,7,1,5,4,6,6,4,4,9,4,4,2,11,84,2,7,1,1,C03,7,11,1,10,2,15,,84,84,1,13,4,C03,120.735668,24.250943,2
11797,66000,387130000C,(04)23274275,(04)23288582,2023,8,31,8,28,臺中市,北區,0,1,0,6,2,6,50,13,9,1,5,4,6,6,4,4,5,4,5,2,16,40,3,10,3,1,B03,7,7,1,8,2,2,,40,40,1,12,4,B03,120.677359,24.167112,2
11798,66000,387130000C,(04)23274275,(04)23288582,2023,8,31,8,31,臺中市,南屯區,0,1,0,7,2,6,50,4,19,1,5,4,6,6,2,1,1,4,5,2,3,10,3,10,5,4,B03,7,6,1,8,2,8,,10,10,1,13,4,B03,120.642301,24.140817,2
11799,66000,387130000C,(04)23274275,(04)23288582,2023,8,31,8,32,臺中市,清水區,0,1,0,7,3,9,30,11,9,1,5,4,6,6,4,4,10,5,5,2,16,41,2,9,1,1,C03,7,6,3,19,2,11,,41,41,1,12,4,C03,120.547609,24.305293,2
11800,66000,387130000C,(04)23274275,(04)23288582,2023,8,31,8,32,臺中市,后里區,0,1,0,6,2,6,40,4,1,1,5,4,6,5,4,4,10,5,5,1,17,85,3,10,2,1,C03,7,14,1,10,2,16,,85,85,1,6,4,C03,120.701983,24.298996,2
11801,66000,387130000C,(04)23274275,(04)23288582,2023,8,31,8,35,臺中市,西屯區,0,0,0,7,,,50,,,,,,,,,,,,,,13,7,,,,,A02,,,1,,1,,,7,,1,12,4,A02,120.640684,24.187075,3
11802,66000,387130000C,(04)23274275,(04)23288582,2023,8,31,8,37,臺中市,北屯區,0,1,0,7,2,6,50,3,2,1,5,4,6,6,4,4,9,4,5,2,12,8,3,10,3,1,B03,7,9,1,8,2,2,,8,8,1,12,4,B03,120.715584,24.174566,2
11803,66000,387130000C,(04)23274275,(04)23288582,2023,8,31,8,38,臺中市,西區,0,0,0,7,,,50,,,,,,,,,,,,,,,7,,,,,C03,,,1,,1,,,7,,1,12,4,C03,120.662609,24.155678,3
11804,66000,387130000C,(04)23274275,(04)23288582,2023,8,31,8,42,臺中市,西區,0,1,0,7,3,6,50,3,1,1,5,4,6,6,4,4,10,5,5,2,12,84,3,10,3,1,B01,7,14,1,4,2,2,,84,84,1,13,4,B01,120.668741,24.152021,2
11805,66000,387130000C,(04)23274275,(04)23288582,2023,8,31,8,43,臺中市,烏日區,0,0,0,7,,,50,,,,,,,,,,,,,,16,48,,,,,C03,,,1,,2,,,48,,1,6,4,C03,120.59397,24.111672,3
11806,66000,387130000C,(04)23274275,(04)23288582,2023,8,31,8,44,臺中市,西屯區,0,0,0,7,,,30,,,,,,,,,,,,,,,84,,,,,C03,,,1,,1,,,84,,1,13,4,C03,120.616277,24.190034,3
11807,66000,387130000C,(04)23274275,(04)23288582,2023,8,31,8,44,臺中市,神岡區,0,0,0,7,,,50,,,,,,,,,,,,,,,49,,,,,B12,,,1,,2,,,49,,1,12,4,B12,120.654405,24.262945,3
11808,66000,387130000C,(04)23274275,(04)23288582,2023,8,31,8,46,臺中市,南區,0,0,0,7,,,50,,,,,,,,,,,,,,,45,,,,,A04,,,1,,2,,,45,,1,12,4,A04,120.663973,24.116563,3
11809,66000,387130000C,(04)23274275,(04)23288582,2023,8,31,8,48,臺中市,西屯區,0,0,0,7,,,80,,,,,,,,,,,,,,,7,,,,,B03,,,1,,1,,,7,,1,12,4,B03,120.634948,24.179291,3
11810,66000,387130000C,(04)23274275,(04)23288582,2023,8,31,8,48,臺中市,西屯區,0,1,0,7,2,6,50,4,19,1,5,4,6,6,2,1,10,5,5,2,2,10,3,10,3,1,B12,7,6,1,8,2,8,,10,10,1,13,4,B12,120.655359,24.158092,2
11811,66000,387130000C,(04)23274275,(04)23288582,2023,8,31,8,49,臺中市,西屯區,0,2,0,7,2,6,50,4,1,1,5,4,6,6,1,1,10,5,5,2,12,84,2,9,5,4,C03,7,1,1,10,1,11,,84,84,1,13,4,C03,120.633749,24.161646,2
11812,66000,387130000C,(04)23274275,(04)23288582,2023,8,31,8,54,臺中市,烏日區,0,0,0,7,,,50,,,,,,,,,,,,,,,7,,,,,B01,,,1,,2,,,7,,1,12,4,B01,120.615632,24.11392,3
11813,66000,387130000C,(04)23274275,(04)23288582,2023,8,31,8,55,臺中市,西屯區,0,2,0,7,2,6,50,13,9,1,5,4,6,6,4,4,1,4,5,2,13,84,2,9,5,4,C03,7,9,1,10,2,11,,84,84,1,13,4,C03,120.646037,24.163778,2
11814,66000,387130000C,(04)23274275,(04)23288582,2023,8,31,8,55,臺中市,龍井區,0,1,0,7,2,6,30,3,1,1,5,4,6,6,4,4,10,5,5,1,16,14,3,10,3,1,B03,7,5,1,8,2,8,,14,14,1,12,4,B03,120.539227,24.206674,2
11815,66000,387130000C,(04)23274275,(04)23288582,2023,8,31,8,57,臺中市,豐原區,0,2,0,7,2,6,50,13,9,1,5,4,6,6,4,4,1,5,5,2,12,26,2,9,1,1,C03,7,6,1,10,2,14,,26,26,1,12,4,C03,120.719948,24.262841,2
11816,66000,387130000C,(04)23274275,(04)23288582,2023,8,31,8,58,臺中市,南區,0,1,0,7,2,6,50,4,1,1,5,4,6,6,1,1,1,4,5,2,13,7,3,10,3,1,B12,7,9,1,8,2,1,,7,7,1,6,4,B12,120.655457,24.115199,2
11817,66000,387130000C,(04)23274275,(04)23288582,2023,8,31,9,5,臺中市,西區,0,2,0,7,2,6,50,13,9,1,5,4,6,6,4,4,5,4,5,2,17,40,2,9,1,1,C03,7,7,1,10,2,12,,40,40,1,12,4,C03,120.676419,24.137948,2
11818,66000,387130000C,(04)23274275,(04)23288582,2023,8,31,9,5,臺中市,大里區,0,0,0,7,,,50,,,,,,,,,,,,,,,8,,,,,C03,,,1,,2,,,8,,1,12,4,C03,120.713393,24.094183,3
11819,66000,387130000C,(04)23274275,(04)23288582,2023,8,31,9,7,臺中市,烏日區,0,0,0,7,,,80,,,,,,,,,,,,,,9,40,,,,,B03,,,1,,2,,,40,,1,6,4,B03,120.616521,24.107356,3
11820,66000,387130000C,(04)23274275,(04)23288582,2023,8,31,9,10,臺中市,西屯區,0,1,0,7,3,6,50,3,1,1,5,4,6,6,1,1,9,4,1,2,12,38,3,10,3,1,B03,7,5,1,8,9,1,,38,38,1,12,4,B03,120.634845,24.160867,2