序號,縣市別代碼,機關代碼,市話,傳真,年,月,日,時,分,縣市,區,死亡數量,受傷數量,2-30,天候,光線,道路類別,速限,道路型態,事故位置,路面鋪裝,路面狀態,路面缺陷,障礙物,視距,號誌種類,號誌動作,分向設施,快車道或一般車道間,快慢車道間,路面邊線,事故類型及型態,主要肇因,受傷程度,主要傷處,保護裝備,行動電話,當事者區分(類別),車輛用途,當事者行動狀態,駕駛資格情形,駕駛執照種類,飲酒情形,車輛撞擊部位最初,車輛撞擊部位其他,肇事因素個別,肇事因素主要,肇事逃逸,職業,旅次目的,車種,GPS座標X,GPS座標Y,事故類別
11821,66000,387130000C,(04)23274275,(04)23288582,2023,8,31,9,12,臺中市,北屯區,0,0,0,7,,,40,,,,,,,,,,,,,,13,78,,,,,C03,,,1,,2,,,78,78,1,6,4,C03,120.68959,24.180155,3
11822,66000,387130000C,(04)23274275,(04)23288582,2023,8,31,9,12,臺中市,西屯區,0,0,0,7,,,50,,,,,,,,,,,,,,,84,,,,,B12,,,1,,1,,,84,,1,13,4,B12,120.636439,24.160617,3
11823,66000,387130000C,(04)23274275,(04)23288582,2023,8,31,9,15,臺中市,西區,0,0,0,7,,,50,,,,,,,,,,,,,,,59,,,,,B03,,,1,,1,,,59,,1,12,4,B03,120.659687,24.157317,4
11824,66000,387130000C,(04)23274275,(04)23288582,2023,8,31,9,19,臺中市,西屯區,0,1,0,7,2,6,40,3,1,1,5,4,6,6,2,1,10,5,5,2,13,7,2,9,1,1,C03,7,9,1,10,2,11,,7,7,1,5,4,C03,120.602633,24.182917,2
11825,66000,387130000C,(04)23274275,(04)23288582,2023,8,31,9,20,臺中市,北區,0,2,0,6,2,6,30,3,1,4,5,4,6,6,1,1,10,5,5,2,12,84,2,9,2,1,C03,7,9,1,10,2,12,,84,84,1,12,4,C03,120.666898,24.158182,2
11826,66000,387130000C,(04)23274275,(04)23288582,2023,8,31,9,23,臺中市,南區,0,1,0,7,2,6,50,13,8,1,5,4,6,6,4,4,1,4,4,2,13,7,3,10,2,1,C03,7,5,1,10,2,11,,7,7,1,6,4,C03,120.657235,24.130665,2
11827,66000,387130000C,(04)23274275,(04)23288582,2023,8,31,9,24,臺中市,梧棲區,0,0,0,7,,,70,,,,,,,,,,,,,,17,59,,,,,B12,,,1,,1,,,59,,1,6,4,B12,120.528296,24.262487,4
11828,66000,387130000C,(04)23274275,(04)23288582,2023,8,31,9,27,臺中市,北屯區,0,1,0,7,2,6,50,4,1,1,5,4,6,6,1,1,10,5,5,2,17,11,2,9,3,1,B03,7,6,1,8,2,6,,11,11,1,12,4,B03,120.723669,24.169548,2
11829,66000,387130000C,(04)23274275,(04)23288582,2023,8,31,9,27,臺中市,大里區,0,0,0,6,,,50,,,,,,,,,,,,,,,8,,,,,B03,,,1,,2,,,8,,1,13,4,B03,120.68465,24.107297,3
11830,66000,387130000C,(04)23274275,(04)23288582,2023,8,31,9,33,臺中市,東區,0,0,0,7,,,50,,,,,,,,,,,,,,16,26,,,,,B03,,,1,,2,,,26,,1,12,4,B03,120.698258,24.128022,3
11831,66000,387130000C,(04)23274275,(04)23288582,2023,8,31,9,33,臺中市,霧峰區,0,1,0,7,2,6,40,5,1,1,5,4,6,6,4,4,5,5,5,1,16,14,3,10,5,4,B03,7,5,1,8,2,2,,14,14,1,13,4,B03,120.684733,24.051138,2
11832,66000,387130000C,(04)23274275,(04)23288582,2023,8,31,9,34,臺中市,神岡區,0,1,0,7,1,6,60,4,1,1,5,4,6,6,1,1,1,4,4,2,13,84,3,10,1,4,C03,7,12,1,10,2,13,,84,84,1,12,4,C03,120.684161,24.246487,2
11833,66000,387130000C,(04)23274275,(04)23288582,2023,8,31,9,39,臺中市,北屯區,0,0,0,7,,,40,,,,,,,,,,,,,,,84,,,,,B03,,,1,,2,,,84,,1,12,4,B03,120.716092,24.167233,3
11834,66000,387130000C,(04)23274275,(04)23288582,2023,8,31,9,41,臺中市,神岡區,0,2,0,7,3,6,50,3,1,1,5,4,6,6,1,1,10,5,5,2,16,20,2,9,6,1,F02,7,6,7,21,2,11,,20,20,1,12,4,F02,120.695515,24.236436,2
11835,66000,387130000C,(04)23274275,(04)23288582,2023,8,31,9,47,臺中市,南屯區,0,0,0,7,,,50,,,,,,,,,,,,,,13,59,,,,,B03,,,1,,1,,,59,,1,6,4,B03,120.633398,24.151821,3
11836,66000,387130000C,(04)23274275,(04)23288582,2023,8,31,9,50,臺中市,東區,0,2,0,7,2,6,50,4,1,1,5,4,6,6,1,1,10,5,5,2,17,7,2,9,2,1,C03,7,9,1,10,2,11,,7,7,1,12,4,C03,120.690418,24.129593,2
11837,66000,387130000C,(04)23274275,(04)23288582,2023,8,31,10,3,臺中市,南區,0,0,0,7,,,50,,,,,,,,,,,,,,13,7,,,,,B03,,,1,,2,,,7,,1,6,4,B03,120.67334,24.130464,3
11838,66000,387130000C,(04)23274275,(04)23288582,2023,8,31,10,3,臺中市,南屯區,0,0,0,7,3,6,50,13,9,1,5,4,6,6,1,1,5,5,5,2,16,20,,,,,C03,,,1,,9,,,20,,2,12,4,C03,120.649877,24.138858,3
11839,66000,387130000C,(04)23274275,(04)23288582,2023,8,31,10,4,臺中市,太平區,0,0,0,7,,,50,,,,,,,,,,,,,,17,68,,,,,B12,,,1,,1,,,68,,1,6,4,B12,120.724497,24.129972,3
11840,66000,387130000C,(04)23274275,(04)23288582,2023,8,31,10,5,臺中市,西屯區,0,2,0,7,2,6,30,3,2,1,5,4,6,6,4,4,10,5,5,2,17,42,2,9,1,4,C03,7,6,1,10,2,14,,42,42,1,13,4,C03,120.647572,24.175982,2
11841,66000,387130000C,(04)23274275,(04)23288582,2023,8,31,10,6,臺中市,北屯區,0,3,0,6,2,6,50,13,7,1,5,4,6,6,4,4,1,4,4,2,13,7,2,9,1,1,C03,7,9,1,10,2,11,,7,7,1,12,2,C03,120.69115,24.162761,2
11842,66000,387130000C,(04)23274275,(04)23288582,2023,8,31,10,6,臺中市,大里區,0,2,0,7,2,6,50,4,1,1,5,4,6,6,3,1,10,5,5,1,15,24,2,9,1,1,C03,7,9,1,10,2,11,,24,24,1,12,4,C03,120.67623,24.114246,2
11843,66000,387130000C,(04)23274275,(04)23288582,2023,8,31,10,6,臺中市,太平區,0,1,0,7,3,6,50,13,9,1,5,4,6,6,4,4,5,5,5,1,16,39,2,8,1,1,C03,7,6,1,10,2,12,,39,39,1,12,4,C03,120.716736,24.124236,2
11844,66000,387130000C,(04)23274275,(04)23288582,2023,8,31,10,9,臺中市,南屯區,0,1,0,6,3,6,40,3,1,1,5,4,6,6,4,4,10,5,5,2,13,7,3,10,5,4,B12,7,7,1,8,2,8,,7,7,1,13,4,B12,120.638113,24.141451,2
11845,66000,387130000C,(04)23274275,(04)23288582,2023,8,31,10,15,臺中市,北屯區,0,2,0,6,3,6,50,13,9,1,5,4,6,6,4,4,10,5,5,2,16,45,2,9,5,4,C03,7,11,1,10,2,12,,45,45,1,13,4,C03,120.675978,24.20152,2
11846,66000,387130000C,(04)23274275,(04)23288582,2023,8,31,10,17,臺中市,北區,0,0,0,6,,,40,,,,,,,,,,,,,,17,59,,,,,B03,,,1,,2,,,59,,1,12,4,B03,120.674128,24.163696,3
11847,66000,387130000C,(04)23274275,(04)23288582,2023,8,31,10,26,臺中市,北屯區,0,0,0,7,,,50,,,,,,,,,,,,,,17,40,,,,,B03,,,1,,1,,,40,40,1,12,4,B03,120.682481,24.194793,3
11848,66000,387130000C,(04)23274275,(04)23288582,2023,8,31,10,26,臺中市,清水區,0,1,0,7,2,6,70,5,2,1,5,4,6,6,1,1,1,2,4,1,13,59,2,7,3,1,B03,7,9,5,19,2,1,,59,59,1,6,4,B03,120.600938,24.310038,2
11849,66000,387130000C,(04)23274275,(04)23288582,2023,8,31,10,40,臺中市,梧棲區,0,0,0,7,,,50,,,,,,,,,,,,,,,119,,,,,,,,,,,,,119,,1,,4,,120.534105,24.266323,3
11850,66000,387130000C,(04)23274275,(04)23288582,2023,8,31,10,44,臺中市,東區,0,1,0,7,2,6,50,4,4,1,5,4,6,6,1,1,10,5,5,2,12,84,2,9,2,1,C03,7,8,1,10,2,14,,84,84,1,6,4,C03,120.689181,24.142982,2
11851,66000,387130000C,(04)23274275,(04)23288582,2023,8,31,10,45,臺中市,東勢區,0,2,0,7,3,6,50,13,9,1,5,4,6,6,4,4,5,5,5,1,17,20,2,9,1,1,C03,7,11,1,10,2,14,,20,20,1,12,4,C03,120.826077,24.260623,2
11852,66000,387130000C,(04)23274275,(04)23288582,2023,8,31,10,48,臺中市,西屯區,0,0,0,7,,,50,,,,,,,,,,,,,,17,84,,,,,B03,,,1,,2,,,84,,1,13,4,B03,120.653228,24.160708,3
11853,66000,387130000C,(04)23274275,(04)23288582,2023,8,31,10,49,臺中市,豐原區,0,0,0,7,,,50,,,,,,,,,,,,,,14,49,,,,,B12,,,1,,2,,,49,,1,12,4,B12,120.744535,24.264695,4
11854,66000,387130000C,(04)23274275,(04)23288582,2023,8,31,10,52,臺中市,大里區,0,1,0,7,3,6,50,13,9,1,5,4,6,6,4,4,5,5,5,1,17,58,2,9,5,4,C03,7,1,1,10,2,11,,58,58,1,12,4,C03,120.700049,24.08922,2
11855,66000,387130000C,(04)23274275,(04)23288582,2023,8,31,10,54,臺中市,梧棲區,0,0,0,7,,,30,,,,,,,,,,,,,,14,49,,,,,B03,,,1,,2,,,49,,1,6,4,B03,120.53685,24.259624,4
11856,66000,387130000C,(04)23274275,(04)23288582,2023,8,31,10,55,臺中市,東區,0,0,0,7,,,50,,,,,,,,,,,,,,,49,,,,,B03,,,1,,2,,,49,,1,12,4,B03,120.705937,24.135002,3
11857,66000,387130000C,(04)23274275,(04)23288582,2023,8,31,10,55,臺中市,沙鹿區,0,2,0,7,2,6,30,11,9,1,5,4,6,6,4,4,10,5,5,2,11,17,2,9,2,1,C03,7,9,1,10,2,15,,17,17,1,13,4,C03,120.569297,24.233542,2
11858,66000,387130000C,(04)23274275,(04)23288582,2023,8,31,10,56,臺中市,南屯區,0,0,0,7,,,40,,,,,,,,,,,,,,,49,,,,,B03,,,1,,1,,,49,,1,12,4,B03,120.631245,24.152381,3
11859,66000,387130000C,(04)23274275,(04)23288582,2023,8,31,10,57,臺中市,中區,0,1,0,7,3,6,50,4,1,1,5,4,6,6,2,1,10,5,5,2,16,84,3,10,3,1,B03,7,5,1,8,2,6,,84,84,1,13,4,B03,120.676551,24.145028,2
11860,66000,387130000C,(04)23274275,(04)23288582,2023,8,31,10,59,臺中市,北區,0,0,0,7,,,50,,,,,,,,,,,,,,12,84,,,,,B03,,,1,,2,,,84,,1,12,4,B03,120.674204,24.165325,3
11861,66000,387130000C,(04)23274275,(04)23288582,2023,8,31,11,0,臺中市,北區,0,0,0,7,,,50,,,,,,,,,,,,,,16,84,,,,,C03,,,1,,1,,,84,,1,13,4,C03,120.679298,24.165404,3
11862,66000,387130000C,(04)23274275,(04)23288582,2023,8,31,11,3,臺中市,潭子區,0,1,0,7,2,6,50,4,1,1,5,4,6,6,4,4,10,5,5,2,16,51,3,10,1,1,C03,7,1,1,10,2,11,,51,51,1,12,4,C03,120.691993,24.219315,2
11863,66000,387130000C,(04)23274275,(04)23288582,2023,8,31,11,5,臺中市,西屯區,0,0,0,7,,,40,,,,,,,,,,,,,,12,50,,,,,B12,,,1,,2,,,50,,1,12,4,B12,120.65563,24.172852,3
11864,66000,387130000C,(04)23274275,(04)23288582,2023,8,31,11,9,臺中市,豐原區,0,1,0,7,2,6,50,4,1,1,5,4,6,6,1,1,10,5,5,2,18,54,2,9,1,1,C03,7,9,1,10,2,12,,54,54,1,13,4,C03,120.70916,24.250305,2
11865,66000,387130000C,(04)23274275,(04)23288582,2023,8,31,11,10,臺中市,南區,0,2,0,6,2,6,50,4,1,1,5,4,6,6,2,1,10,5,5,2,17,85,2,7,5,4,C03,7,9,1,10,2,11,,85,85,1,13,4,C03,120.658228,24.117583,2
11866,66000,387130000C,(04)23274275,(04)23288582,2023,8,31,11,10,臺中市,大甲區,0,1,0,7,3,6,50,13,9,1,5,4,6,6,4,4,5,5,5,1,13,84,3,10,3,1,A02,7,9,1,6,2,1,,84,84,1,6,4,A02,120.627748,24.346823,2
11867,66000,387130000C,(04)23274275,(04)23288582,2023,8,31,11,14,臺中市,后里區,0,1,0,6,1,6,50,4,1,1,5,4,6,6,1,1,10,5,5,2,12,59,2,9,1,1,F03,7,9,7,21,2,11,,59,59,1,4,4,F03,120.72203,24.307815,2
11868,66000,387130000C,(04)23274275,(04)23288582,2023,8,31,11,17,臺中市,南區,0,1,0,7,2,6,50,4,1,1,5,4,6,6,3,1,10,5,5,2,15,24,3,10,3,1,B03,7,9,1,8,2,1,,24,24,1,13,4,B03,120.656523,24.120586,2
11869,66000,387130000C,(04)23274275,(04)23288582,2023,8,31,11,18,臺中市,北區,0,0,0,7,,,50,,,,,,,,,,,,,,12,40,,,,,B03,,,1,,1,,,40,,1,13,4,B03,120.672339,24.170855,3
11870,66000,387130000C,(04)23274275,(04)23288582,2023,8,31,11,18,臺中市,東勢區,0,1,0,7,2,6,60,3,9,1,5,4,6,6,1,2,4,3,5,1,12,8,3,10,3,1,B12,7,9,1,7,2,2,,8,8,1,13,4,B12,120.838335,24.215938,2
11871,66000,387130000C,(04)23274275,(04)23288582,2023,8,31,11,22,臺中市,太平區,0,2,0,7,3,6,50,3,1,1,5,4,6,6,3,1,10,5,5,2,16,11,2,9,2,1,C03,7,6,1,10,2,11,,11,11,1,6,4,C03,120.730003,24.10992,2
11872,66000,387130000C,(04)23274275,(04)23288582,2023,8,31,11,23,臺中市,北屯區,0,0,0,7,,,40,,,,,,,,,,,,,,9,82,,,,,B03,,,1,,2,,,82,82,1,6,4,B03,120.673689,24.192402,3
11873,66000,387130000C,(04)23274275,(04)23288582,2023,8,31,11,24,臺中市,龍井區,0,0,0,7,,,50,,,,,,,,,,,,,,,59,,,,,B03,,,1,,2,,,59,,1,12,4,B03,120.549526,24.208581,3
11874,66000,387130000C,(04)23274275,(04)23288582,2023,8,31,11,28,臺中市,龍井區,0,1,0,7,3,6,50,3,2,1,5,4,6,6,4,4,10,5,5,2,12,2,2,9,5,4,C03,7,4,1,10,2,14,,2,2,1,6,4,C03,120.523566,24.206773,2
11875,66000,387130000C,(04)23274275,(04)23288582,2023,8,31,11,30,臺中市,南屯區,0,0,0,7,,,50,,,,,,,,,,,,,,,7,,,,,C03,,,1,,1,,,7,,1,13,4,C03,120.639759,24.141604,3
11876,66000,387130000C,(04)23274275,(04)23288582,2023,8,31,11,30,臺中市,北屯區,0,0,0,7,,,30,,,,,,,,,,,,,,,84,,,,,B03,,,1,,2,,,84,84,1,12,4,B03,120.691298,24.177209,3
11877,66000,387130000C,(04)23274275,(04)23288582,2023,8,31,11,31,臺中市,潭子區,0,1,0,6,3,6,40,13,8,1,5,4,6,6,4,4,5,4,4,2,17,51,3,10,2,1,C03,7,1,1,10,2,16,,51,51,1,13,4,C03,120.706417,24.204774,2
11878,66000,387130000C,(04)23274275,(04)23288582,2023,8,31,11,35,臺中市,北屯區,0,1,0,7,2,6,40,3,1,1,5,4,6,6,4,4,10,5,5,2,17,14,3,10,1,1,C03,7,6,1,10,2,12,,14,14,1,12,4,C03,120.667523,24.178233,2
11879,66000,387130000C,(04)23274275,(04)23288582,2023,8,31,11,38,臺中市,東區,0,1,0,7,2,6,40,13,12,1,5,4,6,6,1,1,5,4,4,2,13,7,2,9,2,1,C03,7,9,1,10,2,11,,7,7,1,12,4,C03,120.706773,24.148811,2
11880,66000,387130000C,(04)23274275,(04)23288582,2023,8,31,11,38,臺中市,南屯區,0,2,0,7,2,6,30,3,1,1,5,4,6,6,4,4,5,5,4,2,16,4,2,7,2,1,C03,7,6,1,10,2,11,,4,4,1,6,4,C03,120.625972,24.113169,2
11881,66000,387130000C,(04)23274275,(04)23288582,2023,8,31,11,41,臺中市,西屯區,0,2,0,7,2,6,50,13,7,1,5,4,6,6,4,4,3,4,4,2,17,84,3,10,3,1,B12,7,9,1,8,2,1,,84,84,1,13,4,B12,120.654197,24.201769,2
11882,66000,387130000C,(04)23274275,(04)23288582,2023,8,31,11,42,臺中市,北區,0,0,0,6,,,50,,,,,,,,,,,,,,13,59,,,,,B03,,,1,,1,,,59,,1,12,4,B03,120.684369,24.164985,3
11883,66000,387130000C,(04)23274275,(04)23288582,2023,8,31,11,44,臺中市,西區,0,0,0,7,,,50,,,,,,,,,,,,,,,49,,,,,B03,,,1,,2,,,49,,1,12,4,B03,120.666317,24.141687,3
11884,66000,387130000C,(04)23274275,(04)23288582,2023,8,31,11,45,臺中市,大里區,0,2,0,6,3,6,50,4,1,1,5,4,6,6,1,1,10,5,5,2,12,48,2,7,1,1,C03,7,6,1,10,2,14,,48,48,1,13,4,C03,120.687406,24.102241,2
11885,66000,387130000C,(04)23274275,(04)23288582,2023,8,31,11,49,臺中市,北屯區,0,0,0,7,,,50,,,,,,,,,,,,,,13,59,,,,,B03,,,1,,2,,,59,59,1,12,4,B03,120.687678,24.171873,3
11886,66000,387130000C,(04)23274275,(04)23288582,2023,8,31,11,53,臺中市,東勢區,0,2,0,7,3,6,50,13,9,1,5,4,6,6,4,4,5,5,5,1,17,20,2,9,2,1,C04,7,1,5,19,2,11,,20,20,1,12,4,C04,120.829444,24.254948,2
11887,66000,387130000C,(04)23274275,(04)23288582,2023,8,31,11,59,臺中市,西屯區,0,1,0,6,2,6,50,4,9,1,5,4,6,6,2,1,5,5,5,2,17,84,3,10,3,1,B03,7,6,1,8,2,8,,84,84,1,13,4,B03,120.623958,24.185497,2
11888,66000,387130000C,(04)23274275,(04)23288582,2023,8,31,12,0,臺中市,西區,0,1,0,7,2,6,50,4,1,1,5,4,6,6,2,1,10,5,5,2,17,11,3,10,3,1,B03,7,5,1,8,1,2,,11,11,1,12,4,B03,120.663775,24.154648,2
11889,66000,387130000C,(04)23274275,(04)23288582,2023,8,31,12,0,臺中市,西區,0,1,0,7,3,6,30,3,1,1,5,4,6,6,4,4,10,5,5,2,16,14,3,10,3,1,B03,7,6,1,8,2,5,,14,14,1,6,4,B03,120.667486,24.151974,2
11890,66000,387130000C,(04)23274275,(04)23288582,2023,8,31,12,3,臺中市,北屯區,0,0,0,7,,,40,,,,,,,,,,,,,,,84,,,,,A12,,,1,,9,,,84,,1,12,4,A12,120.686582,24.201323,3
11891,66000,387130000C,(04)23274275,(04)23288582,2023,8,31,12,5,臺中市,太平區,0,0,0,7,,,50,,,,,,,,,,,,,,16,47,,,,,B03,,,1,,2,,,47,,1,12,4,B03,120.722776,24.131913,3
11892,66000,387130000C,(04)23274275,(04)23288582,2023,8,31,12,7,臺中市,霧峰區,0,0,0,7,,,70,,,,,,,,,,,,,,,72,,,,,A12,,,1,,11,,,72,,1,6,4,A12,120.662944,24.059883,3
11893,66000,387130000C,(04)23274275,(04)23288582,2023,8,31,12,18,臺中市,大里區,0,1,0,7,2,6,50,3,1,1,5,4,6,6,4,4,10,5,5,1,3,58,3,10,1,1,C03,7,9,1,10,2,11,,58,58,1,12,4,C03,120.686028,24.114467,2
11894,66000,387130000C,(04)23274275,(04)23288582,2023,8,31,12,25,臺中市,大肚區,0,0,0,7,,,50,,,,,,,,,,,,,,,59,,,,,B03,,,1,,2,,,59,,1,12,4,B03,120.546146,24.146801,3
11895,66000,387130000C,(04)23274275,(04)23288582,2023,8,31,12,29,臺中市,太平區,0,0,0,7,,,50,,,,,,,,,,,,,,,49,,,,,C03,,,1,,2,,,49,,1,12,4,C03,120.71608,24.148813,3
11896,66000,387130000C,(04)23274275,(04)23288582,2023,8,31,12,30,臺中市,北區,0,1,0,7,2,6,50,13,9,1,5,4,6,6,4,4,5,4,5,2,17,76,3,10,5,1,B03,7,13,1,8,2,8,,76,76,1,13,4,B03,120.686404,24.147603,2
11897,66000,387130000C,(04)23274275,(04)23288582,2023,8,31,12,31,臺中市,大肚區,0,0,0,7,,,50,,,,,,,,,,,,,,,47,,,,,A11,,,1,,2,,,47,,1,6,4,A11,120.572294,24.120618,3
11898,66000,387130000C,(04)23274275,(04)23288582,2023,8,31,12,33,臺中市,豐原區,0,1,0,6,2,6,50,13,7,1,5,4,6,6,1,1,5,5,4,2,12,8,3,10,3,1,B03,7,9,1,8,2,5,,8,8,1,13,4,B03,120.695698,24.240128,2
11899,66000,387130000C,(04)23274275,(04)23288582,2023,8,31,12,36,臺中市,西屯區,0,0,0,5,,,50,,,,,,,,,,,,,,,20,,,,,B03,,,1,,1,,,20,,1,13,4,B03,120.642037,24.16071,3
11900,66000,387130000C,(04)23274275,(04)23288582,2023,8,31,12,38,臺中市,大里區,0,0,0,7,,,50,,,,,,,,,,,,,,12,20,,,,,B03,,,1,,2,,,20,,1,6,4,B03,120.687063,24.104915,3
11901,66000,387130000C,(04)23274275,(04)23288582,2023,8,31,12,40,臺中市,沙鹿區,0,0,0,7,2,6,50,4,9,1,5,4,6,6,1,1,1,3,4,2,13,7,,,,,B03,,,1,,2,,,7,,1,11,4,B03,120.558909,24.231247,3
11902,66000,387130000C,(04)23274275,(04)23288582,2023,8,31,12,43,臺中市,豐原區,0,2,0,7,2,6,50,4,1,1,5,4,6,6,1,1,5,5,5,2,15,21,2,9,1,1,C03,7,9,3,19,2,11,,21,21,1,6,4,C03,120.722571,24.255914,2
11903,66000,387130000C,(04)23274275,(04)23288582,2023,8,31,12,44,臺中市,西屯區,0,0,0,5,,,50,,,,,,,,,,,,,,,84,,,,,A12,,,1,,2,,,84,,1,12,4,A12,120.61449,24.186671,3
11904,66000,387130000C,(04)23274275,(04)23288582,2023,8,31,12,46,臺中市,西區,0,1,0,6,3,6,50,5,1,1,5,4,6,6,1,1,10,5,5,2,12,48,2,9,1,1,C03,7,6,1,10,2,14,,48,48,1,13,4,C03,120.670051,24.150839,2
11905,66000,387130000C,(04)23274275,(04)23288582,2023,8,31,12,47,臺中市,后里區,0,2,0,7,1,6,30,4,1,1,5,4,6,6,4,4,10,5,5,2,15,6,2,9,1,1,C03,7,9,1,10,2,11,,6,6,1,12,4,C03,120.726023,24.305467,2
11906,66000,387130000C,(04)23274275,(04)23288582,2023,8,31,12,55,臺中市,北區,0,0,0,5,,,50,,,,,,,,,,,,,,13,84,,,,,B03,,,1,,2,,,84,,1,12,4,B03,120.673106,24.167215,3
11907,66000,387130000C,(04)23274275,(04)23288582,2023,8,31,13,2,臺中市,西屯區,0,1,0,5,2,6,40,13,8,1,4,4,6,6,4,4,5,4,4,2,17,51,3,10,5,4,C03,7,1,1,10,2,13,14,51,51,1,13,4,C03,120.639737,24.161208,2
11908,66000,387130000C,(04)23274275,(04)23288582,2023,8,31,13,3,臺中市,大肚區,0,0,0,7,,,30,,,,,,,,,,,,,,,49,,,,,B03,,,1,,2,,,49,,1,13,4,B03,120.576458,24.170445,3
11909,66000,387130000C,(04)23274275,(04)23288582,2023,8,31,13,9,臺中市,中區,0,0,0,7,,,50,,,,,,,,,,,,,,,84,,,,,B12,,,1,,1,,,84,,1,12,4,B12,120.684804,24.14194,3
11910,66000,387130000C,(04)23274275,(04)23288582,2023,8,31,13,12,臺中市,豐原區,0,0,0,7,,,30,,,,,,,,,,,,,,14,49,,,,,B03,,,1,,2,,,49,,1,13,4,B03,120.732299,24.276094,3
11911,66000,387130000C,(04)23274275,(04)23288582,2023,8,31,13,40,臺中市,西屯區,0,1,0,7,3,6,30,4,1,1,5,4,6,6,4,4,9,5,5,2,15,15,2,9,1,1,C03,7,9,1,10,2,12,,15,15,1,12,4,C03,120.617688,24.187751,2
11912,66000,387130000C,(04)23274275,(04)23288582,2023,8,31,13,44,臺中市,西屯區,0,1,0,7,2,6,50,13,7,1,5,4,6,6,4,4,3,4,4,2,17,84,3,10,3,1,B03,7,9,1,8,2,1,,84,84,1,13,4,B03,120.661022,24.172349,2
11913,66000,387130000C,(04)23274275,(04)23288582,2023,8,31,13,44,臺中市,西屯區,0,1,0,5,2,6,50,13,9,1,4,4,6,6,4,4,1,4,5,2,18,84,2,9,1,1,C03,7,8,1,10,2,14,,84,84,1,13,4,C03,120.654598,24.168,2
11914,66000,387130000C,(04)23274275,(04)23288582,2023,8,31,13,48,臺中市,東勢區,0,1,0,7,3,6,50,4,9,1,5,4,6,6,1,1,5,5,5,1,17,21,2,9,2,1,C03,7,9,1,10,2,11,,21,21,1,12,4,C03,120.826393,24.260347,2
11915,66000,387130000C,(04)23274275,(04)23288582,2023,8,31,13,53,臺中市,東區,0,1,0,5,2,6,50,4,1,1,4,4,6,6,4,4,10,5,5,2,15,15,3,10,3,1,B03,7,9,1,8,2,1,,15,15,1,12,4,B03,120.69079,24.143117,2
11916,66000,387130000C,(04)23274275,(04)23288582,2023,8,31,13,59,臺中市,南屯區,0,0,0,7,,,50,,,,,,,,,,,,,,,86,,,,,,,,,,,,,86,,1,,,,120.632787,24.138706,3
11917,66000,387130000C,(04)23274275,(04)23288582,2023,8,31,14,0,臺中市,中區,0,1,0,5,3,6,50,4,1,1,4,4,6,6,4,4,10,5,5,2,18,58,2,9,1,1,C03,7,9,1,10,2,14,,58,58,1,12,4,C03,120.677819,24.145231,2
11918,66000,387130000C,(04)23274275,(04)23288582,2023,8,31,14,6,臺中市,北區,0,0,0,7,,,40,,,,,,,,,,,,,,9,8,,,,,B11,,,1,,1,,,8,,1,13,4,B11,120.68344,24.168375,4
11919,66000,387130000C,(04)23274275,(04)23288582,2023,8,31,14,6,臺中市,北區,0,0,0,7,,,50,,,,,,,,,,,,,,,51,,,,,B03,,,1,,1,,,51,,1,13,4,B03,120.677187,24.16726,3
11920,66000,387130000C,(04)23274275,(04)23288582,2023,8,31,14,10,臺中市,南屯區,0,1,0,6,3,6,50,4,1,1,4,4,6,6,1,1,10,5,5,2,12,8,3,10,3,1,B03,7,9,1,8,2,2,,8,8,1,13,4,B03,120.632554,24.145113,2
11921,66000,387130000C,(04)23274275,(04)23288582,2023,8,31,14,10,臺中市,豐原區,0,1,0,7,2,6,50,13,8,1,5,4,6,6,4,4,1,4,4,2,16,87,3,10,5,4,B03,7,5,1,8,2,2,,87,87,1,12,4,B03,120.719494,24.258162,2
11922,66000,387130000C,(04)23274275,(04)23288582,2023,8,31,14,16,臺中市,北屯區,0,1,0,6,3,6,40,13,8,1,5,4,6,6,4,4,1,4,4,2,12,84,3,10,5,4,B03,7,9,1,8,2,2,,84,84,1,13,4,B03,120.66383,24.186193,2
11923,66000,387130000C,(04)23274275,(04)23288582,2023,8,31,14,19,臺中市,北區,0,0,0,7,,,50,,,,,,,,,,,,,,13,84,,,,,B03,,,5,,2,,,84,,1,12,4,B03,120.684903,24.167702,3
11924,66000,387130000C,(04)23274275,(04)23288582,2023,8,31,14,20,臺中市,南區,0,0,0,7,,,50,,,,,,,,,,,,,,30,119,,,,,,,,,,,,,119,,1,,,,120.671891,24.121087,3
11925,66000,387130000C,(04)23274275,(04)23288582,2023,8,31,14,23,臺中市,北屯區,0,0,0,5,,,50,,,,,,,,,,,,,,,84,,,,,B12,,,1,,1,,,84,,1,12,4,B12,120.692576,24.162831,3
11926,66000,387130000C,(04)23274275,(04)23288582,2023,8,31,14,24,臺中市,西屯區,0,0,0,7,,,30,,,,,,,,,,,,,,,49,,,,,B11,,,1,,1,,,49,,1,13,4,B11,120.638064,24.171066,3