序號,縣市別代碼,機關代碼,市話,傳真,年,月,日,時,分,縣市,區,死亡數量,受傷數量,2-30,天候,光線,道路類別,速限,道路型態,事故位置,路面鋪裝,路面狀態,路面缺陷,障礙物,視距,號誌種類,號誌動作,分向設施,快車道或一般車道間,快慢車道間,路面邊線,事故類型及型態,主要肇因,受傷程度,主要傷處,保護裝備,行動電話,當事者區分(類別),車輛用途,當事者行動狀態,駕駛資格情形,駕駛執照種類,飲酒情形,車輛撞擊部位最初,車輛撞擊部位其他,肇事因素個別,肇事因素主要,肇事逃逸,職業,旅次目的,車種,GPS座標X,GPS座標Y,事故類別
11927,66000,387130000C,(04)23274275,(04)23288582,2023,8,31,14,28,臺中市,南屯區,1,0,0,6,2,6,50,13,7,1,5,4,6,6,4,4,9,4,4,2,9,84,3,10,3,1,B12,7,9,1,7,2,8,,84,84,1,13,4,B12,120.620988,24.132333,1
11928,66000,387130000C,(04)23274275,(04)23288582,2023,8,31,14,29,臺中市,西區,0,1,0,5,2,6,50,4,1,1,4,4,6,6,1,1,10,5,5,2,16,11,2,9,2,1,C03,7,5,1,10,2,12,,11,11,1,6,4,C03,120.666736,24.141067,2
11929,66000,387130000C,(04)23274275,(04)23288582,2023,8,31,14,33,臺中市,南屯區,0,0,0,7,,,50,,,,,,,,,,,,,,12,40,,,,,A41,,,1,,1,,,40,,1,6,4,A41,120.608732,24.151187,3
11930,66000,387130000C,(04)23274275,(04)23288582,2023,8,31,14,34,臺中市,神岡區,0,1,0,6,3,6,50,13,9,1,5,4,6,6,4,4,5,5,5,1,13,7,2,9,2,1,C03,7,9,1,10,2,11,,7,7,1,13,4,C03,120.695867,24.250565,2
11931,66000,387130000C,(04)23274275,(04)23288582,2023,8,31,14,40,臺中市,南屯區,0,0,0,6,3,6,40,13,8,1,5,4,6,6,4,4,5,5,4,2,12,59,,,,,C03,,,1,,1,,,87,59,1,12,4,C03,120.625845,24.112349,3
11932,66000,387130000C,(04)23274275,(04)23288582,2023,8,31,14,43,臺中市,西區,0,0,0,5,,,50,,,,,,,,,,,,,,,39,,,,,B03,,,1,,1,,,39,,1,6,4,B03,120.665768,24.13927,3
11933,66000,387130000C,(04)23274275,(04)23288582,2023,8,31,14,43,臺中市,北區,0,0,0,5,,,50,,,,,,,,,,,,,,13,7,,,,,B03,,,1,,1,,,7,,1,13,4,B03,120.678412,24.151257,3
11934,66000,387130000C,(04)23274275,(04)23288582,2023,8,31,14,50,臺中市,西區,0,0,0,6,,,50,,,,,,,,,,,,,,,84,,,,,B03,,,1,,1,,,84,,1,13,4,B03,120.673711,24.14843,3
11935,66000,387130000C,(04)23274275,(04)23288582,2023,8,31,14,53,臺中市,太平區,0,0,0,5,,,40,,,,,,,,,,,,,,14,49,,,,,C03,,,1,,2,,,49,,1,6,4,C03,120.720816,24.13055,3
11936,66000,387130000C,(04)23274275,(04)23288582,2023,8,31,14,54,臺中市,南屯區,0,0,0,7,,,50,,,,,,,,,,,,,,,85,,,,,B03,,,1,,1,,,85,,1,12,4,B03,120.647109,24.13726,3
11937,66000,387130000C,(04)23274275,(04)23288582,2023,8,31,14,55,臺中市,中區,0,0,0,5,,,50,,,,,,,,,,,,,,,40,,,,,A02,,,1,,2,,,40,40,1,12,4,A02,120.681022,24.143859,3
11938,66000,387130000C,(04)23274275,(04)23288582,2023,8,31,14,55,臺中市,大安區,0,0,0,5,,,30,,,,,,,,,,,,,,,84,,,,,B02,,,1,,2,,,84,,1,12,4,B02,120.605294,24.350066,3
11939,66000,387130000C,(04)23274275,(04)23288582,2023,8,31,14,56,臺中市,東區,0,2,0,5,2,6,50,4,1,1,4,4,6,6,1,1,10,5,5,2,16,11,2,9,2,1,C03,7,6,1,10,2,14,,11,11,1,6,4,C03,120.70447,24.142728,2
11940,66000,387130000C,(04)23274275,(04)23288582,2023,8,31,14,59,臺中市,北屯區,0,0,0,5,,,40,,,,,,,,,,,,,,,84,,,,,B12,,,1,,1,,,84,84,1,12,4,B12,120.68338,24.16944,3
11941,66000,387130000C,(04)23274275,(04)23288582,2023,8,31,14,59,臺中市,西屯區,0,0,0,7,,,50,,,,,,,,,,,,,,,35,,,,,B03,,,1,,2,,,35,,1,12,4,B03,120.641018,24.167806,3
11942,66000,387130000C,(04)23274275,(04)23288582,2023,8,31,15,6,臺中市,西屯區,0,0,0,7,,,50,,,,,,,,,,,,,,,84,,,,,C03,,,1,,1,,,84,,1,13,4,C03,120.654874,24.165662,3
11943,66000,387130000C,(04)23274275,(04)23288582,2023,8,31,15,8,臺中市,東區,0,1,0,5,1,6,50,5,5,1,4,4,6,6,1,1,9,4,5,2,12,47,3,10,3,1,B12,7,5,1,8,9,2,,47,47,2,12,4,B12,120.693452,24.133073,2
11944,66000,387130000C,(04)23274275,(04)23288582,2023,8,31,15,22,臺中市,北區,0,0,0,6,,,50,,,,,,,,,,,,,,13,84,,,,,B03,,,1,,2,,,84,,1,12,4,B03,120.677303,24.151254,3
11945,66000,387130000C,(04)23274275,(04)23288582,2023,8,31,15,23,臺中市,北屯區,0,1,0,6,3,6,50,4,1,1,5,4,6,6,2,1,10,5,5,2,16,11,3,10,3,1,B03,7,6,1,10,2,8,,11,11,1,13,4,B03,120.690454,24.176881,2
11946,66000,387130000C,(04)23274275,(04)23288582,2023,8,31,15,26,臺中市,西區,0,0,0,5,,,50,,,,,,,,,,,,,,14,49,,,,,B12,,,1,,1,,,49,,1,12,4,B12,120.663605,24.133984,3
11947,66000,387130000C,(04)23274275,(04)23288582,2023,8,31,15,27,臺中市,太平區,0,1,0,7,3,6,30,3,1,1,5,4,6,6,4,4,10,5,5,2,16,14,3,10,3,1,B12,7,6,1,8,2,1,,14,14,1,12,4,B12,120.717537,24.118877,2
11948,66000,387130000C,(04)23274275,(04)23288582,2023,8,31,15,27,臺中市,梧棲區,0,0,0,7,,,30,,,,,,,,,,,,,,,14,,,,,B03,,,1,,1,,,14,14,1,12,4,B03,120.547342,24.228642,3
11949,66000,387130000C,(04)23274275,(04)23288582,2023,8,31,15,35,臺中市,東勢區,0,0,0,7,,,30,,,,,,,,,,,,,,13,84,,,,,B12,,,1,,2,,,84,,1,12,4,B12,120.878174,24.236462,3
11950,66000,387130000C,(04)23274275,(04)23288582,2023,8,31,15,41,臺中市,西區,0,0,0,5,,,30,,,,,,,,,,,,,,,86,,,,,,,,,,,,,86,,1,,,,120.659444,24.155602,3
11951,66000,387130000C,(04)23274275,(04)23288582,2023,8,31,15,41,臺中市,霧峰區,0,0,0,6,,,50,,,,,,,,,,,,,,,59,,,,,B03,,,1,,2,,,59,59,1,6,4,B03,120.697592,24.068704,3
11952,66000,387130000C,(04)23274275,(04)23288582,2023,8,31,15,42,臺中市,北屯區,0,0,0,7,,,50,,,,,,,,,,,,,,,84,,,,,B03,,,1,,1,,,84,,1,12,4,B03,120.689109,24.163217,3
11953,66000,387130000C,(04)23274275,(04)23288582,2023,8,31,15,45,臺中市,南屯區,0,0,0,5,,,50,,,,,,,,,,,,,,17,51,,,,,A12,,,1,,2,,,51,,1,13,4,A12,120.641192,24.128531,3
11954,66000,387130000C,(04)23274275,(04)23288582,2023,8,31,15,46,臺中市,梧棲區,0,0,0,5,,,60,,,,,,,,,,,,,,,59,,,,,B03,,,1,,1,,,59,59,1,12,4,B03,120.53912,24.256453,3
11955,66000,387130000C,(04)23274275,(04)23288582,2023,8,31,15,48,臺中市,東區,0,0,0,5,,,50,,,,,,,,,,,,,,12,8,,,,,B03,,,1,,2,,,8,,1,13,4,B03,120.694423,24.14277,3
11956,66000,387130000C,(04)23274275,(04)23288582,2023,8,31,15,48,臺中市,豐原區,0,1,0,5,2,6,50,4,1,1,4,4,6,6,3,1,10,5,5,2,18,59,2,9,5,4,C03,7,6,1,10,2,12,,59,59,1,12,4,C03,120.726511,24.245591,2
11957,66000,387130000C,(04)23274275,(04)23288582,2023,8,31,15,49,臺中市,北區,0,1,0,5,3,6,50,3,2,1,4,4,6,6,4,4,10,5,5,2,18,59,2,9,5,4,C03,7,9,1,10,2,14,,59,59,1,13,4,C03,120.68924,24.147401,2
11958,66000,387130000C,(04)23274275,(04)23288582,2023,8,31,15,53,臺中市,北區,0,0,0,7,,,50,,,,,,,,,,,,,,13,7,,,,,B03,,,1,,1,,,7,,1,12,4,B03,120.672214,24.171206,3
11959,66000,387130000C,(04)23274275,(04)23288582,2023,8,31,15,53,臺中市,西屯區,0,0,0,7,,,60,,,,,,,,,,,,,,,84,,,,,B03,,,1,,1,,,84,,1,13,4,B03,120.630352,24.162941,3
11960,66000,387130000C,(04)23274275,(04)23288582,2023,8,31,15,56,臺中市,北屯區,0,1,0,6,3,6,50,3,7,1,5,4,6,6,1,1,1,4,4,1,18,85,2,9,2,1,C03,7,9,1,10,2,16,,85,85,1,12,4,C03,120.709699,24.164769,2
11961,66000,387130000C,(04)23274275,(04)23288582,2023,8,31,16,0,臺中市,大雅區,0,2,0,5,3,6,50,13,7,1,4,4,6,6,4,4,8,5,4,1,17,20,2,9,1,1,C03,7,11,1,10,2,13,,20,20,1,12,4,C03,120.651024,24.216717,2
11962,66000,387130000C,(04)23274275,(04)23288582,2023,8,31,16,4,臺中市,西屯區,0,1,0,5,1,6,50,13,9,1,4,4,6,6,2,1,1,2,5,2,18,84,2,9,5,4,C03,7,12,1,10,2,14,,84,84,1,12,4,C03,120.627727,24.172059,2
11963,66000,387130000C,(04)23274275,(04)23288582,2023,8,31,16,5,臺中市,大甲區,0,0,0,7,,,30,,,,,,,,,,,,,,,58,,,,,B03,,,1,,1,,,58,,1,12,4,B03,120.61584,24.349692,3
11964,66000,387130000C,(04)23274275,(04)23288582,2023,8,31,16,8,臺中市,西屯區,0,0,0,7,,,70,,,,,,,,,,,,,,23,84,,,,,B03,,,1,,1,,,84,,1,12,4,B03,120.624383,24.178531,3
11965,66000,387130000C,(04)23274275,(04)23288582,2023,8,31,16,10,臺中市,北屯區,0,0,0,7,,,50,,,,,,,,,,,,,,,40,,,,,B03,,,1,,2,,,40,,1,12,4,B03,120.671321,24.193079,3
11966,66000,387130000C,(04)23274275,(04)23288582,2023,8,31,16,10,臺中市,西屯區,0,0,0,7,,,50,,,,,,,,,,,,,,,40,,,,,B03,,,1,,1,,,40,40,1,12,4,B03,120.644268,24.171377,3
11967,66000,387130000C,(04)23274275,(04)23288582,2023,8,31,16,10,臺中市,后里區,0,0,0,5,1,6,30,13,9,1,4,4,3,3,4,4,10,5,5,2,14,49,,,,,B03,,,1,,2,,,49,,1,12,4,B03,120.72283,24.292976,3
11968,66000,387130000C,(04)23274275,(04)23288582,2023,8,31,16,12,臺中市,太平區,0,0,0,5,,,50,,,,,,,,,,,,,,8,58,,,,,C03,,,3,,2,,,58,,1,6,4,C03,120.713857,24.125009,3
11969,66000,387130000C,(04)23274275,(04)23288582,2023,8,31,16,12,臺中市,大肚區,0,2,0,7,2,6,50,4,1,1,5,4,6,6,2,1,10,5,5,2,17,51,3,10,3,1,B11,7,1,1,4,2,5,,51,51,1,12,4,B11,120.544328,24.154567,2
11970,66000,387130000C,(04)23274275,(04)23288582,2023,8,31,16,12,臺中市,沙鹿區,0,0,0,7,,,40,,,,,,,,,,,,,,,45,,,,,B03,,,1,,2,,,45,,1,12,4,B03,120.56838,24.254733,3
11971,66000,387130000C,(04)23274275,(04)23288582,2023,8,31,16,16,臺中市,北區,0,1,0,6,2,6,40,5,1,1,5,4,6,6,1,1,10,5,5,2,16,48,2,9,2,1,C03,7,6,1,10,2,13,,48,48,1,13,4,C03,120.670534,24.155762,2
11972,66000,387130000C,(04)23274275,(04)23288582,2023,8,31,16,16,臺中市,南區,0,0,0,5,,,50,,,,,,,,,,,,,,17,85,,,,,B03,,,1,8,2,,,85,85,1,13,4,B03,120.683702,24.12373,3
11973,66000,387130000C,(04)23274275,(04)23288582,2023,8,31,16,18,臺中市,梧棲區,0,1,0,5,1,6,50,3,1,1,4,4,6,6,1,1,10,5,5,1,17,51,2,9,5,4,C03,7,1,3,19,2,15,,51,51,1,12,4,C03,120.541983,24.244209,2
11974,66000,387130000C,(04)23274275,(04)23288582,2023,8,31,16,23,臺中市,北屯區,0,0,0,5,,,50,,,,,,,,,,,,,,9,40,,,,,A42,,,1,,1,,,40,40,1,6,4,A42,120.686661,24.191796,4
11975,66000,387130000C,(04)23274275,(04)23288582,2023,8,31,16,26,臺中市,北區,0,1,0,6,2,6,50,4,1,1,5,4,6,6,1,1,1,2,5,2,17,84,2,9,1,1,C03,7,9,1,10,2,11,14,84,84,1,12,4,C03,120.685574,24.153539,2
11976,66000,387130000C,(04)23274275,(04)23288582,2023,8,31,16,27,臺中市,潭子區,0,2,0,5,2,6,50,4,1,1,4,4,6,6,2,1,10,5,5,2,16,20,3,10,3,1,B02,7,5,1,8,2,2,,20,20,1,12,4,B02,120.700783,24.210212,2
11977,66000,387130000C,(04)23274275,(04)23288582,2023,8,31,16,28,臺中市,烏日區,0,0,0,7,,,50,,,,,,,,,,,,,,,50,,,,,B03,,,1,,2,,,50,,1,12,4,B03,120.641192,24.10859,3
11978,66000,387130000C,(04)23274275,(04)23288582,2023,8,31,16,30,臺中市,大雅區,0,0,0,5,,,50,,,,,,,,,,,,,,,51,,,,,B03,,,1,,2,,,51,,1,12,4,B03,120.649712,24.226981,3
11979,66000,387130000C,(04)23274275,(04)23288582,2023,8,31,16,30,臺中市,北區,0,0,0,6,,,50,,,,,,,,,,,,,,,47,,,,,B12,,,1,,2,,,47,,1,13,4,B12,120.668782,24.155785,3
11980,66000,387130000C,(04)23274275,(04)23288582,2023,8,31,16,30,臺中市,豐原區,0,1,0,5,2,6,30,4,1,1,4,4,6,6,1,1,10,5,5,2,15,21,3,10,3,1,B03,7,9,1,8,2,5,,21,21,1,13,4,B03,120.700356,24.235164,2
11981,66000,387130000C,(04)23274275,(04)23288582,2023,8,31,16,31,臺中市,大雅區,0,0,0,5,,,30,,,,,,,,,,,,,,17,41,,,,,B03,,,1,,2,,,41,,1,12,4,B03,120.650113,24.208714,3
11982,66000,387130000C,(04)23274275,(04)23288582,2023,8,31,16,37,臺中市,北區,0,0,0,6,,,30,,,,,,,,,,,,,,14,49,,,,,B13,,,1,,2,,,49,,1,12,4,B13,120.689441,24.148002,3
11983,66000,387130000C,(04)23274275,(04)23288582,2023,8,31,16,38,臺中市,南區,0,0,0,6,,,50,,,,,,,,,,,,,,17,84,,,,,F01,,,1,,11,,,84,,1,13,1,F01,120.65549,24.11442,3
11984,66000,387130000C,(04)23274275,(04)23288582,2023,8,31,16,39,臺中市,西區,0,0,0,5,,,50,,,,,,,,,,,,,,,84,,,,,B03,,,1,,1,,,84,,1,13,4,B03,120.65899,24.15514,3
11985,66000,387130000C,(04)23274275,(04)23288582,2023,8,31,16,42,臺中市,潭子區,0,0,0,5,,,50,,,,,,,,,,,,,,,59,,,,,B03,,,1,,3,,,59,,1,13,4,B03,120.679882,24.206323,3
11986,66000,387130000C,(04)23274275,(04)23288582,2023,8,31,16,42,臺中市,北屯區,0,1,0,6,2,6,50,3,1,1,5,4,6,6,4,4,1,4,5,2,16,20,3,10,3,1,B03,7,5,1,8,2,2,,20,20,1,12,4,B03,120.693172,24.171196,2
11987,66000,387130000C,(04)23274275,(04)23288582,2023,8,31,16,47,臺中市,潭子區,0,0,0,5,,,50,,,,,,,,,,,,,,,39,,,,,B01,,,1,,2,,,39,,1,13,4,B01,120.709422,24.200329,3
11988,66000,387130000C,(04)23274275,(04)23288582,2023,8,31,16,49,臺中市,西屯區,0,0,0,7,,,30,,,,,,,,,,,,,,9,93,,,,,B12,,,1,,1,,,93,,1,13,4,B12,120.646875,24.200332,3
11989,66000,387130000C,(04)23274275,(04)23288582,2023,8,31,16,50,臺中市,大雅區,0,1,0,5,3,6,50,13,8,1,4,4,6,6,4,4,1,3,4,1,17,7,2,9,1,1,C03,7,9,1,10,2,15,,7,7,1,12,4,C03,120.649624,24.213048,2
11990,66000,387130000C,(04)23274275,(04)23288582,2023,8,31,16,55,臺中市,西區,0,0,0,5,,,50,,,,,,,,,,,,,,13,59,,,,,B02,,,1,,1,,,59,59,1,12,4,B02,120.661561,24.152168,3
11991,66000,387130000C,(04)23274275,(04)23288582,2023,8,31,16,57,臺中市,豐原區,0,0,0,5,2,6,50,13,7,1,4,4,6,6,4,4,9,4,4,2,12,20,3,10,5,4,B03,7,5,1,8,2,2,2,20,20,1,12,4,B03,120.726694,24.250942,3
11992,66000,387130000C,(04)23274275,(04)23288582,2023,8,31,17,4,臺中市,南區,0,1,0,7,1,6,50,13,9,1,5,4,6,6,4,4,9,4,5,2,16,48,3,10,3,1,B02,7,6,1,8,2,1,,48,48,1,12,4,B02,120.65165,24.110122,2
11993,66000,387130000C,(04)23274275,(04)23288582,2023,8,31,17,5,臺中市,大雅區,0,0,0,5,,,50,,,,,,,,,,,,,,,7,,,,,B12,,,1,,2,,,7,,1,11,4,B12,120.629215,24.20815,3
11994,66000,387130000C,(04)23274275,(04)23288582,2023,8,31,17,5,臺中市,中區,0,0,0,5,,,50,,,,,,,,,,,,,,,59,,,,,B03,,,1,,1,,,59,,1,6,4,B03,120.681159,24.14491,3
11995,66000,387130000C,(04)23274275,(04)23288582,2023,8,31,17,5,臺中市,南屯區,0,1,0,5,2,6,40,4,9,1,4,4,6,6,2,1,5,4,4,2,17,84,2,9,1,1,C03,7,9,1,10,2,16,,84,84,1,12,4,C03,120.63334,24.149622,2
11996,66000,387130000C,(04)23274275,(04)23288582,2023,8,31,17,6,臺中市,南屯區,0,0,0,5,,,50,,,,,,,,,,,,,,11,42,,,,,B02,,,1,,1,,,42,,1,12,4,B02,120.638391,24.151464,3
11997,66000,387130000C,(04)23274275,(04)23288582,2023,8,31,17,6,臺中市,北屯區,0,1,0,5,3,6,30,13,9,1,3,4,6,6,1,1,1,4,5,1,16,20,3,10,3,1,B12,7,5,1,8,2,2,,20,20,1,12,4,B12,120.680055,24.201583,2
11998,66000,387130000C,(04)23274275,(04)23288582,2023,8,31,17,8,臺中市,北屯區,0,0,0,5,,,40,,,,,,,,,,,,,,17,49,,,,,B03,,,1,,1,,,49,,1,13,4,B03,120.685347,24.18997,3
11999,66000,387130000C,(04)23274275,(04)23288582,2023,8,31,17,10,臺中市,西屯區,0,0,0,5,,,40,,,,,,,,,,,,,,,85,,,,,C03,,,1,,9,,,85,,1,13,4,C03,120.657575,24.167808,3
12000,66000,387130000C,(04)23274275,(04)23288582,2023,8,31,17,11,臺中市,中區,0,1,0,6,1,6,50,4,19,1,4,4,6,6,1,1,10,5,5,2,3,10,3,10,3,1,B03,7,6,1,8,2,8,,10,10,1,6,4,B03,120.678757,24.141681,2
12001,66000,387130000C,(04)23274275,(04)23288582,2023,8,31,17,11,臺中市,西屯區,0,0,0,7,,,50,,,,,,,,,,,,,,,84,,,,,C03,,,1,,2,,,84,,1,12,4,C03,120.594859,24.191065,3
12002,66000,387130000C,(04)23274275,(04)23288582,2023,8,31,17,11,臺中市,豐原區,0,1,0,5,2,6,50,3,19,1,4,4,6,6,2,1,10,5,5,2,1,10,3,10,5,4,B03,7,6,1,8,2,1,,10,10,1,12,4,B03,120.700868,24.249244,2
12003,66000,387130000C,(04)23274275,(04)23288582,2023,8,31,17,12,臺中市,潭子區,0,1,0,5,2,6,50,4,1,1,4,4,6,6,4,4,10,5,5,2,17,59,2,9,2,1,C03,7,9,1,10,2,14,,59,59,1,12,4,C03,120.701587,24.211833,2
12004,66000,387130000C,(04)23274275,(04)23288582,2023,8,31,17,13,臺中市,南區,0,0,0,7,,,50,,,,,,,,,,,,,,,84,,,,,B03,,,1,,2,,,84,,1,12,4,B03,120.646758,24.118433,3
12005,66000,387130000C,(04)23274275,(04)23288582,2023,8,31,17,13,臺中市,豐原區,0,1,0,6,2,6,50,4,2,1,4,4,6,6,1,1,10,5,5,2,18,84,2,9,1,1,C03,7,9,1,10,2,12,,84,84,1,13,4,C03,120.71882,24.251677,2
12006,66000,387130000C,(04)23274275,(04)23288582,2023,8,31,17,15,臺中市,潭子區,0,0,0,5,,,50,,,,,,,,,,,,,,30,47,,,,,B02,,,1,,2,,,47,,1,13,4,B02,120.701369,24.223037,3
12007,66000,387130000C,(04)23274275,(04)23288582,2023,8,31,17,15,臺中市,西區,0,1,0,5,1,6,50,4,1,1,4,4,6,6,1,1,10,5,5,2,16,11,3,10,3,1,B03,7,6,1,8,2,1,,11,11,1,12,4,B03,120.661673,24.150865,2
12008,66000,387130000C,(04)23274275,(04)23288582,2023,8,31,17,15,臺中市,北屯區,0,1,0,7,2,6,50,4,2,1,4,4,6,6,1,1,10,5,5,2,17,2,3,10,3,1,B03,7,9,1,8,2,16,,2,2,1,12,4,B03,120.704808,24.169497,2
12009,66000,387130000C,(04)23274275,(04)23288582,2023,8,31,17,15,臺中市,西屯區,0,1,0,5,3,6,50,13,9,1,4,4,6,6,4,4,8,3,5,1,17,51,3,10,3,1,B11,7,1,1,8,2,1,,51,51,1,13,4,B11,120.60829,24.168032,2
12010,66000,387130000C,(04)23274275,(04)23288582,2023,8,31,17,15,臺中市,大里區,0,0,0,7,,,40,,,,,,,,,,,,,,13,87,,,,,B03,,,1,,9,,,87,,1,6,4,B03,120.695164,24.10897,3
12011,66000,387130000C,(04)23274275,(04)23288582,2023,8,31,17,15,臺中市,龍井區,0,0,0,5,,,50,,,,,,,,,,,,,,,49,,,,,B03,,,1,,2,,,49,,1,6,4,B03,120.524358,24.210645,3
12012,66000,387130000C,(04)23274275,(04)23288582,2023,8,31,17,19,臺中市,大甲區,0,2,0,5,2,6,50,4,1,1,4,4,6,6,4,4,10,5,5,2,15,15,3,10,3,1,B03,7,9,1,8,2,5,,15,15,1,12,4,B03,120.622886,24.345879,2
12013,66000,387130000C,(04)23274275,(04)23288582,2023,8,31,17,21,臺中市,南區,0,1,0,5,2,6,40,3,1,1,4,4,6,6,4,4,1,4,5,2,18,84,2,9,1,1,C03,7,9,1,10,2,14,,84,84,1,13,4,C03,120.651669,24.119258,2
12014,66000,387130000C,(04)23274275,(04)23288582,2023,8,31,17,23,臺中市,大雅區,0,1,0,6,3,6,50,13,9,1,5,4,6,6,4,4,8,5,5,1,17,1,2,9,2,1,C03,7,4,1,10,2,14,,1,1,1,12,4,C03,120.629816,24.209473,2
12015,66000,387130000C,(04)23274275,(04)23288582,2023,8,31,17,24,臺中市,神岡區,0,1,0,5,2,6,50,4,1,1,4,4,6,6,1,1,4,4,4,2,18,59,2,9,1,1,C03,7,9,1,10,2,14,,59,59,1,12,4,C03,120.678333,24.249749,2
12016,66000,387130000C,(04)23274275,(04)23288582,2023,8,31,17,25,臺中市,龍井區,0,1,0,5,3,6,40,11,9,1,4,4,6,6,4,4,4,5,5,1,18,6,2,9,5,4,C03,7,6,1,10,2,14,,6,6,1,6,4,C03,120.556176,24.187701,2
12017,66000,387130000C,(04)23274275,(04)23288582,2023,8,31,17,26,臺中市,大里區,0,1,0,7,2,6,50,13,9,1,5,4,6,6,4,4,5,4,5,1,13,7,2,9,2,1,C03,7,15,1,10,2,11,,7,7,1,13,4,C03,120.694482,24.107908,2
12018,66000,387130000C,(04)23274275,(04)23288582,2023,8,31,17,28,臺中市,東區,0,0,0,7,,,50,,,,,,,,,,,,,,17,85,,,,,C03,,,1,10,2,,,85,85,1,13,4,C03,120.706073,24.12975,3
12019,66000,387130000C,(04)23274275,(04)23288582,2023,8,31,17,29,臺中市,北區,0,0,0,7,,,50,,,,,,,,,,,,,,13,59,,,,,B03,,,1,,1,,,59,,1,12,4,B03,120.686721,24.147858,3
12020,66000,387130000C,(04)23274275,(04)23288582,2023,8,31,17,32,臺中市,豐原區,0,1,0,5,2,6,50,13,7,1,4,4,6,6,4,4,5,5,4,2,18,54,2,9,1,1,C03,7,9,1,10,2,12,,54,54,1,13,4,C03,120.733644,24.256481,2
12021,66000,387130000C,(04)23274275,(04)23288582,2023,8,31,17,34,臺中市,大里區,0,0,0,7,,,50,,,,,,,,,,,,,,15,20,,,,,B02,,,1,,2,,,20,,1,13,4,B02,120.682541,24.105492,3
12022,66000,387130000C,(04)23274275,(04)23288582,2023,8,31,17,36,臺中市,太平區,0,0,0,7,,,50,,,,,,,,,,,,,,16,15,,,,,C03,,,1,,2,,,15,,1,6,4,C03,120.715838,24.113843,3
12023,66000,387130000C,(04)23274275,(04)23288582,2023,8,31,17,38,臺中市,神岡區,0,0,0,5,,,50,,,,,,,,,,,,,,,93,,,,,B12,,,1,,1,,,93,,1,13,4,B12,120.657788,24.272263,3
12024,66000,387130000C,(04)23274275,(04)23288582,2023,8,31,17,40,臺中市,梧棲區,0,1,0,6,1,6,60,13,8,1,5,4,6,6,3,1,10,5,5,1,28,118,,,,,,,,,,,,,118,118,1,,,,120.516957,24.225652,2
12025,66000,387130000C,(04)23274275,(04)23288582,2023,8,31,17,43,臺中市,東區,0,2,0,7,1,6,50,4,1,1,5,4,6,6,1,1,9,4,5,2,15,21,2,9,1,1,C03,7,9,1,10,2,11,14,21,21,1,12,4,C03,120.698063,24.142776,2
12026,66000,387130000C,(04)23274275,(04)23288582,2023,8,31,17,46,臺中市,中區,0,1,0,5,1,6,50,13,9,1,4,4,6,6,4,4,10,4,5,2,18,58,2,9,2,1,C03,7,9,1,10,2,14,,58,58,1,12,4,C03,120.684656,24.139739,2
12027,66000,387130000C,(04)23274275,(04)23288582,2023,8,31,17,49,臺中市,太平區,0,1,0,7,3,6,30,13,9,1,5,4,6,6,4,4,10,5,5,2,13,7,2,9,2,1,C03,7,9,1,11,2,11,,7,7,1,12,4,C03,120.728082,24.1083,2
12028,66000,387130000C,(04)23274275,(04)23288582,2023,8,31,17,50,臺中市,西屯區,0,0,0,5,,,70,,,,,,,,,,,,,,14,84,,,,,B03,,,1,,1,,,84,,1,12,4,B03,120.618171,24.182002,3
12029,66000,387130000C,(04)23274275,(04)23288582,2023,8,31,17,50,臺中市,太平區,0,2,0,7,2,6,30,3,1,1,5,4,6,6,4,4,10,5,5,2,16,11,2,8,1,1,F01,7,6,7,21,2,14,,11,11,1,4,4,F01,120.721915,24.149915,2
12030,66000,387130000C,(04)23274275,(04)23288582,2023,8,31,17,51,臺中市,南屯區,0,0,0,5,,,50,,,,,,,,,,,,,,17,40,,,,,B03,,,1,,2,,,40,,1,13,4,B03,120.640363,24.11713,3
12031,66000,387130000C,(04)23274275,(04)23288582,2023,8,31,17,51,臺中市,大里區,0,0,0,7,,,50,,,,,,,,,,,,,,,59,,,,,B03,,,1,,2,,,59,,1,6,4,B03,120.728434,24.091446,3
12032,66000,387130000C,(04)23274275,(04)23288582,2023,8,31,17,54,臺中市,中區,0,1,0,5,1,6,50,3,9,1,4,4,6,6,4,4,5,4,5,2,12,40,2,8,2,1,C03,7,8,3,19,2,14,,40,40,1,12,4,C03,120.68071,24.143303,2
12033,66000,387130000C,(04)23274275,(04)23288582,2023,8,31,17,55,臺中市,北屯區,0,1,0,6,1,6,50,4,19,1,5,4,6,6,2,1,10,5,5,2,3,10,3,10,3,1,B03,7,6,1,8,2,1,,10,10,1,12,4,B03,120.694195,24.171069,2
12034,66000,387130000C,(04)23274275,(04)23288582,2023,8,31,17,58,臺中市,東區,0,1,0,6,1,6,50,5,1,1,4,4,6,6,1,1,10,5,5,2,18,87,2,9,1,1,C03,7,9,1,10,2,12,,87,87,1,13,4,C03,120.692451,24.14785,2