序號,縣市別代碼,機關代碼,市話,傳真,年,月,日,時,分,縣市,區,死亡數量,受傷數量,2-30,天候,光線,道路類別,速限,道路型態,事故位置,路面鋪裝,路面狀態,路面缺陷,障礙物,視距,號誌種類,號誌動作,分向設施,快車道或一般車道間,快慢車道間,路面邊線,事故類型及型態,主要肇因,受傷程度,主要傷處,保護裝備,行動電話,當事者區分(類別),車輛用途,當事者行動狀態,駕駛資格情形,駕駛執照種類,飲酒情形,車輛撞擊部位最初,車輛撞擊部位其他,肇事因素個別,肇事因素主要,肇事逃逸,職業,旅次目的,車種,GPS座標X,GPS座標Y,事故類別
12035,66000,387130000C,(04)23274275,(04)23288582,2023,8,31,18,0,臺中市,西屯區,0,0,0,5,,,50,,,,,,,,,,,,,,13,7,,,,,B03,,,5,,1,,,7,,1,12,4,B03,120.654098,24.20168,3
12036,66000,387130000C,(04)23274275,(04)23288582,2023,8,31,18,2,臺中市,西屯區,0,0,0,7,,,50,,,,,,,,,,,,,,,49,,,,,B03,,,1,,2,,,49,49,1,13,4,B03,120.653953,24.172233,3
12037,66000,387130000C,(04)23274275,(04)23288582,2023,8,31,18,3,臺中市,豐原區,0,1,0,5,1,6,30,11,9,1,4,4,6,6,4,4,10,5,5,1,18,84,2,9,5,4,C03,7,9,1,10,2,15,,84,84,1,12,4,C03,120.72762,24.267336,2
12038,66000,387130000C,(04)23274275,(04)23288582,2023,8,31,18,5,臺中市,大雅區,0,1,0,5,1,6,30,4,2,1,4,4,6,6,1,1,10,5,5,2,11,23,3,10,3,1,B03,7,6,1,8,2,8,,23,23,1,12,4,B03,120.670299,24.237948,2
12039,66000,387130000C,(04)23274275,(04)23288582,2023,8,31,18,6,臺中市,西屯區,0,1,0,5,1,6,50,3,1,1,4,4,6,6,2,1,10,5,5,2,13,8,2,7,5,4,C03,7,5,1,10,1,11,,8,8,1,13,4,C03,120.641904,24.159453,2
12040,66000,387130000C,(04)23274275,(04)23288582,2023,8,31,18,9,臺中市,大里區,0,0,0,6,,,50,,,,,,,,,,,,,,,7,,,,,B03,,,1,,2,,,7,,1,6,4,B03,120.72815,24.091443,3
12041,66000,387130000C,(04)23274275,(04)23288582,2023,8,31,18,10,臺中市,東區,0,4,0,6,1,6,50,4,1,1,5,4,6,6,1,1,5,5,5,2,12,48,2,9,1,1,C03,7,6,1,10,2,14,,48,48,1,12,4,C03,120.685537,24.134024,2
12042,66000,387130000C,(04)23274275,(04)23288582,2023,8,31,18,14,臺中市,大里區,0,0,0,7,,,50,,,,,,,,,,,,,,13,7,,,,,B03,,,1,,2,,,7,,1,13,4,B03,120.665438,24.094768,3
12043,66000,387130000C,(04)23274275,(04)23288582,2023,8,31,18,15,臺中市,西區,0,1,0,5,3,6,50,13,9,1,4,4,6,6,4,4,9,5,5,2,18,84,2,9,1,1,C03,7,9,1,10,1,14,,84,84,1,6,4,C03,120.65454,24.14791,2
12044,66000,387130000C,(04)23274275,(04)23288582,2023,8,31,18,16,臺中市,北屯區,0,0,0,5,,,50,,,,,,,,,,,,,,,49,,,,,B03,,,1,,2,,,49,,1,12,4,B03,120.718739,24.17863,3
12045,66000,387130000C,(04)23274275,(04)23288582,2023,8,31,18,17,臺中市,南屯區,0,0,0,5,,,50,,,,,,,,,,,,,,13,59,,,,,B02,,,1,,2,,,59,,1,12,4,B02,120.649773,24.153607,3
12046,66000,387130000C,(04)23274275,(04)23288582,2023,8,31,18,24,臺中市,南屯區,0,0,0,5,,,50,,,,,,,,,,,,,,,7,,,,,B03,,,1,,2,,,7,,1,12,4,B03,120.649852,24.147746,3
12047,66000,387130000C,(04)23274275,(04)23288582,2023,8,31,18,25,臺中市,西屯區,0,1,0,5,1,6,50,13,7,1,4,4,6,6,4,4,5,4,4,2,13,59,3,10,3,1,B03,7,9,1,8,2,5,,59,59,1,12,4,B03,120.637855,24.163108,2
12048,66000,387130000C,(04)23274275,(04)23288582,2023,8,31,18,25,臺中市,大甲區,0,2,0,6,1,6,50,4,1,1,5,4,6,6,4,4,10,5,5,2,15,13,3,10,3,1,B03,7,9,1,8,2,1,,13,13,1,12,4,B03,120.622167,24.352237,2
12049,66000,387130000C,(04)23274275,(04)23288582,2023,8,31,18,26,臺中市,南屯區,0,0,0,5,,,40,,,,,,,,,,,,,,16,48,,,,,B03,,,1,,2,,,48,,1,13,4,B03,120.615066,24.14662,3
12050,66000,387130000C,(04)23274275,(04)23288582,2023,8,31,18,26,臺中市,西屯區,0,0,0,5,,,80,,,,,,,,,,,,,,,84,,,,,B03,,,1,,1,,,84,,1,13,4,B03,120.634948,24.179291,3
12051,66000,387130000C,(04)23274275,(04)23288582,2023,8,31,18,29,臺中市,豐原區,0,0,0,5,,,50,,,,,,,,,,,,,,13,7,,,,,B03,,,1,,2,,,7,,1,13,4,B03,120.739143,24.255786,3
12052,66000,387130000C,(04)23274275,(04)23288582,2023,8,31,18,30,臺中市,潭子區,0,0,0,5,,,40,,,,,,,,,,,,,,13,58,,,,,C02,,,1,,2,,,58,,1,12,4,C02,120.702787,24.201259,3
12053,66000,387130000C,(04)23274275,(04)23288582,2023,8,31,18,30,臺中市,大雅區,0,0,0,5,,,50,,,,,,,,,,,,,,,8,,,,,C03,,,1,,2,,,8,,1,12,4,C03,120.648323,24.22115,3
12054,66000,387130000C,(04)23274275,(04)23288582,2023,8,31,18,31,臺中市,西屯區,0,0,0,5,,,50,,,,,,,,,,,,,,,84,,,,,B12,,,3,,1,,,84,,1,13,4,B12,120.659197,24.175745,3
12055,66000,387130000C,(04)23274275,(04)23288582,2023,8,31,18,34,臺中市,霧峰區,0,2,0,5,1,6,50,3,1,1,4,4,6,6,4,4,9,5,5,1,17,14,3,10,3,1,B03,7,6,1,8,2,6,,14,14,1,6,4,B03,120.692368,24.047025,2
12056,66000,387130000C,(04)23274275,(04)23288582,2023,8,31,18,37,臺中市,北屯區,0,1,0,5,1,6,50,13,9,1,4,4,6,6,4,4,9,5,5,2,18,84,2,9,2,1,C03,7,9,1,10,2,15,,84,84,1,12,4,C03,120.692883,24.178635,2
12057,66000,387130000C,(04)23274275,(04)23288582,2023,8,31,18,39,臺中市,南屯區,0,0,0,5,,,40,,,,,,,,,,,,,,15,51,,,,,B03,,,1,,2,,,51,,1,12,4,B03,120.649912,24.153856,3
12058,66000,387130000C,(04)23274275,(04)23288582,2023,8,31,18,39,臺中市,西屯區,0,0,0,5,,,50,,,,,,,,,,,,,,12,8,,,,,B03,,,1,,1,,,8,,1,12,4,B03,120.654367,24.16839,3
12059,66000,387130000C,(04)23274275,(04)23288582,2023,8,31,18,40,臺中市,西屯區,0,0,0,5,,,50,,,,,,,,,,,,,,,84,,,,,B03,,,1,,1,,,84,,1,13,4,B03,120.610145,24.187037,3
12060,66000,387130000C,(04)23274275,(04)23288582,2023,8,31,18,48,臺中市,北區,0,0,0,7,,,50,,,,,,,,,,,,,,13,85,,,,,B03,,,3,,2,,,85,,1,13,4,B03,120.67527,24.160464,3
12061,66000,387130000C,(04)23274275,(04)23288582,2023,8,31,18,49,臺中市,西屯區,0,0,0,5,,,50,,,,,,,,,,,,,,16,51,,,,,B02,,,1,,1,,,51,,1,12,4,B02,120.637409,24.163363,3
12062,66000,387130000C,(04)23274275,(04)23288582,2023,8,31,18,50,臺中市,東區,0,2,0,5,1,6,30,3,1,1,4,4,6,6,4,4,10,5,5,2,17,12,2,9,1,1,C03,7,5,1,10,2,13,,12,12,1,12,4,C03,120.695425,24.142798,2
12063,66000,387130000C,(04)23274275,(04)23288582,2023,8,31,18,51,臺中市,西屯區,0,2,0,5,1,6,50,4,2,1,4,4,6,6,2,1,10,5,5,2,13,84,2,9,5,4,C03,7,14,3,19,2,11,,84,84,1,13,4,C03,120.661043,24.171538,2
12064,66000,387130000C,(04)23274275,(04)23288582,2023,8,31,18,52,臺中市,東區,0,1,0,5,1,6,50,4,1,1,4,4,6,6,1,1,9,4,5,2,18,84,2,6,1,1,C03,7,9,1,10,2,12,,84,84,1,12,4,C03,120.696951,24.142767,2
12065,66000,387130000C,(04)23274275,(04)23288582,2023,8,31,18,53,臺中市,潭子區,0,1,0,5,1,6,50,13,7,1,4,4,6,6,4,4,1,4,4,1,19,59,2,9,3,1,B03,7,9,5,10,2,1,,59,59,1,13,4,B03,120.68437,24.216092,2
12066,66000,387130000C,(04)23274275,(04)23288582,2023,8,31,19,0,臺中市,北屯區,0,1,0,5,1,6,50,4,1,1,4,4,6,6,2,1,10,5,5,2,18,84,2,9,2,1,C03,7,6,1,10,2,12,,84,84,1,13,4,C03,120.710719,24.18224,2
12067,66000,387130000C,(04)23274275,(04)23288582,2023,8,31,19,3,臺中市,南屯區,0,0,0,5,,,50,,,,,,,,,,,,,,,58,,,,,B03,,,1,,2,,,58,58,1,12,4,B03,120.64682,24.155507,3
12068,66000,387130000C,(04)23274275,(04)23288582,2023,8,31,19,7,臺中市,北區,0,0,0,5,1,6,50,3,1,1,4,4,6,6,4,4,10,4,5,2,17,59,,,,,C03,,,1,,2,,,59,,1,12,4,C03,120.668391,24.167915,3
12069,66000,387130000C,(04)23274275,(04)23288582,2023,8,31,19,10,臺中市,大雅區,0,0,0,5,,,50,,,,,,,,,,,,,,,8,,,,,B03,,,1,,2,,,8,,1,12,4,B03,120.656625,24.224903,3
12070,66000,387130000C,(04)23274275,(04)23288582,2023,8,31,19,12,臺中市,南屯區,0,0,0,5,,,50,,,,,,,,,,,,,,16,45,,,,,C03,,,1,,2,,,45,,1,13,4,C03,120.611696,24.139031,3
12071,66000,387130000C,(04)23274275,(04)23288582,2023,8,31,19,15,臺中市,南屯區,0,1,0,5,2,6,50,4,19,1,4,4,6,6,2,1,10,5,5,2,3,10,3,10,3,1,B03,7,6,1,8,1,16,,10,10,1,12,4,B03,120.635722,24.148512,2
12072,66000,387130000C,(04)23274275,(04)23288582,2023,8,31,19,17,臺中市,烏日區,0,0,0,7,,,50,,,,,,,,,,,,,,16,14,,,,,B03,,,1,,2,,,14,,1,12,4,B03,120.647457,24.109968,3
12073,66000,387130000C,(04)23274275,(04)23288582,2023,8,31,19,22,臺中市,南區,0,1,0,6,1,6,50,4,2,1,4,4,6,6,1,1,10,5,5,2,18,84,2,9,2,1,C03,7,6,1,10,2,14,,84,84,1,13,4,C03,120.650302,24.115825,2
12074,66000,387130000C,(04)23274275,(04)23288582,2023,8,31,19,22,臺中市,豐原區,0,2,0,6,1,6,50,4,2,1,4,4,6,6,2,1,4,5,4,2,13,6,2,9,1,1,C03,7,9,1,10,2,11,,6,6,1,6,4,C03,120.714345,24.244955,2
12075,66000,387130000C,(04)23274275,(04)23288582,2023,8,31,19,23,臺中市,北區,0,0,0,5,,,40,,,,,,,,,,,,,,2,87,,,,,B03,,,1,,2,,,87,,1,12,4,B03,120.684895,24.161908,4
12076,66000,387130000C,(04)23274275,(04)23288582,2023,8,31,19,29,臺中市,西屯區,0,0,0,5,,,50,,,,,,,,,,,,,,,8,,,,,C03,,,1,,2,,,8,,1,12,4,C03,120.6598,24.171156,3
12077,66000,387130000C,(04)23274275,(04)23288582,2023,8,31,19,30,臺中市,北屯區,0,2,0,5,3,9,50,4,1,1,4,4,6,6,1,1,10,5,5,2,15,21,2,9,3,1,B12,7,9,1,8,2,1,,21,21,1,12,4,B12,120.686898,24.186841,2
12078,66000,387130000C,(04)23274275,(04)23288582,2023,8,31,19,30,臺中市,西屯區,0,0,0,5,,,50,,,,,,,,,,,,,,,40,,,,,B03,,,1,,1,,,40,40,1,13,4,B03,120.641018,24.167806,3
12079,66000,387130000C,(04)23274275,(04)23288582,2023,8,31,19,32,臺中市,豐原區,0,3,0,5,1,6,50,13,7,1,4,4,6,6,4,4,8,5,4,2,11,46,2,9,1,1,C03,7,11,1,10,2,12,,46,46,1,6,4,C03,120.733563,24.25471,2
12080,66000,387130000C,(04)23274275,(04)23288582,2023,8,31,19,34,臺中市,西區,0,0,0,5,,,40,,,,,,,,,,,,,,16,51,,,,,B01,,,1,,2,,,51,,1,6,4,B01,120.665187,24.149154,3
12081,66000,387130000C,(04)23274275,(04)23288582,2023,8,31,19,36,臺中市,北屯區,0,1,0,5,1,6,30,13,9,1,4,4,1,6,4,4,1,4,5,1,18,84,2,9,2,1,C03,7,9,1,10,2,12,,84,84,1,12,4,C03,120.680055,24.201583,2
12082,66000,387130000C,(04)23274275,(04)23288582,2023,8,31,19,43,臺中市,西區,0,0,0,5,,,50,,,,,,,,,,,,,,9,59,,,,,C03,,,1,,1,,,59,,1,12,4,C03,120.660325,24.14876,4
12083,66000,387130000C,(04)23274275,(04)23288582,2023,8,31,19,43,臺中市,北屯區,0,2,0,5,1,6,30,4,1,1,4,4,6,6,4,4,10,5,5,2,15,15,2,9,2,1,C03,7,9,1,10,2,12,,15,15,1,12,4,C03,120.670072,24.184391,2
12084,66000,387130000C,(04)23274275,(04)23288582,2023,8,31,19,47,臺中市,大里區,0,1,0,5,1,6,50,5,1,1,4,4,6,6,1,1,9,5,5,1,13,7,2,7,1,1,C03,7,9,1,10,2,11,,7,7,1,6,4,C03,120.69901,24.089533,2
12085,66000,387130000C,(04)23274275,(04)23288582,2023,8,31,19,49,臺中市,南屯區,0,0,0,5,,,50,,,,,,,,,,,,,,12,42,,,,,C03,,,1,,2,,,42,,1,13,4,C03,120.610934,24.138465,3
12086,66000,387130000C,(04)23274275,(04)23288582,2023,8,31,19,49,臺中市,西屯區,0,1,0,5,2,6,40,3,1,1,4,4,6,6,2,1,10,5,5,2,17,85,3,10,5,4,C03,7,9,1,10,2,14,,85,85,1,13,4,C03,120.650673,24.175868,2
12087,66000,387130000C,(04)23274275,(04)23288582,2023,8,31,19,50,臺中市,清水區,0,0,0,7,,,50,,,,,,,,,,,,,,11,7,,,,,C03,,,1,,2,,,7,7,1,6,4,C03,120.559268,24.275344,3
12088,66000,387130000C,(04)23274275,(04)23288582,2023,8,31,19,52,臺中市,西屯區,0,1,0,7,1,6,50,3,1,1,5,4,6,6,2,1,10,5,5,2,17,11,3,10,3,1,A02,7,6,1,2,2,15,,11,11,1,12,4,A02,120.606877,24.193803,2
12089,66000,387130000C,(04)23274275,(04)23288582,2023,8,31,19,52,臺中市,西屯區,0,1,0,6,1,6,50,4,4,1,4,4,6,6,2,1,1,4,1,1,13,84,2,9,1,1,C03,7,9,1,9,2,11,,84,84,1,13,4,C03,120.651816,24.165933,2
12090,66000,387130000C,(04)23274275,(04)23288582,2023,8,31,19,52,臺中市,神岡區,0,0,0,5,,,50,,,,,,,,,,,,,,,56,,,,,B03,,,1,,1,,,56,,1,12,4,B03,120.683923,24.246596,3
12091,66000,387130000C,(04)23274275,(04)23288582,2023,8,31,19,54,臺中市,沙鹿區,0,0,0,7,,,50,,,,,,,,,,,,,,,56,,,,,B01,,,1,,2,,,56,56,1,12,4,B01,120.56464,24.239145,3
12092,66000,387130000C,(04)23274275,(04)23288582,2023,8,31,19,57,臺中市,西屯區,0,0,0,5,,,50,,,,,,,,,,,,,,12,40,,,,,B03,,,1,,1,,,40,,1,12,4,B03,120.649868,24.16321,3
12093,66000,387130000C,(04)23274275,(04)23288582,2023,8,31,19,58,臺中市,大里區,0,1,0,6,1,6,50,4,1,1,5,4,6,6,1,1,10,5,5,2,15,21,3,10,3,1,B03,7,9,1,8,11,8,,21,21,1,6,4,B03,120.698969,24.096528,2
12094,66000,387130000C,(04)23274275,(04)23288582,2023,8,31,20,6,臺中市,西區,0,1,0,5,2,6,50,13,9,1,4,4,6,6,4,4,5,4,5,2,13,7,2,7,2,1,C03,7,9,1,10,1,11,,7,7,1,6,4,C03,120.652589,24.146633,2
12095,66000,387130000C,(04)23274275,(04)23288582,2023,8,31,20,8,臺中市,龍井區,0,2,0,6,3,6,50,13,9,1,5,4,6,6,4,4,5,5,5,1,9,98,2,8,6,5,H01,8,16,7,21,2,17,,98,98,1,6,5,H01,120.514851,24.198215,2
12096,66000,387130000C,(04)23274275,(04)23288582,2023,8,31,20,9,臺中市,太平區,0,0,0,5,,,50,,,,,,,,,,,,,,,84,,,,,B03,,,1,,2,,,84,,1,12,4,B03,120.707489,24.161198,3
12097,66000,387130000C,(04)23274275,(04)23288582,2023,8,31,20,10,臺中市,西區,0,0,0,5,,,50,,,,,,,,,,,,,,,7,,,,,B03,,,1,,1,,,7,,1,6,4,B03,120.666633,24.146728,3
12098,66000,387130000C,(04)23274275,(04)23288582,2023,8,31,20,10,臺中市,南區,0,1,0,6,1,6,50,4,1,1,5,4,6,6,1,1,9,4,5,2,2,10,3,10,3,1,B03,7,6,1,8,2,8,,10,10,1,12,4,B03,120.681109,24.126388,2
12099,66000,387130000C,(04)23274275,(04)23288582,2023,8,31,20,12,臺中市,西屯區,0,1,0,5,2,6,50,3,1,1,4,4,6,6,1,1,10,5,5,2,18,84,2,9,5,4,C03,7,9,1,10,2,12,,84,84,1,13,4,C03,120.608563,24.169594,2
12100,66000,387130000C,(04)23274275,(04)23288582,2023,8,31,20,14,臺中市,西屯區,0,0,0,7,,,50,,,,,,,,,,,,,,,8,,,,,B02,,,1,,2,,,8,,1,12,4,B02,120.646693,24.175211,3
12101,66000,387130000C,(04)23274275,(04)23288582,2023,8,31,20,16,臺中市,大甲區,0,1,0,7,1,6,50,4,2,1,5,4,6,6,4,4,5,4,5,1,16,20,2,9,1,1,C03,7,6,1,10,2,12,,20,20,1,5,4,C03,120.626538,24.344554,2
12102,66000,387130000C,(04)23274275,(04)23288582,2023,8,31,20,19,臺中市,北屯區,0,0,0,5,,,50,,,,,,,,,,,,,,13,84,,,,,B03,,,1,,1,,,84,,1,13,4,B03,120.685534,24.173922,4
12103,66000,387130000C,(04)23274275,(04)23288582,2023,8,31,20,21,臺中市,潭子區,0,0,0,5,,,50,,,,,,,,,,,,,,,49,,,,,B03,,,1,,2,,,49,,1,13,4,B03,120.686938,24.210362,3
12104,66000,387130000C,(04)23274275,(04)23288582,2023,8,31,20,21,臺中市,沙鹿區,0,1,0,6,3,6,50,4,2,1,5,4,6,6,1,1,5,4,4,2,18,84,2,9,1,1,C03,7,9,1,10,2,15,,84,84,1,13,4,C03,120.565952,24.231123,2
12105,66000,387130000C,(04)23274275,(04)23288582,2023,8,31,20,22,臺中市,南屯區,0,1,0,7,1,6,50,3,2,1,4,4,6,6,4,4,5,4,4,2,12,7,3,10,2,1,C03,7,9,1,10,2,12,,7,7,1,12,4,C03,120.613551,24.142833,2
12106,66000,387130000C,(04)23274275,(04)23288582,2023,8,31,20,23,臺中市,北屯區,0,1,0,6,1,6,50,4,2,1,4,4,6,6,4,4,10,4,5,1,16,11,3,10,3,1,B03,7,5,1,6,2,5,,11,11,1,12,4,B03,120.662019,24.198158,2
12107,66000,387130000C,(04)23274275,(04)23288582,2023,8,31,20,25,臺中市,大雅區,0,0,0,7,,,50,,,,,,,,,,,,,,,7,,,,,B03,,,1,,2,,,7,,1,12,4,B03,120.649447,24.213618,3
12108,66000,387130000C,(04)23274275,(04)23288582,2023,8,31,20,29,臺中市,西區,0,1,0,5,1,6,50,13,9,1,4,4,6,6,4,4,5,4,5,2,18,43,2,9,1,1,C03,7,9,1,10,2,14,,43,43,1,6,4,C03,120.656986,24.150898,2
12109,66000,387130000C,(04)23274275,(04)23288582,2023,8,31,20,30,臺中市,大肚區,0,0,0,7,,,30,,,,,,,,,,,,,,9,8,,,,,B03,,,1,,1,,,87,119,1,6,4,B03,120.553785,24.120982,3
12110,66000,387130000C,(04)23274275,(04)23288582,2023,8,31,20,31,臺中市,西屯區,0,1,0,5,1,6,50,4,2,1,4,4,6,6,2,1,8,3,4,1,30,84,2,9,1,1,C03,7,9,1,10,2,12,,84,84,1,13,4,C03,120.661414,24.165008,2
12111,66000,387130000C,(04)23274275,(04)23288582,2023,8,31,20,36,臺中市,太平區,0,1,0,6,2,6,50,4,1,1,5,4,6,6,1,1,5,5,5,1,16,11,3,10,3,1,B12,7,6,1,8,2,6,,11,11,1,6,4,B12,120.716869,24.131566,2
12112,66000,387130000C,(04)23274275,(04)23288582,2023,8,31,20,40,臺中市,西屯區,0,0,0,5,,,50,,,,,,,,,,,,,,13,84,,,,,B03,,,1,,2,,,84,,1,12,4,B03,120.647982,24.169872,3
12113,66000,387130000C,(04)23274275,(04)23288582,2023,8,31,20,40,臺中市,大里區,0,1,0,7,1,6,50,13,12,1,5,4,6,6,4,4,5,2,4,1,18,58,2,8,6,1,F01,7,9,7,21,2,12,,58,58,1,13,4,F01,120.687279,24.110104,2
12114,66000,387130000C,(04)23274275,(04)23288582,2023,8,31,20,41,臺中市,西屯區,0,0,0,5,,,50,,,,,,,,,,,,,,,84,,,,,B03,,,1,,1,,,84,,1,13,4,B03,120.633749,24.161646,3
12115,66000,387130000C,(04)23274275,(04)23288582,2023,8,31,20,45,臺中市,豐原區,0,1,0,5,1,6,50,4,2,1,4,4,6,6,1,1,1,3,4,2,18,6,2,9,2,1,C03,7,9,1,10,2,11,,6,6,1,6,4,C03,120.711644,24.239725,2
12116,66000,387130000C,(04)23274275,(04)23288582,2023,8,31,20,47,臺中市,西屯區,0,1,0,5,2,6,40,3,1,1,4,4,6,6,4,4,1,4,1,2,17,14,3,10,5,4,B03,7,5,1,8,2,16,,14,14,1,12,4,B03,120.652064,24.161639,2
12117,66000,387130000C,(04)23274275,(04)23288582,2023,8,31,20,49,臺中市,大里區,0,1,0,7,1,6,50,4,1,1,5,4,6,6,4,4,10,5,5,2,17,58,2,7,5,4,C03,7,1,1,10,2,11,,58,58,1,6,4,C03,120.699135,24.089402,2
12118,66000,387130000C,(04)23274275,(04)23288582,2023,8,31,20,50,臺中市,大肚區,0,1,0,6,1,6,50,13,9,1,5,4,6,6,4,4,5,5,5,1,13,7,2,8,1,1,C03,7,9,1,10,2,11,,7,7,1,6,4,C03,120.54637,24.151622,2
12119,66000,387130000C,(04)23274275,(04)23288582,2023,8,31,20,54,臺中市,南屯區,0,1,0,5,1,6,50,3,1,1,4,4,6,6,4,4,10,5,5,2,18,58,2,9,2,1,C03,7,9,1,10,2,12,,58,58,1,13,4,C03,120.648697,24.151612,2
12120,66000,387130000C,(04)23274275,(04)23288582,2023,8,31,21,1,臺中市,北屯區,0,1,0,7,1,6,50,4,2,1,4,4,6,6,1,1,1,2,5,2,13,84,3,10,3,1,B12,7,9,1,8,2,1,,84,84,1,12,4,B12,120.71919,24.163134,2
12121,66000,387130000C,(04)23274275,(04)23288582,2023,8,31,21,9,臺中市,太平區,0,1,0,7,1,6,50,4,1,1,5,4,6,6,1,1,10,5,5,2,16,11,3,10,3,1,B03,7,5,1,8,2,5,,11,11,1,13,4,B03,120.715446,24.147413,2
12122,66000,387130000C,(04)23274275,(04)23288582,2023,8,31,21,11,臺中市,大甲區,0,0,0,6,,,50,,,,,,,,,,,,,,20,48,,,,,B03,,,1,,1,,,48,48,1,13,4,B03,120.642354,24.365567,3
12123,66000,387130000C,(04)23274275,(04)23288582,2023,8,31,21,23,臺中市,太平區,0,2,0,6,1,6,50,4,1,1,4,4,6,6,2,1,10,5,5,2,17,21,2,8,2,1,C03,7,9,1,10,2,11,,21,21,1,12,4,C03,120.717699,24.158471,2
12124,66000,387130000C,(04)23274275,(04)23288582,2023,8,31,21,36,臺中市,北區,0,1,0,5,1,6,50,4,1,1,4,4,6,6,1,1,10,5,5,2,18,84,2,9,2,1,C03,7,9,1,10,2,14,,84,84,1,13,4,C03,120.681553,24.155745,2
12125,66000,387130000C,(04)23274275,(04)23288582,2023,8,31,21,42,臺中市,龍井區,0,1,0,6,1,6,50,13,9,1,5,4,6,6,4,4,5,4,5,2,13,7,3,10,1,1,C03,7,9,1,10,2,11,,7,7,1,6,2,C03,120.5928,24.181823,2
12126,66000,387130000C,(04)23274275,(04)23288582,2023,8,31,21,50,臺中市,西區,0,1,0,6,1,6,50,4,9,1,4,4,6,6,1,1,10,5,5,2,18,59,2,7,2,1,C03,7,9,1,10,2,12,,59,59,1,12,4,C03,120.662983,24.150864,2
12127,66000,387130000C,(04)23274275,(04)23288582,2023,8,31,21,51,臺中市,西屯區,0,0,0,7,,,70,,,,,,,,,,,,,,,7,,,,,B03,,,1,,1,,,7,,1,12,4,B03,120.593663,24.182824,3
12128,66000,387130000C,(04)23274275,(04)23288582,2023,8,31,21,57,臺中市,北屯區,0,0,0,7,,,50,,,,,,,,,,,,,,,40,,,,,B03,,,2,,2,,,40,40,1,12,4,B03,120.6988,24.172497,3
12129,66000,387130000C,(04)23274275,(04)23288582,2023,8,31,22,3,臺中市,豐原區,0,1,0,6,2,6,50,13,9,1,4,4,6,6,4,4,4,5,5,1,28,87,2,9,1,1,C03,7,9,1,10,2,14,,87,87,1,13,4,C03,120.715853,24.252122,2
12130,66000,387130000C,(04)23274275,(04)23288582,2023,8,31,22,20,臺中市,霧峰區,0,0,0,7,,,40,,,,,,,,,,,,,,,47,,,,,B03,,,1,,2,,,47,,1,6,4,B03,120.665931,24.069652,3
12131,66000,387130000C,(04)23274275,(04)23288582,2023,8,31,22,31,臺中市,中區,0,1,0,5,1,6,50,4,1,1,4,4,6,6,2,1,10,5,5,2,16,84,2,8,2,1,C03,7,6,1,10,2,13,,84,84,1,13,4,C03,120.685804,24.140133,2
12132,66000,387130000C,(04)23274275,(04)23288582,2023,8,31,22,31,臺中市,西屯區,0,0,0,7,,,50,,,,,,,,,,,,,,,84,,,,,B03,,,1,,1,,,84,,1,13,4,B03,120.641867,24.193376,3
12133,66000,387130000C,(04)23274275,(04)23288582,2023,8,31,22,46,臺中市,西屯區,0,0,0,7,,,50,,,,,,,,,,,,,,,84,,,,,B03,,,1,,1,,,84,,1,13,4,B03,120.646291,24.164822,3
12134,66000,387130000C,(04)23274275,(04)23288582,2023,8,31,22,51,臺中市,太平區,0,1,0,7,1,6,50,13,9,1,5,4,6,6,4,4,5,4,5,2,17,76,3,10,3,1,B03,7,14,1,8,2,2,,76,76,1,13,4,B03,120.71386,24.149414,2
12135,66000,387130000C,(04)23274275,(04)23288582,2023,8,31,23,5,臺中市,西屯區,0,1,0,6,1,6,40,13,8,1,5,4,6,6,4,4,3,5,5,2,18,84,2,9,1,1,C03,7,9,1,10,2,12,,84,84,1,12,4,C03,120.603381,24.182759,2
12136,66000,387130000C,(04)23274275,(04)23288582,2023,8,31,23,7,臺中市,西屯區,0,0,0,7,,,50,,,,,,,,,,,,,,,7,,,,,C03,,,1,,1,,,7,,1,12,4,C03,120.648843,24.174845,3
12137,66000,387130000C,(04)23274275,(04)23288582,2023,8,31,23,23,臺中市,西屯區,0,0,0,5,,,,,,,,,,,,,,,,,35,119,,,,,,,,,,,,,119,,1,,,,120.618321,24.181225,3
12138,66000,387130000C,(04)23274275,(04)23288582,2023,8,31,23,33,臺中市,大里區,0,1,0,7,2,6,50,3,1,1,5,4,6,6,3,1,5,4,4,1,16,24,2,9,1,1,C03,7,6,3,19,2,12,,24,24,1,6,4,C03,120.695582,24.099581,2
12139,66000,387130000C,(04)23274275,(04)23288582,2023,8,31,23,34,臺中市,清水區,0,0,0,5,,,50,,,,,,,,,,,,,,14,49,,,,,B03,,,1,,2,,,49,,1,12,4,B03,120.574728,24.272157,3
12140,66000,387130000C,(04)23274275,(04)23288582,2023,8,31,23,50,臺中市,北屯區,0,1,0,7,1,6,50,4,4,1,5,4,6,6,1,1,1,2,5,2,13,59,3,10,3,1,B03,7,9,1,8,2,5,,59,59,1,12,4,B03,120.685462,24.170711,2
12141,66000,387130000C,(04)23274275,(04)23288582,2023,8,31,23,57,臺中市,西屯區,0,0,0,7,,,70,,,,,,,,,,,,,,,84,,,,,B03,,,1,,2,,,84,,1,12,4,B03,120.611231,24.184667,3